recall_number,category,confidence
F-0001-2013,Prepared/Frozen,medium
F-0001-2014,Snacks/Candy,high
F-0001-2015,Bakery,high
F-0001-2016,Produce,high
F-0001-2017,Seafood,high
F-0001-2018,Snacks/Candy,high
F-0001-2019,Prepared/Frozen,medium
F-0001-2020,Prepared/Frozen,medium
F-0001-2021,Snacks/Candy,high
F-0001-2022,Prepared/Frozen,high
F-0001-2023,Beverages,high
F-0001-2024,Beverages,medium
F-0001-2025,Snacks/Candy,medium
F-0002-2014,Bakery,high
F-0002-2015,Nuts/Seeds,high
F-0002-2016,Spices/Condiments,high
F-0002-2017,Seafood,high
F-0002-2018,Plant Protein,low
F-0002-2019,Prepared/Frozen,medium
F-0002-2020,Beverages,high
F-0002-2021,Dairy,medium
F-0002-2022,Prepared/Frozen,high
F-0002-2023,Spices/Condiments,high
F-0002-2024,Nuts/Seeds,high
F-0002-2025,Snacks/Candy,medium
F-0003-2014,Dairy,high
F-0003-2015,Bakery,medium
F-0003-2016,Produce,high
F-0003-2017,Seafood,high
F-0003-2018,Plant Protein,low
F-0003-2019,Seafood,high
F-0003-2020,Seafood,high
F-0003-2021,Dairy,high
F-0003-2022,Prepared/Frozen,high
F-0003-2023,Nuts/Seeds,high
F-0003-2024,Baby/Toddler Food,medium
F-0003-2025,Snacks/Candy,medium
F-0004-2014,Nuts/Seeds,high
F-0004-2015,Bakery,medium
F-0004-2016,Spices/Condiments,high
F-0004-2017,Seafood,high
F-0004-2018,Beverages,high
F-0004-2019,Seafood,high
F-0004-2020,Seafood,medium
F-0004-2021,Produce,high
F-0004-2022,Prepared/Frozen,high
F-0004-2023,Spices/Condiments,high
F-0004-2024,Baby/Toddler Food,low
F-0004-2025,Beverages,low
F-0005-2014,Nuts/Seeds,high
F-0005-2015,Bakery,high
F-0005-2016,Bakery,high
F-0005-2017,Prepared/Frozen,high
F-0005-2018,Prepared/Frozen,medium
F-0005-2019,Supplements,high
F-0005-2020,Seafood,medium
F-0005-2021,Spices/Condiments,high
F-0005-2022,Prepared/Frozen,high
F-0005-2023,Snacks/Candy,high
F-0005-2024,Baby/Toddler Food,medium
F-0005-2025,Spices/Condiments,high
F-0006-2013,Spices/Condiments,high
F-0006-2014,Supplements,high
F-0006-2015,Produce,high
F-0006-2016,Bakery,high
F-0006-2017,Snacks/Candy,medium
F-0006-2018,Prepared/Frozen,medium
F-0006-2019,Beverages,high
F-0006-2020,Seafood,medium
F-0006-2021,Snacks/Candy,medium
F-0006-2022,Produce,medium
F-0006-2023,Produce,medium
F-0006-2024,Baby/Toddler Food,medium
F-0006-2025,Beverages,high
F-0007-2013,Plant Protein,high
F-0007-2014,Supplements,high
F-0007-2015,Bakery,high
F-0007-2016,Snacks/Candy,medium
F-0007-2017,Snacks/Candy,medium
F-0007-2018,Prepared/Frozen,medium
F-0007-2019,Bakery,high
F-0007-2020,Seafood,medium
F-0007-2021,Bakery,high
F-0007-2022,Produce,high
F-0007-2023,Produce,high
F-0007-2024,Prepared/Frozen,medium
F-0007-2025,Beverages,medium
F-0008-2013,Spices/Condiments,high
F-0008-2014,Supplements,high
F-0008-2015,Bakery,high
F-0008-2016,Snacks/Candy,medium
F-0008-2017,Spices/Condiments,high
F-0008-2018,Prepared/Frozen,medium
F-0008-2019,Bakery,high
F-0008-2020,Snacks/Candy,high
F-0008-2021,Spices/Condiments,high
F-0008-2022,Beverages,high
F-0008-2023,Produce,high
F-0008-2024,Baby/Toddler Food,high
F-0009-2013,Produce,high
F-0009-2014,Beverages,high
F-0009-2015,Bakery,high
F-0009-2016,Grains/Cereal,high
F-0009-2017,Bakery,high
F-0009-2018,Supplements,high
F-0009-2019,Bakery,medium
F-0009-2020,Snacks/Candy,high
F-0009-2021,Dairy,high
F-0009-2022,Produce,high
F-0009-2023,Produce,medium
F-0009-2024,Baby/Toddler Food,high
F-0010-2013,Produce,high
F-0010-2014,Beverages,high
F-0010-2015,Bakery,high
F-0010-2016,Grains/Cereal,high
F-0010-2017,Bakery,high
F-0010-2018,Spices/Condiments,medium
F-0010-2019,Bakery,high
F-0010-2020,Grains/Cereal,high
F-0010-2021,Dairy,high
F-0010-2022,Supplements,high
F-0010-2023,Produce,medium
F-0010-2024,Bakery,high
F-0011-2013,Produce,high
F-0011-2014,Beverages,high
F-0011-2015,Bakery,high
F-0011-2016,Grains/Cereal,high
F-0011-2017,Bakery,high
F-0011-2019,Bakery,high
F-0011-2020,Produce,high
F-0011-2021,Dairy,high
F-0011-2022,Dairy,high
F-0011-2023,Produce,medium
F-0011-2024,Snacks/Candy,high
F-0011-2025,Dairy,high
F-0012-2013,Produce,high
F-0012-2014,Dairy,high
F-0012-2015,Bakery,high
F-0012-2016,Produce,medium
F-0012-2017,Bakery,high
F-0012-2018,Snacks/Candy,high
F-0012-2019,Bakery,high
F-0012-2020,Seafood,high
F-0012-2021,Dairy,high
F-0012-2022,Dairy,high
F-0012-2023,Produce,high
F-0012-2024,Nuts/Seeds,high
F-0012-2025,Dairy,high
F-0013-2013,Produce,high
F-0013-2014,Dairy,high
F-0013-2015,Bakery,high
F-0013-2016,Baby/Toddler Food,low
F-0013-2017,Bakery,high
F-0013-2018,Snacks/Candy,medium
F-0013-2019,Bakery,high
F-0013-2020,Spices/Condiments,medium
F-0013-2021,Dairy,high
F-0013-2022,Produce,high
F-0013-2023,Spices/Condiments,high
F-0013-2024,Prepared/Frozen,high
F-0013-2025,Dairy,high
F-0014-2013,Produce,high
F-0014-2014,Dairy,high
F-0014-2015,Snacks/Candy,high
F-0014-2016,Produce,medium
F-0014-2017,Bakery,high
F-0014-2018,Snacks/Candy,medium
F-0014-2019,Bakery,high
F-0014-2020,Bakery,high
F-0014-2021,Prepared/Frozen,medium
F-0014-2022,Produce,high
F-0014-2023,Produce,high
F-0014-2024,Produce,medium
F-0014-2025,Bakery,high
F-0015-2013,Produce,high
F-0015-2014,Dairy,high
F-0015-2015,Grains/Cereal,high
F-0015-2016,Baby/Toddler Food,low
F-0015-2017,Bakery,high
F-0015-2018,Snacks/Candy,medium
F-0015-2019,Bakery,high
F-0015-2020,Bakery,medium
F-0015-2021,Seafood,high
F-0015-2022,Plant Protein,medium
F-0015-2023,Spices/Condiments,high
F-0015-2024,Prepared/Frozen,high
F-0015-2025,Bakery,high
F-0016-2013,Produce,high
F-0016-2014,Dairy,high
F-0016-2015,Baby/Toddler Food,high
F-0016-2016,Produce,medium
F-0016-2017,Bakery,high
F-0016-2018,Snacks/Candy,high
F-0016-2020,Bakery,medium
F-0016-2021,Produce,low
F-0016-2022,Spices/Condiments,high
F-0016-2023,Produce,low
F-0016-2024,Prepared/Frozen,high
F-0016-2025,Bakery,high
F-0017-2013,Produce,high
F-0017-2014,Dairy,high
F-0017-2015,Baby/Toddler Food,high
F-0017-2016,Produce,medium
F-0017-2017,Bakery,high
F-0017-2018,Produce,high
F-0017-2019,Snacks/Candy,medium
F-0017-2020,Bakery,high
F-0017-2021,Spices/Condiments,medium
F-0017-2022,Plant Protein,medium
F-0017-2023,Spices/Condiments,high
F-0017-2024,Prepared/Frozen,medium
F-0017-2025,Bakery,high
F-0018-2013,Produce,high
F-0018-2014,Dairy,high
F-0018-2015,Supplements,high
F-0018-2016,Produce,medium
F-0018-2017,Bakery,high
F-0018-2018,Spices/Condiments,high
F-0018-2020,Bakery,high
F-0018-2021,Spices/Condiments,high
F-0018-2022,Spices/Condiments,high
F-0018-2023,Plant Protein,medium
F-0018-2024,Prepared/Frozen,high
F-0018-2025,Bakery,high
F-0019-2013,Produce,high
F-0019-2014,Dairy,high
F-0019-2015,Snacks/Candy,high
F-0019-2016,Produce,medium
F-0019-2017,Bakery,high
F-0019-2018,Spices/Condiments,high
F-0019-2019,Dairy,high
F-0019-2020,Bakery,high
F-0019-2021,Bakery,high
F-0019-2022,Bakery,high
F-0019-2023,Produce,high
F-0019-2024,Prepared/Frozen,high
F-0019-2025,Bakery,high
F-0020-2013,Produce,high
F-0020-2014,Dairy,high
F-0020-2015,Produce,high
F-0020-2016,Produce,medium
F-0020-2017,Bakery,high
F-0020-2018,Produce,high
F-0020-2019,Spices/Condiments,high
F-0020-2020,Snacks/Candy,medium
F-0020-2021,Bakery,high
F-0020-2022,Dairy,high
F-0020-2023,Produce,medium
F-0020-2024,Prepared/Frozen,high
F-0020-2025,Bakery,high
F-0021-2013,Produce,high
F-0021-2014,Dairy,high
F-0021-2015,Produce,medium
F-0021-2016,Produce,medium
F-0021-2017,Bakery,high
F-0021-2018,Produce,high
F-0021-2019,Bakery,medium
F-0021-2020,Snacks/Candy,high
F-0021-2021,Bakery,high
F-0021-2022,Dairy,high
F-0021-2023,Produce,medium
F-0021-2024,Prepared/Frozen,high
F-0021-2025,Bakery,high
F-0022-2013,Dairy,medium
F-0022-2014,Dairy,high
F-0022-2015,Dairy,high
F-0022-2016,Produce,medium
F-0022-2017,Bakery,high
F-0022-2018,Prepared/Frozen,low
F-0022-2019,Snacks/Candy,high
F-0022-2020,Baby/Toddler Food,high
F-0022-2021,Bakery,high
F-0022-2022,Dairy,high
F-0022-2023,Produce,high
F-0022-2024,Prepared/Frozen,high
F-0022-2025,Bakery,high
F-0023-2013,Produce,high
F-0023-2014,Dairy,high
F-0023-2015,Eggs,high
F-0023-2016,Produce,medium
F-0023-2017,Bakery,high
F-0023-2018,Prepared/Frozen,medium
F-0023-2019,Bakery,high
F-0023-2020,Produce,medium
F-0023-2021,Bakery,high
F-0023-2022,Produce,medium
F-0023-2023,Produce,medium
F-0023-2024,Prepared/Frozen,medium
F-0023-2025,Bakery,high
F-0024-2013,Spices/Condiments,high
F-0024-2014,Dairy,high
F-0024-2015,Spices/Condiments,high
F-0024-2016,Produce,medium
F-0024-2017,Bakery,high
F-0024-2018,Spices/Condiments,medium
F-0024-2019,Bakery,high
F-0024-2020,Produce,low
F-0024-2021,Bakery,high
F-0024-2022,Produce,high
F-0024-2023,Produce,high
F-0024-2024,Prepared/Frozen,medium
F-0024-2025,Dairy,high
F-0025-2013,Seafood,high
F-0025-2014,Dairy,high
F-0025-2015,Spices/Condiments,high
F-0025-2016,Bakery,medium
F-0025-2017,Bakery,high
F-0025-2018,Beverages,high
F-0025-2019,Bakery,high
F-0025-2020,Seafood,high
F-0025-2021,Bakery,high
F-0025-2022,Bakery,high
F-0025-2023,Produce,high
F-0025-2024,Eggs,medium
F-0025-2025,Beverages,high
F-0026-2013,Produce,high
F-0026-2014,Dairy,high
F-0026-2015,Grains/Cereal,medium
F-0026-2016,Snacks/Candy,high
F-0026-2017,Bakery,high
F-0026-2018,Beverages,high
F-0026-2019,Bakery,high
F-0026-2020,Snacks/Candy,high
F-0026-2021,Produce,medium
F-0026-2022,Bakery,high
F-0026-2023,Spices/Condiments,low
F-0026-2024,Prepared/Frozen,high
F-0026-2025,Dairy,high
F-0027-2013,Produce,high
F-0027-2014,Dairy,high
F-0027-2015,Snacks/Candy,high
F-0027-2016,Snacks/Candy,high
F-0027-2017,Bakery,high
F-0027-2018,Prepared/Frozen,high
F-0027-2019,Dairy,medium
F-0027-2020,Snacks/Candy,high
F-0027-2021,Produce,high
F-0027-2022,Food Additives/Ingredients,high
F-0027-2023,Produce,medium
F-0027-2024,Prepared/Frozen,medium
F-0027-2025,Dairy,high
F-0028-2013,Nuts/Seeds,high
F-0028-2014,Dairy,high
F-0028-2015,Prepared/Frozen,high
F-0028-2016,Prepared/Frozen,low
F-0028-2017,Bakery,high
F-0028-2018,Beverages,high
F-0028-2019,Eggs,high
F-0028-2020,Snacks/Candy,high
F-0028-2021,Prepared/Frozen,medium
F-0028-2022,Bakery,high
F-0028-2023,Produce,medium
F-0028-2024,Prepared/Frozen,medium
F-0028-2025,Dairy,medium
F-0029-2013,Produce,high
F-0029-2014,Dairy,high
F-0029-2015,Prepared/Frozen,high
F-0029-2016,Supplements,medium
F-0029-2017,Bakery,high
F-0029-2018,Dairy,high
F-0029-2019,Dairy,high
F-0029-2020,Snacks/Candy,high
F-0029-2021,Spices/Condiments,high
F-0029-2022,Bakery,high
F-0029-2023,Produce,medium
F-0029-2024,Prepared/Frozen,medium
F-0029-2025,Dairy,medium
F-0030-2013,Produce,high
F-0030-2014,Dairy,high
F-0030-2015,Seafood,high
F-0030-2016,Supplements,high
F-0030-2017,Bakery,high
F-0030-2018,Beverages,high
F-0030-2019,Uncategorized,low
F-0030-2020,Beverages,medium
F-0030-2021,Nuts/Seeds,high
F-0030-2022,Bakery,high
F-0030-2023,Supplements,high
F-0030-2024,Prepared/Frozen,high
F-0030-2025,Dairy,medium
F-0031-2013,Produce,high
F-0031-2014,Dairy,high
F-0031-2015,Seafood,high
F-0031-2016,Supplements,high
F-0031-2017,Bakery,high
F-0031-2018,Prepared/Frozen,high
F-0031-2019,Nuts/Seeds,high
F-0031-2020,Baking Supplies,low
F-0031-2021,Bakery,medium
F-0031-2022,Bakery,high
F-0031-2023,Supplements,high
F-0031-2024,Prepared/Frozen,medium
F-0031-2025,Plant Protein,high
F-0032-2013,Produce,high
F-0032-2014,Dairy,high
F-0032-2015,Seafood,high
F-0032-2016,Supplements,medium
F-0032-2017,Bakery,high
F-0032-2018,Bakery,high
F-0032-2019,Beverages,high
F-0032-2020,Beverages,medium
F-0032-2021,Prepared/Frozen,high
F-0032-2022,Bakery,high
F-0032-2023,Supplements,high
F-0032-2024,Prepared/Frozen,high
F-0032-2025,Produce,high
F-0033-2013,Produce,high
F-0033-2014,Dairy,high
F-0033-2015,Seafood,high
F-0033-2016,Supplements,high
F-0033-2017,Bakery,high
F-0033-2018,Dairy,high
F-0033-2019,Beverages,high
F-0033-2020,Snacks/Candy,medium
F-0033-2021,Seafood,high
F-0033-2022,Bakery,high
F-0033-2023,Beverages,high
F-0033-2024,Prepared/Frozen,high
F-0033-2025,Produce,high
F-0034-2013,Produce,high
F-0034-2014,Dairy,high
F-0034-2015,Seafood,high
F-0034-2016,Supplements,high
F-0034-2017,Bakery,high
F-0034-2018,Beverages,high
F-0034-2019,Beverages,high
F-0034-2020,Seafood,high
F-0034-2021,Spices/Condiments,medium
F-0034-2022,Bakery,high
F-0034-2023,Seafood,high
F-0034-2024,Prepared/Frozen,high
F-0034-2025,Beverages,medium
F-0035-2013,Produce,high
F-0035-2014,Dairy,high
F-0035-2015,Seafood,high
F-0035-2016,Supplements,high
F-0035-2017,Bakery,high
F-0035-2018,Prepared/Frozen,high
F-0035-2019,Prepared/Frozen,medium
F-0035-2020,Produce,high
F-0035-2021,Spices/Condiments,medium
F-0035-2022,Bakery,high
F-0035-2023,Seafood,medium
F-0035-2024,Prepared/Frozen,high
F-0035-2025,Snacks/Candy,medium
F-0036-2013,Produce,high
F-0036-2014,Dairy,high
F-0036-2015,Seafood,high
F-0036-2016,Supplements,high
F-0036-2017,Bakery,high
F-0036-2018,Grains/Cereal,high
F-0036-2019,Prepared/Frozen,medium
F-0036-2020,Bakery,high
F-0036-2021,Spices/Condiments,high
F-0036-2022,Bakery,high
F-0036-2024,Prepared/Frozen,high
F-0036-2025,Bakery,high
F-0037-2013,Produce,high
F-0037-2014,Dairy,high
F-0037-2015,Seafood,high
F-0037-2016,Supplements,medium
F-0037-2017,Bakery,high
F-0037-2018,Grains/Cereal,high
F-0037-2019,Snacks/Candy,high
F-0037-2020,Dairy,high
F-0037-2021,Spices/Condiments,high
F-0037-2022,Bakery,high
F-0037-2023,Supplements,high
F-0037-2024,Prepared/Frozen,high
F-0037-2025,Snacks/Candy,medium
F-0038-2013,Seafood,high
F-0038-2014,Dairy,high
F-0038-2015,Seafood,high
F-0038-2016,Supplements,high
F-0038-2017,Bakery,high
F-0038-2018,Plant Protein,medium
F-0038-2019,Produce,high
F-0038-2020,Dairy,high
F-0038-2021,Spices/Condiments,high
F-0038-2022,Bakery,high
F-0038-2023,Nuts/Seeds,medium
F-0038-2024,Prepared/Frozen,high
F-0038-2025,Prepared/Frozen,medium
F-0039-2013,Seafood,high
F-0039-2014,Dairy,high
F-0039-2015,Seafood,low
F-0039-2016,Supplements,high
F-0039-2017,Seafood,medium
F-0039-2018,Prepared/Frozen,high
F-0039-2020,Dairy,high
F-0039-2021,Spices/Condiments,high
F-0039-2022,Bakery,high
F-0039-2023,Dairy,high
F-0039-2024,Prepared/Frozen,high
F-0039-2025,Produce,medium
F-0040-2013,Seafood,medium
F-0040-2014,Dairy,high
F-0040-2015,Snacks/Candy,high
F-0040-2016,Supplements,high
F-0040-2017,Beef/Pork/Poultry/Game Meats,high
F-0040-2018,Dairy,low
F-0040-2020,Bakery,high
F-0040-2021,Spices/Condiments,high
F-0040-2022,Bakery,high
F-0040-2023,Dairy,high
F-0040-2024,Prepared/Frozen,high
F-0040-2025,Produce,medium
F-0041-2013,Seafood,high
F-0041-2014,Dairy,high
F-0041-2015,Snacks/Candy,medium
F-0041-2016,Supplements,high
F-0041-2017,Seafood,high
F-0041-2018,Produce,high
F-0041-2020,Produce,high
F-0041-2021,Spices/Condiments,high
F-0041-2022,Bakery,high
F-0041-2023,Dairy,high
F-0041-2024,Prepared/Frozen,medium
F-0041-2025,Produce,medium
F-0042-2013,Seafood,high
F-0042-2014,Dairy,high
F-0042-2015,Spices/Condiments,high
F-0042-2016,Supplements,high
F-0042-2017,Grains/Cereal,medium
F-0042-2018,Produce,high
F-0042-2020,Prepared/Frozen,high
F-0042-2021,Spices/Condiments,medium
F-0042-2022,Bakery,high
F-0042-2023,Dairy,high
F-0042-2024,Bakery,high
F-0042-2025,Seafood,high
F-0043-2013,Seafood,high
F-0043-2014,Dairy,high
F-0043-2015,Bakery,medium
F-0043-2016,Supplements,high
F-0043-2017,Snacks/Candy,high
F-0043-2018,Produce,high
F-0043-2020,Prepared/Frozen,high
F-0043-2021,Spices/Condiments,high
F-0043-2022,Bakery,high
F-0043-2023,Snacks/Candy,medium
F-0043-2024,Prepared/Frozen,low
F-0043-2025,Produce,medium
F-0044-2013,Seafood,high
F-0044-2014,Dairy,high
F-0044-2015,Bakery,low
F-0044-2016,Supplements,high
F-0044-2017,Snacks/Candy,high
F-0044-2018,Produce,high
F-0044-2020,Prepared/Frozen,high
F-0044-2021,Spices/Condiments,high
F-0044-2022,Bakery,high
F-0044-2023,Snacks/Candy,medium
F-0044-2024,Prepared/Frozen,medium
F-0044-2025,Produce,medium
F-0045-2013,Seafood,high
F-0045-2014,Dairy,high
F-0045-2015,Bakery,medium
F-0045-2016,Supplements,high
F-0045-2017,Spices/Condiments,high
F-0045-2018,Prepared/Frozen,medium
F-0045-2020,Prepared/Frozen,high
F-0045-2021,Spices/Condiments,high
F-0045-2022,Bakery,high
F-0045-2023,Baby/Toddler Food,high
F-0045-2024,Prepared/Frozen,medium
F-0045-2025,Produce,medium
F-0046-2013,Seafood,high
F-0046-2014,Dairy,high
F-0046-2015,Snacks/Candy,medium
F-0046-2016,Supplements,high
F-0046-2017,Dairy,high
F-0046-2018,Produce,medium
F-0046-2020,Prepared/Frozen,medium
F-0046-2021,Spices/Condiments,high
F-0046-2022,Bakery,high
F-0046-2023,Snacks/Candy,high
F-0046-2024,Prepared/Frozen,medium
F-0046-2025,Seafood,high
F-0047-2013,Seafood,high
F-0047-2014,Dairy,high
F-0047-2015,Snacks/Candy,high
F-0047-2016,Supplements,medium
F-0047-2017,Snacks/Candy,medium
F-0047-2018,Prepared/Frozen,medium
F-0047-2020,Prepared/Frozen,medium
F-0047-2021,Spices/Condiments,high
F-0047-2022,Bakery,high
F-0047-2023,Snacks/Candy,high
F-0047-2024,Produce,medium
F-0047-2025,Nuts/Seeds,high
F-0048-2013,Seafood,high
F-0048-2014,Dairy,high
F-0048-2015,Snacks/Candy,high
F-0048-2017,Snacks/Candy,medium
F-0048-2018,Produce,medium
F-0048-2020,Beverages,medium
F-0048-2021,Spices/Condiments,high
F-0048-2022,Snacks/Candy,medium
F-0048-2023,Supplements,high
F-0048-2024,Produce,medium
F-0048-2025,Produce,medium
F-0048-2916,Supplements,high
F-0049-2013,Seafood,high
F-0049-2014,Dairy,high
F-0049-2015,Snacks/Candy,high
F-0049-2016,Supplements,high
F-0049-2017,Supplements,high
F-0049-2018,Produce,high
F-0049-2020,Beverages,high
F-0049-2021,Spices/Condiments,high
F-0049-2022,Snacks/Candy,medium
F-0049-2023,Spices/Condiments,medium
F-0049-2024,Produce,medium
F-0049-2025,Produce,medium
F-0050-2013,Plant Protein,high
F-0050-2014,Dairy,high
F-0050-2015,Prepared/Frozen,low
F-0050-2016,Supplements,high
F-0050-2017,Prepared/Frozen,high
F-0050-2018,Seafood,high
F-0050-2019,Dairy,high
F-0050-2020,Seafood,high
F-0050-2021,Spices/Condiments,high
F-0050-2022,Snacks/Candy,medium
F-0050-2023,Spices/Condiments,medium
F-0050-2024,Prepared/Frozen,high
F-0050-2025,Seafood,high
F-0051-2013,Plant Protein,high
F-0051-2014,Dairy,high
F-0051-2015,Beef/Pork/Poultry/Game Meats,low
F-0051-2016,Supplements,high
F-0051-2017,Snacks/Candy,medium
F-0051-2018,Seafood,high
F-0051-2019,Snacks/Candy,high
F-0051-2020,Nuts/Seeds,high
F-0051-2021,Spices/Condiments,high
F-0051-2022,Snacks/Candy,medium
F-0051-2023,Spices/Condiments,high
F-0051-2024,Dairy,medium
F-0051-2025,Dairy,high
F-0052-2013,Plant Protein,high
F-0052-2014,Dairy,high
F-0052-2015,Beef/Pork/Poultry/Game Meats,low
F-0052-2016,Supplements,high
F-0052-2017,Bakery,high
F-0052-2018,Seafood,high
F-0052-2019,Prepared/Frozen,high
F-0052-2020,Nuts/Seeds,high
F-0052-2021,Spices/Condiments,high
F-0052-2022,Snacks/Candy,medium
F-0052-2023,Supplements,medium
F-0052-2024,Dairy,medium
F-0052-2025,Dairy,low
F-0053-2013,Plant Protein,high
F-0053-2014,Dairy,high
F-0053-2015,Beef/Pork/Poultry/Game Meats,low
F-0053-2016,Supplements,medium
F-0053-2017,Bakery,high
F-0053-2018,Seafood,high
F-0053-2019,Dairy,high
F-0053-2020,Seafood,high
F-0053-2021,Spices/Condiments,high
F-0053-2022,Bakery,high
F-0053-2023,Supplements,medium
F-0053-2024,Dairy,medium
F-0053-2025,Supplements,high
F-0054-2013,Dairy,high
F-0054-2014,Dairy,high
F-0054-2015,Bakery,medium
F-0054-2016,Supplements,high
F-0054-2017,Bakery,high
F-0054-2018,Seafood,high
F-0054-2020,Bakery,medium
F-0054-2021,Spices/Condiments,high
F-0054-2022,Nuts/Seeds,high
F-0054-2023,Supplements,medium
F-0054-2024,Bakery,high
F-0054-2025,Dairy,high
F-0055-2013,Dairy,high
F-0055-2014,Dairy,high
F-0055-2015,Prepared/Frozen,low
F-0055-2016,Supplements,high
F-0055-2017,Bakery,high
F-0055-2018,Seafood,high
F-0055-2020,Dairy,high
F-0055-2021,Spices/Condiments,high
F-0055-2022,Nuts/Seeds,high
F-0055-2023,Supplements,high
F-0055-2024,Prepared/Frozen,high
F-0055-2025,Spices/Condiments,high
F-0056-2013,Dairy,high
F-0056-2014,Dairy,high
F-0056-2015,Baby/Toddler Food,medium
F-0056-2016,Supplements,high
F-0056-2017,Bakery,high
F-0056-2018,Seafood,high
F-0056-2020,Prepared/Frozen,high
F-0056-2021,Spices/Condiments,high
F-0056-2022,Nuts/Seeds,high
F-0056-2023,Supplements,medium
F-0056-2024,Prepared/Frozen,high
F-0056-2025,Prepared/Frozen,high
F-0057-2013,Dairy,high
F-0057-2014,Dairy,high
F-0057-2015,Baby/Toddler Food,medium
F-0057-2016,Supplements,high
F-0057-2017,Bakery,high
F-0057-2018,Seafood,high
F-0057-2019,Prepared/Frozen,medium
F-0057-2020,Seafood,high
F-0057-2021,Spices/Condiments,medium
F-0057-2022,Nuts/Seeds,medium
F-0057-2023,Supplements,medium
F-0057-2024,Prepared/Frozen,high
F-0057-2025,Bakery,high
F-0058-2013,Dairy,high
F-0058-2014,Dairy,high
F-0058-2015,Baby/Toddler Food,medium
F-0058-2016,Supplements,high
F-0058-2017,Bakery,high
F-0058-2018,Seafood,high
F-0058-2019,Supplements,low
F-0058-2020,Seafood,high
F-0058-2021,Spices/Condiments,high
F-0058-2022,Nuts/Seeds,high
F-0058-2023,Supplements,medium
F-0058-2024,Prepared/Frozen,high
F-0058-2025,Beverages,high
F-0059-2013,Dairy,high
F-0059-2014,Dairy,high
F-0059-2015,Produce,high
F-0059-2016,Supplements,high
F-0059-2017,Bakery,high
F-0059-2018,Seafood,high
F-0059-2019,Spices/Condiments,high
F-0059-2020,Grains/Cereal,high
F-0059-2021,Spices/Condiments,high
F-0059-2022,Nuts/Seeds,high
F-0059-2023,Supplements,medium
F-0059-2024,Prepared/Frozen,high
F-0059-2025,Beverages,high
F-0060-2013,Dairy,high
F-0060-2014,Dairy,high
F-0060-2015,Eggs,high
F-0060-2016,Supplements,high
F-0060-2017,Bakery,high
F-0060-2018,Seafood,high
F-0060-2019,Spices/Condiments,high
F-0060-2020,Produce,high
F-0060-2021,Spices/Condiments,high
F-0060-2022,Nuts/Seeds,high
F-0060-2023,Supplements,medium
F-0060-2024,Prepared/Frozen,high
F-0060-2025,Beverages,high
F-0061-2013,Dairy,high
F-0061-2014,Dairy,high
F-0061-2015,Eggs,high
F-0061-2016,Supplements,high
F-0061-2017,Bakery,high
F-0061-2018,Seafood,high
F-0061-2019,Beef/Pork/Poultry/Game Meats,high
F-0061-2020,Supplements,high
F-0061-2021,Spices/Condiments,high
F-0061-2022,Nuts/Seeds,high
F-0061-2023,Supplements,medium
F-0061-2024,Prepared/Frozen,high
F-0061-2025,Beverages,high
F-0062-2013,Dairy,high
F-0062-2014,Dairy,high
F-0062-2015,Prepared/Frozen,medium
F-0062-2016,Supplements,low
F-0062-2017,Bakery,high
F-0062-2018,Seafood,high
F-0062-2020,Produce,high
F-0062-2021,Spices/Condiments,medium
F-0062-2022,Nuts/Seeds,high
F-0062-2023,Supplements,medium
F-0062-2024,Prepared/Frozen,high
F-0062-2025,Beverages,high
F-0063-2013,Dairy,high
F-0063-2014,Dairy,high
F-0063-2015,Prepared/Frozen,medium
F-0063-2016,Supplements,high
F-0063-2017,Bakery,high
F-0063-2018,Seafood,high
F-0063-2020,Seafood,high
F-0063-2021,Spices/Condiments,high
F-0063-2022,Nuts/Seeds,high
F-0063-2023,Supplements,medium
F-0063-2024,Prepared/Frozen,high
F-0063-2025,Snacks/Candy,medium
F-0064-2013,Dairy,high
F-0064-2014,Dairy,high
F-0064-2015,Dairy,medium
F-0064-2016,Supplements,high
F-0064-2017,Bakery,high
F-0064-2018,Seafood,high
F-0064-2019,Spices/Condiments,high
F-0064-2020,Prepared/Frozen,low
F-0064-2021,Spices/Condiments,low
F-0064-2022,Nuts/Seeds,high
F-0064-2023,Bakery,high
F-0064-2024,Prepared/Frozen,high
F-0064-2025,Dairy,high
F-0065-2013,Dairy,high
F-0065-2014,Dairy,high
F-0065-2015,Dairy,high
F-0065-2016,Supplements,high
F-0065-2017,Bakery,high
F-0065-2018,Seafood,high
F-0065-2019,Prepared/Frozen,medium
F-0065-2020,Prepared/Frozen,medium
F-0065-2021,Snacks/Candy,medium
F-0065-2022,Baby/Toddler Food,high
F-0065-2023,Bakery,high
F-0065-2024,Prepared/Frozen,high
F-0066-2013,Dairy,high
F-0066-2014,Dairy,high
F-0066-2015,Dairy,high
F-0066-2016,Supplements,high
F-0066-2017,Bakery,high
F-0066-2018,Seafood,high
F-0066-2019,Prepared/Frozen,medium
F-0066-2020,Prepared/Frozen,medium
F-0066-2022,Spices/Condiments,high
F-0066-2023,Bakery,high
F-0066-2024,Prepared/Frozen,high
F-0067-2013,Dairy,high
F-0067-2014,Dairy,high
F-0067-2015,Dairy,high
F-0067-2016,Dairy,high
F-0067-2017,Bakery,high
F-0067-2018,Seafood,high
F-0067-2019,Bakery,medium
F-0067-2020,Produce,low
F-0067-2021,Baby/Toddler Food,high
F-0067-2022,Snacks/Candy,high
F-0067-2023,Bakery,high
F-0067-2024,Prepared/Frozen,high
F-0067-2025,Snacks/Candy,medium
F-0068-2013,Dairy,high
F-0068-2014,Dairy,high
F-0068-2015,Dairy,high
F-0068-2016,Dairy,high
F-0068-2017,Bakery,high
F-0068-2018,Prepared/Frozen,medium
F-0068-2019,Plant Protein,medium
F-0068-2020,Produce,high
F-0068-2021,Baby/Toddler Food,high
F-0068-2022,Produce,medium
F-0068-2023,Bakery,high
F-0068-2024,Prepared/Frozen,high
F-0068-2025,Supplements,high
F-0069-2013,Dairy,high
F-0069-2014,Dairy,high
F-0069-2015,Dairy,medium
F-0069-2016,Dairy,high
F-0069-2017,Prepared/Frozen,medium
F-0069-2018,Prepared/Frozen,medium
F-0069-2019,Plant Protein,high
F-0069-2020,Supplements,high
F-0069-2021,Baby/Toddler Food,medium
F-0069-2023,Bakery,high
F-0069-2024,Prepared/Frozen,medium
F-0069-2025,Produce,high
F-0070-2013,Dairy,high
F-0070-2014,Dairy,high
F-0070-2015,Dairy,high
F-0070-2016,Dairy,high
F-0070-2017,Snacks/Candy,high
F-0070-2018,Prepared/Frozen,medium
F-0070-2019,Plant Protein,high
F-0070-2020,Supplements,high
F-0070-2021,Seafood,high
F-0070-2022,Spices/Condiments,high
F-0070-2023,Bakery,high
F-0070-2024,Prepared/Frozen,high
F-0070-2025,Beverages,medium
F-0071-2013,Dairy,high
F-0071-2014,Dairy,high
F-0071-2015,Dairy,high
F-0071-2016,Dairy,high
F-0071-2017,Snacks/Candy,high
F-0071-2018,Prepared/Frozen,medium
F-0071-2019,Plant Protein,high
F-0071-2020,Supplements,medium
F-0071-2021,Produce,high
F-0071-2022,Nuts/Seeds,high
F-0071-2023,Nuts/Seeds,high
F-0071-2024,Prepared/Frozen,medium
F-0071-2025,Spices/Condiments,high
F-0072-2013,Dairy,high
F-0072-2014,Dairy,high
F-0072-2015,Dairy,medium
F-0072-2016,Dairy,high
F-0072-2017,Snacks/Candy,high
F-0072-2018,Prepared/Frozen,medium
F-0072-2019,Plant Protein,high
F-0072-2020,Seafood,high
F-0072-2021,Snacks/Candy,high
F-0072-2022,Snacks/Candy,medium
F-0072-2023,Supplements,high
F-0072-2024,Prepared/Frozen,high
F-0072-2025,Prepared/Frozen,high
F-0073-2013,Dairy,high
F-0073-2014,Dairy,high
F-0073-2015,Dairy,medium
F-0073-2016,Dairy,high
F-0073-2017,Snacks/Candy,high
F-0073-2018,Seafood,high
F-0073-2019,Prepared/Frozen,high
F-0073-2020,Snacks/Candy,medium
F-0073-2022,Nuts/Seeds,high
F-0073-2023,Supplements,medium
F-0073-2024,Prepared/Frozen,medium
F-0073-2025,Produce,medium
F-0074-2013,Dairy,high
F-0074-2014,Dairy,high
F-0074-2015,Dairy,medium
F-0074-2016,Dairy,high
F-0074-2017,Snacks/Candy,high
F-0074-2018,Seafood,high
F-0074-2019,Prepared/Frozen,medium
F-0074-2020,Snacks/Candy,high
F-0074-2021,Snacks/Candy,high
F-0074-2022,Nuts/Seeds,high
F-0074-2023,Seafood,high
F-0074-2024,Prepared/Frozen,high
F-0074-2025,Produce,medium
F-0075-2013,Dairy,high
F-0075-2014,Dairy,high
F-0075-2015,Dairy,low
F-0075-2016,Dairy,high
F-0075-2017,Snacks/Candy,high
F-0075-2018,Seafood,medium
F-0075-2019,Bakery,medium
F-0075-2020,Bakery,high
F-0075-2022,Produce,high
F-0075-2023,Seafood,high
F-0075-2024,Prepared/Frozen,low
F-0075-2025,Produce,high
F-0076-2013,Dairy,high
F-0076-2014,Dairy,high
F-0076-2015,Bakery,medium
F-0076-2016,Dairy,high
F-0076-2017,Snacks/Candy,high
F-0076-2018,Seafood,medium
F-0076-2019,Produce,high
F-0076-2020,Snacks/Candy,medium
F-0076-2022,Prepared/Frozen,high
F-0076-2023,Seafood,high
F-0076-2024,Dairy,low
F-0077-2013,Dairy,high
F-0077-2014,Snacks/Candy,high
F-0077-2015,Food Additives/Ingredients,low
F-0077-2016,Dairy,high
F-0077-2017,Snacks/Candy,high
F-0077-2018,Seafood,high
F-0077-2019,Plant Protein,medium
F-0077-2021,Produce,high
F-0077-2022,Prepared/Frozen,high
F-0077-2023,Beverages,medium
F-0077-2024,Prepared/Frozen,high
F-0077-2025,Bakery,medium
F-0078-2013,Dairy,high
F-0078-2014,Supplements,high
F-0078-2015,Spices/Condiments,high
F-0078-2016,Dairy,high
F-0078-2017,Snacks/Candy,high
F-0078-2018,Seafood,medium
F-0078-2020,Dairy,high
F-0078-2021,Produce,high
F-0078-2022,Bakery,high
F-0078-2023,Beverages,high
F-0078-2024,Prepared/Frozen,high
F-0078-2025,Prepared/Frozen,high
F-0079-2013,Prepared/Frozen,high
F-0079-2014,Supplements,high
F-0079-2015,Beverages,high
F-0079-2016,Uncategorized,low
F-0079-2017,Snacks/Candy,high
F-0079-2018,Bakery,high
F-0079-2020,Bakery,high
F-0079-2021,Produce,low
F-0079-2022,Bakery,high
F-0079-2023,Beverages,high
F-0079-2024,Prepared/Frozen,high
F-0079-2025,Prepared/Frozen,medium
F-0080-2013,Produce,high
F-0080-2014,Produce,high
F-0080-2015,Non-Food Item,high
F-0080-2016,Dairy,high
F-0080-2017,Produce,high
F-0080-2018,Bakery,high
F-0080-2020,Bakery,high
F-0080-2021,Produce,high
F-0080-2022,Bakery,high
F-0080-2023,Supplements,high
F-0080-2024,Prepared/Frozen,high
F-0080-2025,Prepared/Frozen,high
F-0081-2013,Produce,high
F-0081-2014,Produce,high
F-0081-2015,Supplements,high
F-0081-2016,Dairy,high
F-0081-2017,Supplements,high
F-0081-2018,Bakery,high
F-0081-2020,Bakery,high
F-0081-2021,Produce,high
F-0081-2022,Bakery,high
F-0081-2023,Prepared/Frozen,low
F-0081-2024,Produce,medium
F-0081-2025,Prepared/Frozen,high
F-0082-2013,Produce,high
F-0082-2014,Snacks/Candy,medium
F-0082-2015,Supplements,medium
F-0082-2016,Dairy,high
F-0082-2017,Supplements,high
F-0082-2018,Bakery,medium
F-0082-2020,Produce,high
F-0082-2021,Produce,low
F-0082-2022,Bakery,high
F-0082-2023,Baking Supplies,high
F-0082-2024,Bakery,high
F-0082-2025,Prepared/Frozen,high
F-0083-2013,Spices/Condiments,medium
F-0083-2014,Snacks/Candy,high
F-0083-2015,Plant Protein,medium
F-0083-2016,Dairy,high
F-0083-2017,Dairy,high
F-0083-2018,Bakery,high
F-0083-2020,Produce,high
F-0083-2021,Produce,high
F-0083-2022,Bakery,high
F-0083-2023,Seafood,high
F-0083-2024,Bakery,high
F-0083-2025,Prepared/Frozen,medium
F-0084-2013,Supplements,high
F-0084-2014,Produce,high
F-0084-2015,Seafood,high
F-0084-2016,Dairy,high
F-0084-2017,Grains/Cereal,high
F-0084-2018,Baking Supplies,medium
F-0084-2020,Prepared/Frozen,medium
F-0084-2021,Produce,high
F-0084-2022,Bakery,high
F-0084-2023,Seafood,high
F-0084-2024,Prepared/Frozen,high
F-0084-2025,Prepared/Frozen,high
F-0085-2013,Produce,high
F-0085-2014,Prepared/Frozen,medium
F-0085-2015,Bakery,high
F-0085-2016,Dairy,high
F-0085-2017,Plant Protein,high
F-0085-2018,Bakery,high
F-0085-2020,Prepared/Frozen,medium
F-0085-2021,Produce,low
F-0085-2022,Dairy,high
F-0085-2023,Seafood,high
F-0085-2024,Produce,medium
F-0085-2025,Prepared/Frozen,medium
F-0086-2013,Produce,high
F-0086-2014,Bakery,high
F-0086-2015,Bakery,high
F-0086-2016,Dairy,high
F-0086-2017,Oils/Fats,high
F-0086-2018,Spices/Condiments,medium
F-0086-2020,Snacks/Candy,high
F-0086-2021,Produce,high
F-0086-2022,Dairy,high
F-0086-2023,Seafood,high
F-0086-2024,Produce,medium
F-0086-2025,Prepared/Frozen,medium
F-0087-2013,Produce,high
F-0087-2014,Snacks/Candy,high
F-0087-2015,Grains/Cereal,high
F-0087-2016,Dairy,high
F-0087-2017,Snacks/Candy,medium
F-0087-2018,Nuts/Seeds,medium
F-0087-2020,Seafood,high
F-0087-2021,Produce,high
F-0087-2022,Dairy,high
F-0087-2023,Seafood,high
F-0087-2024,Prepared/Frozen,medium
F-0087-2025,Prepared/Frozen,medium
F-0088-2013,Produce,medium
F-0088-2014,Dairy,high
F-0088-2015,Grains/Cereal,high
F-0088-2016,Dairy,medium
F-0088-2017,Supplements,medium
F-0088-2018,Bakery,high
F-0088-2020,Prepared/Frozen,high
F-0088-2021,Produce,high
F-0088-2022,Food Additives/Ingredients,high
F-0088-2023,Seafood,high
F-0088-2024,Prepared/Frozen,medium
F-0088-2025,Produce,high
F-0089-2013,Produce,high
F-0089-2014,Food Additives/Ingredients,medium
F-0089-2016,Dairy,high
F-0089-2017,Supplements,medium
F-0089-2020,Prepared/Frozen,high
F-0089-2021,Produce,high
F-0089-2022,Beverages,high
F-0089-2023,Seafood,high
F-0089-2024,Prepared/Frozen,medium
F-0089-2025,Prepared/Frozen,medium
F-0090-2013,Produce,high
F-0090-2014,Food Additives/Ingredients,high
F-0090-2015,Grains/Cereal,high
F-0090-2016,Dairy,high
F-0090-2017,Supplements,high
F-0090-2020,Prepared/Frozen,high
F-0090-2021,Produce,medium
F-0090-2022,Beverages,high
F-0090-2024,Prepared/Frozen,medium
F-0090-2025,Prepared/Frozen,medium
F-0091-2013,Produce,high
F-0091-2014,Food Additives/Ingredients,medium
F-0091-2016,Dairy,high
F-0091-2017,Supplements,high
F-0091-2020,Snacks/Candy,high
F-0091-2021,Produce,medium
F-0091-2022,Beverages,high
F-0091-2023,Snacks/Candy,medium
F-0091-2024,Prepared/Frozen,medium
F-0091-2025,Prepared/Frozen,medium
F-0092-2013,Produce,medium
F-0092-2014,Food Additives/Ingredients,medium
F-0092-2015,Nuts/Seeds,high
F-0092-2017,Supplements,medium
F-0092-2020,Seafood,high
F-0092-2021,Produce,high
F-0092-2022,Supplements,high
F-0092-2023,Dairy,high
F-0092-2024,Prepared/Frozen,medium
F-0092-2025,Prepared/Frozen,medium
F-0093-2013,Produce,high
F-0093-2014,Food Additives/Ingredients,medium
F-0093-2015,Spices/Condiments,medium
F-0093-2016,Bakery,high
F-0093-2017,Supplements,low
F-0093-2020,Seafood,high
F-0093-2021,Prepared/Frozen,medium
F-0093-2022,Seafood,medium
F-0093-2023,Spices/Condiments,high
F-0093-2024,Prepared/Frozen,medium
F-0093-2025,Prepared/Frozen,medium
F-0094-2013,Produce,high
F-0094-2014,Food Additives/Ingredients,medium
F-0094-2015,Produce,medium
F-0094-2016,Spices/Condiments,high
F-0094-2017,Supplements,high
F-0094-2020,Prepared/Frozen,high
F-0094-2021,Snacks/Candy,medium
F-0094-2022,Food Additives/Ingredients,medium
F-0094-2023,Spices/Condiments,high
F-0094-2024,Prepared/Frozen,medium
F-0094-2025,Prepared/Frozen,medium
F-0095-2013,Beverages,high
F-0095-2014,Food Additives/Ingredients,high
F-0095-2015,Prepared/Frozen,medium
F-0095-2016,Grains/Cereal,high
F-0095-2017,Supplements,high
F-0095-2020,Prepared/Frozen,high
F-0095-2021,Snacks/Candy,medium
F-0095-2022,Supplements,high
F-0095-2023,Bakery,high
F-0095-2024,Prepared/Frozen,high
F-0095-2025,Prepared/Frozen,medium
F-0096-2013,Spices/Condiments,medium
F-0096-2014,Food Additives/Ingredients,medium
F-0096-2015,Dairy,medium
F-0096-2016,Grains/Cereal,high
F-0096-2017,Supplements,high
F-0096-2020,Prepared/Frozen,high
F-0096-2021,Spices/Condiments,high
F-0096-2022,Dairy,high
F-0096-2023,Bakery,high
F-0096-2024,Prepared/Frozen,medium
F-0096-2025,Prepared/Frozen,medium
F-0097-2013,Produce,medium
F-0097-2014,Food Additives/Ingredients,medium
F-0097-2015,Prepared/Frozen,medium
F-0097-2016,Grains/Cereal,high
F-0097-2017,Supplements,high
F-0097-2018,Bakery,high
F-0097-2020,Snacks/Candy,high
F-0097-2021,Produce,high
F-0097-2022,Dairy,high
F-0097-2023,Bakery,high
F-0097-2024,Produce,high
F-0097-2025,Bakery,high
F-0098-2013,Plant Protein,high
F-0098-2014,Bakery,high
F-0098-2015,Prepared/Frozen,medium
F-0098-2016,Spices/Condiments,high
F-0098-2017,Supplements,high
F-0098-2018,Bakery,high
F-0098-2020,Bakery,high
F-0098-2021,Produce,high
F-0098-2022,Dairy,high
F-0098-2023,Spices/Condiments,medium
F-0098-2024,Produce,high
F-0098-2025,Snacks/Candy,medium
F-0099-2013,Plant Protein,high
F-0099-2014,Nuts/Seeds,high
F-0099-2015,Snacks/Candy,medium
F-0099-2016,Spices/Condiments,high
F-0099-2017,Supplements,high
F-0099-2018,Bakery,high
F-0099-2020,Bakery,high
F-0099-2021,Produce,high
F-0099-2022,Dairy,high
F-0099-2023,Spices/Condiments,high
F-0099-2024,Produce,high
F-0099-2025,Bakery,high
F-0100-2013,Produce,medium
F-0100-2014,Supplements,high
F-0100-2015,Snacks/Candy,medium
F-0100-2016,Nuts/Seeds,high
F-0100-2017,Supplements,low
F-0100-2018,Bakery,high
F-0100-2020,Supplements,high
F-0100-2021,Produce,medium
F-0100-2022,Dairy,high
F-0100-2023,Spices/Condiments,medium
F-0100-2024,Produce,high
F-0100-2025,Bakery,high
F-0101-2013,Plant Protein,high
F-0101-2014,Supplements,high
F-0101-2015,Spices/Condiments,high
F-0101-2016,Spices/Condiments,high
F-0101-2017,Supplements,high
F-0101-2018,Snacks/Candy,medium
F-0101-2020,Bakery,medium
F-0101-2021,Produce,high
F-0101-2022,Dairy,high
F-0101-2023,Spices/Condiments,high
F-0101-2024,Produce,high
F-0101-2025,Bakery,high
F-0102-2013,Plant Protein,high
F-0102-2014,Snacks/Candy,high
F-0102-2015,Supplements,high
F-0102-2016,Spices/Condiments,high
F-0102-2017,Supplements,medium
F-0102-2018,Snacks/Candy,medium
F-0102-2020,Prepared/Frozen,high
F-0102-2021,Produce,medium
F-0102-2022,Dairy,high
F-0102-2023,Spices/Condiments,high
F-0102-2024,Produce,high
F-0102-2025,Bakery,high
F-0103-2013,Plant Protein,high
F-0103-2014,Grains/Cereal,high
F-0103-2015,Supplements,high
F-0103-2016,Spices/Condiments,high
F-0103-2017,Uncategorized,low
F-0103-2018,Bakery,high
F-0103-2020,Prepared/Frozen,high
F-0103-2021,Produce,high
F-0103-2022,Dairy,high
F-0103-2023,Spices/Condiments,low
F-0103-2024,Produce,high
F-0103-2025,Bakery,high
F-0104-2013,Plant Protein,high
F-0104-2014,Grains/Cereal,high
F-0104-2015,Supplements,high
F-0104-2016,Spices/Condiments,high
F-0104-2017,Supplements,low
F-0104-2018,Bakery,medium
F-0104-2020,Prepared/Frozen,high
F-0104-2021,Produce,high
F-0104-2022,Dairy,high
F-0104-2023,Spices/Condiments,high
F-0104-2024,Produce,high
F-0104-2025,Bakery,high
F-0105-2014,Grains/Cereal,high
F-0105-2015,Supplements,high
F-0105-2016,Spices/Condiments,high
F-0105-2017,Supplements,high
F-0105-2018,Bakery,high
F-0105-2020,Prepared/Frozen,high
F-0105-2021,Produce,high
F-0105-2022,Dairy,high
F-0105-2023,Bakery,medium
F-0105-2024,Produce,high
F-0105-2025,Bakery,high
F-0106-2014,Bakery,medium
F-0106-2015,Supplements,high
F-0106-2016,Spices/Condiments,high
F-0106-2017,Supplements,high
F-0106-2018,Bakery,medium
F-0106-2020,Prepared/Frozen,high
F-0106-2021,Produce,high
F-0106-2022,Dairy,high
F-0106-2023,Spices/Condiments,medium
F-0106-2024,Plant Protein,low
F-0106-2025,Beverages,high
F-0107-2014,Bakery,medium
F-0107-2015,Supplements,medium
F-0107-2016,Spices/Condiments,high
F-0107-2017,Supplements,high
F-0107-2018,Snacks/Candy,high
F-0107-2020,Prepared/Frozen,high
F-0107-2021,Produce,high
F-0107-2022,Dairy,high
F-0107-2023,Dairy,high
F-0107-2024,Produce,high
F-0107-2025,Beverages,high
F-0108-2013,Produce,high
F-0108-2014,Bakery,medium
F-0108-2015,Supplements,high
F-0108-2016,Spices/Condiments,high
F-0108-2017,Supplements,medium
F-0108-2018,Prepared/Frozen,high
F-0108-2020,Prepared/Frozen,medium
F-0108-2021,Produce,high
F-0108-2022,Dairy,high
F-0108-2023,Dairy,high
F-0108-2024,Produce,high
F-0108-2025,Beverages,high
F-0109-2013,Baby/Toddler Food,high
F-0109-2014,Grains/Cereal,medium
F-0109-2015,Supplements,high
F-0109-2017,Dairy,high
F-0109-2018,Bakery,high
F-0109-2020,Prepared/Frozen,medium
F-0109-2021,Produce,high
F-0109-2022,Dairy,high
F-0109-2023,Dairy,medium
F-0109-2024,Produce,high
F-0109-2025,Beverages,high
F-0110-2013,Dairy,high
F-0110-2014,Grains/Cereal,high
F-0110-2015,Supplements,high
F-0110-2016,Bakery,high
F-0110-2017,Dairy,high
F-0110-2018,Seafood,high
F-0110-2020,Prepared/Frozen,high
F-0110-2021,Snacks/Candy,medium
F-0110-2022,Dairy,high
F-0110-2023,Dairy,high
F-0110-2024,Produce,high
F-0110-2025,Beverages,high
F-0111-2013,Produce,high
F-0111-2014,Grains/Cereal,high
F-0111-2015,Supplements,high
F-0111-2016,Snacks/Candy,medium
F-0111-2017,Dairy,high
F-0111-2018,Seafood,high
F-0111-2020,Prepared/Frozen,high
F-0111-2022,Produce,high
F-0111-2023,Dairy,high
F-0111-2024,Produce,high
F-0111-2025,Beverages,medium
F-0112-2013,Snacks/Candy,medium
F-0112-2014,Grains/Cereal,high
F-0112-2015,Supplements,high
F-0112-2016,Snacks/Candy,medium
F-0112-2017,Dairy,high
F-0112-2018,Produce,high
F-0112-2020,Prepared/Frozen,high
F-0112-2021,Dairy,high
F-0112-2022,Produce,high
F-0112-2023,Dairy,high
F-0112-2024,Produce,high
F-0112-2025,Beverages,medium
F-0113-2013,Nuts/Seeds,high
F-0113-2014,Grains/Cereal,high
F-0113-2015,Supplements,high
F-0113-2016,Bakery,high
F-0113-2017,Grains/Cereal,high
F-0113-2018,Beef/Pork/Poultry/Game Meats,medium
F-0113-2020,Prepared/Frozen,medium
F-0113-2021,Dairy,high
F-0113-2022,Produce,high
F-0113-2023,Dairy,medium
F-0113-2024,Produce,medium
F-0113-2025,Beverages,medium
F-0114-2013,Nuts/Seeds,high
F-0114-2014,Bakery,medium
F-0114-2015,Supplements,high
F-0114-2016,Bakery,high
F-0114-2018,Prepared/Frozen,low
F-0114-2020,Prepared/Frozen,medium
F-0114-2021,Beverages,low
F-0114-2022,Produce,high
F-0114-2023,Dairy,high
F-0114-2024,Produce,medium
F-0114-2025,Beverages,medium
F-0115-2013,Nuts/Seeds,high
F-0115-2014,Nuts/Seeds,high
F-0115-2015,Supplements,high
F-0115-2016,Bakery,high
F-0115-2018,Prepared/Frozen,medium
F-0115-2020,Prepared/Frozen,high
F-0115-2021,Spices/Condiments,low
F-0115-2022,Produce,high
F-0115-2023,Dairy,high
F-0115-2024,Produce,medium
F-0115-2025,Beverages,medium
F-0116-2013,Nuts/Seeds,high
F-0116-2014,Supplements,low
F-0116-2015,Supplements,high
F-0116-2016,Grains/Cereal,low
F-0116-2018,Prepared/Frozen,medium
F-0116-2021,Beverages,high
F-0116-2022,Produce,high
F-0116-2023,Dairy,high
F-0116-2024,Prepared/Frozen,medium
F-0116-2025,Beverages,medium
F-0117-2013,Nuts/Seeds,high
F-0117-2014,Supplements,low
F-0117-2015,Supplements,high
F-0117-2016,Supplements,high
F-0117-2018,Grains/Cereal,medium
F-0117-2021,Seafood,high
F-0117-2022,Prepared/Frozen,low
F-0117-2023,Prepared/Frozen,medium
F-0117-2024,Prepared/Frozen,high
F-0117-2025,Beverages,medium
F-0118-2013,Nuts/Seeds,high
F-0118-2014,Supplements,high
F-0118-2015,Supplements,high
F-0118-2016,Supplements,high
F-0118-2017,Supplements,medium
F-0118-2018,Grains/Cereal,medium
F-0118-2020,Seafood,high
F-0118-2021,Supplements,medium
F-0118-2022,Bakery,high
F-0118-2023,Dairy,high
F-0118-2024,Prepared/Frozen,high
F-0118-2025,Beverages,medium
F-0119-2013,Bakery,high
F-0119-2014,Supplements,high
F-0119-2015,Supplements,high
F-0119-2016,Supplements,medium
F-0119-2017,Seafood,medium
F-0119-2018,Grains/Cereal,medium
F-0119-2020,Baking Supplies,high
F-0119-2021,Produce,high
F-0119-2022,Bakery,high
F-0119-2023,Dairy,high
F-0119-2024,Prepared/Frozen,medium
F-0119-2025,Beverages,medium
F-0120-2013,Snacks/Candy,high
F-0120-2014,Supplements,high
F-0120-2015,Supplements,high
F-0120-2016,Supplements,low
F-0120-2017,Seafood,medium
F-0120-2018,Grains/Cereal,medium
F-0120-2020,Prepared/Frozen,high
F-0120-2021,Seafood,high
F-0120-2022,Bakery,high
F-0120-2023,Dairy,high
F-0120-2024,Prepared/Frozen,low
F-0120-2025,Produce,medium
F-0121-2013,Beverages,high
F-0121-2014,Bakery,medium
F-0121-2015,Supplements,high
F-0121-2016,Supplements,high
F-0121-2017,Prepared/Frozen,medium
F-0121-2018,Grains/Cereal,medium
F-0121-2020,Prepared/Frozen,high
F-0121-2021,Food Additives/Ingredients,high
F-0121-2022,Produce,high
F-0121-2023,Dairy,high
F-0121-2024,Prepared/Frozen,medium
F-0121-2025,Dairy,high
F-0122-2013,Dairy,high
F-0122-2014,Bakery,high
F-0122-2015,Supplements,high
F-0122-2016,Supplements,medium
F-0122-2017,Prepared/Frozen,high
F-0122-2018,Grains/Cereal,medium
F-0122-2020,Prepared/Frozen,high
F-0122-2021,Food Additives/Ingredients,high
F-0122-2022,Produce,medium
F-0122-2023,Dairy,high
F-0122-2024,Prepared/Frozen,medium
F-0122-2025,Dairy,high
F-0123-2013,Seafood,high
F-0123-2014,Bakery,high
F-0123-2015,Supplements,high
F-0123-2016,Dairy,high
F-0123-2017,Prepared/Frozen,high
F-0123-2018,Grains/Cereal,medium
F-0123-2020,Prepared/Frozen,high
F-0123-2021,Snacks/Candy,high
F-0123-2022,Produce,high
F-0123-2023,Dairy,high
F-0123-2024,Produce,medium
F-0123-2025,Beverages,high
F-0124-2013,Nuts/Seeds,high
F-0124-2014,Bakery,high
F-0124-2015,Supplements,high
F-0124-2016,Prepared/Frozen,medium
F-0124-2017,Prepared/Frozen,high
F-0124-2018,Grains/Cereal,medium
F-0124-2020,Prepared/Frozen,high
F-0124-2021,Produce,high
F-0124-2022,Produce,high
F-0124-2023,Dairy,high
F-0124-2024,Produce,medium
F-0124-2025,Dairy,high
F-0125-2013,Prepared/Frozen,medium
F-0125-2014,Bakery,high
F-0125-2015,Supplements,high
F-0125-2016,Plant Protein,medium
F-0125-2017,Prepared/Frozen,high
F-0125-2018,Grains/Cereal,high
F-0125-2020,Beverages,high
F-0125-2021,Produce,high
F-0125-2022,Produce,high
F-0125-2023,Dairy,high
F-0125-2024,Produce,medium
F-0125-2025,Dairy,high
F-0126-2013,Nuts/Seeds,high
F-0126-2014,Bakery,high
F-0126-2015,Supplements,high
F-0126-2016,Snacks/Candy,high
F-0126-2017,Prepared/Frozen,medium
F-0126-2018,Grains/Cereal,medium
F-0126-2021,Produce,medium
F-0126-2022,Produce,high
F-0126-2023,Dairy,high
F-0126-2024,Prepared/Frozen,high
F-0126-2025,Produce,high
F-0127-2013,Produce,high
F-0127-2014,Dairy,high
F-0127-2015,Supplements,high
F-0127-2016,Produce,high
F-0127-2017,Prepared/Frozen,medium
F-0127-2018,Grains/Cereal,medium
F-0127-2020,Bakery,high
F-0127-2021,Produce,medium
F-0127-2022,Produce,high
F-0127-2023,Dairy,high
F-0127-2024,Prepared/Frozen,high
F-0127-2025,Prepared/Frozen,medium
F-0128-2013,Produce,high
F-0128-2014,Dairy,high
F-0128-2015,Supplements,high
F-0128-2016,Produce,high
F-0128-2017,Prepared/Frozen,medium
F-0128-2018,Grains/Cereal,medium
F-0128-2020,Produce,high
F-0128-2021,Spices/Condiments,high
F-0128-2022,Produce,high
F-0128-2023,Dairy,high
F-0128-2024,Prepared/Frozen,medium
F-0128-2025,Prepared/Frozen,medium
F-0129-2013,Produce,high
F-0129-2014,Dairy,high
F-0129-2015,Supplements,high
F-0129-2016,Produce,high
F-0129-2017,Prepared/Frozen,medium
F-0129-2018,Grains/Cereal,medium
F-0129-2020,Dairy,high
F-0129-2021,Produce,medium
F-0129-2022,Produce,high
F-0129-2023,Dairy,high
F-0129-2024,Prepared/Frozen,high
F-0129-2025,Uncategorized,low
F-0130-2013,Produce,high
F-0130-2014,Dairy,high
F-0130-2015,Supplements,medium
F-0130-2016,Dairy,high
F-0130-2017,Bakery,medium
F-0130-2018,Grains/Cereal,medium
F-0130-2020,Seafood,high
F-0130-2021,Prepared/Frozen,medium
F-0130-2022,Produce,high
F-0130-2023,Dairy,high
F-0130-2024,Prepared/Frozen,high
F-0130-2025,Prepared/Frozen,medium
F-0131-2013,Produce,high
F-0131-2014,Dairy,high
F-0131-2015,Supplements,high
F-0131-2016,Snacks/Candy,high
F-0131-2017,Prepared/Frozen,medium
F-0131-2018,Spices/Condiments,high
F-0131-2020,Bakery,high
F-0131-2021,Prepared/Frozen,high
F-0131-2022,Produce,high
F-0131-2023,Dairy,high
F-0131-2024,Prepared/Frozen,high
F-0131-2025,Prepared/Frozen,medium
F-0132-2013,Produce,high
F-0132-2014,Dairy,high
F-0132-2015,Supplements,high
F-0132-2016,Spices/Condiments,high
F-0132-2017,Prepared/Frozen,medium
F-0132-2018,Plant Protein,high
F-0132-2020,Prepared/Frozen,high
F-0132-2021,Prepared/Frozen,medium
F-0132-2022,Produce,high
F-0132-2023,Prepared/Frozen,medium
F-0132-2024,Prepared/Frozen,high
F-0132-2025,Prepared/Frozen,medium
F-0133-2013,Produce,medium
F-0133-2014,Food Additives/Ingredients,medium
F-0133-2015,Supplements,high
F-0133-2016,Nuts/Seeds,high
F-0133-2017,Prepared/Frozen,medium
F-0133-2018,Prepared/Frozen,medium
F-0133-2020,Prepared/Frozen,high
F-0133-2021,Prepared/Frozen,medium
F-0133-2022,Bakery,high
F-0133-2023,Grains/Cereal,high
F-0133-2024,Prepared/Frozen,high
F-0133-2025,Produce,high
F-0134-2013,Produce,medium
F-0134-2014,Food Additives/Ingredients,medium
F-0134-2015,Supplements,high
F-0134-2016,Nuts/Seeds,high
F-0134-2017,Prepared/Frozen,medium
F-0134-2018,Produce,medium
F-0134-2020,Uncategorized,low
F-0134-2021,Prepared/Frozen,medium
F-0134-2022,Plant Protein,high
F-0134-2023,Snacks/Candy,medium
F-0134-2024,Prepared/Frozen,high
F-0134-2025,Produce,high
F-0135-2013,Produce,high
F-0135-2014,Food Additives/Ingredients,low
F-0135-2015,Supplements,high
F-0135-2016,Nuts/Seeds,high
F-0135-2017,Prepared/Frozen,medium
F-0135-2018,Produce,medium
F-0135-2020,Prepared/Frozen,high
F-0135-2021,Prepared/Frozen,medium
F-0135-2022,Food Additives/Ingredients,high
F-0135-2023,Prepared/Frozen,high
F-0135-2024,Prepared/Frozen,high
F-0135-2025,Produce,high
F-0136-2013,Produce,high
F-0136-2014,Food Additives/Ingredients,medium
F-0136-2015,Supplements,high
F-0136-2016,Produce,high
F-0136-2017,Prepared/Frozen,high
F-0136-2018,Produce,medium
F-0136-2020,Snacks/Candy,high
F-0136-2021,Prepared/Frozen,high
F-0136-2022,Bakery,high
F-0136-2023,Bakery,high
F-0136-2024,Prepared/Frozen,high
F-0136-2025,Produce,high
F-0137-2013,Produce,high
F-0137-2014,Food Additives/Ingredients,medium
F-0137-2015,Supplements,high
F-0137-2016,Baking Supplies,medium
F-0137-2017,Seafood,high
F-0137-2018,Prepared/Frozen,medium
F-0137-2020,Spices/Condiments,high
F-0137-2021,Beverages,high
F-0137-2022,Bakery,high
F-0137-2023,Plant Protein,high
F-0137-2024,Prepared/Frozen,high
F-0137-2025,Produce,high
F-0138-2013,Produce,high
F-0138-2014,Supplements,medium
F-0138-2015,Supplements,high
F-0138-2016,Bakery,high
F-0138-2017,Seafood,high
F-0138-2018,Prepared/Frozen,medium
F-0138-2020,Seafood,high
F-0138-2021,Produce,high
F-0138-2022,Bakery,high
F-0138-2023,Plant Protein,high
F-0138-2024,Prepared/Frozen,medium
F-0138-2025,Produce,medium
F-0139-2013,Prepared/Frozen,medium
F-0139-2014,Supplements,high
F-0139-2015,Supplements,high
F-0139-2016,Bakery,high
F-0139-2017,Seafood,medium
F-0139-2018,Dairy,high
F-0139-2020,Bakery,high
F-0139-2021,Spices/Condiments,medium
F-0139-2022,Bakery,high
F-0139-2023,Plant Protein,high
F-0139-2024,Prepared/Frozen,high
F-0139-2025,Supplements,high
F-0140-2013,Snacks/Candy,high
F-0140-2014,Supplements,high
F-0140-2015,Supplements,high
F-0140-2016,Bakery,high
F-0140-2017,Seafood,medium
F-0140-2018,Dairy,high
F-0140-2020,Bakery,high
F-0140-2021,Beverages,high
F-0140-2022,Bakery,high
F-0140-2023,Plant Protein,high
F-0140-2024,Prepared/Frozen,high
F-0140-2025,Bakery,high
F-0141-2013,Snacks/Candy,medium
F-0141-2014,Supplements,high
F-0141-2015,Supplements,high
F-0141-2016,Bakery,high
F-0141-2017,Prepared/Frozen,high
F-0141-2018,Spices/Condiments,medium
F-0141-2020,Bakery,high
F-0141-2021,Beverages,high
F-0141-2022,Bakery,high
F-0141-2023,Plant Protein,high
F-0141-2024,Prepared/Frozen,high
F-0141-2025,Bakery,high
F-0142-2013,Spices/Condiments,medium
F-0142-2014,Supplements,high
F-0142-2015,Supplements,high
F-0142-2016,Bakery,high
F-0142-2017,Prepared/Frozen,high
F-0142-2018,Bakery,medium
F-0142-2020,Bakery,high
F-0142-2021,Spices/Condiments,low
F-0142-2022,Bakery,high
F-0142-2023,Snacks/Candy,high
F-0142-2024,Prepared/Frozen,high
F-0142-2025,Produce,high
F-0143-2013,Spices/Condiments,medium
F-0143-2014,Supplements,high
F-0143-2015,Supplements,medium
F-0143-2016,Bakery,high
F-0143-2017,Prepared/Frozen,high
F-0143-2018,Bakery,high
F-0143-2020,Bakery,high
F-0143-2021,Prepared/Frozen,high
F-0143-2022,Bakery,high
F-0143-2023,Produce,low
F-0143-2024,Prepared/Frozen,high
F-0143-2025,Prepared/Frozen,medium
F-0144-2013,Uncategorized,low
F-0144-2014,Supplements,high
F-0144-2015,Supplements,high
F-0144-2016,Bakery,high
F-0144-2017,Prepared/Frozen,medium
F-0144-2018,Bakery,high
F-0144-2020,Bakery,high
F-0144-2021,Produce,high
F-0144-2022,Bakery,medium
F-0144-2023,Snacks/Candy,medium
F-0144-2024,Prepared/Frozen,high
F-0144-2025,Dairy,high
F-0145-2013,Produce,low
F-0145-2014,Supplements,high
F-0145-2015,Supplements,high
F-0145-2016,Bakery,high
F-0145-2017,Prepared/Frozen,high
F-0145-2018,Bakery,high
F-0145-2020,Bakery,high
F-0145-2021,Produce,high
F-0145-2022,Bakery,high
F-0145-2023,Nuts/Seeds,high
F-0145-2024,Prepared/Frozen,high
F-0145-2025,Dairy,high
F-0146-2013,Uncategorized,medium
F-0146-2014,Supplements,medium
F-0146-2015,Supplements,high
F-0146-2016,Bakery,high
F-0146-2017,Produce,high
F-0146-2018,Bakery,medium
F-0146-2020,Bakery,high
F-0146-2021,Supplements,high
F-0146-2022,Bakery,high
F-0146-2023,Bakery,medium
F-0146-2024,Prepared/Frozen,high
F-0146-2025,Dairy,high
F-0147-2013,Uncategorized,high
F-0147-2014,Supplements,low
F-0147-2015,Supplements,high
F-0147-2016,Produce,medium
F-0147-2017,Eggs,high
F-0147-2018,Bakery,high
F-0147-2020,Bakery,high
F-0147-2021,Prepared/Frozen,high
F-0147-2022,Bakery,high
F-0147-2023,Snacks/Candy,medium
F-0147-2024,Prepared/Frozen,high
F-0147-2025,Seafood,high
F-0148-2013,Produce,high
F-0148-2014,Supplements,high
F-0148-2015,Supplements,medium
F-0148-2017,Bakery,high
F-0148-2018,Bakery,medium
F-0148-2020,Beverages,high
F-0148-2021,Prepared/Frozen,high
F-0148-2022,Bakery,high
F-0148-2023,Beef/Pork/Poultry/Game Meats,low
F-0148-2024,Prepared/Frozen,high
F-0148-2025,Spices/Condiments,medium
F-0149-2013,Produce,high
F-0149-2014,Supplements,high
F-0149-2015,Supplements,high
F-0149-2016,Produce,high
F-0149-2017,Bakery,high
F-0149-2018,Bakery,high
F-0149-2020,Baking Supplies,medium
F-0149-2021,Nuts/Seeds,medium
F-0149-2022,Bakery,high
F-0149-2023,Prepared/Frozen,medium
F-0149-2024,Prepared/Frozen,high
F-0149-2025,Produce,high
F-0150-2013,Produce,high
F-0150-2014,Supplements,high
F-0150-2015,Supplements,high
F-0150-2016,Nuts/Seeds,medium
F-0150-2017,Bakery,high
F-0150-2018,Bakery,medium
F-0150-2020,Dairy,high
F-0150-2021,Nuts/Seeds,high
F-0150-2022,Bakery,high
F-0150-2023,Bakery,high
F-0150-2024,Prepared/Frozen,medium
F-0150-2025,Prepared/Frozen,high
F-0151-2013,Bakery,high
F-0151-2014,Supplements,high
F-0151-2015,Supplements,high
F-0151-2016,Nuts/Seeds,medium
F-0151-2017,Bakery,high
F-0151-2018,Bakery,high
F-0151-2020,Dairy,high
F-0151-2021,Beverages,high
F-0151-2022,Bakery,high
F-0151-2023,Dairy,high
F-0151-2024,Prepared/Frozen,medium
F-0151-2025,Prepared/Frozen,medium
F-0152-2013,Produce,low
F-0152-2015,Supplements,high
F-0152-2016,Nuts/Seeds,medium
F-0152-2017,Bakery,high
F-0152-2018,Bakery,high
F-0152-2020,Dairy,high
F-0152-2021,Spices/Condiments,high
F-0152-2022,Bakery,high
F-0152-2023,Dairy,high
F-0152-2024,Prepared/Frozen,high
F-0152-2025,Prepared/Frozen,medium
F-0153-2013,Produce,low
F-0153-2014,Supplements,high
F-0153-2015,Supplements,high
F-0153-2016,Nuts/Seeds,medium
F-0153-2017,Bakery,high
F-0153-2018,Spices/Condiments,medium
F-0153-2020,Dairy,high
F-0153-2021,Spices/Condiments,high
F-0153-2022,Bakery,high
F-0153-2023,Dairy,high
F-0153-2024,Prepared/Frozen,high
F-0153-2025,Prepared/Frozen,medium
F-0154-2013,Produce,low
F-0154-2014,Supplements,high
F-0154-2015,Supplements,high
F-0154-2016,Nuts/Seeds,medium
F-0154-2017,Bakery,high
F-0154-2018,Spices/Condiments,medium
F-0154-2020,Seafood,high
F-0154-2021,Spices/Condiments,high
F-0154-2022,Bakery,high
F-0154-2023,Beverages,medium
F-0154-2024,Prepared/Frozen,high
F-0154-2025,Prepared/Frozen,low
F-0155-2013,Produce,medium
F-0155-2014,Supplements,high
F-0155-2015,Supplements,medium
F-0155-2016,Nuts/Seeds,high
F-0155-2017,Bakery,high
F-0155-2018,Produce,high
F-0155-2020,Produce,high
F-0155-2021,Spices/Condiments,high
F-0155-2022,Supplements,high
F-0155-2023,Supplements,low
F-0155-2024,Prepared/Frozen,high
F-0155-2025,Prepared/Frozen,medium
F-0156-2013,Prepared/Frozen,low
F-0156-2014,Supplements,high
F-0156-2015,Supplements,high
F-0156-2016,Nuts/Seeds,high
F-0156-2017,Bakery,high
F-0156-2018,Produce,high
F-0156-2021,Spices/Condiments,high
F-0156-2022,Supplements,high
F-0156-2023,Baby/Toddler Food,high
F-0156-2024,Prepared/Frozen,high
F-0156-2025,Prepared/Frozen,medium
F-0157-2013,Prepared/Frozen,medium
F-0157-2014,Supplements,high
F-0157-2015,Supplements,medium
F-0157-2016,Nuts/Seeds,medium
F-0157-2017,Bakery,high
F-0157-2018,Produce,medium
F-0157-2021,Spices/Condiments,high
F-0157-2022,Supplements,high
F-0157-2023,Baby/Toddler Food,high
F-0157-2024,Eggs,medium
F-0157-2025,Prepared/Frozen,low
F-0158-2013,Produce,low
F-0158-2014,Supplements,high
F-0158-2015,Supplements,medium
F-0158-2016,Produce,high
F-0158-2017,Bakery,high
F-0158-2018,Produce,high
F-0158-2021,Spices/Condiments,high
F-0158-2022,Seafood,high
F-0158-2023,Baby/Toddler Food,high
F-0158-2024,Eggs,medium
F-0158-2025,Prepared/Frozen,medium
F-0159-2013,Prepared/Frozen,low
F-0159-2014,Supplements,high
F-0159-2015,Supplements,high
F-0159-2016,Seafood,high
F-0159-2017,Bakery,high
F-0159-2018,Produce,high
F-0159-2020,Seafood,high
F-0159-2021,Spices/Condiments,high
F-0159-2022,Prepared/Frozen,medium
F-0159-2023,Baby/Toddler Food,high
F-0159-2024,Prepared/Frozen,medium
F-0159-2025,Prepared/Frozen,medium
F-0160-2013,Produce,medium
F-0160-2014,Supplements,high
F-0160-2015,Supplements,high
F-0160-2016,Seafood,high
F-0160-2017,Bakery,medium
F-0160-2018,Produce,high
F-0160-2020,Seafood,high
F-0160-2021,Dairy,high
F-0160-2022,Spices/Condiments,medium
F-0160-2023,Baby/Toddler Food,high
F-0160-2024,Bakery,high
F-0160-2025,Bakery,low
F-0161-2013,Prepared/Frozen,high
F-0161-2014,Supplements,high
F-0161-2015,Supplements,medium
F-0161-2016,Seafood,high
F-0161-2017,Bakery,high
F-0161-2018,Produce,medium
F-0161-2020,Seafood,high
F-0161-2021,Dairy,high
F-0161-2022,Spices/Condiments,high
F-0161-2023,Baby/Toddler Food,high
F-0161-2024,Prepared/Frozen,high
F-0161-2025,Prepared/Frozen,medium
F-0162-2013,Prepared/Frozen,high
F-0162-2014,Supplements,high
F-0162-2015,Supplements,high
F-0162-2016,Seafood,high
F-0162-2017,Bakery,medium
F-0162-2018,Produce,high
F-0162-2020,Seafood,high
F-0162-2021,Spices/Condiments,high
F-0162-2022,Spices/Condiments,high
F-0162-2023,Baby/Toddler Food,medium
F-0162-2024,Prepared/Frozen,high
F-0162-2025,Prepared/Frozen,medium
F-0163-2013,Prepared/Frozen,high
F-0163-2014,Supplements,high
F-0163-2015,Supplements,high
F-0163-2016,Seafood,high
F-0163-2017,Prepared/Frozen,high
F-0163-2018,Produce,high
F-0163-2020,Seafood,high
F-0163-2021,Produce,low
F-0163-2022,Spices/Condiments,high
F-0163-2023,Baby/Toddler Food,high
F-0163-2024,Prepared/Frozen,high
F-0163-2025,Prepared/Frozen,medium
F-0164-2013,Prepared/Frozen,medium
F-0164-2014,Supplements,high
F-0164-2015,Supplements,medium
F-0164-2016,Seafood,high
F-0164-2017,Bakery,high
F-0164-2018,Produce,high
F-0164-2020,Seafood,high
F-0164-2021,Produce,low
F-0164-2022,Spices/Condiments,medium
F-0164-2023,Baby/Toddler Food,high
F-0164-2024,Prepared/Frozen,high
F-0164-2025,Prepared/Frozen,medium
F-0165-2013,Prepared/Frozen,high
F-0165-2014,Supplements,high
F-0165-2015,Supplements,medium
F-0165-2016,Seafood,high
F-0165-2017,Bakery,high
F-0165-2018,Produce,high
F-0165-2020,Produce,high
F-0165-2021,Prepared/Frozen,medium
F-0165-2022,Spices/Condiments,high
F-0165-2023,Beverages,low
F-0165-2024,Prepared/Frozen,high
F-0165-2025,Prepared/Frozen,medium
F-0166-2013,Prepared/Frozen,medium
F-0166-2014,Supplements,high
F-0166-2015,Supplements,high
F-0166-2016,Seafood,high
F-0166-2017,Bakery,high
F-0166-2018,Produce,high
F-0166-2020,Seafood,medium
F-0166-2021,Prepared/Frozen,medium
F-0166-2022,Produce,high
F-0166-2023,Beverages,high
F-0166-2024,Prepared/Frozen,high
F-0166-2025,Prepared/Frozen,medium
F-0167-2013,Prepared/Frozen,medium
F-0167-2014,Supplements,high
F-0167-2015,Supplements,high
F-0167-2016,Seafood,high
F-0167-2017,Supplements,medium
F-0167-2018,Produce,high
F-0167-2020,Seafood,high
F-0167-2021,Prepared/Frozen,medium
F-0167-2022,Grains/Cereal,high
F-0167-2023,Plant Protein,high
F-0167-2024,Prepared/Frozen,high
F-0167-2025,Prepared/Frozen,medium
F-0168-2013,Prepared/Frozen,high
F-0168-2014,Bakery,high
F-0168-2015,Supplements,high
F-0168-2016,Seafood,high
F-0168-2017,Spices/Condiments,medium
F-0168-2018,Produce,high
F-0168-2020,Seafood,high
F-0168-2021,Beef/Pork/Poultry/Game Meats,medium
F-0168-2022,Spices/Condiments,high
F-0168-2023,Plant Protein,high
F-0168-2024,Prepared/Frozen,high
F-0168-2025,Prepared/Frozen,medium
F-0169-2013,Prepared/Frozen,high
F-0169-2014,Bakery,high
F-0169-2015,Supplements,high
F-0169-2016,Seafood,high
F-0169-2017,Prepared/Frozen,medium
F-0169-2018,Produce,high
F-0169-2020,Seafood,high
F-0169-2021,Bakery,high
F-0169-2022,Snacks/Candy,high
F-0169-2023,Snacks/Candy,medium
F-0169-2024,Prepared/Frozen,high
F-0169-2025,Prepared/Frozen,medium
F-0170-2013,Prepared/Frozen,high
F-0170-2014,Bakery,high
F-0170-2015,Supplements,high
F-0170-2016,Seafood,high
F-0170-2017,Prepared/Frozen,medium
F-0170-2018,Produce,high
F-0170-2020,Supplements,high
F-0170-2021,Bakery,high
F-0170-2022,Produce,high
F-0170-2023,Produce,high
F-0170-2024,Prepared/Frozen,high
F-0170-2025,Prepared/Frozen,medium
F-0171-2013,Prepared/Frozen,high
F-0171-2014,Grains/Cereal,high
F-0171-2015,Supplements,medium
F-0171-2016,Seafood,high
F-0171-2017,Prepared/Frozen,medium
F-0171-2018,Produce,high
F-0171-2020,Supplements,high
F-0171-2021,Prepared/Frozen,medium
F-0171-2022,Produce,high
F-0171-2023,Produce,high
F-0171-2024,Prepared/Frozen,high
F-0171-2025,Prepared/Frozen,medium
F-0172-2013,Prepared/Frozen,high
F-0172-2014,Grains/Cereal,high
F-0172-2015,Supplements,high
F-0172-2016,Seafood,high
F-0172-2017,Prepared/Frozen,medium
F-0172-2018,Produce,high
F-0172-2020,Beverages,low
F-0172-2021,Bakery,medium
F-0172-2022,Produce,high
F-0172-2023,Produce,high
F-0172-2024,Prepared/Frozen,high
F-0172-2025,Prepared/Frozen,medium
F-0173-2013,Prepared/Frozen,medium
F-0173-2014,Snacks/Candy,high
F-0173-2015,Supplements,high
F-0173-2016,Seafood,high
F-0173-2017,Prepared/Frozen,medium
F-0173-2018,Produce,high
F-0173-2020,Beverages,medium
F-0173-2021,Produce,high
F-0173-2022,Produce,high
F-0173-2023,Seafood,high
F-0173-2024,Prepared/Frozen,high
F-0173-2025,Prepared/Frozen,medium
F-0174-2013,Prepared/Frozen,medium
F-0174-2014,Prepared/Frozen,medium
F-0174-2015,Supplements,high
F-0174-2017,Seafood,high
F-0174-2018,Produce,high
F-0174-2020,Spices/Condiments,low
F-0174-2021,Produce,medium
F-0174-2022,Produce,high
F-0174-2023,Spices/Condiments,high
F-0174-2024,Prepared/Frozen,high
F-0174-2025,Prepared/Frozen,medium
F-0175-2013,Prepared/Frozen,medium
F-0175-2014,Prepared/Frozen,medium
F-0175-2015,Supplements,high
F-0175-2016,Nuts/Seeds,medium
F-0175-2017,Seafood,medium
F-0175-2018,Produce,medium
F-0175-2020,Supplements,low
F-0175-2021,Spices/Condiments,high
F-0175-2022,Produce,high
F-0175-2023,Spices/Condiments,high
F-0175-2024,Prepared/Frozen,medium
F-0175-2025,Prepared/Frozen,medium
F-0176-2013,Prepared/Frozen,medium
F-0176-2014,Food Additives/Ingredients,medium
F-0176-2015,Supplements,medium
F-0176-2016,Nuts/Seeds,medium
F-0176-2017,Seafood,high
F-0176-2018,Produce,high
F-0176-2020,Supplements,medium
F-0176-2021,Spices/Condiments,high
F-0176-2022,Seafood,high
F-0176-2023,Spices/Condiments,medium
F-0176-2024,Prepared/Frozen,low
F-0176-2025,Prepared/Frozen,medium
F-0177-2013,Produce,medium
F-0177-2014,Food Additives/Ingredients,medium
F-0177-2015,Supplements,medium
F-0177-2016,Seafood,high
F-0177-2017,Bakery,medium
F-0177-2018,Prepared/Frozen,low
F-0177-2020,Supplements,low
F-0177-2021,Spices/Condiments,high
F-0177-2022,Produce,high
F-0177-2023,Produce,medium
F-0177-2024,Prepared/Frozen,medium
F-0177-2025,Prepared/Frozen,medium
F-0178-2013,Produce,medium
F-0178-2014,Food Additives/Ingredients,medium
F-0178-2015,Supplements,high
F-0178-2016,Seafood,high
F-0178-2017,Grains/Cereal,medium
F-0178-2018,Produce,high
F-0178-2020,Supplements,high
F-0178-2021,Snacks/Candy,low
F-0178-2022,Produce,high
F-0178-2023,Seafood,high
F-0178-2024,Prepared/Frozen,high
F-0178-2025,Prepared/Frozen,medium
F-0179-2013,Produce,high
F-0179-2014,Supplements,high
F-0179-2015,Supplements,high
F-0179-2016,Prepared/Frozen,medium
F-0179-2017,Grains/Cereal,high
F-0179-2018,Produce,medium
F-0179-2020,Beverages,low
F-0179-2021,Produce,high
F-0179-2022,Produce,high
F-0179-2023,Prepared/Frozen,medium
F-0179-2024,Prepared/Frozen,medium
F-0179-2025,Prepared/Frozen,medium
F-0180-2013,Prepared/Frozen,medium
F-0180-2014,Supplements,high
F-0180-2015,Supplements,high
F-0180-2016,Produce,high
F-0180-2017,Grains/Cereal,medium
F-0180-2018,Prepared/Frozen,medium
F-0180-2020,Supplements,high
F-0180-2021,Supplements,high
F-0180-2022,Produce,high
F-0180-2023,Prepared/Frozen,medium
F-0180-2024,Prepared/Frozen,high
F-0180-2025,Prepared/Frozen,medium
F-0181-2013,Prepared/Frozen,low
F-0181-2014,Spices/Condiments,low
F-0181-2015,Supplements,high
F-0181-2016,Produce,high
F-0181-2017,Grains/Cereal,medium
F-0181-2018,Prepared/Frozen,medium
F-0181-2020,Supplements,high
F-0181-2021,Snacks/Candy,high
F-0181-2022,Produce,high
F-0181-2023,Snacks/Candy,high
F-0181-2024,Prepared/Frozen,high
F-0181-2025,Prepared/Frozen,medium
F-0182-2013,Prepared/Frozen,medium
F-0182-2014,Snacks/Candy,low
F-0182-2015,Supplements,high
F-0182-2016,Produce,high
F-0182-2017,Prepared/Frozen,medium
F-0182-2018,Produce,medium
F-0182-2020,Supplements,high
F-0182-2021,Bakery,high
F-0182-2022,Produce,high
F-0182-2023,Bakery,high
F-0182-2024,Prepared/Frozen,high
F-0182-2025,Prepared/Frozen,medium
F-0183-2013,Produce,low
F-0183-2014,Produce,medium
F-0183-2015,Supplements,high
F-0183-2016,Produce,high
F-0183-2017,Prepared/Frozen,medium
F-0183-2018,Prepared/Frozen,medium
F-0183-2020,Dairy,high
F-0183-2021,Bakery,high
F-0183-2022,Produce,high
F-0183-2023,Produce,high
F-0183-2024,Prepared/Frozen,medium
F-0183-2025,Prepared/Frozen,medium
F-0184-2013,Prepared/Frozen,medium
F-0184-2014,Supplements,high
F-0184-2015,Supplements,high
F-0184-2016,Produce,high
F-0184-2017,Grains/Cereal,medium
F-0184-2018,Produce,high
F-0184-2020,Dairy,high
F-0184-2021,Dairy,low
F-0184-2022,Produce,high
F-0184-2023,Bakery,medium
F-0184-2024,Prepared/Frozen,medium
F-0184-2025,Prepared/Frozen,high
F-0185-2013,Prepared/Frozen,medium
F-0185-2014,Supplements,high
F-0185-2015,Supplements,medium
F-0185-2016,Produce,high
F-0185-2017,Grains/Cereal,high
F-0185-2018,Produce,medium
F-0185-2020,Dairy,high
F-0185-2021,Produce,high
F-0185-2022,Produce,high
F-0185-2023,Bakery,high
F-0185-2024,Prepared/Frozen,high
F-0185-2025,Prepared/Frozen,high
F-0186-2013,Prepared/Frozen,medium
F-0186-2014,Supplements,high
F-0186-2015,Supplements,high
F-0186-2016,Produce,high
F-0186-2017,Grains/Cereal,medium
F-0186-2018,Produce,high
F-0186-2020,Dairy,high
F-0186-2021,Produce,high
F-0186-2022,Produce,high
F-0186-2023,Beverages,high
F-0186-2024,Prepared/Frozen,high
F-0186-2025,Prepared/Frozen,medium
F-0187-2013,Grains/Cereal,medium
F-0187-2014,Supplements,high
F-0187-2015,Supplements,medium
F-0187-2016,Snacks/Candy,high
F-0187-2017,Snacks/Candy,high
F-0187-2018,Produce,high
F-0187-2020,Dairy,high
F-0187-2021,Produce,high
F-0187-2022,Produce,medium
F-0187-2023,Produce,high
F-0187-2024,Prepared/Frozen,medium
F-0187-2025,Prepared/Frozen,medium
F-0188-2013,Prepared/Frozen,medium
F-0188-2014,Beverages,high
F-0188-2015,Supplements,medium
F-0188-2016,Baking Supplies,medium
F-0188-2017,Snacks/Candy,high
F-0188-2018,Plant Protein,medium
F-0188-2020,Dairy,high
F-0188-2021,Produce,high
F-0188-2022,Seafood,high
F-0188-2023,Produce,high
F-0188-2024,Prepared/Frozen,medium
F-0188-2025,Prepared/Frozen,medium
F-0189-2013,Prepared/Frozen,medium
F-0189-2014,Beverages,high
F-0189-2015,Supplements,high
F-0189-2016,Produce,high
F-0189-2017,Beverages,high
F-0189-2018,Produce,high
F-0189-2020,Bakery,high
F-0189-2021,Spices/Condiments,high
F-0189-2022,Prepared/Frozen,low
F-0189-2023,Produce,high
F-0189-2024,Prepared/Frozen,high
F-0189-2025,Prepared/Frozen,high
F-0190-2013,Prepared/Frozen,medium
F-0190-2014,Beverages,high
F-0190-2015,Supplements,high
F-0190-2016,Produce,high
F-0190-2017,Supplements,high
F-0190-2018,Produce,high
F-0190-2020,Bakery,high
F-0190-2021,Bakery,high
F-0190-2022,Prepared/Frozen,medium
F-0190-2023,Dairy,high
F-0190-2024,Prepared/Frozen,high
F-0190-2025,Prepared/Frozen,medium
F-0191-2013,Prepared/Frozen,high
F-0191-2014,Beverages,high
F-0191-2015,Supplements,high
F-0191-2016,Dairy,medium
F-0191-2017,Produce,medium
F-0191-2018,Produce,medium
F-0191-2020,Snacks/Candy,high
F-0191-2021,Bakery,medium
F-0191-2022,Prepared/Frozen,low
F-0191-2023,Dairy,medium
F-0191-2024,Prepared/Frozen,medium
F-0191-2025,Prepared/Frozen,medium
F-0192-2013,Seafood,medium
F-0192-2014,Beverages,high
F-0192-2015,Supplements,high
F-0192-2016,Produce,high
F-0192-2017,Food Additives/Ingredients,low
F-0192-2018,Prepared/Frozen,medium
F-0192-2020,Produce,high
F-0192-2021,Dairy,medium
F-0192-2022,Prepared/Frozen,low
F-0192-2023,Produce,high
F-0192-2024,Prepared/Frozen,medium
F-0192-2025,Prepared/Frozen,high
F-0193-2013,Prepared/Frozen,medium
F-0193-2014,Beverages,high
F-0193-2015,Supplements,high
F-0193-2016,Produce,high
F-0193-2017,Spices/Condiments,low
F-0193-2018,Produce,high
F-0193-2020,Supplements,high
F-0193-2021,Snacks/Candy,low
F-0193-2022,Prepared/Frozen,low
F-0193-2023,Grains/Cereal,medium
F-0193-2024,Prepared/Frozen,high
F-0193-2025,Prepared/Frozen,medium
F-0194-2013,Prepared/Frozen,medium
F-0194-2014,Beverages,high
F-0194-2015,Supplements,medium
F-0194-2016,Spices/Condiments,medium
F-0194-2017,Spices/Condiments,medium
F-0194-2018,Produce,high
F-0194-2020,Produce,high
F-0194-2021,Produce,high
F-0194-2022,Uncategorized,low
F-0194-2023,Grains/Cereal,medium
F-0194-2024,Prepared/Frozen,high
F-0194-2025,Prepared/Frozen,medium
F-0195-2013,Prepared/Frozen,high
F-0195-2014,Beverages,high
F-0195-2015,Supplements,high
F-0195-2016,Beverages,high
F-0195-2017,Produce,medium
F-0195-2018,Produce,high
F-0195-2020,Produce,high
F-0195-2021,Produce,medium
F-0195-2022,Prepared/Frozen,low
F-0195-2023,Seafood,high
F-0195-2024,Prepared/Frozen,high
F-0195-2025,Prepared/Frozen,medium
F-0196-2013,Seafood,medium
F-0196-2014,Beverages,high
F-0196-2015,Supplements,high
F-0196-2016,Beverages,high
F-0196-2017,Spices/Condiments,low
F-0196-2018,Produce,high
F-0196-2020,Produce,high
F-0196-2021,Produce,medium
F-0196-2022,Prepared/Frozen,low
F-0196-2023,Bakery,high
F-0196-2024,Prepared/Frozen,medium
F-0196-2025,Prepared/Frozen,medium
F-0197-2013,Seafood,medium
F-0197-2014,Beverages,high
F-0197-2015,Supplements,medium
F-0197-2016,Beverages,high
F-0197-2017,Food Additives/Ingredients,low
F-0197-2018,Produce,high
F-0197-2020,Produce,high
F-0197-2021,Bakery,high
F-0197-2022,Prepared/Frozen,low
F-0197-2023,Bakery,medium
F-0197-2024,Produce,high
F-0197-2025,Prepared/Frozen,medium
F-0198-2013,Prepared/Frozen,low
F-0198-2014,Beverages,high
F-0198-2015,Supplements,high
F-0198-2016,Beverages,high
F-0198-2017,Dairy,medium
F-0198-2018,Prepared/Frozen,medium
F-0198-2020,Snacks/Candy,high
F-0198-2021,Produce,medium
F-0198-2022,Uncategorized,medium
F-0198-2023,Bakery,medium
F-0198-2024,Dairy,medium
F-0198-2025,Prepared/Frozen,medium
F-0199-2013,Prepared/Frozen,low
F-0199-2014,Beverages,high
F-0199-2015,Supplements,high
F-0199-2016,Seafood,high
F-0199-2017,Produce,high
F-0199-2018,Produce,high
F-0199-2020,Grains/Cereal,high
F-0199-2021,Snacks/Candy,low
F-0199-2022,Prepared/Frozen,low
F-0199-2023,Bakery,medium
F-0199-2024,Prepared/Frozen,medium
F-0199-2025,Prepared/Frozen,medium
F-0200-2013,Prepared/Frozen,high
F-0200-2014,Beverages,high
F-0200-2015,Supplements,high
F-0200-2016,Seafood,high
F-0200-2017,Uncategorized,low
F-0200-2018,Produce,high
F-0200-2020,Seafood,high
F-0200-2021,Bakery,low
F-0200-2022,Prepared/Frozen,medium
F-0200-2023,Bakery,high
F-0200-2024,Prepared/Frozen,high
F-0200-2025,Prepared/Frozen,medium
F-0201-2013,Prepared/Frozen,high
F-0201-2014,Beverages,high
F-0201-2015,Supplements,medium
F-0201-2016,Produce,high
F-0201-2017,Food Additives/Ingredients,low
F-0201-2018,Produce,high
F-0201-2020,Seafood,high
F-0201-2021,Plant Protein,high
F-0201-2022,Prepared/Frozen,low
F-0201-2023,Bakery,high
F-0201-2024,Produce,medium
F-0201-2025,Prepared/Frozen,high
F-0202-2013,Prepared/Frozen,high
F-0202-2014,Beverages,high
F-0202-2015,Supplements,high
F-0202-2016,Produce,high
F-0202-2017,Produce,medium
F-0202-2018,Produce,low
F-0202-2020,Produce,high
F-0202-2021,Seafood,high
F-0202-2022,Uncategorized,low
F-0202-2023,Bakery,high
F-0202-2024,Produce,medium
F-0202-2025,Prepared/Frozen,medium
F-0203-2013,Prepared/Frozen,high
F-0203-2014,Beverages,high
F-0203-2015,Supplements,high
F-0203-2016,Produce,high
F-0203-2017,Food Additives/Ingredients,low
F-0203-2018,Produce,high
F-0203-2020,Seafood,high
F-0203-2021,Spices/Condiments,high
F-0203-2022,Prepared/Frozen,low
F-0203-2023,Produce,high
F-0203-2024,Produce,medium
F-0203-2025,Prepared/Frozen,medium
F-0204-2013,Prepared/Frozen,high
F-0204-2014,Beverages,high
F-0204-2015,Supplements,high
F-0204-2016,Produce,high
F-0204-2017,Food Additives/Ingredients,low
F-0204-2018,Produce,high
F-0204-2019,Produce,low
F-0204-2020,Spices/Condiments,medium
F-0204-2021,Seafood,high
F-0204-2022,Prepared/Frozen,low
F-0204-2023,Seafood,high
F-0204-2024,Produce,medium
F-0204-2025,Prepared/Frozen,medium
F-0205-2013,Prepared/Frozen,medium
F-0205-2014,Beverages,high
F-0205-2015,Supplements,high
F-0205-2016,Produce,high
F-0205-2017,Uncategorized,low
F-0205-2018,Produce,high
F-0205-2019,Spices/Condiments,medium
F-0205-2020,Plant Protein,medium
F-0205-2021,Spices/Condiments,medium
F-0205-2022,Uncategorized,low
F-0205-2023,Snacks/Candy,medium
F-0205-2024,Produce,medium
F-0205-2025,Prepared/Frozen,medium
F-0206-2013,Prepared/Frozen,medium
F-0206-2014,Beverages,high
F-0206-2015,Supplements,high
F-0206-2016,Produce,high
F-0206-2017,Beef/Pork/Poultry/Game Meats,low
F-0206-2018,Produce,medium
F-0206-2019,Produce,medium
F-0206-2020,Produce,low
F-0206-2021,Seafood,high
F-0206-2022,Prepared/Frozen,medium
F-0206-2023,Bakery,medium
F-0206-2024,Prepared/Frozen,medium
F-0206-2025,Prepared/Frozen,medium
F-0207-2013,Dairy,medium
F-0207-2014,Beverages,high
F-0207-2015,Supplements,high
F-0207-2016,Produce,high
F-0207-2017,Food Additives/Ingredients,low
F-0207-2018,Produce,medium
F-0207-2019,Produce,medium
F-0207-2020,Prepared/Frozen,medium
F-0207-2021,Beverages,high
F-0207-2022,Produce,high
F-0207-2023,Grains/Cereal,medium
F-0207-2024,Prepared/Frozen,high
F-0207-2025,Prepared/Frozen,medium
F-0208-2013,Spices/Condiments,low
F-0208-2014,Beverages,high
F-0208-2015,Supplements,high
F-0208-2016,Produce,high
F-0208-2017,Produce,low
F-0208-2018,Produce,high
F-0208-2019,Produce,medium
F-0208-2020,Seafood,high
F-0208-2021,Produce,low
F-0208-2022,Produce,high
F-0208-2023,Snacks/Candy,high
F-0208-2024,Prepared/Frozen,high
F-0208-2025,Prepared/Frozen,medium
F-0209-2013,Spices/Condiments,low
F-0209-2014,Beverages,high
F-0209-2015,Supplements,medium
F-0209-2016,Produce,medium
F-0209-2017,Nuts/Seeds,high
F-0209-2018,Produce,high
F-0209-2019,Produce,high
F-0209-2020,Nuts/Seeds,high
F-0209-2021,Prepared/Frozen,medium
F-0209-2022,Produce,high
F-0209-2023,Seafood,high
F-0209-2024,Prepared/Frozen,high
F-0209-2025,Bakery,low
F-0210-2013,Dairy,medium
F-0210-2014,Beverages,high
F-0210-2015,Supplements,high
F-0210-2016,Produce,high
F-0210-2017,Seafood,high
F-0210-2018,Produce,high
F-0210-2019,Produce,high
F-0210-2020,Bakery,high
F-0210-2021,Prepared/Frozen,medium
F-0210-2022,Produce,high
F-0210-2023,Seafood,medium
F-0210-2024,Prepared/Frozen,high
F-0210-2025,Prepared/Frozen,high
F-0211-2013,Dairy,medium
F-0211-2014,Beverages,high
F-0211-2015,Supplements,medium
F-0211-2016,Produce,high
F-0211-2017,Seafood,high
F-0211-2018,Produce,high
F-0211-2019,Produce,medium
F-0211-2020,Produce,high
F-0211-2021,Prepared/Frozen,medium
F-0211-2022,Produce,high
F-0211-2023,Bakery,medium
F-0211-2024,Prepared/Frozen,high
F-0211-2025,Prepared/Frozen,medium
F-0212-2013,Spices/Condiments,high
F-0212-2014,Beverages,high
F-0212-2015,Supplements,medium
F-0212-2016,Produce,high
F-0212-2017,Produce,high
F-0212-2018,Produce,high
F-0212-2019,Produce,high
F-0212-2020,Produce,low
F-0212-2021,Prepared/Frozen,medium
F-0212-2022,Produce,high
F-0212-2023,Snacks/Candy,low
F-0212-2024,Prepared/Frozen,high
F-0212-2025,Prepared/Frozen,medium
F-0213-2013,Spices/Condiments,high
F-0213-2014,Beverages,high
F-0213-2015,Supplements,high
F-0213-2016,Produce,high
F-0213-2017,Plant Protein,medium
F-0213-2018,Produce,high
F-0213-2019,Produce,high
F-0213-2020,Produce,high
F-0213-2021,Prepared/Frozen,medium
F-0213-2022,Produce,high
F-0213-2023,Snacks/Candy,medium
F-0213-2024,Prepared/Frozen,high
F-0213-2025,Prepared/Frozen,medium
F-0214-2013,Spices/Condiments,medium
F-0214-2014,Beverages,high
F-0214-2015,Supplements,high
F-0214-2016,Produce,high
F-0214-2017,Produce,high
F-0214-2018,Produce,high
F-0214-2019,Produce,high
F-0214-2020,Produce,high
F-0214-2021,Grains/Cereal,medium
F-0214-2022,Supplements,medium
F-0214-2023,Snacks/Candy,high
F-0214-2024,Prepared/Frozen,high
F-0214-2025,Prepared/Frozen,medium
F-0215-2013,Eggs,medium
F-0215-2014,Supplements,high
F-0215-2015,Supplements,high
F-0215-2016,Produce,high
F-0215-2017,Produce,medium
F-0215-2018,Produce,high
F-0215-2019,Produce,medium
F-0215-2020,Produce,high
F-0215-2021,Bakery,medium
F-0215-2022,Bakery,high
F-0215-2023,Produce,high
F-0215-2024,Prepared/Frozen,high
F-0215-2025,Spices/Condiments,high
F-0216-2013,Seafood,medium
F-0216-2014,Supplements,high
F-0216-2015,Supplements,high
F-0216-2016,Produce,high
F-0216-2017,Produce,high
F-0216-2018,Produce,high
F-0216-2019,Produce,high
F-0216-2020,Produce,high
F-0216-2021,Prepared/Frozen,medium
F-0216-2022,Beverages,high
F-0216-2023,Plant Protein,medium
F-0216-2024,Prepared/Frozen,high
F-0216-2025,Bakery,high
F-0217-2013,Prepared/Frozen,low
F-0217-2014,Nuts/Seeds,high
F-0217-2015,Supplements,high
F-0217-2016,Prepared/Frozen,medium
F-0217-2017,Produce,high
F-0217-2018,Produce,high
F-0217-2019,Produce,high
F-0217-2020,Prepared/Frozen,medium
F-0217-2021,Seafood,high
F-0217-2023,Bakery,high
F-0217-2024,Prepared/Frozen,high
F-0217-2025,Bakery,high
F-0218-2013,Prepared/Frozen,medium
F-0218-2014,Nuts/Seeds,high
F-0218-2015,Supplements,medium
F-0218-2016,Snacks/Candy,high
F-0218-2017,Produce,high
F-0218-2018,Produce,high
F-0218-2019,Produce,medium
F-0218-2020,Snacks/Candy,medium
F-0218-2021,Dairy,high
F-0218-2023,Produce,high
F-0218-2024,Prepared/Frozen,high
F-0218-2025,Bakery,high
F-0219-2013,Spices/Condiments,low
F-0219-2014,Supplements,high
F-0219-2015,Supplements,high
F-0219-2016,Nuts/Seeds,high
F-0219-2017,Produce,high
F-0219-2018,Produce,high
F-0219-2019,Produce,low
F-0219-2020,Supplements,medium
F-0219-2021,Dairy,high
F-0219-2023,Produce,high
F-0219-2024,Prepared/Frozen,high
F-0219-2025,Bakery,high
F-0220-2013,Oils/Fats,medium
F-0220-2014,Supplements,high
F-0220-2015,Supplements,high
F-0220-2016,Dairy,high
F-0220-2017,Produce,high
F-0220-2018,Produce,high
F-0220-2019,Produce,medium
F-0220-2020,Prepared/Frozen,medium
F-0220-2021,Dairy,medium
F-0220-2022,Produce,high
F-0220-2023,Produce,high
F-0220-2024,Prepared/Frozen,high
F-0220-2025,Prepared/Frozen,high
F-0221-2013,Spices/Condiments,low
F-0221-2014,Produce,medium
F-0221-2015,Supplements,high
F-0221-2016,Dairy,medium
F-0221-2017,Produce,high
F-0221-2018,Produce,medium
F-0221-2019,Produce,medium
F-0221-2020,Produce,medium
F-0221-2021,Uncategorized,low
F-0221-2022,Produce,medium
F-0221-2023,Produce,high
F-0221-2024,Prepared/Frozen,medium
F-0221-2025,Supplements,high
F-0222-2013,Dairy,medium
F-0222-2014,Grains/Cereal,medium
F-0222-2015,Supplements,high
F-0222-2016,Dairy,medium
F-0222-2017,Produce,medium
F-0222-2018,Produce,high
F-0222-2019,Produce,medium
F-0222-2020,Uncategorized,low
F-0222-2021,Bakery,high
F-0222-2022,Beverages,medium
F-0222-2023,Snacks/Candy,medium
F-0222-2024,Prepared/Frozen,high
F-0222-2025,Beverages,high
F-0223-2013,Spices/Condiments,medium
F-0223-2014,Dairy,high
F-0223-2015,Supplements,high
F-0223-2016,Bakery,high
F-0223-2017,Produce,low
F-0223-2018,Produce,high
F-0223-2019,Produce,high
F-0223-2020,Plant Protein,high
F-0223-2021,Bakery,medium
F-0223-2022,Beverages,medium
F-0223-2023,Snacks/Candy,medium
F-0223-2024,Prepared/Frozen,high
F-0223-2025,Baking Supplies,low
F-0224-2013,Spices/Condiments,medium
F-0224-2014,Dairy,high
F-0224-2015,Supplements,medium
F-0224-2016,Bakery,high
F-0224-2017,Prepared/Frozen,low
F-0224-2018,Produce,medium
F-0224-2019,Produce,medium
F-0224-2020,Food Additives/Ingredients,low
F-0224-2021,Bakery,high
F-0224-2022,Beverages,medium
F-0224-2023,Spices/Condiments,high
F-0224-2024,Prepared/Frozen,high
F-0224-2025,Beverages,high
F-0225-2013,Spices/Condiments,medium
F-0225-2014,Dairy,high
F-0225-2015,Supplements,high
F-0225-2016,Bakery,high
F-0225-2017,Produce,high
F-0225-2018,Produce,medium
F-0225-2019,Produce,medium
F-0225-2020,Food Additives/Ingredients,medium
F-0225-2021,Bakery,high
F-0225-2022,Produce,high
F-0225-2023,Seafood,high
F-0225-2024,Prepared/Frozen,high
F-0225-2025,Beverages,high
F-0226-2013,Prepared/Frozen,medium
F-0226-2014,Dairy,high
F-0226-2015,Supplements,high
F-0226-2016,Bakery,high
F-0226-2017,Spices/Condiments,medium
F-0226-2018,Produce,medium
F-0226-2019,Produce,medium
F-0226-2020,Food Additives/Ingredients,medium
F-0226-2021,Oils/Fats,medium
F-0226-2022,Produce,high
F-0226-2023,Seafood,medium
F-0226-2024,Prepared/Frozen,high
F-0226-2025,Beverages,high
F-0227-2013,Prepared/Frozen,medium
F-0227-2014,Supplements,high
F-0227-2015,Supplements,medium
F-0227-2016,Bakery,high
F-0227-2017,Spices/Condiments,medium
F-0227-2018,Produce,medium
F-0227-2019,Produce,high
F-0227-2020,Food Additives/Ingredients,medium
F-0227-2021,Produce,medium
F-0227-2022,Produce,high
F-0227-2023,Prepared/Frozen,high
F-0227-2024,Prepared/Frozen,high
F-0227-2025,Baking Supplies,low
F-0228-2013,Prepared/Frozen,low
F-0228-2014,Supplements,high
F-0228-2015,Supplements,high
F-0228-2016,Nuts/Seeds,high
F-0228-2017,Spices/Condiments,medium
F-0228-2018,Produce,high
F-0228-2019,Spices/Condiments,low
F-0228-2020,Produce,medium
F-0228-2021,Bakery,high
F-0228-2022,Produce,high
F-0228-2023,Snacks/Candy,high
F-0228-2024,Prepared/Frozen,high
F-0228-2025,Beverages,high
F-0229-2013,Prepared/Frozen,medium
F-0229-2014,Supplements,high
F-0229-2015,Supplements,high
F-0229-2016,Nuts/Seeds,medium
F-0229-2017,Bakery,high
F-0229-2018,Produce,high
F-0229-2019,Produce,high
F-0229-2020,Seafood,high
F-0229-2021,Bakery,high
F-0229-2022,Produce,high
F-0229-2023,Produce,high
F-0229-2024,Prepared/Frozen,high
F-0229-2025,Beverages,high
F-0230-2013,Produce,low
F-0230-2014,Supplements,high
F-0230-2015,Supplements,high
F-0230-2016,Nuts/Seeds,high
F-0230-2017,Bakery,medium
F-0230-2018,Produce,high
F-0230-2019,Produce,medium
F-0230-2020,Seafood,high
F-0230-2021,Spices/Condiments,medium
F-0230-2022,Produce,high
F-0230-2023,Produce,high
F-0230-2024,Prepared/Frozen,high
F-0230-2025,Baking Supplies,low
F-0231-2013,Produce,low
F-0231-2014,Prepared/Frozen,high
F-0231-2015,Supplements,high
F-0231-2016,Produce,high
F-0231-2017,Bakery,medium
F-0231-2018,Produce,high
F-0231-2019,Produce,medium
F-0231-2020,Seafood,high
F-0231-2021,Spices/Condiments,medium
F-0231-2022,Spices/Condiments,medium
F-0231-2023,Produce,high
F-0231-2024,Prepared/Frozen,high
F-0231-2025,Beverages,high
F-0232-2013,Produce,high
F-0232-2014,Prepared/Frozen,high
F-0232-2015,Supplements,high
F-0232-2016,Bakery,high
F-0232-2017,Bakery,medium
F-0232-2018,Produce,medium
F-0232-2019,Spices/Condiments,medium
F-0232-2020,Spices/Condiments,medium
F-0232-2021,Spices/Condiments,high
F-0232-2022,Produce,medium
F-0232-2023,Produce,high
F-0232-2024,Prepared/Frozen,medium
F-0232-2025,Beverages,high
F-0233-2013,Prepared/Frozen,medium
F-0233-2014,Prepared/Frozen,medium
F-0233-2015,Supplements,high
F-0233-2016,Bakery,low
F-0233-2017,Bakery,high
F-0233-2018,Produce,medium
F-0233-2019,Produce,medium
F-0233-2020,Spices/Condiments,medium
F-0233-2021,Bakery,medium
F-0233-2022,Bakery,high
F-0233-2023,Produce,high
F-0233-2024,Prepared/Frozen,high
F-0233-2025,Beverages,high
F-0234-2013,Prepared/Frozen,medium
F-0234-2014,Prepared/Frozen,high
F-0234-2015,Supplements,high
F-0234-2016,Uncategorized,low
F-0234-2017,Bakery,medium
F-0234-2018,Produce,medium
F-0234-2019,Produce,high
F-0234-2020,Spices/Condiments,high
F-0234-2021,Bakery,high
F-0234-2022,Bakery,high
F-0234-2023,Produce,high
F-0234-2024,Dairy,medium
F-0234-2025,Beverages,high
F-0235-2013,Seafood,low
F-0235-2014,Prepared/Frozen,medium
F-0235-2015,Supplements,medium
F-0235-2016,Bakery,low
F-0235-2017,Seafood,high
F-0235-2018,Produce,high
F-0235-2019,Produce,high
F-0235-2020,Spices/Condiments,medium
F-0235-2021,Bakery,high
F-0235-2022,Bakery,high
F-0235-2023,Produce,high
F-0235-2024,Dairy,medium
F-0235-2025,Baking Supplies,low
F-0236-2013,Plant Protein,medium
F-0236-2014,Prepared/Frozen,high
F-0236-2015,Supplements,high
F-0236-2016,Bakery,high
F-0236-2017,Seafood,high
F-0236-2018,Produce,medium
F-0236-2019,Produce,high
F-0236-2020,Food Additives/Ingredients,high
F-0236-2022,Bakery,high
F-0236-2023,Produce,high
F-0236-2024,Dairy,high
F-0236-2025,Beverages,high
F-0237-2013,Prepared/Frozen,medium
F-0237-2014,Prepared/Frozen,medium
F-0237-2015,Supplements,medium
F-0237-2016,Uncategorized,low
F-0237-2017,Seafood,high
F-0237-2018,Produce,high
F-0237-2019,Produce,medium
F-0237-2020,Snacks/Candy,high
F-0237-2021,Spices/Condiments,high
F-0237-2022,Bakery,high
F-0237-2023,Produce,high
F-0237-2024,Prepared/Frozen,medium
F-0237-2025,Beverages,high
F-0238-2013,Prepared/Frozen,medium
F-0238-2014,Prepared/Frozen,medium
F-0238-2015,Supplements,high
F-0238-2016,Bakery,high
F-0238-2017,Seafood,high
F-0238-2018,Produce,high
F-0238-2019,Produce,medium
F-0238-2020,Food Additives/Ingredients,medium
F-0238-2021,Spices/Condiments,high
F-0238-2022,Bakery,high
F-0238-2023,Produce,high
F-0238-2024,Prepared/Frozen,high
F-0238-2025,Beverages,high
F-0239-2013,Uncategorized,low
F-0239-2014,Prepared/Frozen,high
F-0239-2015,Supplements,high
F-0239-2016,Bakery,high
F-0239-2017,Seafood,high
F-0239-2018,Produce,low
F-0239-2019,Produce,medium
F-0239-2020,Food Additives/Ingredients,medium
F-0239-2021,Spices/Condiments,high
F-0239-2022,Beverages,high
F-0239-2023,Produce,medium
F-0239-2024,Prepared/Frozen,high
F-0239-2025,Baking Supplies,low
F-0240-2013,Plant Protein,high
F-0240-2014,Prepared/Frozen,high
F-0240-2015,Supplements,medium
F-0240-2017,Seafood,high
F-0240-2018,Produce,low
F-0240-2019,Produce,medium
F-0240-2020,Food Additives/Ingredients,low
F-0240-2021,Bakery,high
F-0240-2022,Beverages,high
F-0240-2023,Produce,high
F-0240-2024,Prepared/Frozen,medium
F-0240-2025,Beverages,high
F-0241-2013,Beef/Pork/Poultry/Game Meats,medium
F-0241-2014,Prepared/Frozen,medium
F-0241-2015,Supplements,high
F-0241-2017,Seafood,high
F-0241-2018,Produce,medium
F-0241-2019,Produce,high
F-0241-2020,Uncategorized,low
F-0241-2021,Bakery,high
F-0241-2022,Beverages,high
F-0241-2023,Produce,high
F-0241-2024,Prepared/Frozen,high
F-0241-2025,Beverages,medium
F-0242-2013,Beef/Pork/Poultry/Game Meats,medium
F-0242-2014,Prepared/Frozen,high
F-0242-2015,Supplements,medium
F-0242-2017,Seafood,high
F-0242-2018,Produce,high
F-0242-2019,Produce,high
F-0242-2020,Uncategorized,low
F-0242-2021,Grains/Cereal,medium
F-0242-2022,Beverages,high
F-0242-2023,Produce,high
F-0242-2024,Prepared/Frozen,high
F-0242-2025,Baking Supplies,low
F-0243-2013,Prepared/Frozen,high
F-0243-2014,Prepared/Frozen,high
F-0243-2015,Supplements,medium
F-0243-2017,Seafood,medium
F-0243-2018,Prepared/Frozen,high
F-0243-2019,Spices/Condiments,medium
F-0243-2020,Food Additives/Ingredients,low
F-0243-2021,Prepared/Frozen,medium
F-0243-2022,Seafood,high
F-0243-2023,Produce,high
F-0243-2024,Prepared/Frozen,high
F-0243-2025,Plant Protein,high
F-0244-2013,Prepared/Frozen,medium
F-0244-2014,Prepared/Frozen,medium
F-0244-2015,Supplements,high
F-0244-2017,Seafood,high
F-0244-2018,Prepared/Frozen,high
F-0244-2019,Spices/Condiments,medium
F-0244-2020,Food Additives/Ingredients,low
F-0244-2021,Snacks/Candy,high
F-0244-2022,Seafood,high
F-0244-2023,Produce,high
F-0244-2024,Prepared/Frozen,high
F-0244-2025,Dairy,high
F-0245-2013,Prepared/Frozen,medium
F-0245-2014,Prepared/Frozen,medium
F-0245-2015,Supplements,high
F-0245-2017,Seafood,high
F-0245-2018,Produce,medium
F-0245-2019,Produce,medium
F-0245-2020,Food Additives/Ingredients,low
F-0245-2021,Snacks/Candy,medium
F-0245-2022,Seafood,high
F-0245-2023,Produce,high
F-0245-2024,Prepared/Frozen,high
F-0245-2025,Produce,medium
F-0246-2013,Beef/Pork/Poultry/Game Meats,medium
F-0246-2014,Prepared/Frozen,medium
F-0246-2015,Supplements,high
F-0246-2017,Seafood,high
F-0246-2018,Produce,high
F-0246-2019,Produce,medium
F-0246-2020,Food Additives/Ingredients,low
F-0246-2021,Snacks/Candy,high
F-0246-2022,Bakery,high
F-0246-2023,Plant Protein,medium
F-0246-2024,Prepared/Frozen,high
F-0246-2025,Prepared/Frozen,high
F-0247-2013,Prepared/Frozen,medium
F-0247-2014,Prepared/Frozen,medium
F-0247-2015,Supplements,high
F-0247-2017,Seafood,high
F-0247-2018,Produce,high
F-0247-2019,Produce,medium
F-0247-2020,Produce,low
F-0247-2021,Snacks/Candy,high
F-0247-2022,Snacks/Candy,high
F-0247-2023,Beverages,medium
F-0247-2024,Prepared/Frozen,high
F-0247-2025,Prepared/Frozen,high
F-0248-2013,Prepared/Frozen,medium
F-0248-2014,Prepared/Frozen,high
F-0248-2015,Supplements,high
F-0248-2017,Seafood,high
F-0248-2018,Prepared/Frozen,medium
F-0248-2019,Produce,medium
F-0248-2020,Prepared/Frozen,medium
F-0248-2021,Snacks/Candy,high
F-0248-2022,Bakery,low
F-0248-2023,Snacks/Candy,high
F-0248-2024,Prepared/Frozen,high
F-0248-2025,Prepared/Frozen,medium
F-0249-2013,Beef/Pork/Poultry/Game Meats,medium
F-0249-2014,Prepared/Frozen,high
F-0249-2015,Supplements,high
F-0249-2017,Seafood,high
F-0249-2018,Produce,high
F-0249-2019,Produce,high
F-0249-2020,Produce,high
F-0249-2021,Snacks/Candy,medium
F-0249-2022,Bakery,low
F-0249-2023,Snacks/Candy,high
F-0249-2024,Prepared/Frozen,high
F-0249-2025,Beverages,high
F-0250-2013,Prepared/Frozen,medium
F-0250-2014,Prepared/Frozen,high
F-0250-2015,Supplements,high
F-0250-2017,Seafood,high
F-0250-2018,Produce,high
F-0250-2019,Spices/Condiments,medium
F-0250-2020,Produce,medium
F-0250-2021,Uncategorized,high
F-0250-2022,Food Additives/Ingredients,low
F-0250-2023,Snacks/Candy,high
F-0250-2024,Prepared/Frozen,high
F-0250-2025,Beverages,high
F-0251-2013,Prepared/Frozen,medium
F-0251-2014,Prepared/Frozen,medium
F-0251-2015,Supplements,high
F-0251-2017,Eggs,high
F-0251-2018,Produce,high
F-0251-2019,Produce,medium
F-0251-2020,Produce,high
F-0251-2021,Snacks/Candy,high
F-0251-2022,Uncategorized,low
F-0251-2023,Snacks/Candy,high
F-0251-2024,Prepared/Frozen,high
F-0251-2025,Beverages,high
F-0252-2013,Prepared/Frozen,medium
F-0252-2014,Prepared/Frozen,high
F-0252-2015,Supplements,high
F-0252-2017,Eggs,medium
F-0252-2018,Produce,high
F-0252-2019,Spices/Condiments,medium
F-0252-2020,Produce,high
F-0252-2021,Snacks/Candy,high
F-0252-2022,Bakery,medium
F-0252-2023,Snacks/Candy,high
F-0252-2024,Prepared/Frozen,high
F-0252-2025,Spices/Condiments,medium
F-0253-2013,Produce,medium
F-0253-2014,Prepared/Frozen,medium
F-0253-2015,Supplements,high
F-0253-2017,Eggs,medium
F-0253-2018,Produce,medium
F-0253-2019,Produce,medium
F-0253-2020,Produce,high
F-0253-2021,Snacks/Candy,high
F-0253-2022,Bakery,medium
F-0253-2023,Snacks/Candy,high
F-0253-2024,Prepared/Frozen,high
F-0253-2025,Spices/Condiments,high
F-0254-2013,Produce,high
F-0254-2014,Prepared/Frozen,high
F-0254-2015,Supplements,medium
F-0254-2017,Supplements,high
F-0254-2018,Produce,medium
F-0254-2019,Produce,medium
F-0254-2020,Produce,high
F-0254-2021,Snacks/Candy,high
F-0254-2022,Bakery,low
F-0254-2023,Beverages,high
F-0254-2024,Prepared/Frozen,high
F-0254-2025,Spices/Condiments,high
F-0255-2013,Prepared/Frozen,medium
F-0255-2014,Prepared/Frozen,medium
F-0255-2015,Supplements,high
F-0255-2017,Supplements,high
F-0255-2018,Produce,medium
F-0255-2019,Produce,high
F-0255-2020,Produce,high
F-0255-2021,Snacks/Candy,high
F-0255-2022,Uncategorized,low
F-0255-2023,Snacks/Candy,high
F-0255-2024,Prepared/Frozen,high
F-0255-2025,Produce,high
F-0256-2013,Prepared/Frozen,high
F-0256-2014,Prepared/Frozen,high
F-0256-2015,Supplements,high
F-0256-2017,Supplements,high
F-0256-2018,Produce,high
F-0256-2019,Produce,high
F-0256-2020,Produce,high
F-0256-2021,Snacks/Candy,high
F-0256-2022,Bakery,medium
F-0256-2023,Bakery,high
F-0256-2024,Prepared/Frozen,high
F-0256-2025,Produce,medium
F-0257-2013,Prepared/Frozen,medium
F-0257-2014,Prepared/Frozen,high
F-0257-2015,Supplements,high
F-0257-2017,Supplements,high
F-0257-2019,Produce,high
F-0257-2020,Produce,high
F-0257-2021,Snacks/Candy,high
F-0257-2022,Bakery,low
F-0257-2023,Bakery,high
F-0257-2024,Prepared/Frozen,medium
F-0257-2025,Produce,medium
F-0258-2013,Prepared/Frozen,medium
F-0258-2014,Prepared/Frozen,high
F-0258-2015,Supplements,high
F-0258-2017,Supplements,high
F-0258-2019,Produce,medium
F-0258-2020,Produce,medium
F-0258-2021,Produce,medium
F-0258-2022,Food Additives/Ingredients,low
F-0258-2023,Bakery,high
F-0258-2024,Prepared/Frozen,high
F-0258-2025,Spices/Condiments,medium
F-0259-2013,Produce,high
F-0259-2014,Prepared/Frozen,high
F-0259-2015,Supplements,medium
F-0259-2017,Supplements,high
F-0259-2020,Produce,medium
F-0259-2021,Produce,high
F-0259-2022,Bakery,medium
F-0259-2023,Bakery,high
F-0259-2024,Prepared/Frozen,high
F-0259-2025,Snacks/Candy,high
F-0260-2013,Produce,high
F-0260-2014,Prepared/Frozen,high
F-0260-2015,Supplements,high
F-0260-2017,Supplements,high
F-0260-2020,Produce,high
F-0260-2021,Produce,high
F-0260-2022,Bakery,medium
F-0260-2023,Bakery,high
F-0260-2024,Prepared/Frozen,high
F-0260-2025,Spices/Condiments,medium
F-0261-2013,Produce,high
F-0261-2014,Prepared/Frozen,high
F-0261-2015,Supplements,high
F-0261-2017,Supplements,high
F-0261-2020,Produce,high
F-0261-2021,Produce,high
F-0261-2022,Bakery,medium
F-0261-2023,Bakery,high
F-0261-2024,Prepared/Frozen,high
F-0261-2025,Supplements,high
F-0262-2013,Produce,high
F-0262-2014,Prepared/Frozen,medium
F-0262-2015,Supplements,medium
F-0262-2016,Snacks/Candy,medium
F-0262-2017,Supplements,high
F-0262-2020,Prepared/Frozen,medium
F-0262-2021,Produce,high
F-0262-2022,Bakery,medium
F-0262-2023,Prepared/Frozen,medium
F-0262-2024,Prepared/Frozen,high
F-0262-2025,Supplements,high
F-0263-2013,Produce,high
F-0263-2014,Prepared/Frozen,high
F-0263-2015,Supplements,medium
F-0263-2016,Snacks/Candy,medium
F-0263-2017,Supplements,high
F-0263-2020,Prepared/Frozen,medium
F-0263-2021,Grains/Cereal,medium
F-0263-2022,Bakery,low
F-0263-2023,Spices/Condiments,medium
F-0263-2024,Prepared/Frozen,high
F-0263-2025,Bakery,high
F-0264-2013,Produce,high
F-0264-2014,Prepared/Frozen,high
F-0264-2015,Supplements,high
F-0264-2016,Snacks/Candy,medium
F-0264-2017,Supplements,high
F-0264-2020,Prepared/Frozen,medium
F-0264-2021,Produce,high
F-0264-2022,Baking Supplies,low
F-0264-2023,Bakery,high
F-0264-2024,Prepared/Frozen,high
F-0264-2025,Beverages,high
F-0265-2013,Produce,high
F-0265-2014,Prepared/Frozen,high
F-0265-2015,Supplements,high
F-0265-2016,Beverages,high
F-0265-2017,Supplements,high
F-0265-2020,Produce,high
F-0265-2021,Produce,high
F-0265-2022,Bakery,medium
F-0265-2023,Bakery,high
F-0265-2024,Prepared/Frozen,high
F-0265-2025,Prepared/Frozen,high
F-0266-2013,Produce,high
F-0266-2014,Prepared/Frozen,medium
F-0266-2015,Supplements,high
F-0266-2016,Produce,high
F-0266-2017,Supplements,high
F-0266-2020,Produce,high
F-0266-2021,Snacks/Candy,high
F-0266-2022,Baking Supplies,low
F-0266-2023,Bakery,high
F-0266-2024,Prepared/Frozen,high
F-0266-2025,Dairy,medium
F-0267-2013,Produce,high
F-0267-2014,Prepared/Frozen,high
F-0267-2015,Supplements,high
F-0267-2016,Spices/Condiments,medium
F-0267-2017,Supplements,high
F-0267-2020,Produce,high
F-0267-2021,Plant Protein,high
F-0267-2022,Bakery,low
F-0267-2023,Bakery,medium
F-0267-2024,Prepared/Frozen,high
F-0267-2025,Spices/Condiments,high
F-0268-2013,Produce,high
F-0268-2014,Prepared/Frozen,high
F-0268-2015,Supplements,high
F-0268-2016,Seafood,medium
F-0268-2017,Supplements,high
F-0268-2020,Produce,high
F-0268-2021,Nuts/Seeds,high
F-0268-2022,Prepared/Frozen,medium
F-0268-2023,Bakery,high
F-0268-2024,Prepared/Frozen,high
F-0268-2025,Produce,high
F-0269-2013,Produce,high
F-0269-2014,Prepared/Frozen,high
F-0269-2015,Supplements,high
F-0269-2016,Prepared/Frozen,medium
F-0269-2017,Supplements,high
F-0269-2020,Produce,medium
F-0269-2021,Grains/Cereal,medium
F-0269-2022,Dairy,high
F-0269-2023,Bakery,high
F-0269-2024,Prepared/Frozen,high
F-0269-2025,Produce,high
F-0270-2013,Produce,high
F-0270-2014,Prepared/Frozen,high
F-0270-2015,Supplements,medium
F-0270-2016,Prepared/Frozen,medium
F-0270-2017,Supplements,high
F-0270-2020,Produce,high
F-0270-2021,Produce,high
F-0270-2022,Prepared/Frozen,medium
F-0270-2023,Bakery,high
F-0270-2024,Prepared/Frozen,high
F-0270-2025,Produce,high
F-0271-2013,Produce,high
F-0271-2014,Prepared/Frozen,high
F-0271-2015,Supplements,high
F-0271-2016,Seafood,medium
F-0271-2017,Supplements,high
F-0271-2020,Produce,high
F-0271-2021,Beverages,high
F-0271-2022,Baby/Toddler Food,medium
F-0271-2023,Bakery,high
F-0271-2024,Prepared/Frozen,high
F-0271-2025,Uncategorized,low
F-0272-2013,Produce,low
F-0272-2014,Prepared/Frozen,high
F-0272-2015,Supplements,high
F-0272-2016,Seafood,medium
F-0272-2017,Supplements,high
F-0272-2020,Produce,high
F-0272-2021,Spices/Condiments,high
F-0272-2022,Supplements,high
F-0272-2023,Bakery,high
F-0272-2024,Prepared/Frozen,medium
F-0272-2025,Produce,high
F-0273-2013,Produce,high
F-0273-2014,Prepared/Frozen,medium
F-0273-2015,Supplements,high
F-0273-2016,Prepared/Frozen,medium
F-0273-2017,Supplements,high
F-0273-2020,Produce,high
F-0273-2021,Spices/Condiments,high
F-0273-2022,Prepared/Frozen,medium
F-0273-2023,Bakery,high
F-0273-2024,Prepared/Frozen,high
F-0273-2025,Produce,high
F-0274-2013,Produce,medium
F-0274-2014,Prepared/Frozen,high
F-0274-2015,Supplements,high
F-0274-2016,Prepared/Frozen,medium
F-0274-2017,Supplements,high
F-0274-2020,Produce,high
F-0274-2021,Plant Protein,medium
F-0274-2022,Snacks/Candy,high
F-0274-2023,Bakery,high
F-0274-2024,Prepared/Frozen,medium
F-0274-2025,Produce,high
F-0275-2013,Produce,medium
F-0275-2014,Prepared/Frozen,medium
F-0275-2015,Supplements,medium
F-0275-2016,Prepared/Frozen,medium
F-0275-2017,Supplements,high
F-0275-2020,Produce,medium
F-0275-2021,Plant Protein,high
F-0275-2022,Supplements,medium
F-0275-2023,Bakery,high
F-0275-2024,Prepared/Frozen,medium
F-0275-2025,Produce,high
F-0276-2013,Produce,high
F-0276-2014,Prepared/Frozen,medium
F-0276-2015,Supplements,medium
F-0276-2016,Prepared/Frozen,medium
F-0276-2017,Supplements,high
F-0276-2020,Produce,high
F-0276-2021,Dairy,high
F-0276-2022,Beverages,high
F-0276-2023,Bakery,high
F-0276-2024,Prepared/Frozen,medium
F-0276-2025,Produce,high
F-0277-2013,Produce,high
F-0277-2014,Prepared/Frozen,high
F-0277-2015,Supplements,high
F-0277-2016,Seafood,medium
F-0277-2017,Dairy,high
F-0277-2020,Produce,high
F-0277-2021,Spices/Condiments,high
F-0277-2022,Beverages,high
F-0277-2023,Bakery,medium
F-0277-2024,Prepared/Frozen,high
F-0277-2025,Produce,high
F-0278-2013,Produce,high
F-0278-2014,Prepared/Frozen,high
F-0278-2015,Supplements,medium
F-0278-2016,Prepared/Frozen,medium
F-0278-2017,Dairy,high
F-0278-2020,Produce,high
F-0278-2021,Spices/Condiments,high
F-0278-2022,Beverages,high
F-0278-2023,Bakery,high
F-0278-2024,Prepared/Frozen,high
F-0278-2025,Produce,high
F-0279-2013,Produce,low
F-0279-2014,Prepared/Frozen,high
F-0279-2015,Supplements,high
F-0279-2016,Seafood,medium
F-0279-2017,Produce,high
F-0279-2020,Produce,high
F-0279-2021,Snacks/Candy,medium
F-0279-2022,Prepared/Frozen,medium
F-0279-2023,Bakery,medium
F-0279-2024,Prepared/Frozen,high
F-0279-2025,Produce,high
F-0280-2013,Uncategorized,low
F-0280-2014,Prepared/Frozen,high
F-0280-2015,Supplements,high
F-0280-2016,Seafood,medium
F-0280-2017,Spices/Condiments,high
F-0280-2020,Snacks/Candy,medium
F-0280-2021,Seafood,medium
F-0280-2022,Produce,high
F-0280-2023,Bakery,high
F-0280-2024,Dairy,medium
F-0280-2025,Produce,high
F-0281-2013,Produce,medium
F-0281-2014,Prepared/Frozen,medium
F-0281-2015,Supplements,high
F-0281-2016,Prepared/Frozen,medium
F-0281-2017,Food Additives/Ingredients,medium
F-0281-2020,Prepared/Frozen,low
F-0281-2021,Produce,high
F-0281-2022,Spices/Condiments,high
F-0281-2023,Bakery,high
F-0281-2024,Dairy,medium
F-0281-2025,Prepared/Frozen,high
F-0282-2013,Produce,high
F-0282-2014,Prepared/Frozen,high
F-0282-2015,Supplements,high
F-0282-2016,Spices/Condiments,low
F-0282-2017,Bakery,high
F-0282-2020,Produce,medium
F-0282-2021,Produce,high
F-0282-2022,Bakery,high
F-0282-2023,Bakery,high
F-0282-2024,Dairy,medium
F-0282-2025,Prepared/Frozen,medium
F-0283-2013,Produce,medium
F-0283-2014,Prepared/Frozen,high
F-0283-2015,Supplements,high
F-0283-2016,Seafood,medium
F-0283-2017,Bakery,high
F-0283-2020,Produce,high
F-0283-2021,Produce,high
F-0283-2022,Spices/Condiments,high
F-0283-2023,Bakery,high
F-0283-2024,Dairy,medium
F-0283-2025,Prepared/Frozen,medium
F-0284-2013,Produce,medium
F-0284-2014,Prepared/Frozen,high
F-0284-2015,Supplements,high
F-0284-2016,Prepared/Frozen,medium
F-0284-2017,Bakery,high
F-0284-2020,Produce,medium
F-0284-2021,Produce,high
F-0284-2022,Plant Protein,high
F-0284-2023,Bakery,high
F-0284-2024,Dairy,low
F-0284-2025,Plant Protein,medium
F-0285-2013,Produce,high
F-0285-2014,Prepared/Frozen,high
F-0285-2015,Supplements,high
F-0285-2016,Produce,high
F-0285-2017,Bakery,high
F-0285-2020,Produce,high
F-0285-2021,Produce,high
F-0285-2022,Food Additives/Ingredients,high
F-0285-2023,Bakery,high
F-0285-2024,Dairy,medium
F-0285-2025,Plant Protein,high
F-0286-2013,Produce,high
F-0286-2014,Prepared/Frozen,high
F-0286-2015,Supplements,high
F-0286-2016,Produce,high
F-0286-2017,Bakery,high
F-0286-2020,Prepared/Frozen,medium
F-0286-2021,Grains/Cereal,high
F-0286-2022,Nuts/Seeds,high
F-0286-2023,Bakery,high
F-0286-2024,Produce,medium
F-0286-2025,Spices/Condiments,medium
F-0287-2013,Produce,high
F-0287-2014,Prepared/Frozen,medium
F-0287-2015,Supplements,high
F-0287-2016,Snacks/Candy,high
F-0287-2017,Bakery,high
F-0287-2020,Prepared/Frozen,medium
F-0287-2021,Plant Protein,low
F-0287-2022,Bakery,high
F-0287-2023,Bakery,high
F-0287-2024,Prepared/Frozen,medium
F-0288-2013,Prepared/Frozen,medium
F-0288-2014,Prepared/Frozen,high
F-0288-2015,Supplements,high
F-0288-2016,Nuts/Seeds,high
F-0288-2017,Bakery,high
F-0288-2020,Prepared/Frozen,medium
F-0288-2021,Snacks/Candy,high
F-0288-2022,Bakery,high
F-0288-2023,Bakery,high
F-0288-2024,Bakery,medium
F-0289-2013,Produce,medium
F-0289-2014,Prepared/Frozen,high
F-0289-2015,Supplements,high
F-0289-2016,Beef/Pork/Poultry/Game Meats,medium
F-0289-2017,Bakery,high
F-0289-2020,Prepared/Frozen,medium
F-0289-2021,Seafood,high
F-0289-2022,Bakery,high
F-0289-2023,Bakery,high
F-0289-2024,Bakery,medium
F-0290-2013,Prepared/Frozen,high
F-0290-2014,Prepared/Frozen,high
F-0290-2015,Supplements,medium
F-0290-2016,Prepared/Frozen,high
F-0290-2017,Bakery,high
F-0290-2020,Prepared/Frozen,medium
F-0290-2021,Dairy,high
F-0290-2022,Bakery,high
F-0290-2023,Produce,high
F-0290-2024,Bakery,medium
F-0290-2025,Plant Protein,high
F-0291-2013,Snacks/Candy,high
F-0291-2014,Prepared/Frozen,high
F-0291-2015,Supplements,high
F-0291-2016,Prepared/Frozen,medium
F-0291-2017,Bakery,high
F-0291-2020,Prepared/Frozen,medium
F-0291-2021,Dairy,high
F-0291-2022,Bakery,high
F-0291-2023,Baby/Toddler Food,high
F-0291-2024,Bakery,medium
F-0291-2025,Produce,high
F-0292-2013,Snacks/Candy,medium
F-0292-2014,Prepared/Frozen,medium
F-0292-2015,Supplements,high
F-0292-2016,Beef/Pork/Poultry/Game Meats,medium
F-0292-2017,Bakery,high
F-0292-2020,Prepared/Frozen,medium
F-0292-2021,Dairy,high
F-0292-2022,Bakery,high
F-0292-2023,Grains/Cereal,low
F-0292-2024,Bakery,medium
F-0292-2025,Produce,high
F-0293-2013,Prepared/Frozen,medium
F-0293-2014,Prepared/Frozen,medium
F-0293-2015,Supplements,high
F-0293-2016,Beef/Pork/Poultry/Game Meats,medium
F-0293-2017,Bakery,medium
F-0293-2020,Prepared/Frozen,medium
F-0293-2021,Dairy,high
F-0293-2022,Bakery,high
F-0293-2023,Bakery,medium
F-0293-2024,Snacks/Candy,medium
F-0293-2025,Snacks/Candy,medium
F-0294-2013,Prepared/Frozen,medium
F-0294-2014,Prepared/Frozen,high
F-0294-2015,Supplements,high
F-0294-2016,Prepared/Frozen,medium
F-0294-2017,Prepared/Frozen,medium
F-0294-2020,Prepared/Frozen,medium
F-0294-2021,Dairy,high
F-0294-2022,Bakery,high
F-0294-2023,Bakery,medium
F-0294-2024,Dairy,high
F-0294-2025,Snacks/Candy,medium
F-0295-2013,Prepared/Frozen,medium
F-0295-2014,Prepared/Frozen,high
F-0295-2015,Supplements,high
F-0295-2016,Prepared/Frozen,medium
F-0295-2017,Beef/Pork/Poultry/Game Meats,medium
F-0295-2020,Produce,medium
F-0295-2021,Dairy,high
F-0295-2022,Bakery,high
F-0295-2023,Bakery,high
F-0295-2024,Produce,high
F-0295-2025,Snacks/Candy,medium
F-0296-2013,Prepared/Frozen,medium
F-0296-2014,Prepared/Frozen,high
F-0296-2015,Supplements,high
F-0296-2016,Prepared/Frozen,medium
F-0296-2017,Supplements,high
F-0296-2020,Produce,medium
F-0296-2021,Dairy,high
F-0296-2022,Bakery,high
F-0296-2023,Bakery,medium
F-0296-2024,Dairy,high
F-0296-2025,Snacks/Candy,high
F-0297-2013,Produce,high
F-0297-2014,Prepared/Frozen,high
F-0297-2015,Supplements,high
F-0297-2016,Prepared/Frozen,high
F-0297-2017,Supplements,high
F-0297-2020,Prepared/Frozen,medium
F-0297-2021,Dairy,high
F-0297-2022,Bakery,high
F-0297-2023,Bakery,medium
F-0297-2024,Prepared/Frozen,low
F-0297-2025,Snacks/Candy,medium
F-0298-2013,Dairy,high
F-0298-2014,Prepared/Frozen,medium
F-0298-2015,Supplements,high
F-0298-2016,Prepared/Frozen,medium
F-0298-2017,Supplements,high
F-0298-2020,Produce,medium
F-0298-2021,Dairy,high
F-0298-2022,Bakery,high
F-0298-2023,Bakery,medium
F-0298-2024,Produce,high
F-0298-2025,Seafood,high
F-0299-2013,Snacks/Candy,medium
F-0299-2014,Prepared/Frozen,high
F-0299-2015,Supplements,high
F-0299-2016,Bakery,high
F-0299-2017,Supplements,high
F-0299-2020,Produce,high
F-0299-2021,Dairy,high
F-0299-2022,Bakery,high
F-0299-2023,Bakery,medium
F-0299-2024,Baby/Toddler Food,low
F-0299-2025,Prepared/Frozen,medium
F-0300-2013,Nuts/Seeds,high
F-0300-2014,Prepared/Frozen,high
F-0300-2015,Supplements,medium
F-0300-2016,Beef/Pork/Poultry/Game Meats,medium
F-0300-2017,Supplements,high
F-0300-2020,Produce,high
F-0300-2021,Dairy,high
F-0300-2022,Bakery,high
F-0300-2023,Bakery,medium
F-0300-2024,Produce,high
F-0300-2025,Bakery,high
F-0301-2013,Nuts/Seeds,high
F-0301-2014,Prepared/Frozen,high
F-0301-2015,Supplements,high
F-0301-2016,Snacks/Candy,high
F-0301-2017,Beverages,low
F-0301-2020,Produce,high
F-0301-2021,Dairy,high
F-0301-2022,Bakery,high
F-0301-2023,Bakery,medium
F-0301-2024,Snacks/Candy,medium
F-0301-2025,Bakery,high
F-0302-2013,Nuts/Seeds,high
F-0302-2014,Prepared/Frozen,medium
F-0302-2015,Supplements,high
F-0302-2016,Snacks/Candy,medium
F-0302-2017,Seafood,high
F-0302-2020,Produce,medium
F-0302-2021,Dairy,high
F-0302-2022,Bakery,high
F-0302-2023,Produce,high
F-0302-2024,Plant Protein,medium
F-0302-2025,Produce,high
F-0303-2013,Nuts/Seeds,high
F-0303-2014,Prepared/Frozen,medium
F-0303-2015,Supplements,high
F-0303-2016,Snacks/Candy,low
F-0303-2017,Seafood,high
F-0303-2020,Produce,high
F-0303-2021,Dairy,high
F-0303-2022,Bakery,high
F-0303-2023,Produce,high
F-0303-2024,Spices/Condiments,high
F-0303-2025,Produce,high
F-0304-2013,Nuts/Seeds,high
F-0304-2014,Prepared/Frozen,high
F-0304-2015,Supplements,high
F-0304-2016,Snacks/Candy,low
F-0304-2017,Seafood,high
F-0304-2020,Produce,high
F-0304-2021,Dairy,high
F-0304-2022,Bakery,high
F-0304-2023,Produce,high
F-0304-2024,Produce,high
F-0304-2025,Grains/Cereal,medium
F-0305-2013,Snacks/Candy,medium
F-0305-2014,Prepared/Frozen,medium
F-0305-2015,Supplements,high
F-0305-2016,Snacks/Candy,low
F-0305-2017,Grains/Cereal,high
F-0305-2020,Dairy,high
F-0305-2021,Dairy,high
F-0305-2022,Bakery,high
F-0305-2023,Produce,high
F-0305-2024,Bakery,high
F-0305-2025,Spices/Condiments,low
F-0306-2013,Snacks/Candy,high
F-0306-2014,Prepared/Frozen,high
F-0306-2015,Supplements,high
F-0306-2016,Snacks/Candy,low
F-0306-2017,Spices/Condiments,low
F-0306-2020,Produce,high
F-0306-2021,Dairy,high
F-0306-2022,Bakery,high
F-0306-2023,Produce,high
F-0306-2024,Bakery,high
F-0306-2025,Grains/Cereal,medium
F-0307-2013,Nuts/Seeds,high
F-0307-2014,Prepared/Frozen,medium
F-0307-2015,Supplements,high
F-0307-2016,Snacks/Candy,low
F-0307-2017,Snacks/Candy,medium
F-0307-2020,Produce,medium
F-0307-2021,Spices/Condiments,high
F-0307-2022,Bakery,high
F-0307-2023,Produce,high
F-0307-2024,Bakery,high
F-0307-2025,Grains/Cereal,medium
F-0308-2-14,Grains/Cereal,low
F-0308-2013,Snacks/Candy,high
F-0308-2015,Supplements,high
F-0308-2016,Snacks/Candy,low
F-0308-2017,Snacks/Candy,high
F-0308-2020,Produce,high
F-0308-2021,Produce,medium
F-0308-2022,Bakery,high
F-0308-2023,Grains/Cereal,medium
F-0308-2024,Bakery,high
F-0308-2025,Uncategorized,low
F-0309-2013,Snacks/Candy,high
F-0309-2014,Prepared/Frozen,medium
F-0309-2015,Supplements,high
F-0309-2016,Snacks/Candy,low
F-0309-2017,Snacks/Candy,medium
F-0309-2020,Produce,medium
F-0309-2021,Produce,high
F-0309-2022,Bakery,high
F-0309-2023,Snacks/Candy,high
F-0309-2024,Bakery,high
F-0309-2025,Bakery,high
F-0310-2013,Snacks/Candy,high
F-0310-2014,Prepared/Frozen,medium
F-0310-2015,Supplements,high
F-0310-2016,Snacks/Candy,medium
F-0310-2017,Prepared/Frozen,low
F-0310-2020,Produce,high
F-0310-2021,Produce,medium
F-0310-2022,Bakery,high
F-0310-2023,Produce,high
F-0310-2024,Bakery,high
F-0310-2025,Bakery,high
F-0311-2013,Snacks/Candy,medium
F-0311-2014,Prepared/Frozen,medium
F-0311-2015,Supplements,high
F-0311-2016,Snacks/Candy,medium
F-0311-2017,Bakery,high
F-0311-2020,Produce,high
F-0311-2021,Snacks/Candy,high
F-0311-2022,Bakery,high
F-0311-2023,Produce,high
F-0311-2025,Bakery,high
F-0312-2013,Snacks/Candy,medium
F-0312-2014,Prepared/Frozen,medium
F-0312-2015,Supplements,high
F-0312-2016,Snacks/Candy,high
F-0312-2017,Snacks/Candy,high
F-0312-2020,Produce,high
F-0312-2022,Bakery,high
F-0312-2023,Bakery,high
F-0312-2024,Produce,high
F-0312-2025,Bakery,high
F-0313-2013,Spices/Condiments,high
F-0313-2014,Prepared/Frozen,medium
F-0313-2015,Supplements,high
F-0313-2016,Snacks/Candy,medium
F-0313-2017,Snacks/Candy,high
F-0313-2018,Snacks/Candy,medium
F-0313-2020,Prepared/Frozen,medium
F-0313-2022,Bakery,high
F-0313-2023,Bakery,medium
F-0313-2024,Supplements,high
F-0313-2025,Produce,high
F-0314-2013,Spices/Condiments,high
F-0314-2014,Prepared/Frozen,high
F-0314-2015,Supplements,high
F-0314-2016,Snacks/Candy,medium
F-0314-2017,Nuts/Seeds,high
F-0314-2018,Snacks/Candy,medium
F-0314-2020,Produce,medium
F-0314-2022,Bakery,high
F-0314-2023,Nuts/Seeds,high
F-0314-2024,Beverages,high
F-0314-2025,Eggs,high
F-0315-2013,Spices/Condiments,high
F-0315-2014,Prepared/Frozen,medium
F-0315-2015,Supplements,high
F-0315-2016,Snacks/Candy,medium
F-0315-2017,Nuts/Seeds,high
F-0315-2018,Snacks/Candy,medium
F-0315-2020,Produce,high
F-0315-2022,Bakery,high
F-0315-2023,Grains/Cereal,medium
F-0315-2024,Dairy,high
F-0315-2025,Produce,high
F-0316-2013,Spices/Condiments,high
F-0316-2014,Prepared/Frozen,low
F-0316-2015,Supplements,high
F-0316-2016,Snacks/Candy,high
F-0316-2017,Nuts/Seeds,high
F-0316-2018,Snacks/Candy,high
F-0316-2020,Produce,medium
F-0316-2021,Bakery,high
F-0316-2022,Bakery,high
F-0316-2023,Produce,high
F-0316-2024,Dairy,high
F-0316-2025,Supplements,high
F-0317-2013,Dairy,high
F-0317-2014,Prepared/Frozen,low
F-0317-2015,Supplements,high
F-0317-2016,Snacks/Candy,high
F-0317-2017,Nuts/Seeds,medium
F-0317-2018,Nuts/Seeds,medium
F-0317-2020,Produce,medium
F-0317-2021,Seafood,high
F-0317-2022,Bakery,high
F-0317-2023,Produce,high
F-0317-2024,Dairy,high
F-0317-2025,Beverages,high
F-0318-2013,Dairy,high
F-0318-2014,Prepared/Frozen,medium
F-0318-2015,Supplements,medium
F-0318-2016,Snacks/Candy,high
F-0318-2017,Nuts/Seeds,high
F-0318-2018,Snacks/Candy,high
F-0318-2020,Produce,high
F-0318-2021,Snacks/Candy,high
F-0318-2022,Beverages,high
F-0318-2023,Produce,medium
F-0318-2024,Dairy,high
F-0319-2013,Grains/Cereal,medium
F-0319-2014,Prepared/Frozen,high
F-0319-2015,Supplements,high
F-0319-2016,Snacks/Candy,high
F-0319-2017,Nuts/Seeds,medium
F-0319-2018,Snacks/Candy,high
F-0319-2020,Produce,medium
F-0319-2021,Spices/Condiments,high
F-0319-2022,Baby/Toddler Food,high
F-0319-2023,Produce,high
F-0319-2024,Produce,high
F-0319-2025,Bakery,high
F-0320-2013,Snacks/Candy,medium
F-0320-2014,Prepared/Frozen,high
F-0320-2015,Supplements,high
F-0320-2016,Snacks/Candy,high
F-0320-2017,Snacks/Candy,high
F-0320-2018,Snacks/Candy,medium
F-0320-2020,Produce,high
F-0320-2021,Spices/Condiments,high
F-0320-2022,Beverages,high
F-0320-2023,Bakery,high
F-0320-2024,Supplements,medium
F-0320-2025,Snacks/Candy,low
F-0321-2013,Snacks/Candy,high
F-0321-2014,Seafood,medium
F-0321-2015,Supplements,high
F-0321-2016,Snacks/Candy,high
F-0321-2017,Snacks/Candy,high
F-0321-2018,Snacks/Candy,medium
F-0321-2020,Produce,medium
F-0321-2021,Spices/Condiments,high
F-0321-2022,Beverages,high
F-0321-2023,Bakery,high
F-0321-2024,Seafood,high
F-0321-2025,Bakery,high
F-0322-2013,Nuts/Seeds,medium
F-0322-2014,Dairy,medium
F-0322-2015,Supplements,high
F-0322-2016,Dairy,medium
F-0322-2017,Snacks/Candy,medium
F-0322-2018,Snacks/Candy,medium
F-0322-2019,Spices/Condiments,medium
F-0322-2020,Produce,medium
F-0322-2021,Spices/Condiments,high
F-0322-2022,Beverages,high
F-0322-2023,Supplements,high
F-0322-2024,Produce,high
F-0322-2025,Produce,high
F-0323-2013,Bakery,medium
F-0323-2014,Dairy,medium
F-0323-2015,Supplements,high
F-0323-2016,Snacks/Candy,medium
F-0323-2017,Produce,high
F-0323-2018,Snacks/Candy,medium
F-0323-2019,Produce,medium
F-0323-2020,Produce,high
F-0323-2021,Produce,medium
F-0323-2022,Beverages,high
F-0323-2023,Supplements,high
F-0323-2024,Produce,high
F-0323-2025,Produce,high
F-0324-2013,Snacks/Candy,high
F-0324-2014,Dairy,medium
F-0324-2015,Supplements,high
F-0324-2016,Plant Protein,high
F-0324-2017,Spices/Condiments,medium
F-0324-2018,Nuts/Seeds,medium
F-0324-2019,Spices/Condiments,medium
F-0324-2020,Produce,medium
F-0324-2021,Spices/Condiments,high
F-0324-2022,Beverages,high
F-0324-2023,Produce,high
F-0324-2024,Produce,high
F-0324-2025,Produce,high
F-0325-2013,Nuts/Seeds,high
F-0325-2014,Produce,medium
F-0325-2015,Supplements,high
F-0325-2016,Plant Protein,high
F-0325-2017,Snacks/Candy,high
F-0325-2018,Nuts/Seeds,medium
F-0325-2019,Produce,medium
F-0325-2020,Produce,high
F-0325-2021,Snacks/Candy,high
F-0325-2022,Beverages,high
F-0325-2023,Prepared/Frozen,medium
F-0325-2024,Bakery,medium
F-0325-2025,Produce,high
F-0326-2013,Nuts/Seeds,high
F-0326-2014,Produce,high
F-0326-2015,Supplements,high
F-0326-2016,Spices/Condiments,medium
F-0326-2017,Snacks/Candy,high
F-0326-2018,Snacks/Candy,medium
F-0326-2019,Spices/Condiments,medium
F-0326-2020,Produce,high
F-0326-2021,Produce,high
F-0326-2022,Beverages,high
F-0326-2023,Prepared/Frozen,medium
F-0326-2024,Prepared/Frozen,medium
F-0326-2025,Produce,high
F-0327-2013,Snacks/Candy,medium
F-0327-2014,Produce,high
F-0327-2015,Supplements,high
F-0327-2017,Bakery,high
F-0327-2018,Snacks/Candy,medium
F-0327-2019,Spices/Condiments,medium
F-0327-2020,Spices/Condiments,medium
F-0327-2021,Produce,high
F-0327-2022,Beverages,high
F-0327-2023,Prepared/Frozen,medium
F-0327-2024,Prepared/Frozen,high
F-0327-2025,Prepared/Frozen,low
F-0328-2013,Nuts/Seeds,high
F-0328-2014,Produce,high
F-0328-2015,Supplements,high
F-0328-2016,Bakery,high
F-0328-2017,Bakery,high
F-0328-2018,Snacks/Candy,high
F-0328-2019,Produce,high
F-0328-2020,Dairy,high
F-0328-2021,Produce,low
F-0328-2022,Beverages,high
F-0328-2023,Prepared/Frozen,medium
F-0328-2024,Supplements,medium
F-0328-2025,Produce,high
F-0329-2013,Nuts/Seeds,high
F-0329-2014,Produce,high
F-0329-2015,Supplements,high
F-0329-2016,Bakery,high
F-0329-2017,Supplements,low
F-0329-2018,Snacks/Candy,medium
F-0329-2019,Produce,high
F-0329-2020,Dairy,high
F-0329-2021,Prepared/Frozen,medium
F-0329-2022,Beverages,high
F-0329-2023,Prepared/Frozen,medium
F-0329-2024,Produce,high
F-0329-2025,Produce,high
F-0330-2013,Nuts/Seeds,high
F-0330-2014,Produce,high
F-0330-2015,Supplements,high
F-0330-2016,Nuts/Seeds,high
F-0330-2017,Supplements,low
F-0330-2018,Bakery,medium
F-0330-2019,Prepared/Frozen,high
F-0330-2020,Dairy,high
F-0330-2021,Beverages,high
F-0330-2022,Beverages,high
F-0330-2023,Prepared/Frozen,medium
F-0330-2024,Produce,high
F-0330-2025,Produce,high
F-0331-2013,Nuts/Seeds,high
F-0331-2014,Produce,high
F-0331-2015,Supplements,high
F-0331-2016,Nuts/Seeds,high
F-0331-2017,Supplements,medium
F-0331-2018,Snacks/Candy,medium
F-0331-2019,Prepared/Frozen,high
F-0331-2020,Snacks/Candy,high
F-0331-2021,Plant Protein,medium
F-0331-2022,Beverages,high
F-0331-2023,Prepared/Frozen,medium
F-0331-2024,Produce,high
F-0331-2025,Produce,high
F-0332-2013,Nuts/Seeds,high
F-0332-2014,Produce,high
F-0332-2015,Supplements,high
F-0332-2016,Supplements,high
F-0332-2017,Supplements,low
F-0332-2018,Snacks/Candy,medium
F-0332-2019,Prepared/Frozen,medium
F-0332-2020,Snacks/Candy,high
F-0332-2021,Grains/Cereal,high
F-0332-2022,Beverages,high
F-0332-2023,Prepared/Frozen,medium
F-0332-2024,Produce,high
F-0332-2025,Produce,medium
F-0333-2013,Nuts/Seeds,high
F-0333-2014,Produce,high
F-0333-2015,Supplements,high
F-0333-2016,Produce,low
F-0333-2017,Supplements,medium
F-0333-2018,Snacks/Candy,high
F-0333-2019,Prepared/Frozen,medium
F-0333-2020,Snacks/Candy,high
F-0333-2021,Bakery,low
F-0333-2022,Beverages,high
F-0333-2023,Bakery,high
F-0333-2024,Produce,high
F-0333-2025,Produce,high
F-0334-2013,Nuts/Seeds,high
F-0334-2014,Produce,high
F-0334-2015,Supplements,high
F-0334-2016,Snacks/Candy,medium
F-0334-2017,Supplements,medium
F-0334-2018,Seafood,high
F-0334-2019,Prepared/Frozen,medium
F-0334-2020,Snacks/Candy,high
F-0334-2021,Snacks/Candy,high
F-0334-2022,Spices/Condiments,high
F-0334-2023,Bakery,high
F-0334-2024,Produce,high
F-0334-2025,Grains/Cereal,high
F-0335-2013,Nuts/Seeds,high
F-0335-2014,Produce,medium
F-0335-2015,Supplements,high
F-0335-2016,Snacks/Candy,medium
F-0335-2017,Supplements,medium
F-0335-2018,Snacks/Candy,medium
F-0335-2019,Prepared/Frozen,high
F-0335-2020,Produce,high
F-0335-2021,Seafood,high
F-0335-2022,Beverages,high
F-0335-2023,Bakery,high
F-0335-2024,Produce,high
F-0335-2025,Produce,high
F-0336-2013,Nuts/Seeds,high
F-0336-2014,Produce,medium
F-0336-2015,Supplements,high
F-0336-2016,Dairy,high
F-0336-2017,Supplements,medium
F-0336-2018,Snacks/Candy,medium
F-0336-2019,Prepared/Frozen,high
F-0336-2020,Snacks/Candy,high
F-0336-2021,Snacks/Candy,high
F-0336-2022,Beverages,high
F-0336-2023,Bakery,high
F-0336-2024,Produce,high
F-0336-2025,Produce,high
F-0337-2013,Nuts/Seeds,high
F-0337-2014,Produce,high
F-0337-2015,Supplements,high
F-0337-2016,Produce,high
F-0337-2017,Supplements,medium
F-0337-2018,Snacks/Candy,medium
F-0337-2019,Plant Protein,medium
F-0337-2020,Bakery,high
F-0337-2021,Snacks/Candy,medium
F-0337-2022,Bakery,high
F-0337-2023,Supplements,medium
F-0337-2024,Produce,high
F-0337-2025,Produce,medium
F-0338-2013,Nuts/Seeds,high
F-0338-2014,Produce,high
F-0338-2015,Supplements,high
F-0338-2016,Produce,high
F-0338-2017,Supplements,medium
F-0338-2018,Nuts/Seeds,low
F-0338-2019,Dairy,high
F-0338-2020,Nuts/Seeds,high
F-0338-2021,Snacks/Candy,medium
F-0338-2022,Bakery,high
F-0338-2023,Bakery,high
F-0338-2024,Produce,high
F-0338-2025,Produce,high
F-0339-2013,Nuts/Seeds,high
F-0339-2014,Produce,medium
F-0339-2015,Supplements,high
F-0339-2016,Spices/Condiments,high
F-0339-2017,Supplements,medium
F-0339-2018,Snacks/Candy,medium
F-0339-2019,Prepared/Frozen,medium
F-0339-2020,Seafood,high
F-0339-2021,Seafood,high
F-0339-2022,Bakery,high
F-0339-2023,Bakery,high
F-0339-2024,Produce,high
F-0339-2025,Produce,high
F-0340-2013,Nuts/Seeds,high
F-0340-2014,Produce,high
F-0340-2015,Supplements,high
F-0340-2016,Bakery,high
F-0340-2017,Supplements,medium
F-0340-2018,Snacks/Candy,medium
F-0340-2019,Spices/Condiments,medium
F-0340-2020,Seafood,high
F-0340-2021,Snacks/Candy,high
F-0340-2022,Bakery,high
F-0340-2023,Supplements,high
F-0340-2024,Produce,high
F-0340-2025,Produce,high
F-0341-2013,Nuts/Seeds,high
F-0341-2014,Produce,high
F-0341-2015,Supplements,high
F-0341-2016,Produce,medium
F-0341-2017,Supplements,medium
F-0341-2018,Snacks/Candy,medium
F-0341-2019,Snacks/Candy,medium
F-0341-2020,Seafood,high
F-0341-2021,Nuts/Seeds,high
F-0341-2022,Snacks/Candy,low
F-0341-2023,Dairy,medium
F-0341-2024,Produce,high
F-0341-2025,Produce,high
F-0342-2013,Nuts/Seeds,high
F-0342-2014,Produce,high
F-0342-2015,Supplements,high
F-0342-2016,Snacks/Candy,medium
F-0342-2017,Supplements,medium
F-0342-2018,Nuts/Seeds,medium
F-0342-2019,Spices/Condiments,high
F-0342-2020,Spices/Condiments,high
F-0342-2021,Nuts/Seeds,medium
F-0342-2022,Bakery,high
F-0342-2023,Bakery,high
F-0342-2024,Produce,high
F-0342-2025,Uncategorized,low
F-0343-2013,Nuts/Seeds,high
F-0343-2014,Prepared/Frozen,low
F-0343-2015,Supplements,high
F-0343-2016,Prepared/Frozen,medium
F-0343-2017,Supplements,medium
F-0343-2018,Nuts/Seeds,medium
F-0343-2019,Plant Protein,high
F-0343-2020,Produce,medium
F-0343-2022,Bakery,high
F-0343-2023,Snacks/Candy,medium
F-0343-2024,Produce,high
F-0343-2025,Produce,medium
F-0344-2013,Nuts/Seeds,high
F-0344-2014,Prepared/Frozen,low
F-0344-2015,Supplements,high
F-0344-2016,Grains/Cereal,high
F-0344-2017,Supplements,medium
F-0344-2018,Snacks/Candy,medium
F-0344-2019,Prepared/Frozen,high
F-0344-2020,Produce,medium
F-0344-2021,Baby/Toddler Food,high
F-0344-2022,Bakery,high
F-0344-2023,Nuts/Seeds,high
F-0344-2024,Produce,high
F-0344-2025,Produce,medium
F-0345-2013,Nuts/Seeds,high
F-0345-2014,Supplements,high
F-0345-2015,Supplements,high
F-0345-2016,Beverages,high
F-0345-2017,Supplements,medium
F-0345-2018,Bakery,high
F-0345-2019,Prepared/Frozen,high
F-0345-2020,Produce,medium
F-0345-2021,Dairy,high
F-0345-2022,Bakery,high
F-0345-2023,Nuts/Seeds,high
F-0345-2024,Produce,high
F-0345-2025,Produce,high
F-0346-2013,Nuts/Seeds,high
F-0346-2014,Supplements,high
F-0346-2015,Supplements,high
F-0346-2016,Plant Protein,high
F-0346-2017,Supplements,medium
F-0346-2018,Bakery,high
F-0346-2019,Plant Protein,high
F-0346-2020,Grains/Cereal,high
F-0346-2021,Dairy,high
F-0346-2022,Bakery,high
F-0346-2023,Produce,high
F-0346-2024,Produce,high
F-0346-2025,Produce,high
F-0347-2013,Nuts/Seeds,high
F-0347-2014,Supplements,high
F-0347-2015,Supplements,medium
F-0347-2016,Plant Protein,high
F-0347-2017,Grains/Cereal,low
F-0347-2018,Snacks/Candy,medium
F-0347-2019,Prepared/Frozen,medium
F-0347-2020,Produce,high
F-0347-2021,Dairy,high
F-0347-2022,Bakery,high
F-0347-2023,Bakery,high
F-0347-2024,Produce,high
F-0347-2025,Produce,high
F-0348-2013,Nuts/Seeds,high
F-0348-2014,Supplements,high
F-0348-2015,Supplements,high
F-0348-2016,Plant Protein,high
F-0348-2017,Seafood,high
F-0348-2018,Snacks/Candy,medium
F-0348-2019,Produce,high
F-0348-2020,Prepared/Frozen,medium
F-0348-2021,Nuts/Seeds,high
F-0348-2022,Dairy,high
F-0348-2023,Snacks/Candy,high
F-0348-2024,Produce,high
F-0348-2025,Produce,medium
F-0349-2013,Nuts/Seeds,high
F-0349-2014,Supplements,high
F-0349-2015,Supplements,medium
F-0349-2016,Dairy,high
F-0349-2017,Seafood,high
F-0349-2018,Beverages,medium
F-0349-2019,Nuts/Seeds,high
F-0349-2020,Prepared/Frozen,medium
F-0349-2021,Prepared/Frozen,medium
F-0349-2022,Dairy,high
F-0349-2023,Produce,high
F-0349-2024,Produce,high
F-0349-2025,Produce,high
F-0350-2013,Nuts/Seeds,high
F-0350-2014,Supplements,medium
F-0350-2015,Supplements,low
F-0350-2016,Produce,high
F-0350-2017,Seafood,high
F-0350-2018,Beverages,medium
F-0350-2019,Bakery,low
F-0350-2020,Produce,high
F-0350-2021,Prepared/Frozen,medium
F-0350-2022,Prepared/Frozen,high
F-0350-2023,Bakery,high
F-0350-2024,Produce,high
F-0350-2025,Produce,high
F-0351-2013,Nuts/Seeds,high
F-0351-2014,Baby/Toddler Food,high
F-0351-2015,Supplements,high
F-0351-2016,Produce,high
F-0351-2017,Supplements,high
F-0351-2018,Beverages,high
F-0351-2019,Plant Protein,high
F-0351-2020,Produce,low
F-0351-2021,Prepared/Frozen,medium
F-0351-2022,Beverages,high
F-0351-2023,Dairy,high
F-0351-2024,Produce,high
F-0351-2025,Produce,high
F-0352-2013,Nuts/Seeds,high
F-0352-2014,Baby/Toddler Food,high
F-0352-2015,Supplements,high
F-0352-2016,Beverages,high
F-0352-2017,Nuts/Seeds,high
F-0352-2018,Beverages,medium
F-0352-2019,Plant Protein,high
F-0352-2020,Produce,medium
F-0352-2021,Nuts/Seeds,high
F-0352-2022,Supplements,high
F-0352-2023,Beverages,high
F-0352-2024,Produce,high
F-0352-2025,Produce,high
F-0353-2013,Nuts/Seeds,high
F-0353-2014,Baby/Toddler Food,high
F-0353-2015,Supplements,high
F-0353-2016,Seafood,high
F-0353-2017,Nuts/Seeds,high
F-0353-2018,Snacks/Candy,high
F-0353-2019,Snacks/Candy,high
F-0353-2020,Produce,low
F-0353-2021,Snacks/Candy,medium
F-0353-2022,Seafood,high
F-0353-2023,Snacks/Candy,medium
F-0353-2024,Produce,high
F-0353-2025,Produce,high
F-0354-2013,Nuts/Seeds,high
F-0354-2014,Baby/Toddler Food,high
F-0354-2015,Supplements,high
F-0354-2016,Seafood,high
F-0354-2017,Nuts/Seeds,high
F-0354-2018,Snacks/Candy,medium
F-0354-2019,Prepared/Frozen,medium
F-0354-2020,Produce,medium
F-0354-2021,Bakery,high
F-0354-2022,Supplements,high
F-0354-2023,Bakery,medium
F-0354-2024,Produce,high
F-0354-2025,Produce,high
F-0355-2013,Nuts/Seeds,high
F-0355-2014,Baby/Toddler Food,high
F-0355-2015,Supplements,high
F-0355-2016,Seafood,high
F-0355-2017,Snacks/Candy,high
F-0355-2018,Snacks/Candy,medium
F-0355-2019,Prepared/Frozen,medium
F-0355-2020,Produce,medium
F-0355-2021,Baking Supplies,high
F-0355-2022,Produce,high
F-0355-2023,Bakery,medium
F-0355-2024,Produce,high
F-0355-2025,Produce,medium
F-0356-2013,Nuts/Seeds,high
F-0356-2014,Baby/Toddler Food,high
F-0356-2015,Supplements,high
F-0356-2016,Seafood,high
F-0356-2017,Baking Supplies,high
F-0356-2018,Nuts/Seeds,medium
F-0356-2019,Prepared/Frozen,medium
F-0356-2020,Produce,high
F-0356-2021,Baking Supplies,high
F-0356-2022,Produce,high
F-0356-2023,Bakery,medium
F-0356-2024,Produce,high
F-0356-2025,Prepared/Frozen,medium
F-0357-2013,Nuts/Seeds,high
F-0357-2014,Baby/Toddler Food,high
F-0357-2015,Supplements,medium
F-0357-2016,Seafood,high
F-0357-2017,Baking Supplies,high
F-0357-2018,Snacks/Candy,medium
F-0357-2019,Produce,medium
F-0357-2020,Produce,high
F-0357-2021,Baking Supplies,high
F-0357-2022,Supplements,high
F-0357-2023,Bakery,medium
F-0357-2024,Produce,high
F-0357-2025,Produce,high
F-0358-2013,Nuts/Seeds,high
F-0358-2014,Baby/Toddler Food,high
F-0358-2015,Supplements,high
F-0358-2016,Seafood,high
F-0358-2017,Baking Supplies,high
F-0358-2018,Snacks/Candy,medium
F-0358-2019,Produce,medium
F-0358-2020,Produce,medium
F-0358-2021,Baking Supplies,high
F-0358-2022,Supplements,medium
F-0358-2023,Bakery,high
F-0358-2024,Produce,high
F-0358-2025,Produce,high
F-0359-2013,Nuts/Seeds,medium
F-0359-2014,Baby/Toddler Food,high
F-0359-2015,Supplements,high
F-0359-2016,Seafood,high
F-0359-2017,Baking Supplies,high
F-0359-2018,Snacks/Candy,medium
F-0359-2019,Produce,low
F-0359-2020,Produce,medium
F-0359-2021,Baking Supplies,high
F-0359-2022,Supplements,medium
F-0359-2023,Nuts/Seeds,high
F-0359-2024,Produce,high
F-0359-2025,Produce,high
F-0360-2013,Nuts/Seeds,high
F-0360-2014,Baby/Toddler Food,high
F-0360-2015,Supplements,high
F-0360-2016,Seafood,high
F-0360-2017,Baking Supplies,high
F-0360-2018,Snacks/Candy,medium
F-0360-2019,Produce,medium
F-0360-2020,Produce,medium
F-0360-2021,Baking Supplies,low
F-0360-2022,Prepared/Frozen,high
F-0360-2023,Nuts/Seeds,high
F-0360-2024,Produce,high
F-0360-2025,Produce,high
F-0361-2013,Nuts/Seeds,high
F-0361-2014,Baby/Toddler Food,high
F-0361-2015,Supplements,high
F-0361-2016,Seafood,high
F-0361-2017,Baking Supplies,high
F-0361-2019,Beverages,high
F-0361-2020,Produce,high
F-0361-2021,Produce,high
F-0361-2022,Beverages,high
F-0361-2023,Nuts/Seeds,high
F-0361-2024,Produce,high
F-0361-2025,Produce,high
F-0362-2013,Nuts/Seeds,high
F-0362-2014,Baby/Toddler Food,high
F-0362-2015,Supplements,high
F-0362-2016,Seafood,high
F-0362-2017,Baking Supplies,high
F-0362-2018,Produce,high
F-0362-2019,Prepared/Frozen,high
F-0362-2020,Produce,medium
F-0362-2021,Produce,high
F-0362-2022,Produce,high
F-0362-2023,Nuts/Seeds,high
F-0362-2024,Produce,high
F-0362-2025,Prepared/Frozen,high
F-0363-2013,Nuts/Seeds,high
F-0363-2014,Baby/Toddler Food,high
F-0363-2015,Supplements,high
F-0363-2016,Seafood,high
F-0363-2017,Baking Supplies,high
F-0363-2018,Spices/Condiments,high
F-0363-2019,Prepared/Frozen,high
F-0363-2020,Produce,medium
F-0363-2021,Beverages,high
F-0363-2022,Bakery,high
F-0363-2023,Nuts/Seeds,high
F-0363-2024,Produce,high
F-0363-2025,Prepared/Frozen,medium
F-0364-2013,Nuts/Seeds,high
F-0364-2014,Baby/Toddler Food,high
F-0364-2015,Supplements,medium
F-0364-2016,Seafood,high
F-0364-2017,Baking Supplies,high
F-0364-2018,Spices/Condiments,high
F-0364-2019,Prepared/Frozen,high
F-0364-2020,Prepared/Frozen,low
F-0364-2021,Beverages,high
F-0364-2022,Beverages,high
F-0364-2023,Snacks/Candy,medium
F-0364-2024,Produce,high
F-0364-2025,Prepared/Frozen,medium
F-0365-2013,Nuts/Seeds,high
F-0365-2014,Baby/Toddler Food,high
F-0365-2015,Supplements,high
F-0365-2016,Seafood,high
F-0365-2017,Baking Supplies,high
F-0365-2018,Spices/Condiments,high
F-0365-2019,Prepared/Frozen,high
F-0365-2020,Plant Protein,medium
F-0365-2021,Snacks/Candy,high
F-0365-2022,Produce,low
F-0365-2023,Nuts/Seeds,high
F-0365-2024,Produce,high
F-0365-2025,Prepared/Frozen,medium
F-0366-2013,Nuts/Seeds,high
F-0366-2014,Baby/Toddler Food,high
F-0366-2015,Supplements,high
F-0366-2016,Seafood,high
F-0366-2017,Baking Supplies,medium
F-0366-2018,Spices/Condiments,high
F-0366-2019,Dairy,high
F-0366-2020,Produce,high
F-0366-2021,Prepared/Frozen,low
F-0366-2022,Dairy,high
F-0366-2023,Snacks/Candy,high
F-0366-2024,Produce,medium
F-0366-2025,Baby/Toddler Food,medium
F-0367-2013,Nuts/Seeds,high
F-0367-2014,Baby/Toddler Food,high
F-0367-2015,Supplements,high
F-0367-2016,Seafood,high
F-0367-2017,Baking Supplies,high
F-0367-2018,Spices/Condiments,high
F-0367-2019,Dairy,high
F-0367-2020,Produce,medium
F-0367-2021,Spices/Condiments,low
F-0367-2022,Bakery,high
F-0367-2023,Snacks/Candy,high
F-0367-2024,Produce,high
F-0367-2025,Produce,high
F-0368-2013,Nuts/Seeds,high
F-0368-2014,Baby/Toddler Food,high
F-0368-2015,Supplements,high
F-0368-2016,Seafood,high
F-0368-2017,Snacks/Candy,high
F-0368-2018,Beef/Pork/Poultry/Game Meats,low
F-0368-2019,Prepared/Frozen,medium
F-0368-2020,Produce,high
F-0368-2021,Prepared/Frozen,medium
F-0368-2022,Bakery,high
F-0368-2023,Snacks/Candy,high
F-0368-2024,Produce,high
F-0368-2025,Produce,medium
F-0369-2013,Nuts/Seeds,high
F-0369-2014,Baby/Toddler Food,medium
F-0369-2015,Supplements,high
F-0369-2016,Seafood,high
F-0369-2017,Produce,medium
F-0369-2018,Snacks/Candy,medium
F-0369-2019,Prepared/Frozen,medium
F-0369-2020,Produce,medium
F-0369-2021,Prepared/Frozen,high
F-0369-2022,Bakery,high
F-0369-2023,Snacks/Candy,high
F-0369-2024,Produce,high
F-0369-2025,Prepared/Frozen,high
F-0370-2013,Nuts/Seeds,high
F-0370-2014,Baby/Toddler Food,medium
F-0370-2015,Supplements,high
F-0370-2016,Seafood,high
F-0370-2017,Bakery,high
F-0370-2018,Nuts/Seeds,medium
F-0370-2019,Bakery,high
F-0370-2020,Produce,low
F-0370-2021,Prepared/Frozen,medium
F-0370-2022,Bakery,high
F-0370-2023,Snacks/Candy,low
F-0370-2024,Produce,high
F-0370-2025,Prepared/Frozen,high
F-0371-2013,Nuts/Seeds,high
F-0371-2014,Baby/Toddler Food,medium
F-0371-2015,Supplements,high
F-0371-2016,Seafood,high
F-0371-2017,Bakery,medium
F-0371-2018,Snacks/Candy,medium
F-0371-2019,Bakery,high
F-0371-2020,Produce,medium
F-0371-2021,Spices/Condiments,low
F-0371-2022,Bakery,high
F-0371-2023,Bakery,medium
F-0371-2024,Produce,high
F-0371-2025,Produce,medium
F-0372-2013,Nuts/Seeds,high
F-0372-2014,Baby/Toddler Food,medium
F-0372-2015,Supplements,high
F-0372-2016,Seafood,high
F-0372-2017,Bakery,medium
F-0372-2018,Seafood,high
F-0372-2019,Beverages,high
F-0372-2020,Prepared/Frozen,medium
F-0372-2021,Prepared/Frozen,medium
F-0372-2022,Bakery,high
F-0372-2023,Snacks/Candy,high
F-0372-2024,Produce,high
F-0372-2025,Produce,high
F-0373-2013,Nuts/Seeds,high
F-0373-2014,Baby/Toddler Food,high
F-0373-2015,Supplements,high
F-0373-2016,Plant Protein,medium
F-0373-2017,Bakery,medium
F-0373-2018,Dairy,high
F-0373-2019,Prepared/Frozen,high
F-0373-2020,Prepared/Frozen,low
F-0373-2021,Spices/Condiments,medium
F-0373-2022,Bakery,high
F-0373-2023,Snacks/Candy,medium
F-0373-2024,Produce,high
F-0373-2025,Produce,high
F-0374-2013,Nuts/Seeds,high
F-0374-2014,Baby/Toddler Food,high
F-0374-2015,Supplements,medium
F-0374-2016,Dairy,high
F-0374-2017,Produce,medium
F-0374-2018,Food Additives/Ingredients,medium
F-0374-2019,Prepared/Frozen,medium
F-0374-2020,Prepared/Frozen,medium
F-0374-2021,Spices/Condiments,medium
F-0374-2022,Bakery,high
F-0374-2023,Snacks/Candy,medium
F-0374-2024,Produce,high
F-0374-2025,Produce,high
F-0375-2013,Nuts/Seeds,high
F-0375-2014,Baby/Toddler Food,high
F-0375-2015,Supplements,medium
F-0375-2016,Dairy,high
F-0375-2017,Produce,high
F-0375-2018,Bakery,medium
F-0375-2019,Prepared/Frozen,medium
F-0375-2020,Produce,low
F-0375-2021,Spices/Condiments,medium
F-0375-2022,Bakery,high
F-0375-2023,Snacks/Candy,high
F-0375-2024,Produce,high
F-0375-2025,Snacks/Candy,high
F-0376-2013,Spices/Condiments,medium
F-0376-2014,Baby/Toddler Food,high
F-0376-2015,Supplements,high
F-0376-2016,Dairy,high
F-0376-2018,Bakery,high
F-0376-2019,Grains/Cereal,medium
F-0376-2020,Prepared/Frozen,medium
F-0376-2021,Dairy,high
F-0376-2022,Bakery,high
F-0376-2023,Produce,high
F-0376-2024,Produce,high
F-0376-2025,Snacks/Candy,high
F-0377-2013,Nuts/Seeds,high
F-0377-2014,Baby/Toddler Food,medium
F-0377-2015,Supplements,high
F-0377-2016,Snacks/Candy,high
F-0377-2017,Spices/Condiments,high
F-0377-2018,Prepared/Frozen,medium
F-0377-2019,Prepared/Frozen,high
F-0377-2020,Produce,medium
F-0377-2021,Snacks/Candy,medium
F-0377-2022,Bakery,high
F-0377-2023,Beverages,high
F-0377-2024,Produce,high
F-0377-2025,Spices/Condiments,high
F-0378-2013,Nuts/Seeds,high
F-0378-2014,Baby/Toddler Food,high
F-0378-2015,Supplements,medium
F-0378-2016,Seafood,high
F-0378-2018,Prepared/Frozen,medium
F-0378-2019,Grains/Cereal,medium
F-0378-2020,Produce,medium
F-0378-2021,Snacks/Candy,medium
F-0378-2022,Bakery,high
F-0378-2023,Snacks/Candy,medium
F-0378-2024,Produce,high
F-0378-2025,Spices/Condiments,medium
F-0379-2013,Nuts/Seeds,high
F-0379-2014,Baby/Toddler Food,high
F-0379-2015,Supplements,high
F-0379-2016,Seafood,high
F-0379-2017,Spices/Condiments,high
F-0379-2018,Prepared/Frozen,low
F-0379-2019,Prepared/Frozen,high
F-0379-2020,Plant Protein,medium
F-0379-2021,Snacks/Candy,medium
F-0379-2022,Bakery,high
F-0379-2023,Bakery,medium
F-0379-2024,Produce,high
F-0379-2025,Dairy,medium
F-0380-2013,Nuts/Seeds,high
F-0380-2014,Baby/Toddler Food,medium
F-0380-2015,Supplements,high
F-0380-2016,Seafood,high
F-0380-2017,Spices/Condiments,high
F-0380-2018,Bakery,medium
F-0380-2019,Prepared/Frozen,high
F-0380-2020,Produce,medium
F-0380-2021,Dairy,high
F-0380-2022,Bakery,high
F-0380-2023,Snacks/Candy,high
F-0380-2024,Produce,high
F-0380-2025,Spices/Condiments,medium
F-0381-2013,Nuts/Seeds,low
F-0381-2014,Food Additives/Ingredients,low
F-0381-2015,Supplements,high
F-0381-2016,Seafood,high
F-0381-2017,Spices/Condiments,high
F-0381-2018,Nuts/Seeds,medium
F-0381-2019,Prepared/Frozen,high
F-0381-2020,Produce,medium
F-0381-2021,Prepared/Frozen,high
F-0381-2022,Bakery,high
F-0381-2023,Snacks/Candy,high
F-0381-2024,Produce,high
F-0381-2025,Prepared/Frozen,medium
F-0382-2013,Nuts/Seeds,high
F-0382-2014,Supplements,high
F-0382-2015,Supplements,high
F-0382-2016,Seafood,high
F-0382-2017,Beverages,medium
F-0382-2018,Nuts/Seeds,medium
F-0382-2019,Prepared/Frozen,high
F-0382-2020,Seafood,medium
F-0382-2021,Snacks/Candy,high
F-0382-2022,Prepared/Frozen,medium
F-0382-2023,Supplements,medium
F-0382-2024,Produce,high
F-0382-2025,Prepared/Frozen,medium
F-0383-2013,Nuts/Seeds,high
F-0383-2014,Produce,high
F-0383-2015,Supplements,high
F-0383-2016,Seafood,high
F-0383-2017,Prepared/Frozen,medium
F-0383-2018,Snacks/Candy,medium
F-0383-2019,Prepared/Frozen,high
F-0383-2020,Seafood,medium
F-0383-2021,Snacks/Candy,medium
F-0383-2022,Prepared/Frozen,medium
F-0383-2023,Snacks/Candy,high
F-0383-2024,Produce,high
F-0384-2013,Nuts/Seeds,high
F-0384-2014,Produce,high
F-0384-2015,Supplements,high
F-0384-2016,Seafood,high
F-0384-2017,Nuts/Seeds,high
F-0384-2018,Snacks/Candy,medium
F-0384-2019,Prepared/Frozen,medium
F-0384-2020,Prepared/Frozen,medium
F-0384-2021,Supplements,high
F-0384-2022,Prepared/Frozen,medium
F-0384-2023,Snacks/Candy,low
F-0384-2024,Produce,high
F-0384-2025,Bakery,medium
F-0385-2013,Nuts/Seeds,high
F-0385-2014,Produce,high
F-0385-2015,Supplements,high
F-0385-2016,Seafood,high
F-0385-2017,Seafood,high
F-0385-2018,Snacks/Candy,medium
F-0385-2019,Prepared/Frozen,high
F-0385-2020,Seafood,medium
F-0385-2021,Supplements,high
F-0385-2022,Prepared/Frozen,medium
F-0385-2023,Nuts/Seeds,high
F-0385-2024,Produce,high
F-0385-2025,Produce,high
F-0386-2013,Nuts/Seeds,high
F-0386-2014,Produce,high
F-0386-2015,Supplements,high
F-0386-2016,Seafood,high
F-0386-2017,Seafood,high
F-0386-2018,Snacks/Candy,medium
F-0386-2019,Prepared/Frozen,medium
F-0386-2020,Produce,medium
F-0386-2021,Plant Protein,high
F-0386-2022,Prepared/Frozen,medium
F-0386-2023,Seafood,high
F-0386-2024,Produce,high
F-0386-2025,Plant Protein,high
F-0387-2013,Nuts/Seeds,high
F-0387-2014,Produce,medium
F-0387-2015,Supplements,high
F-0387-2016,Seafood,high
F-0387-2017,Seafood,high
F-0387-2018,Snacks/Candy,medium
F-0387-2019,Prepared/Frozen,medium
F-0387-2020,Produce,low
F-0387-2021,Spices/Condiments,medium
F-0387-2022,Prepared/Frozen,medium
F-0387-2023,Beverages,high
F-0387-2024,Produce,high
F-0387-2025,Produce,high
F-0388-2013,Nuts/Seeds,high
F-0388-2014,Produce,medium
F-0388-2015,Supplements,high
F-0388-2016,Seafood,high
F-0388-2017,Seafood,high
F-0388-2018,Dairy,high
F-0388-2019,Prepared/Frozen,high
F-0388-2020,Produce,medium
F-0388-2021,Dairy,medium
F-0388-2022,Bakery,high
F-0388-2023,Beverages,high
F-0388-2024,Produce,high
F-0388-2025,Produce,medium
F-0389-2013,Nuts/Seeds,high
F-0389-2014,Snacks/Candy,medium
F-0389-2015,Supplements,high
F-0389-2016,Seafood,high
F-0389-2017,Seafood,high
F-0389-2018,Produce,high
F-0389-2019,Prepared/Frozen,medium
F-0389-2020,Produce,high
F-0389-2021,Seafood,high
F-0389-2022,Bakery,high
F-0389-2023,Beverages,high
F-0389-2024,Produce,high
F-0389-2025,Plant Protein,medium
F-0390-2013,Nuts/Seeds,medium
F-0390-2014,Snacks/Candy,medium
F-0390-2015,Supplements,medium
F-0390-2016,Seafood,high
F-0390-2017,Seafood,high
F-0390-2018,Produce,high
F-0390-2019,Prepared/Frozen,medium
F-0390-2020,Produce,medium
F-0390-2021,Bakery,high
F-0390-2022,Bakery,high
F-0390-2023,Beverages,high
F-0390-2024,Produce,high
F-0390-2025,Plant Protein,medium
F-0391-2013,Nuts/Seeds,high
F-0391-2014,Snacks/Candy,high
F-0391-2015,Supplements,high
F-0391-2016,Seafood,high
F-0391-2017,Seafood,high
F-0391-2018,Snacks/Candy,medium
F-0391-2019,Prepared/Frozen,medium
F-0391-2020,Produce,high
F-0391-2021,Spices/Condiments,high
F-0391-2022,Grains/Cereal,high
F-0391-2023,Seafood,high
F-0391-2024,Produce,high
F-0391-2025,Dairy,high
F-0392-2013,Nuts/Seeds,high
F-0392-2014,Snacks/Candy,medium
F-0392-2015,Supplements,high
F-0392-2016,Seafood,high
F-0392-2017,Produce,medium
F-0392-2018,Snacks/Candy,medium
F-0392-2019,Prepared/Frozen,medium
F-0392-2020,Prepared/Frozen,medium
F-0392-2021,Nuts/Seeds,high
F-0392-2022,Grains/Cereal,high
F-0392-2023,Snacks/Candy,medium
F-0392-2024,Produce,high
F-0392-2025,Dairy,high
F-0393-2013,Nuts/Seeds,high
F-0393-2014,Snacks/Candy,medium
F-0393-2015,Supplements,high
F-0393-2016,Grains/Cereal,medium
F-0393-2017,Produce,high
F-0393-2018,Snacks/Candy,high
F-0393-2019,Prepared/Frozen,high
F-0393-2020,Prepared/Frozen,medium
F-0393-2021,Prepared/Frozen,high
F-0393-2022,Grains/Cereal,high
F-0393-2023,Snacks/Candy,high
F-0393-2024,Produce,high
F-0393-2025,Produce,high
F-0394-2013,Nuts/Seeds,medium
F-0394-2014,Produce,high
F-0394-2015,Supplements,high
F-0394-2016,Prepared/Frozen,medium
F-0394-2017,Produce,medium
F-0394-2018,Supplements,low
F-0394-2019,Prepared/Frozen,high
F-0394-2020,Beef/Pork/Poultry/Game Meats,medium
F-0394-2021,Prepared/Frozen,high
F-0394-2022,Prepared/Frozen,medium
F-0394-2023,Snacks/Candy,medium
F-0394-2024,Produce,high
F-0394-2025,Produce,high
F-0395-2013,Nuts/Seeds,high
F-0395-2014,Produce,high
F-0395-2015,Supplements,high
F-0395-2016,Grains/Cereal,medium
F-0395-2017,Produce,medium
F-0395-2018,Supplements,medium
F-0395-2019,Prepared/Frozen,medium
F-0395-2020,Prepared/Frozen,medium
F-0395-2021,Prepared/Frozen,high
F-0395-2022,Prepared/Frozen,medium
F-0395-2023,Snacks/Candy,high
F-0395-2024,Produce,high
F-0395-2025,Produce,high
F-0396-2013,Nuts/Seeds,high
F-0396-2014,Produce,high
F-0396-2015,Supplements,high
F-0396-2016,Prepared/Frozen,medium
F-0396-2017,Produce,high
F-0396-2018,Supplements,high
F-0396-2019,Prepared/Frozen,medium
F-0396-2020,Prepared/Frozen,low
F-0396-2021,Prepared/Frozen,high
F-0396-2022,Prepared/Frozen,medium
F-0396-2023,Snacks/Candy,high
F-0396-2024,Produce,high
F-0396-2025,Produce,high
F-0397-2013,Nuts/Seeds,high
F-0397-2014,Prepared/Frozen,medium
F-0397-2015,Supplements,high
F-0397-2016,Grains/Cereal,medium
F-0397-2017,Produce,high
F-0397-2018,Supplements,high
F-0397-2019,Prepared/Frozen,medium
F-0397-2020,Prepared/Frozen,low
F-0397-2021,Beef/Pork/Poultry/Game Meats,medium
F-0397-2022,Supplements,medium
F-0397-2023,Snacks/Candy,high
F-0397-2024,Produce,high
F-0397-2025,Spices/Condiments,high
F-0398-2013,Nuts/Seeds,high
F-0398-2014,Prepared/Frozen,low
F-0398-2015,Supplements,high
F-0398-2016,Nuts/Seeds,medium
F-0398-2017,Seafood,high
F-0398-2018,Snacks/Candy,high
F-0398-2019,Prepared/Frozen,medium
F-0398-2020,Prepared/Frozen,medium
F-0398-2021,Prepared/Frozen,high
F-0398-2022,Supplements,high
F-0398-2023,Snacks/Candy,high
F-0398-2024,Produce,high
F-0398-2025,Produce,high
F-0399-2013,Nuts/Seeds,high
F-0399-2014,Prepared/Frozen,medium
F-0399-2015,Supplements,medium
F-0399-2016,Baking Supplies,high
F-0399-2017,Seafood,high
F-0399-2018,Snacks/Candy,medium
F-0399-2019,Prepared/Frozen,medium
F-0399-2020,Beef/Pork/Poultry/Game Meats,medium
F-0399-2021,Prepared/Frozen,high
F-0399-2022,Plant Protein,medium
F-0399-2023,Snacks/Candy,high
F-0399-2024,Produce,high
F-0399-2025,Produce,high
F-0400-2013,Nuts/Seeds,high
F-0400-2014,Dairy,high
F-0400-2015,Supplements,high
F-0400-2016,Baking Supplies,high
F-0400-2017,Produce,high
F-0400-2018,Nuts/Seeds,medium
F-0400-2019,Prepared/Frozen,high
F-0400-2020,Beef/Pork/Poultry/Game Meats,medium
F-0400-2021,Prepared/Frozen,medium
F-0400-2022,Plant Protein,medium
F-0400-2024,Produce,medium
F-0400-2025,Produce,high
F-0401-2013,Nuts/Seeds,high
F-0401-2014,Dairy,high
F-0401-2015,Supplements,medium
F-0401-2016,Baking Supplies,high
F-0401-2017,Produce,low
F-0401-2018,Oils/Fats,high
F-0401-2019,Prepared/Frozen,high
F-0401-2020,Prepared/Frozen,medium
F-0401-2021,Prepared/Frozen,low
F-0401-2022,Supplements,high
F-0401-2023,Snacks/Candy,low
F-0401-2024,Produce,medium
F-0401-2025,Supplements,high
F-0402-2013,Nuts/Seeds,high
F-0402-2014,Dairy,high
F-0402-2015,Supplements,high
F-0402-2016,Baking Supplies,low
F-0402-2017,Prepared/Frozen,low
F-0402-2018,Snacks/Candy,medium
F-0402-2019,Prepared/Frozen,high
F-0402-2020,Prepared/Frozen,medium
F-0402-2021,Prepared/Frozen,high
F-0402-2022,Supplements,high
F-0402-2023,Prepared/Frozen,high
F-0402-2024,Baby/Toddler Food,medium
F-0402-2025,Bakery,medium
F-0403-2013,Nuts/Seeds,high
F-0403-2014,Dairy,high
F-0403-2015,Supplements,medium
F-0403-2016,Baking Supplies,high
F-0403-2017,Produce,high
F-0403-2018,Snacks/Candy,medium
F-0403-2019,Prepared/Frozen,high
F-0403-2020,Prepared/Frozen,medium
F-0403-2021,Prepared/Frozen,medium
F-0403-2022,Supplements,low
F-0403-2023,Spices/Condiments,high
F-0403-2024,Produce,medium
F-0404-2013,Nuts/Seeds,high
F-0404-2014,Dairy,high
F-0404-2015,Supplements,high
F-0404-2016,Baking Supplies,low
F-0404-2017,Produce,high
F-0404-2018,Snacks/Candy,high
F-0404-2019,Eggs,medium
F-0404-2020,Prepared/Frozen,medium
F-0404-2021,Prepared/Frozen,high
F-0404-2022,Supplements,medium
F-0404-2023,Spices/Condiments,high
F-0404-2024,Produce,medium
F-0404-2025,Spices/Condiments,medium
F-0405-2013,Nuts/Seeds,high
F-0405-2014,Dairy,high
F-0405-2015,Supplements,high
F-0405-2016,Baking Supplies,high
F-0405-2017,Produce,medium
F-0405-2018,Snacks/Candy,medium
F-0405-2019,Beverages,medium
F-0405-2020,Prepared/Frozen,medium
F-0405-2021,Prepared/Frozen,high
F-0405-2022,Supplements,high
F-0405-2023,Spices/Condiments,medium
F-0405-2024,Food Additives/Ingredients,medium
F-0405-2025,Spices/Condiments,high
F-0406-2013,Nuts/Seeds,high
F-0406-2014,Dairy,high
F-0406-2015,Supplements,high
F-0406-2016,Baking Supplies,high
F-0406-2017,Produce,medium
F-0406-2018,Snacks/Candy,medium
F-0406-2019,Grains/Cereal,high
F-0406-2020,Produce,medium
F-0406-2021,Prepared/Frozen,high
F-0406-2022,Supplements,high
F-0406-2023,Produce,medium
F-0406-2024,Supplements,high
F-0406-2025,Dairy,high
F-0407-2013,Nuts/Seeds,high
F-0407-2014,Dairy,high
F-0407-2015,Supplements,high
F-0407-2016,Baking Supplies,high
F-0407-2017,Produce,high
F-0407-2018,Snacks/Candy,medium
F-0407-2019,Bakery,high
F-0407-2020,Prepared/Frozen,medium
F-0407-2021,Prepared/Frozen,high
F-0407-2022,Supplements,high
F-0407-2024,Bakery,high
F-0407-2025,Prepared/Frozen,medium
F-0408-2013,Nuts/Seeds,high
F-0408-2014,Seafood,high
F-0408-2015,Supplements,high
F-0408-2016,Baking Supplies,high
F-0408-2017,Produce,medium
F-0408-2018,Supplements,high
F-0408-2019,Supplements,medium
F-0408-2020,Dairy,high
F-0408-2021,Prepared/Frozen,high
F-0408-2022,Supplements,high
F-0408-2024,Dairy,high
F-0408-2025,Spices/Condiments,medium
F-0409-2013,Nuts/Seeds,high
F-0409-2014,Seafood,high
F-0409-2015,Supplements,high
F-0409-2016,Baking Supplies,medium
F-0409-2017,Seafood,high
F-0409-2018,Supplements,high
F-0409-2019,Supplements,medium
F-0409-2020,Prepared/Frozen,high
F-0409-2021,Prepared/Frozen,high
F-0409-2022,Supplements,high
F-0409-2024,Seafood,high
F-0409-2025,Nuts/Seeds,medium
F-0410-2013,Nuts/Seeds,high
F-0410-2014,Seafood,high
F-0410-2015,Supplements,high
F-0410-2016,Spices/Condiments,low
F-0410-2017,Seafood,high
F-0410-2019,Supplements,medium
F-0410-2020,Produce,medium
F-0410-2021,Prepared/Frozen,medium
F-0410-2022,Supplements,high
F-0410-2023,Bakery,high
F-0410-2024,Seafood,high
F-0410-2025,Produce,high
F-0411-2013,Nuts/Seeds,high
F-0411-2014,Seafood,medium
F-0411-2015,Supplements,high
F-0411-2016,Uncategorized,low
F-0411-2017,Seafood,high
F-0411-2019,Supplements,medium
F-0411-2020,Produce,high
F-0411-2021,Prepared/Frozen,medium
F-0411-2022,Supplements,high
F-0411-2023,Bakery,medium
F-0411-2024,Seafood,high
F-0411-2025,Nuts/Seeds,high
F-0412-2013,Nuts/Seeds,high
F-0412-2014,Seafood,medium
F-0412-2015,Supplements,medium
F-0412-2016,Produce,medium
F-0412-2017,Seafood,high
F-0412-2019,Supplements,medium
F-0412-2020,Seafood,medium
F-0412-2021,Prepared/Frozen,high
F-0412-2022,Supplements,high
F-0412-2023,Bakery,medium
F-0412-2024,Seafood,high
F-0412-2025,Snacks/Candy,medium
F-0413-2013,Nuts/Seeds,high
F-0413-2014,Prepared/Frozen,medium
F-0413-2015,Supplements,high
F-0413-2016,Uncategorized,low
F-0413-2017,Seafood,high
F-0413-2019,Supplements,low
F-0413-2020,Seafood,medium
F-0413-2021,Prepared/Frozen,high
F-0413-2022,Supplements,medium
F-0413-2023,Bakery,high
F-0413-2024,Seafood,high
F-0413-2025,Snacks/Candy,low
F-0414-2013,Nuts/Seeds,high
F-0414-2014,Prepared/Frozen,high
F-0414-2015,Supplements,high
F-0414-2016,Bakery,medium
F-0414-2017,Spices/Condiments,medium
F-0414-2019,Supplements,medium
F-0414-2020,Seafood,medium
F-0414-2021,Prepared/Frozen,medium
F-0414-2022,Supplements,high
F-0414-2023,Produce,high
F-0414-2024,Supplements,high
F-0414-2025,Snacks/Candy,medium
F-0415-2013,Nuts/Seeds,high
F-0415-2014,Prepared/Frozen,high
F-0415-2015,Supplements,high
F-0415-2016,Nuts/Seeds,high
F-0415-2017,Beverages,high
F-0415-2018,Bakery,high
F-0415-2019,Supplements,medium
F-0415-2020,Seafood,medium
F-0415-2021,Prepared/Frozen,high
F-0415-2022,Supplements,low
F-0415-2023,Spices/Condiments,high
F-0415-2024,Supplements,high
F-0415-2025,Snacks/Candy,medium
F-0416-2013,Nuts/Seeds,high
F-0416-2014,Prepared/Frozen,high
F-0416-2015,Supplements,high
F-0416-2016,Snacks/Candy,high
F-0416-2017,Beverages,high
F-0416-2018,Bakery,high
F-0416-2019,Beverages,high
F-0416-2020,Prepared/Frozen,low
F-0416-2021,Prepared/Frozen,high
F-0416-2022,Supplements,high
F-0416-2023,Spices/Condiments,high
F-0416-2024,Supplements,high
F-0416-2025,Nuts/Seeds,high
F-0417-2013,Nuts/Seeds,high
F-0417-2014,Prepared/Frozen,medium
F-0417-2015,Supplements,high
F-0417-2016,Spices/Condiments,medium
F-0417-2017,Beverages,high
F-0417-2018,Snacks/Candy,medium
F-0417-2019,Spices/Condiments,high
F-0417-2020,Prepared/Frozen,medium
F-0417-2021,Prepared/Frozen,high
F-0417-2022,Supplements,high
F-0417-2023,Snacks/Candy,medium
F-0417-2024,Supplements,high
F-0417-2025,Uncategorized,medium
F-0418-2013,Nuts/Seeds,high
F-0418-2014,Prepared/Frozen,high
F-0418-2015,Supplements,high
F-0418-2016,Spices/Condiments,medium
F-0418-2017,Beverages,high
F-0418-2018,Snacks/Candy,medium
F-0418-2019,Spices/Condiments,high
F-0418-2020,Seafood,medium
F-0418-2021,Prepared/Frozen,high
F-0418-2022,Supplements,high
F-0418-2023,Snacks/Candy,medium
F-0418-2024,Supplements,high
F-0418-2025,Nuts/Seeds,high
F-0419-2013,Nuts/Seeds,high
F-0419-2014,Prepared/Frozen,high
F-0419-2015,Supplements,high
F-0419-2016,Spices/Condiments,medium
F-0419-2017,Supplements,high
F-0419-2018,Snacks/Candy,medium
F-0419-2019,Spices/Condiments,high
F-0419-2020,Seafood,high
F-0419-2021,Prepared/Frozen,high
F-0419-2022,Supplements,low
F-0419-2023,Plant Protein,medium
F-0419-2024,Bakery,high
F-0419-2025,Nuts/Seeds,high
F-0420-2013,Nuts/Seeds,high
F-0420-2014,Prepared/Frozen,medium
F-0420-2015,Supplements,high
F-0420-2016,Nuts/Seeds,high
F-0420-2017,Spices/Condiments,high
F-0420-2018,Snacks/Candy,medium
F-0420-2019,Spices/Condiments,high
F-0420-2020,Seafood,high
F-0420-2021,Prepared/Frozen,high
F-0420-2022,Supplements,low
F-0420-2023,Produce,high
F-0420-2024,Snacks/Candy,medium
F-0420-2025,Seafood,high
F-0421-2013,Nuts/Seeds,high
F-0421-2014,Prepared/Frozen,medium
F-0421-2015,Supplements,high
F-0421-2016,Grains/Cereal,high
F-0421-2017,Spices/Condiments,high
F-0421-2018,Produce,high
F-0421-2019,Spices/Condiments,high
F-0421-2020,Seafood,medium
F-0421-2021,Prepared/Frozen,high
F-0421-2022,Supplements,low
F-0421-2023,Seafood,high
F-0421-2024,Snacks/Candy,medium
F-0421-2025,Snacks/Candy,medium
F-0422-2013,Nuts/Seeds,high
F-0422-2014,Prepared/Frozen,high
F-0422-2015,Supplements,medium
F-0422-2016,Bakery,medium
F-0422-2017,Spices/Condiments,high
F-0422-2018,Snacks/Candy,high
F-0422-2019,Spices/Condiments,high
F-0422-2020,Seafood,high
F-0422-2021,Prepared/Frozen,high
F-0422-2022,Supplements,high
F-0422-2023,Prepared/Frozen,high
F-0422-2024,Snacks/Candy,medium
F-0422-2025,Produce,medium
F-0423-2013,Nuts/Seeds,high
F-0423-2014,Prepared/Frozen,medium
F-0423-2015,Supplements,high
F-0423-2016,Snacks/Candy,high
F-0423-2017,Spices/Condiments,medium
F-0423-2018,Dairy,high
F-0423-2019,Produce,medium
F-0423-2020,Seafood,medium
F-0423-2021,Prepared/Frozen,high
F-0423-2022,Supplements,high
F-0423-2023,Prepared/Frozen,high
F-0423-2024,Dairy,medium
F-0424-2013,Nuts/Seeds,high
F-0424-2014,Prepared/Frozen,medium
F-0424-2015,Supplements,high
F-0424-2016,Prepared/Frozen,medium
F-0424-2017,Spices/Condiments,high
F-0424-2018,Dairy,high
F-0424-2019,Seafood,high
F-0424-2020,Seafood,medium
F-0424-2021,Snacks/Candy,medium
F-0424-2022,Supplements,high
F-0424-2023,Supplements,high
F-0424-2024,Dairy,medium
F-0424-2025,Produce,high
F-0425-2013,Nuts/Seeds,high
F-0425-2014,Prepared/Frozen,high
F-0425-2015,Supplements,high
F-0425-2017,Spices/Condiments,high
F-0425-2018,Dairy,high
F-0425-2019,Grains/Cereal,high
F-0425-2020,Seafood,medium
F-0425-2021,Beverages,low
F-0425-2022,Supplements,medium
F-0425-2023,Supplements,high
F-0425-2024,Spices/Condiments,low
F-0425-2025,Dairy,high
F-0426-2013,Nuts/Seeds,high
F-0426-2014,Prepared/Frozen,medium
F-0426-2015,Supplements,medium
F-0426-2016,Bakery,medium
F-0426-2017,Bakery,high
F-0426-2018,Nuts/Seeds,high
F-0426-2019,Snacks/Candy,high
F-0426-2020,Seafood,medium
F-0426-2021,Snacks/Candy,high
F-0426-2022,Supplements,high
F-0426-2023,Snacks/Candy,medium
F-0426-2024,Dairy,low
F-0426-2025,Dairy,high
F-0427-2013,Nuts/Seeds,high
F-0427-2014,Prepared/Frozen,high
F-0427-2015,Supplements,high
F-0427-2016,Bakery,medium
F-0427-2017,Nuts/Seeds,medium
F-0427-2018,Food Additives/Ingredients,low
F-0427-2019,Snacks/Candy,high
F-0427-2020,Seafood,high
F-0427-2021,Bakery,high
F-0427-2022,Supplements,high
F-0427-2023,Baking Supplies,medium
F-0427-2024,Dairy,medium
F-0427-2025,Produce,high
F-0428-2013,Nuts/Seeds,high
F-0428-2014,Prepared/Frozen,high
F-0428-2015,Supplements,medium
F-0428-2016,Bakery,medium
F-0428-2017,Dairy,high
F-0428-2018,Food Additives/Ingredients,low
F-0428-2019,Snacks/Candy,high
F-0428-2020,Seafood,medium
F-0428-2021,Bakery,high
F-0428-2022,Supplements,high
F-0428-2023,Baking Supplies,low
F-0428-2024,Dairy,medium
F-0428-2025,Snacks/Candy,high
F-0429-2013,Nuts/Seeds,high
F-0429-2014,Produce,medium
F-0429-2015,Supplements,medium
F-0429-2016,Bakery,medium
F-0429-2017,Dairy,high
F-0429-2018,Food Additives/Ingredients,low
F-0429-2019,Produce,medium
F-0429-2020,Seafood,high
F-0429-2021,Produce,medium
F-0429-2022,Supplements,medium
F-0429-2023,Baking Supplies,low
F-0429-2024,Dairy,medium
F-0430-2013,Nuts/Seeds,high
F-0430-2014,Produce,high
F-0430-2015,Supplements,high
F-0430-2016,Bakery,high
F-0430-2017,Dairy,high
F-0430-2018,Produce,medium
F-0430-2019,Baking Supplies,medium
F-0430-2020,Seafood,medium
F-0430-2021,Grains/Cereal,medium
F-0430-2022,Supplements,medium
F-0430-2023,Snacks/Candy,medium
F-0430-2024,Dairy,medium
F-0430-2025,Spices/Condiments,medium
F-0431-2013,Nuts/Seeds,high
F-0431-2014,Produce,high
F-0431-2015,Supplements,high
F-0431-2016,Bakery,medium
F-0431-2017,Dairy,high
F-0431-2018,Grains/Cereal,medium
F-0431-2019,Prepared/Frozen,medium
F-0431-2020,Prepared/Frozen,medium
F-0431-2021,Grains/Cereal,medium
F-0431-2022,Supplements,high
F-0431-2023,Baking Supplies,low
F-0431-2024,Dairy,medium
F-0431-2025,Prepared/Frozen,medium
F-0432-2013,Nuts/Seeds,medium
F-0432-2014,Produce,high
F-0432-2015,Supplements,high
F-0432-2016,Bakery,high
F-0432-2017,Dairy,high
F-0432-2018,Grains/Cereal,medium
F-0432-2019,Nuts/Seeds,high
F-0432-2020,Prepared/Frozen,medium
F-0432-2021,Grains/Cereal,medium
F-0432-2022,Supplements,high
F-0432-2023,Baking Supplies,medium
F-0432-2024,Dairy,medium
F-0432-2025,Produce,medium
F-0433-2013,Nuts/Seeds,high
F-0433-2014,Produce,medium
F-0433-2015,Supplements,high
F-0433-2016,Bakery,high
F-0433-2017,Prepared/Frozen,medium
F-0433-2018,Nuts/Seeds,medium
F-0433-2019,Dairy,high
F-0433-2020,Prepared/Frozen,medium
F-0433-2021,Grains/Cereal,medium
F-0433-2022,Supplements,high
F-0433-2023,Baking Supplies,medium
F-0433-2024,Dairy,medium
F-0433-2025,Prepared/Frozen,medium
F-0434-2013,Nuts/Seeds,high
F-0434-2014,Prepared/Frozen,medium
F-0434-2015,Supplements,high
F-0434-2016,Prepared/Frozen,medium
F-0434-2017,Dairy,high
F-0434-2018,Spices/Condiments,high
F-0434-2019,Dairy,high
F-0434-2020,Dairy,medium
F-0434-2021,Beverages,high
F-0434-2022,Supplements,high
F-0434-2023,Snacks/Candy,medium
F-0434-2024,Dairy,medium
F-0434-2025,Dairy,high
F-0435-2013,Nuts/Seeds,high
F-0435-2014,Plant Protein,high
F-0435-2015,Supplements,high
F-0435-2016,Seafood,high
F-0435-2017,Dairy,high
F-0435-2018,Spices/Condiments,high
F-0435-2019,Dairy,high
F-0435-2020,Grains/Cereal,high
F-0435-2021,Bakery,high
F-0435-2022,Supplements,low
F-0435-2023,Baking Supplies,medium
F-0435-2024,Dairy,medium
F-0435-2025,Produce,high
F-0436-2013,Nuts/Seeds,high
F-0436-2014,Eggs,high
F-0436-2015,Supplements,medium
F-0436-2016,Produce,high
F-0436-2017,Dairy,high
F-0436-2018,Nuts/Seeds,medium
F-0436-2019,Dairy,high
F-0436-2020,Produce,high
F-0436-2021,Seafood,high
F-0436-2022,Supplements,high
F-0436-2023,Snacks/Candy,medium
F-0436-2024,Dairy,medium
F-0436-2025,Produce,medium
F-0437-2013,Nuts/Seeds,high
F-0437-2014,Spices/Condiments,medium
F-0437-2015,Supplements,medium
F-0437-2016,Baking Supplies,medium
F-0437-2017,Dairy,high
F-0437-2018,Nuts/Seeds,medium
F-0437-2019,Dairy,high
F-0437-2020,Produce,high
F-0437-2021,Seafood,high
F-0437-2022,Supplements,low
F-0437-2023,Baking Supplies,medium
F-0437-2024,Prepared/Frozen,medium
F-0437-2025,Produce,medium
F-0438-2013,Nuts/Seeds,high
F-0438-2014,Seafood,medium
F-0438-2015,Supplements,high
F-0438-2016,Baking Supplies,medium
F-0438-2017,Dairy,high
F-0438-2018,Nuts/Seeds,high
F-0438-2019,Dairy,high
F-0438-2020,Prepared/Frozen,medium
F-0438-2021,Produce,high
F-0438-2022,Supplements,high
F-0438-2023,Baking Supplies,low
F-0438-2024,Dairy,medium
F-0438-2025,Produce,medium
F-0439-2012,Nuts/Seeds,high
F-0439-2014,Dairy,medium
F-0439-2015,Supplements,medium
F-0439-2016,Baking Supplies,medium
F-0439-2017,Dairy,high
F-0439-2018,Snacks/Candy,medium
F-0439-2019,Dairy,high
F-0439-2020,Prepared/Frozen,medium
F-0439-2021,Produce,high
F-0439-2022,Supplements,medium
F-0439-2023,Baking Supplies,medium
F-0439-2024,Dairy,medium
F-0439-2025,Produce,medium
F-0440-2013,Nuts/Seeds,high
F-0440-2014,Spices/Condiments,medium
F-0440-2015,Supplements,high
F-0440-2016,Bakery,high
F-0440-2017,Dairy,high
F-0440-2018,Spices/Condiments,high
F-0440-2019,Dairy,high
F-0440-2020,Prepared/Frozen,medium
F-0440-2021,Spices/Condiments,high
F-0440-2022,Beverages,low
F-0440-2023,Snacks/Candy,medium
F-0440-2024,Produce,medium
F-0440-2025,Prepared/Frozen,medium
F-0441-2013,Nuts/Seeds,high
F-0441-2014,Dairy,medium
F-0441-2015,Supplements,medium
F-0441-2016,Bakery,high
F-0441-2017,Dairy,high
F-0441-2018,Nuts/Seeds,high
F-0441-2019,Dairy,high
F-0441-2020,Snacks/Candy,medium
F-0441-2021,Spices/Condiments,high
F-0441-2022,Supplements,low
F-0441-2023,Snacks/Candy,medium
F-0441-2024,Dairy,medium
F-0441-2025,Produce,high
F-0442-2013,Nuts/Seeds,high
F-0442-2014,Dairy,low
F-0442-2015,Supplements,high
F-0442-2016,Dairy,medium
F-0442-2017,Dairy,high
F-0442-2018,Grains/Cereal,medium
F-0442-2019,Dairy,high
F-0442-2020,Nuts/Seeds,high
F-0442-2021,Spices/Condiments,high
F-0442-2022,Supplements,high
F-0442-2023,Baking Supplies,medium
F-0442-2024,Dairy,medium
F-0442-2025,Produce,medium
F-0443-2013,Nuts/Seeds,high
F-0443-2014,Spices/Condiments,medium
F-0443-2015,Supplements,high
F-0443-2016,Dairy,high
F-0443-2017,Dairy,high
F-0443-2018,Grains/Cereal,high
F-0443-2019,Dairy,high
F-0443-2020,Snacks/Candy,high
F-0443-2021,Spices/Condiments,high
F-0443-2022,Supplements,high
F-0443-2023,Baking Supplies,low
F-0443-2024,Food Additives/Ingredients,low
F-0443-2025,Produce,high
F-0444-2013,Nuts/Seeds,high
F-0444-2014,Spices/Condiments,medium
F-0444-2015,Supplements,high
F-0444-2016,Grains/Cereal,medium
F-0444-2017,Spices/Condiments,high
F-0444-2018,Nuts/Seeds,low
F-0444-2019,Dairy,high
F-0444-2020,Seafood,high
F-0444-2021,Spices/Condiments,high
F-0444-2022,Supplements,high
F-0444-2023,Prepared/Frozen,high
F-0444-2024,Dairy,medium
F-0444-2025,Prepared/Frozen,medium
F-0445-2013,Nuts/Seeds,high
F-0445-2014,Spices/Condiments,low
F-0445-2015,Supplements,high
F-0445-2016,Dairy,medium
F-0445-2017,Spices/Condiments,high
F-0445-2018,Nuts/Seeds,high
F-0445-2019,Dairy,high
F-0445-2020,Seafood,high
F-0445-2021,Spices/Condiments,high
F-0445-2022,Supplements,high
F-0445-2023,Prepared/Frozen,medium
F-0445-2024,Dairy,medium
F-0445-2025,Produce,medium
F-0446-2013,Nuts/Seeds,high
F-0446-2014,Spices/Condiments,medium
F-0446-2015,Supplements,high
F-0446-2016,Dairy,medium
F-0446-2017,Spices/Condiments,high
F-0446-2018,Nuts/Seeds,medium
F-0446-2019,Dairy,high
F-0446-2020,Seafood,high
F-0446-2021,Snacks/Candy,low
F-0446-2022,Supplements,high
F-0446-2023,Prepared/Frozen,medium
F-0446-2024,Dairy,medium
F-0446-2025,Prepared/Frozen,medium
F-0447-2013,Nuts/Seeds,high
F-0447-2014,Spices/Condiments,low
F-0447-2015,Supplements,high
F-0447-2016,Dairy,high
F-0447-2017,Spices/Condiments,high
F-0447-2018,Bakery,high
F-0447-2019,Dairy,high
F-0447-2020,Seafood,high
F-0447-2021,Baking Supplies,low
F-0447-2022,Supplements,high
F-0447-2023,Prepared/Frozen,medium
F-0447-2024,Dairy,high
F-0447-2025,Produce,low
F-0448-2013,Nuts/Seeds,high
F-0448-2014,Plant Protein,high
F-0448-2015,Supplements,high
F-0448-2016,Dairy,high
F-0448-2017,Spices/Condiments,high
F-0448-2018,Bakery,high
F-0448-2019,Dairy,high
F-0448-2020,Bakery,high
F-0448-2021,Snacks/Candy,medium
F-0448-2022,Supplements,high
F-0448-2023,Prepared/Frozen,medium
F-0448-2024,Dairy,medium
F-0448-2025,Seafood,medium
F-0449-2013,Nuts/Seeds,high
F-0449-2014,Spices/Condiments,medium
F-0449-2015,Supplements,high
F-0449-2016,Dairy,medium
F-0449-2017,Spices/Condiments,high
F-0449-2018,Bakery,high
F-0449-2019,Dairy,high
F-0449-2020,Produce,low
F-0449-2021,Snacks/Candy,medium
F-0449-2022,Supplements,high
F-0449-2023,Prepared/Frozen,medium
F-0449-2024,Dairy,medium
F-0449-2025,Seafood,high
F-0450-2013,Nuts/Seeds,high
F-0450-2014,Prepared/Frozen,medium
F-0450-2015,Supplements,high
F-0450-2016,Dairy,medium
F-0450-2017,Spices/Condiments,medium
F-0450-2018,Bakery,high
F-0450-2019,Dairy,high
F-0450-2020,Nuts/Seeds,high
F-0450-2021,Baking Supplies,low
F-0450-2022,Supplements,medium
F-0450-2023,Prepared/Frozen,high
F-0450-2024,Dairy,low
F-0450-2025,Seafood,high
F-0451-2013,Nuts/Seeds,high
F-0451-2014,Produce,high
F-0451-2015,Supplements,medium
F-0451-2016,Dairy,high
F-0451-2017,Spices/Condiments,high
F-0451-2018,Bakery,high
F-0451-2019,Dairy,high
F-0451-2020,Nuts/Seeds,high
F-0451-2021,Snacks/Candy,high
F-0451-2022,Supplements,high
F-0451-2023,Prepared/Frozen,high
F-0451-2024,Dairy,medium
F-0451-2025,Seafood,high
F-0452-2013,Nuts/Seeds,high
F-0452-2014,Prepared/Frozen,high
F-0452-2015,Supplements,high
F-0452-2016,Dairy,medium
F-0452-2017,Spices/Condiments,high
F-0452-2018,Bakery,high
F-0452-2019,Dairy,high
F-0452-2020,Produce,high
F-0452-2021,Bakery,high
F-0452-2022,Supplements,medium
F-0452-2023,Prepared/Frozen,medium
F-0452-2024,Dairy,medium
F-0452-2025,Seafood,high
F-0453-2013,Nuts/Seeds,high
F-0453-2014,Prepared/Frozen,medium
F-0453-2015,Supplements,high
F-0453-2016,Dairy,high
F-0453-2017,Spices/Condiments,high
F-0453-2018,Bakery,high
F-0453-2019,Dairy,high
F-0453-2020,Produce,high
F-0453-2021,Bakery,high
F-0453-2022,Supplements,high
F-0453-2023,Prepared/Frozen,medium
F-0453-2024,Dairy,medium
F-0453-2025,Prepared/Frozen,medium
F-0454-2013,Nuts/Seeds,high
F-0454-2015,Supplements,medium
F-0454-2016,Dairy,medium
F-0454-2017,Dairy,high
F-0454-2018,Dairy,high
F-0454-2019,Dairy,high
F-0454-2020,Produce,high
F-0454-2021,Prepared/Frozen,medium
F-0454-2022,Supplements,low
F-0454-2023,Prepared/Frozen,medium
F-0454-2024,Dairy,medium
F-0454-2025,Prepared/Frozen,medium
F-0454-2914,Produce,medium
F-0455-201,Produce,medium
F-0455-2013,Nuts/Seeds,high
F-0455-2015,Produce,high
F-0455-2016,Dairy,high
F-0455-2017,Spices/Condiments,low
F-0455-2018,Snacks/Candy,high
F-0455-2019,Dairy,high
F-0455-2020,Produce,high
F-0455-2021,Dairy,high
F-0455-2022,Beverages,low
F-0455-2023,Prepared/Frozen,medium
F-0455-2024,Dairy,medium
F-0455-2025,Supplements,high
F-0456-2013,Nuts/Seeds,high
F-0456-2014,Prepared/Frozen,high
F-0456-2015,Beverages,low
F-0456-2016,Supplements,high
F-0456-2017,Bakery,high
F-0456-2018,Snacks/Candy,high
F-0456-2019,Dairy,high
F-0456-2020,Produce,high
F-0456-2021,Snacks/Candy,high
F-0456-2022,Supplements,high
F-0456-2023,Prepared/Frozen,high
F-0456-2024,Prepared/Frozen,low
F-0456-2025,Baking Supplies,medium
F-0457-2013,Nuts/Seeds,high
F-0457-2014,Prepared/Frozen,medium
F-0457-2015,Prepared/Frozen,high
F-0457-2016,Bakery,high
F-0457-2017,Bakery,high
F-0457-2018,Plant Protein,high
F-0457-2019,Dairy,high
F-0457-2020,Produce,high
F-0457-2021,Produce,high
F-0457-2022,Supplements,high
F-0457-2023,Dairy,medium
F-0457-2024,Dairy,medium
F-0457-2025,Spices/Condiments,high
F-0458-2013,Nuts/Seeds,high
F-0458-2014,Seafood,high
F-0458-2015,Snacks/Candy,high
F-0458-2016,Grains/Cereal,high
F-0458-2017,Bakery,high
F-0458-2018,Plant Protein,high
F-0458-2019,Dairy,high
F-0458-2020,Produce,medium
F-0458-2021,Snacks/Candy,medium
F-0458-2022,Supplements,low
F-0458-2023,Produce,medium
F-0458-2024,Dairy,medium
F-0458-2025,Spices/Condiments,high
F-0459-2013,Nuts/Seeds,high
F-0459-2014,Seafood,medium
F-0459-2015,Snacks/Candy,medium
F-0459-2016,Grains/Cereal,high
F-0459-2017,Bakery,high
F-0459-2018,Plant Protein,high
F-0459-2019,Dairy,high
F-0459-2020,Seafood,high
F-0459-2021,Dairy,high
F-0459-2022,Supplements,low
F-0459-2023,Prepared/Frozen,medium
F-0459-2024,Prepared/Frozen,medium
F-0459-2025,Spices/Condiments,high
F-0460-2013,Nuts/Seeds,high
F-0460-2014,Prepared/Frozen,high
F-0460-2015,Snacks/Candy,high
F-0460-2016,Grains/Cereal,high
F-0460-2017,Bakery,high
F-0460-2018,Plant Protein,high
F-0460-2019,Dairy,high
F-0460-2020,Seafood,high
F-0460-2021,Baby/Toddler Food,high
F-0460-2022,Supplements,high
F-0460-2023,Prepared/Frozen,high
F-0460-2024,Spices/Condiments,low
F-0460-2025,Spices/Condiments,high
F-0461-2013,Nuts/Seeds,high
F-0461-2014,Dairy,medium
F-0461-2015,Bakery,high
F-0461-2016,Grains/Cereal,high
F-0461-2017,Bakery,high
F-0461-2018,Plant Protein,high
F-0461-2019,Dairy,high
F-0461-2020,Seafood,high
F-0461-2021,Supplements,high
F-0461-2022,Supplements,high
F-0461-2023,Prepared/Frozen,low
F-0461-2024,Dairy,medium
F-0461-2025,Snacks/Candy,high
F-0462-2013,Nuts/Seeds,high
F-0462-2014,Prepared/Frozen,high
F-0462-2015,Supplements,high
F-0462-2016,Plant Protein,low
F-0462-2017,Produce,low
F-0462-2018,Plant Protein,low
F-0462-2019,Dairy,high
F-0462-2020,Seafood,high
F-0462-2021,Supplements,high
F-0462-2022,Supplements,high
F-0462-2023,Produce,medium
F-0462-2024,Prepared/Frozen,high
F-0462-2025,Snacks/Candy,medium
F-0463-2013,Nuts/Seeds,high
F-0463-2014,Prepared/Frozen,high
F-0463-2015,Prepared/Frozen,high
F-0463-2016,Grains/Cereal,medium
F-0463-2017,Bakery,high
F-0463-2018,Spices/Condiments,medium
F-0463-2019,Dairy,high
F-0463-2020,Plant Protein,low
F-0463-2021,Supplements,high
F-0463-2022,Supplements,high
F-0463-2023,Dairy,high
F-0463-2024,Supplements,high
F-0463-2025,Snacks/Candy,high
F-0464-2013,Nuts/Seeds,high
F-0464-2014,Prepared/Frozen,medium
F-0464-2015,Bakery,medium
F-0464-2016,Spices/Condiments,high
F-0464-2017,Bakery,high
F-0464-2018,Dairy,medium
F-0464-2019,Dairy,high
F-0464-2020,Plant Protein,low
F-0464-2021,Supplements,high
F-0464-2022,Supplements,high
F-0464-2023,Prepared/Frozen,high
F-0464-2024,Spices/Condiments,high
F-0464-2025,Bakery,high
F-0465-2013,Nuts/Seeds,medium
F-0465-2014,Prepared/Frozen,high
F-0465-2015,Bakery,medium
F-0465-2016,Bakery,high
F-0465-2017,Bakery,medium
F-0465-2018,Spices/Condiments,medium
F-0465-2019,Dairy,high
F-0465-2020,Plant Protein,low
F-0465-2021,Supplements,high
F-0465-2022,Supplements,high
F-0465-2023,Prepared/Frozen,high
F-0465-2024,Dairy,high
F-0465-2025,Nuts/Seeds,high
F-0466-2013,Nuts/Seeds,high
F-0466-2014,Prepared/Frozen,medium
F-0466-2015,Bakery,medium
F-0466-2016,Bakery,high
F-0466-2017,Uncategorized,low
F-0466-2018,Plant Protein,medium
F-0466-2019,Dairy,high
F-0466-2020,Produce,high
F-0466-2021,Supplements,high
F-0466-2022,Supplements,high
F-0466-2023,Prepared/Frozen,high
F-0466-2024,Bakery,high
F-0466-2025,Bakery,medium
F-0467-2013,Nuts/Seeds,low
F-0467-2014,Produce,medium
F-0467-2015,Baking Supplies,low
F-0467-2016,Snacks/Candy,medium
F-0467-2017,Bakery,low
F-0467-2018,Plant Protein,medium
F-0467-2019,Dairy,high
F-0467-2020,Prepared/Frozen,medium
F-0467-2021,Snacks/Candy,high
F-0467-2022,Supplements,high
F-0467-2023,Prepared/Frozen,high
F-0467-2025,Bakery,medium
F-0468-201,Produce,medium
F-0468-2013,Nuts/Seeds,medium
F-0468-2015,Snacks/Candy,low
F-0468-2016,Baby/Toddler Food,high
F-0468-2017,Bakery,high
F-0468-2018,Plant Protein,high
F-0468-2019,Dairy,high
F-0468-2020,Bakery,high
F-0468-2021,Snacks/Candy,medium
F-0468-2022,Supplements,high
F-0468-2023,Prepared/Frozen,medium
F-0468-2024,Dairy,high
F-0468-2025,Supplements,high
F-0469-2013,Nuts/Seeds,high
F-0469-2015,Nuts/Seeds,low
F-0469-2016,Produce,high
F-0469-2017,Bakery,medium
F-0469-2018,Plant Protein,high
F-0469-2019,Dairy,high
F-0469-2020,Bakery,high
F-0469-2021,Spices/Condiments,high
F-0469-2022,Supplements,high
F-0469-2023,Prepared/Frozen,high
F-0469-2024,Grains/Cereal,high
F-0469-2025,Prepared/Frozen,medium
F-0470-2013,Nuts/Seeds,high
F-0470-2014,Produce,high
F-0470-2015,Grains/Cereal,high
F-0470-2016,Spices/Condiments,high
F-0470-2017,Bakery,medium
F-0470-2018,Plant Protein,high
F-0470-2019,Dairy,high
F-0470-2020,Bakery,medium
F-0470-2021,Bakery,medium
F-0470-2022,Supplements,low
F-0470-2023,Prepared/Frozen,low
F-0470-2024,Snacks/Candy,medium
F-0470-2025,Bakery,high
F-0471-2013,Nuts/Seeds,high
F-0471-2014,Spices/Condiments,high
F-0471-2015,Grains/Cereal,high
F-0471-2016,Spices/Condiments,high
F-0471-2017,Bakery,high
F-0471-2018,Plant Protein,high
F-0471-2019,Dairy,high
F-0471-2020,Bakery,high
F-0471-2021,Produce,high
F-0471-2022,Supplements,high
F-0471-2023,Prepared/Frozen,medium
F-0471-2024,Prepared/Frozen,medium
F-0471-2025,Bakery,high
F-0472-2013,Nuts/Seeds,high
F-0472-2014,Produce,medium
F-0472-2015,Produce,high
F-0472-2016,Spices/Condiments,high
F-0472-2017,Bakery,high
F-0472-2018,Produce,high
F-0472-2019,Dairy,high
F-0472-2020,Bakery,medium
F-0472-2021,Seafood,high
F-0472-2022,Supplements,medium
F-0472-2023,Prepared/Frozen,medium
F-0472-2024,Beef/Pork/Poultry/Game Meats,medium
F-0472-2025,Bakery,high
F-0473-2013,Nuts/Seeds,high
F-0473-2014,Prepared/Frozen,high
F-0473-2015,Spices/Condiments,high
F-0473-2016,Spices/Condiments,high
F-0473-2017,Bakery,high
F-0473-2018,Prepared/Frozen,medium
F-0473-2019,Dairy,high
F-0473-2020,Bakery,medium
F-0473-2021,Spices/Condiments,high
F-0473-2022,Supplements,high
F-0473-2023,Produce,medium
F-0473-2024,Seafood,high
F-0473-2025,Bakery,high
F-0474-2013,Nuts/Seeds,high
F-0474-2014,Prepared/Frozen,medium
F-0474-2015,Supplements,high
F-0474-2016,Produce,medium
F-0474-2017,Bakery,high
F-0474-2018,Plant Protein,medium
F-0474-2019,Dairy,high
F-0474-2020,Bakery,medium
F-0474-2021,Spices/Condiments,high
F-0474-2022,Supplements,high
F-0474-2023,Prepared/Frozen,high
F-0474-2024,Prepared/Frozen,medium
F-0474-2025,Bakery,high
F-0475-2013,Nuts/Seeds,high
F-0475-2014,Produce,medium
F-0475-2015,Supplements,high
F-0475-2016,Produce,medium
F-0475-2017,Prepared/Frozen,high
F-0475-2018,Plant Protein,medium
F-0475-2019,Dairy,high
F-0475-2020,Bakery,medium
F-0475-2021,Supplements,medium
F-0475-2022,Supplements,medium
F-0475-2023,Produce,medium
F-0475-2024,Prepared/Frozen,high
F-0475-2025,Bakery,high
F-0476-2013,Nuts/Seeds,high
F-0476-2014,Prepared/Frozen,medium
F-0476-2015,Supplements,high
F-0476-2016,Produce,medium
F-0476-2017,Produce,high
F-0476-2018,Dairy,medium
F-0476-2019,Dairy,high
F-0476-2020,Bakery,high
F-0476-2021,Produce,high
F-0476-2022,Supplements,high
F-0476-2023,Prepared/Frozen,medium
F-0476-2024,Produce,high
F-0476-2025,Bakery,high
F-0477-2013,Nuts/Seeds,high
F-0477-2014,Prepared/Frozen,medium
F-0477-2015,Supplements,medium
F-0477-2016,Produce,medium
F-0477-2017,Snacks/Candy,low
F-0477-2018,Plant Protein,high
F-0477-2019,Dairy,high
F-0477-2020,Bakery,high
F-0477-2021,Beverages,medium
F-0477-2022,Supplements,medium
F-0477-2023,Prepared/Frozen,medium
F-0477-2024,Beverages,high
F-0477-2025,Bakery,high
F-0478-2013,Nuts/Seeds,high
F-0478-2014,Prepared/Frozen,medium
F-0478-2015,Supplements,medium
F-0478-2016,Produce,medium
F-0478-2017,Snacks/Candy,low
F-0478-2018,Plant Protein,high
F-0478-2019,Dairy,high
F-0478-2020,Baking Supplies,low
F-0478-2021,Beverages,medium
F-0478-2022,Supplements,high
F-0478-2023,Produce,high
F-0478-2024,Beverages,high
F-0478-2025,Bakery,medium
F-0479-2013,Nuts/Seeds,high
F-0479-2014,Prepared/Frozen,medium
F-0479-2015,Supplements,high
F-0479-2016,Produce,high
F-0479-2017,Dairy,high
F-0479-2018,Snacks/Candy,medium
F-0479-2019,Dairy,high
F-0479-2020,Bakery,medium
F-0479-2021,Supplements,high
F-0479-2022,Supplements,low
F-0479-2023,Produce,high
F-0479-2024,Beverages,high
F-0479-2025,Bakery,high
F-0480-2013,Nuts/Seeds,high
F-0480-2014,Prepared/Frozen,medium
F-0480-2015,Supplements,high
F-0480-2016,Produce,high
F-0480-2017,Snacks/Candy,low
F-0480-2018,Snacks/Candy,medium
F-0480-2019,Dairy,high
F-0480-2020,Bakery,high
F-0480-2021,Bakery,high
F-0480-2022,Supplements,medium
F-0480-2023,Produce,high
F-0480-2024,Produce,high
F-0480-2025,Bakery,high
F-0481-2013,Nuts/Seeds,high
F-0481-2014,Prepared/Frozen,medium
F-0481-2015,Supplements,high
F-0481-2016,Produce,high
F-0481-2017,Bakery,high
F-0481-2018,Snacks/Candy,medium
F-0481-2019,Dairy,high
F-0481-2020,Bakery,high
F-0481-2021,Beverages,high
F-0481-2022,Supplements,high
F-0481-2023,Produce,high
F-0481-2024,Bakery,high
F-0481-2025,Bakery,high
F-0482-2013,Nuts/Seeds,high
F-0482-2014,Prepared/Frozen,medium
F-0482-2015,Supplements,high
F-0482-2016,Spices/Condiments,medium
F-0482-2017,Supplements,high
F-0482-2018,Snacks/Candy,medium
F-0482-2019,Dairy,high
F-0482-2020,Bakery,medium
F-0482-2021,Beverages,high
F-0482-2022,Supplements,high
F-0482-2023,Prepared/Frozen,medium
F-0482-2024,Supplements,high
F-0482-2025,Bakery,high
F-0483-2013,Nuts/Seeds,high
F-0483-2014,Prepared/Frozen,high
F-0483-2015,Supplements,high
F-0483-2016,Spices/Condiments,medium
F-0483-2017,Supplements,high
F-0483-2018,Snacks/Candy,medium
F-0483-2019,Dairy,high
F-0483-2020,Bakery,medium
F-0483-2022,Supplements,high
F-0483-2023,Prepared/Frozen,medium
F-0483-2024,Supplements,high
F-0483-2025,Bakery,high
F-0484-2013,Nuts/Seeds,high
F-0484-2014,Prepared/Frozen,high
F-0484-2015,Supplements,high
F-0484-2016,Spices/Condiments,medium
F-0484-2017,Supplements,high
F-0484-2018,Snacks/Candy,medium
F-0484-2019,Dairy,high
F-0484-2020,Bakery,low
F-0484-2021,Supplements,high
F-0484-2022,Supplements,high
F-0484-2023,Prepared/Frozen,high
F-0484-2024,Supplements,high
F-0484-2025,Bakery,high
F-0485-2013,Nuts/Seeds,high
F-0485-2014,Prepared/Frozen,high
F-0485-2015,Supplements,high
F-0485-2016,Spices/Condiments,high
F-0485-2017,Supplements,high
F-0485-2018,Nuts/Seeds,medium
F-0485-2019,Dairy,high
F-0485-2020,Bakery,medium
F-0485-2021,Bakery,high
F-0485-2022,Supplements,high
F-0485-2023,Produce,medium
F-0485-2024,Snacks/Candy,medium
F-0485-2025,Bakery,high
F-0486-2013,Nuts/Seeds,high
F-0486-2014,Prepared/Frozen,high
F-0486-2015,Supplements,medium
F-0486-2016,Spices/Condiments,high
F-0486-2017,Supplements,high
F-0486-2018,Snacks/Candy,medium
F-0486-2019,Dairy,high
F-0486-2020,Snacks/Candy,medium
F-0486-2021,Prepared/Frozen,medium
F-0486-2022,Supplements,high
F-0486-2023,Prepared/Frozen,high
F-0486-2024,Snacks/Candy,medium
F-0486-2025,Bakery,medium
F-0487-2013,Nuts/Seeds,high
F-0487-2014,Prepared/Frozen,high
F-0487-2015,Supplements,high
F-0487-2016,Produce,high
F-0487-2017,Supplements,high
F-0487-2018,Produce,medium
F-0487-2019,Dairy,high
F-0487-2020,Bakery,medium
F-0487-2021,Grains/Cereal,high
F-0487-2022,Supplements,low
F-0487-2023,Prepared/Frozen,high
F-0487-2024,Snacks/Candy,medium
F-0487-2025,Bakery,high
F-0488-2013,Nuts/Seeds,high
F-0488-2014,Prepared/Frozen,medium
F-0488-2015,Supplements,high
F-0488-2016,Eggs,high
F-0488-2017,Supplements,high
F-0488-2018,Seafood,high
F-0488-2019,Dairy,high
F-0488-2020,Bakery,high
F-0488-2021,Produce,high
F-0488-2022,Supplements,high
F-0488-2023,Prepared/Frozen,high
F-0488-2024,Dairy,medium
F-0488-2025,Bakery,high
F-0489-2013,Nuts/Seeds,high
F-0489-2014,Prepared/Frozen,medium
F-0489-2015,Supplements,high
F-0489-2016,Eggs,high
F-0489-2017,Supplements,high
F-0489-2018,Seafood,high
F-0489-2019,Dairy,high
F-0489-2020,Bakery,medium
F-0489-2021,Supplements,high
F-0489-2022,Supplements,high
F-0489-2023,Prepared/Frozen,high
F-0489-2024,Snacks/Candy,medium
F-0489-2025,Bakery,high
F-0490-2013,Nuts/Seeds,high
F-0490-2014,Produce,low
F-0490-2015,Supplements,high
F-0490-2016,Eggs,high
F-0490-2017,Supplements,high
F-0490-2018,Seafood,medium
F-0490-2019,Dairy,high
F-0490-2020,Bakery,medium
F-0490-2021,Spices/Condiments,medium
F-0490-2022,Supplements,high
F-0490-2023,Prepared/Frozen,high
F-0490-2024,Snacks/Candy,medium
F-0490-2025,Bakery,high
F-0491-2013,Nuts/Seeds,high
F-0491-2014,Prepared/Frozen,medium
F-0491-2015,Supplements,medium
F-0491-2016,Plant Protein,low
F-0491-2017,Supplements,high
F-0491-2018,Seafood,high
F-0491-2019,Dairy,high
F-0491-2020,Snacks/Candy,high
F-0491-2021,Snacks/Candy,high
F-0491-2022,Supplements,high
F-0491-2023,Prepared/Frozen,medium
F-0491-2024,Snacks/Candy,low
F-0491-2025,Bakery,medium
F-0492-2013,Nuts/Seeds,high
F-0492-2014,Prepared/Frozen,high
F-0492-2015,Supplements,high
F-0492-2016,Spices/Condiments,medium
F-0492-2017,Supplements,high
F-0492-2018,Seafood,high
F-0492-2019,Dairy,high
F-0492-2020,Bakery,medium
F-0492-2021,Bakery,high
F-0492-2022,Supplements,medium
F-0492-2023,Prepared/Frozen,high
F-0492-2024,Snacks/Candy,medium
F-0492-2025,Bakery,high
F-0493-2013,Nuts/Seeds,high
F-0493-2014,Prepared/Frozen,high
F-0493-2015,Supplements,medium
F-0493-2016,Spices/Condiments,high
F-0493-2017,Supplements,high
F-0493-2018,Beverages,medium
F-0493-2019,Dairy,medium
F-0493-2020,Bakery,medium
F-0493-2021,Bakery,high
F-0493-2022,Supplements,medium
F-0493-2023,Prepared/Frozen,high
F-0493-2024,Snacks/Candy,medium
F-0493-2025,Bakery,high
F-0494-2013,Nuts/Seeds,high
F-0494-2014,Prepared/Frozen,medium
F-0494-2015,Supplements,high
F-0494-2016,Produce,medium
F-0494-2017,Supplements,high
F-0494-2018,Snacks/Candy,medium
F-0494-2019,Dairy,high
F-0494-2020,Snacks/Candy,medium
F-0494-2021,Supplements,high
F-0494-2022,Supplements,high
F-0494-2023,Prepared/Frozen,medium
F-0494-2024,Snacks/Candy,low
F-0494-2025,Bakery,high
F-0495-2013,Nuts/Seeds,high
F-0495-2014,Prepared/Frozen,high
F-0495-2015,Beverages,high
F-0495-2016,Produce,medium
F-0495-2017,Supplements,high
F-0495-2018,Snacks/Candy,medium
F-0495-2019,Dairy,high
F-0495-2020,Prepared/Frozen,medium
F-0495-2021,Spices/Condiments,high
F-0495-2022,Supplements,high
F-0495-2023,Prepared/Frozen,medium
F-0495-2024,Bakery,medium
F-0495-2025,Bakery,high
F-0496-2013,Nuts/Seeds,high
F-0496-2014,Prepared/Frozen,medium
F-0496-2015,Bakery,medium
F-0496-2016,Spices/Condiments,high
F-0496-2017,Supplements,high
F-0496-2018,Snacks/Candy,medium
F-0496-2019,Dairy,high
F-0496-2020,Prepared/Frozen,medium
F-0496-2021,Spices/Condiments,high
F-0496-2022,Supplements,medium
F-0496-2023,Prepared/Frozen,high
F-0496-2024,Snacks/Candy,low
F-0496-2025,Bakery,medium
F-0497-2013,Nuts/Seeds,high
F-0497-2014,Prepared/Frozen,medium
F-0497-2015,Supplements,medium
F-0497-2016,Produce,medium
F-0497-2017,Supplements,high
F-0497-2018,Snacks/Candy,medium
F-0497-2019,Dairy,high
F-0497-2020,Prepared/Frozen,high
F-0497-2021,Non-Food Item,low
F-0497-2022,Supplements,high
F-0497-2023,Prepared/Frozen,medium
F-0497-2024,Snacks/Candy,medium
F-0497-2025,Bakery,high
F-0498-2013,Nuts/Seeds,high
F-0498-2014,Prepared/Frozen,medium
F-0498-2015,Grains/Cereal,high
F-0498-2016,Spices/Condiments,high
F-0498-2017,Supplements,high
F-0498-2018,Nuts/Seeds,medium
F-0498-2019,Dairy,high
F-0498-2020,Nuts/Seeds,high
F-0498-2021,Supplements,high
F-0498-2022,Supplements,high
F-0498-2023,Prepared/Frozen,high
F-0498-2024,Nuts/Seeds,medium
F-0498-2025,Bakery,high
F-0499-2013,Nuts/Seeds,high
F-0499-2014,Prepared/Frozen,medium
F-0499-2015,Snacks/Candy,high
F-0499-2016,Spices/Condiments,medium
F-0499-2017,Supplements,high
F-0499-2019,Dairy,high
F-0499-2020,Grains/Cereal,medium
F-0499-2021,Supplements,high
F-0499-2022,Supplements,high
F-0499-2023,Prepared/Frozen,high
F-0499-2024,Nuts/Seeds,medium
F-0499-2025,Bakery,high
F-0500-2013,Nuts/Seeds,high
F-0500-2014,Prepared/Frozen,high
F-0500-2015,Snacks/Candy,high
F-0500-2016,Produce,medium
F-0500-2017,Supplements,high
F-0500-2018,Beverages,high
F-0500-2019,Dairy,high
F-0500-2020,Snacks/Candy,medium
F-0500-2021,Supplements,high
F-0500-2022,Supplements,medium
F-0500-2023,Produce,medium
F-0500-2024,Produce,medium
F-0500-2025,Bakery,high
F-0501-2013,Nuts/Seeds,high
F-0501-2014,Prepared/Frozen,medium
F-0501-2015,Snacks/Candy,high
F-0501-2016,Eggs,high
F-0501-2017,Beverages,high
F-0501-2018,Spices/Condiments,high
F-0501-2019,Dairy,high
F-0501-2020,Beverages,high
F-0501-2021,Supplements,high
F-0501-2022,Supplements,low
F-0501-2023,Prepared/Frozen,high
F-0501-2024,Spices/Condiments,medium
F-0501-2025,Bakery,high
F-0502-2013,Nuts/Seeds,high
F-0502-2014,Prepared/Frozen,medium
F-0502-2015,Snacks/Candy,high
F-0502-2016,Beverages,high
F-0502-2017,Dairy,high
F-0502-2018,Spices/Condiments,high
F-0502-2019,Dairy,high
F-0502-2020,Beverages,high
F-0502-2021,Supplements,high
F-0502-2022,Supplements,medium
F-0502-2023,Prepared/Frozen,high
F-0502-2024,Dairy,high
F-0502-2025,Bakery,high
F-0503-2013,Nuts/Seeds,high
F-0503-2014,Produce,low
F-0503-2015,Snacks/Candy,high
F-0503-2016,Beverages,high
F-0503-2017,Snacks/Candy,high
F-0503-2018,Bakery,high
F-0503-2019,Dairy,high
F-0503-2020,Prepared/Frozen,medium
F-0503-2021,Supplements,high
F-0503-2022,Prepared/Frozen,medium
F-0503-2023,Prepared/Frozen,high
F-0503-2024,Prepared/Frozen,high
F-0503-2025,Bakery,high
F-0504-2013,Nuts/Seeds,high
F-0504-2014,Prepared/Frozen,high
F-0504-2015,Prepared/Frozen,high
F-0504-2016,Beverages,high
F-0504-2017,Dairy,high
F-0504-2018,Snacks/Candy,medium
F-0504-2019,Dairy,high
F-0504-2020,Prepared/Frozen,medium
F-0504-2021,Supplements,high
F-0504-2022,Snacks/Candy,low
F-0504-2023,Prepared/Frozen,high
F-0504-2024,Supplements,high
F-0504-2025,Bakery,high
F-0505-2013,Nuts/Seeds,high
F-0505-2014,Prepared/Frozen,high
F-0505-2015,Bakery,high
F-0505-2016,Beverages,high
F-0505-2017,Bakery,medium
F-0505-2018,Snacks/Candy,medium
F-0505-2019,Dairy,high
F-0505-2020,Dairy,high
F-0505-2021,Supplements,high
F-0505-2022,Seafood,high
F-0505-2023,Prepared/Frozen,high
F-0505-2024,Supplements,high
F-0505-2025,Bakery,high
F-0506-2013,Nuts/Seeds,high
F-0506-2014,Prepared/Frozen,high
F-0506-2016,Beverages,high
F-0506-2017,Bakery,medium
F-0506-2018,Spices/Condiments,high
F-0506-2019,Dairy,high
F-0506-2020,Nuts/Seeds,high
F-0506-2021,Supplements,high
F-0506-2022,Spices/Condiments,medium
F-0506-2023,Prepared/Frozen,low
F-0506-2024,Spices/Condiments,high
F-0506-2025,Bakery,high
F-0507-2013,Nuts/Seeds,high
F-0507-2014,Prepared/Frozen,medium
F-0507-2015,Produce,high
F-0507-2016,Beverages,high
F-0507-2017,Bakery,medium
F-0507-2018,Spices/Condiments,high
F-0507-2019,Dairy,high
F-0507-2020,Prepared/Frozen,low
F-0507-2021,Supplements,high
F-0507-2022,Seafood,medium
F-0507-2023,Dairy,medium
F-0507-2024,Spices/Condiments,high
F-0507-2025,Bakery,medium
F-0508-2013,Nuts/Seeds,high
F-0508-2014,Produce,low
F-0508-2015,Produce,high
F-0508-2016,Seafood,high
F-0508-2017,Bakery,medium
F-0508-2018,Snacks/Candy,medium
F-0508-2019,Dairy,high
F-0508-2020,Prepared/Frozen,medium
F-0508-2021,Supplements,high
F-0508-2022,Seafood,low
F-0508-2023,Dairy,high
F-0508-2024,Dairy,medium
F-0508-2025,Bakery,high
F-0509-2013,Nuts/Seeds,high
F-0509-2014,Prepared/Frozen,medium
F-0509-2015,Produce,high
F-0509-2016,Seafood,high
F-0509-2017,Bakery,high
F-0509-2018,Snacks/Candy,medium
F-0509-2019,Dairy,high
F-0509-2020,Prepared/Frozen,medium
F-0509-2021,Supplements,high
F-0509-2022,Produce,medium
F-0509-2023,Prepared/Frozen,high
F-0509-2024,Dairy,medium
F-0509-2025,Bakery,high
F-0510-2013,Nuts/Seeds,high
F-0510-2014,Prepared/Frozen,medium
F-0510-2015,Produce,high
F-0510-2016,Snacks/Candy,low
F-0510-2017,Bakery,medium
F-0510-2018,Snacks/Candy,medium
F-0510-2019,Dairy,high
F-0510-2020,Dairy,high
F-0510-2021,Supplements,medium
F-0510-2022,Spices/Condiments,medium
F-0510-2023,Prepared/Frozen,high
F-0510-2024,Beverages,high
F-0510-2025,Bakery,high
F-0511-2013,Nuts/Seeds,high
F-0511-2014,Prepared/Frozen,medium
F-0511-2015,Produce,high
F-0511-2016,Beverages,high
F-0511-2017,Uncategorized,low
F-0511-2018,Snacks/Candy,medium
F-0511-2019,Dairy,high
F-0511-2020,Dairy,high
F-0511-2021,Supplements,high
F-0511-2022,Spices/Condiments,high
F-0511-2023,Prepared/Frozen,high
F-0511-2024,Dairy,medium
F-0511-2025,Bakery,high
F-0512-2013,Nuts/Seeds,high
F-0512-2014,Prepared/Frozen,high
F-0512-2015,Spices/Condiments,high
F-0512-2016,Prepared/Frozen,medium
F-0512-2017,Bakery,medium
F-0512-2018,Snacks/Candy,high
F-0512-2019,Dairy,high
F-0512-2020,Dairy,high
F-0512-2021,Supplements,high
F-0512-2022,Plant Protein,low
F-0512-2023,Prepared/Frozen,high
F-0512-2024,Dairy,medium
F-0512-2025,Bakery,high
F-0513-2013,Nuts/Seeds,medium
F-0513-2014,Prepared/Frozen,medium
F-0513-2015,Bakery,medium
F-0513-2016,Snacks/Candy,medium
F-0513-2017,Bakery,medium
F-0513-2018,Snacks/Candy,medium
F-0513-2019,Dairy,high
F-0513-2020,Dairy,high
F-0513-2021,Grains/Cereal,medium
F-0513-2022,Produce,low
F-0513-2023,Prepared/Frozen,high
F-0513-2024,Dairy,medium
F-0513-2025,Bakery,high
F-0514-2013,Nuts/Seeds,medium
F-0514-2014,Prepared/Frozen,medium
F-0514-2015,Bakery,medium
F-0514-2016,Nuts/Seeds,high
F-0514-2017,Bakery,medium
F-0514-2018,Prepared/Frozen,medium
F-0514-2019,Dairy,high
F-0514-2020,Snacks/Candy,high
F-0514-2021,Grains/Cereal,medium
F-0514-2022,Spices/Condiments,medium
F-0514-2023,Prepared/Frozen,high
F-0514-2024,Dairy,medium
F-0514-2025,Bakery,high
F-0515-2014,Prepared/Frozen,medium
F-0515-2015,Bakery,medium
F-0515-2016,Produce,high
F-0515-2017,Bakery,medium
F-0515-2019,Dairy,high
F-0515-2020,Prepared/Frozen,medium
F-0515-2021,Grains/Cereal,medium
F-0515-2022,Spices/Condiments,medium
F-0515-2023,Prepared/Frozen,medium
F-0515-2024,Dairy,medium
F-0515-2025,Bakery,high
F-0516-2013,Dairy,high
F-0516-2014,Prepared/Frozen,high
F-0516-2015,Bakery,medium
F-0516-2016,Bakery,high
F-0516-2017,Bakery,high
F-0516-2018,Bakery,high
F-0516-2019,Dairy,high
F-0516-2020,Produce,high
F-0516-2021,Grains/Cereal,medium
F-0516-2022,Produce,medium
F-0516-2023,Prepared/Frozen,high
F-0516-2024,Dairy,high
F-0516-2025,Bakery,high
F-0517-2013,Spices/Condiments,high
F-0517-2014,Prepared/Frozen,medium
F-0517-2015,Bakery,high
F-0517-2016,Bakery,high
F-0517-2017,Bakery,medium
F-0517-2018,Snacks/Candy,high
F-0517-2019,Dairy,high
F-0517-2020,Produce,low
F-0517-2021,Grains/Cereal,medium
F-0517-2022,Spices/Condiments,medium
F-0517-2023,Dairy,medium
F-0517-2024,Dairy,high
F-0517-2025,Bakery,high
F-0518-2013,Produce,high
F-0518-2014,Prepared/Frozen,high
F-0518-2015,Bakery,medium
F-0518-2016,Bakery,high
F-0518-2017,Bakery,medium
F-0518-2018,Snacks/Candy,medium
F-0518-2019,Dairy,high
F-0518-2020,Produce,low
F-0518-2021,Grains/Cereal,medium
F-0518-2022,Produce,medium
F-0518-2023,Prepared/Frozen,medium
F-0518-2024,Dairy,medium
F-0518-2025,Bakery,high
F-0519-2014,Prepared/Frozen,medium
F-0519-2015,Bakery,medium
F-0519-2016,Bakery,high
F-0519-2017,Bakery,medium
F-0519-2018,Produce,medium
F-0519-2019,Dairy,high
F-0519-2020,Plant Protein,high
F-0519-2021,Grains/Cereal,medium
F-0519-2022,Supplements,medium
F-0519-2023,Prepared/Frozen,medium
F-0519-2024,Dairy,medium
F-0519-2025,Bakery,high
F-0520-2013,Nuts/Seeds,high
F-0520-2014,Prepared/Frozen,medium
F-0520-2015,Bakery,medium
F-0520-2016,Bakery,high
F-0520-2017,Bakery,medium
F-0520-2018,Dairy,high
F-0520-2019,Dairy,high
F-0520-2020,Plant Protein,medium
F-0520-2021,Grains/Cereal,medium
F-0520-2022,Spices/Condiments,high
F-0520-2023,Prepared/Frozen,high
F-0520-2024,Dairy,high
F-0520-2025,Bakery,high
F-0521-2013,Nuts/Seeds,high
F-0521-2014,Prepared/Frozen,high
F-0521-2015,Bakery,low
F-0521-2016,Bakery,high
F-0521-2017,Bakery,low
F-0521-2018,Bakery,high
F-0521-2019,Dairy,high
F-0521-2020,Plant Protein,medium
F-0521-2021,Grains/Cereal,medium
F-0521-2022,Spices/Condiments,high
F-0521-2023,Prepared/Frozen,high
F-0521-2024,Dairy,high
F-0521-2025,Bakery,high
F-0522-2013,Nuts/Seeds,high
F-0522-2014,Prepared/Frozen,high
F-0522-2015,Bakery,medium
F-0522-2016,Bakery,high
F-0522-2017,Bakery,medium
F-0522-2018,Nuts/Seeds,high
F-0522-2019,Dairy,high
F-0522-2020,Plant Protein,high
F-0522-2021,Grains/Cereal,medium
F-0522-2022,Supplements,high
F-0522-2023,Bakery,high
F-0522-2024,Dairy,high
F-0522-2025,Bakery,high
F-0523-2013,Nuts/Seeds,high
F-0523-2014,Produce,low
F-0523-2015,Bakery,high
F-0523-2016,Bakery,high
F-0523-2017,Bakery,medium
F-0523-2018,Nuts/Seeds,high
F-0523-2019,Dairy,high
F-0523-2020,Seafood,high
F-0523-2021,Grains/Cereal,medium
F-0523-2022,Produce,high
F-0523-2023,Produce,medium
F-0523-2024,Dairy,high
F-0523-2025,Bakery,high
F-0524-2013,Nuts/Seeds,high
F-0524-2014,Prepared/Frozen,medium
F-0524-2015,Bakery,medium
F-0524-2016,Bakery,high
F-0524-2017,Bakery,medium
F-0524-2018,Spices/Condiments,high
F-0524-2019,Dairy,high
F-0524-2020,Seafood,high
F-0524-2021,Grains/Cereal,medium
F-0524-2022,Produce,medium
F-0524-2023,Dairy,medium
F-0524-2024,Dairy,high
F-0524-2025,Bakery,high
F-0525-2013,Nuts/Seeds,high
F-0525-2014,Prepared/Frozen,medium
F-0525-2015,Supplements,high
F-0525-2016,Bakery,high
F-0525-2017,Bakery,low
F-0525-2018,Dairy,high
F-0525-2019,Dairy,high
F-0525-2020,Seafood,high
F-0525-2021,Grains/Cereal,medium
F-0525-2022,Produce,medium
F-0525-2023,Bakery,high
F-0525-2024,Dairy,high
F-0525-2025,Bakery,high
F-0526-2013,Nuts/Seeds,medium
F-0526-2014,Prepared/Frozen,medium
F-0526-2015,Supplements,high
F-0526-2016,Supplements,high
F-0526-2017,Bakery,medium
F-0526-2018,Snacks/Candy,medium
F-0526-2019,Dairy,high
F-0526-2020,Spices/Condiments,high
F-0526-2021,Grains/Cereal,medium
F-0526-2022,Produce,medium
F-0526-2023,Prepared/Frozen,high
F-0526-2024,Dairy,high
F-0526-2025,Bakery,high
F-0527-2013,Nuts/Seeds,high
F-0527-2014,Prepared/Frozen,medium
F-0527-2015,Supplements,high
F-0527-2016,Produce,high
F-0527-2017,Snacks/Candy,medium
F-0527-2018,Nuts/Seeds,medium
F-0527-2019,Dairy,high
F-0527-2020,Prepared/Frozen,medium
F-0527-2021,Grains/Cereal,medium
F-0527-2022,Produce,medium
F-0527-2023,Prepared/Frozen,high
F-0527-2024,Dairy,high
F-0527-2025,Bakery,high
F-0528-2013,Nuts/Seeds,high
F-0528-2014,Prepared/Frozen,medium
F-0528-2015,Dairy,high
F-0528-2016,Produce,high
F-0528-2017,Prepared/Frozen,high
F-0528-2018,Nuts/Seeds,medium
F-0528-2019,Dairy,high
F-0528-2020,Prepared/Frozen,medium
F-0528-2021,Grains/Cereal,medium
F-0528-2022,Produce,medium
F-0528-2023,Prepared/Frozen,medium
F-0528-2024,Dairy,high
F-0528-2025,Bakery,high
F-0529-2013,Nuts/Seeds,medium
F-0529-2014,Prepared/Frozen,medium
F-0529-2015,Prepared/Frozen,medium
F-0529-2016,Bakery,high
F-0529-2017,Supplements,medium
F-0529-2018,Snacks/Candy,high
F-0529-2019,Dairy,high
F-0529-2020,Prepared/Frozen,medium
F-0529-2021,Grains/Cereal,medium
F-0529-2022,Produce,high
F-0529-2023,Prepared/Frozen,medium
F-0529-2024,Dairy,high
F-0529-2025,Bakery,high
F-0530-2013,Nuts/Seeds,high
F-0530-2014,Prepared/Frozen,medium
F-0530-2015,Grains/Cereal,medium
F-0530-2016,Bakery,high
F-0530-2017,Supplements,medium
F-0530-2018,Snacks/Candy,high
F-0530-2019,Dairy,high
F-0530-2020,Seafood,medium
F-0530-2021,Grains/Cereal,medium
F-0530-2022,Produce,high
F-0530-2023,Prepared/Frozen,medium
F-0530-2024,Dairy,high
F-0530-2025,Supplements,high
F-0531-2013,Nuts/Seeds,high
F-0531-2014,Prepared/Frozen,medium
F-0531-2015,Grains/Cereal,low
F-0531-2016,Bakery,high
F-0531-2017,Supplements,low
F-0531-2018,Snacks/Candy,high
F-0531-2019,Dairy,high
F-0531-2020,Seafood,high
F-0531-2021,Grains/Cereal,medium
F-0531-2022,Produce,medium
F-0531-2023,Bakery,high
F-0531-2024,Dairy,high
F-0531-2025,Bakery,high
F-0532-2013,Nuts/Seeds,high
F-0532-2014,Prepared/Frozen,medium
F-0532-2015,Grains/Cereal,medium
F-0532-2016,Snacks/Candy,high
F-0532-2017,Snacks/Candy,medium
F-0532-2018,Snacks/Candy,high
F-0532-2019,Dairy,high
F-0532-2020,Seafood,high
F-0532-2021,Grains/Cereal,medium
F-0532-2022,Produce,medium
F-0532-2023,Prepared/Frozen,high
F-0532-2024,Dairy,high
F-0532-2025,Grains/Cereal,medium
F-0533-2013,Nuts/Seeds,high
F-0533-2014,Prepared/Frozen,medium
F-0533-2015,Grains/Cereal,medium
F-0533-2016,Seafood,high
F-0533-2017,Bakery,high
F-0533-2018,Snacks/Candy,high
F-0533-2019,Dairy,high
F-0533-2020,Seafood,high
F-0533-2021,Grains/Cereal,medium
F-0533-2022,Produce,medium
F-0533-2023,Produce,medium
F-0533-2024,Dairy,high
F-0533-2025,Grains/Cereal,medium
F-0534-2013,Nuts/Seeds,high
F-0534-2014,Prepared/Frozen,high
F-0534-2015,Spices/Condiments,high
F-0534-2017,Bakery,high
F-0534-2018,Produce,medium
F-0534-2019,Dairy,high
F-0534-2020,Seafood,high
F-0534-2021,Spices/Condiments,medium
F-0534-2022,Produce,medium
F-0534-2023,Prepared/Frozen,medium
F-0534-2024,Dairy,high
F-0534-2025,Seafood,high
F-0535-2013,Nuts/Seeds,high
F-0535-2014,Prepared/Frozen,high
F-0535-2015,Snacks/Candy,high
F-0535-2016,Seafood,high
F-0535-2017,Bakery,medium
F-0535-2018,Seafood,high
F-0535-2019,Dairy,high
F-0535-2020,Seafood,medium
F-0535-2021,Nuts/Seeds,high
F-0535-2022,Produce,medium
F-0535-2023,Produce,high
F-0535-2024,Dairy,high
F-0535-2025,Bakery,medium
F-0536-2013,Nuts/Seeds,high
F-0536-2014,Prepared/Frozen,medium
F-0536-2015,Grains/Cereal,high
F-0536-2016,Supplements,high
F-0536-2017,Bakery,high
F-0536-2018,Seafood,high
F-0536-2019,Dairy,high
F-0536-2020,Seafood,medium
F-0536-2021,Prepared/Frozen,medium
F-0536-2022,Produce,medium
F-0536-2023,Produce,high
F-0536-2024,Dairy,high
F-0536-2025,Snacks/Candy,high
F-0537-2013,Nuts/Seeds,high
F-0537-2014,Prepared/Frozen,medium
F-0537-2015,Grains/Cereal,high
F-0537-2016,Supplements,high
F-0537-2017,Bakery,high
F-0537-2018,Seafood,high
F-0537-2019,Dairy,high
F-0537-2020,Seafood,medium
F-0537-2021,Plant Protein,medium
F-0537-2022,Produce,medium
F-0537-2023,Produce,high
F-0537-2024,Dairy,high
F-0537-2025,Snacks/Candy,high
F-0538-2013,Nuts/Seeds,medium
F-0538-2014,Prepared/Frozen,high
F-0538-2015,Nuts/Seeds,high
F-0538-2016,Supplements,high
F-0538-2017,Bakery,high
F-0538-2018,Seafood,high
F-0538-2019,Dairy,high
F-0538-2020,Seafood,medium
F-0538-2021,Plant Protein,high
F-0538-2022,Prepared/Frozen,medium
F-0538-2023,Produce,high
F-0538-2024,Dairy,medium
F-0538-2025,Snacks/Candy,high
F-0539-2013,Nuts/Seeds,high
F-0539-2014,Prepared/Frozen,medium
F-0539-2015,Nuts/Seeds,high
F-0539-2016,Supplements,high
F-0539-2017,Bakery,high
F-0539-2018,Seafood,high
F-0539-2019,Dairy,high
F-0539-2020,Prepared/Frozen,medium
F-0539-2021,Nuts/Seeds,high
F-0539-2022,Produce,medium
F-0539-2023,Produce,high
F-0539-2024,Dairy,medium
F-0539-2025,Snacks/Candy,high
F-0540-2013,Nuts/Seeds,high
F-0540-2014,Prepared/Frozen,high
F-0540-2015,Nuts/Seeds,high
F-0540-2016,Supplements,high
F-0540-2017,Bakery,high
F-0540-2018,Seafood,high
F-0540-2019,Dairy,high
F-0540-2020,Seafood,high
F-0540-2021,Supplements,high
F-0540-2022,Produce,medium
F-0540-2023,Produce,high
F-0540-2024,Dairy,medium
F-0540-2025,Snacks/Candy,medium
F-0541-2013,Nuts/Seeds,high
F-0541-2014,Prepared/Frozen,medium
F-0541-2015,Nuts/Seeds,high
F-0541-2016,Supplements,high
F-0541-2017,Bakery,low
F-0541-2018,Seafood,high
F-0541-2019,Dairy,high
F-0541-2020,Seafood,high
F-0541-2021,Supplements,high
F-0541-2022,Produce,medium
F-0541-2023,Produce,high
F-0541-2024,Dairy,medium
F-0541-2025,Snacks/Candy,high
F-0542-2013,Nuts/Seeds,high
F-0542-2014,Prepared/Frozen,high
F-0542-2015,Nuts/Seeds,high
F-0542-2016,Supplements,high
F-0542-2017,Bakery,low
F-0542-2018,Seafood,high
F-0542-2019,Dairy,high
F-0542-2020,Seafood,high
F-0542-2021,Supplements,high
F-0542-2022,Produce,medium
F-0542-2023,Produce,medium
F-0542-2024,Dairy,high
F-0542-2025,Snacks/Candy,high
F-0543-2013,Nuts/Seeds,high
F-0543-2014,Prepared/Frozen,high
F-0543-2015,Nuts/Seeds,high
F-0543-2016,Supplements,high
F-0543-2017,Bakery,high
F-0543-2018,Seafood,high
F-0543-2019,Dairy,high
F-0543-2020,Prepared/Frozen,medium
F-0543-2021,Supplements,high
F-0543-2022,Produce,medium
F-0543-2023,Produce,medium
F-0543-2024,Dairy,medium
F-0543-2025,Snacks/Candy,medium
F-0544-2013,Nuts/Seeds,high
F-0544-2014,Prepared/Frozen,medium
F-0544-2015,Nuts/Seeds,high
F-0544-2016,Supplements,high
F-0544-2017,Bakery,high
F-0544-2018,Seafood,high
F-0544-2019,Dairy,high
F-0544-2020,Seafood,high
F-0544-2021,Spices/Condiments,medium
F-0544-2022,Produce,medium
F-0544-2023,Prepared/Frozen,high
F-0544-2024,Snacks/Candy,medium
F-0544-2025,Snacks/Candy,medium
F-0545-2013,Nuts/Seeds,high
F-0545-2014,Prepared/Frozen,high
F-0545-2015,Nuts/Seeds,high
F-0545-2017,Bakery,high
F-0545-2018,Dairy,medium
F-0545-2019,Dairy,high
F-0545-2020,Seafood,low
F-0545-2021,Snacks/Candy,medium
F-0545-2022,Produce,medium
F-0545-2023,Prepared/Frozen,high
F-0545-2024,Dairy,medium
F-0545-2025,Snacks/Candy,medium
F-0546-2013,Nuts/Seeds,high
F-0546-2014,Prepared/Frozen,high
F-0546-2015,Nuts/Seeds,high
F-0546-2016,Snacks/Candy,high
F-0546-2017,Bakery,high
F-0546-2018,Dairy,medium
F-0546-2019,Dairy,high
F-0546-2020,Prepared/Frozen,low
F-0546-2021,Nuts/Seeds,high
F-0546-2022,Produce,medium
F-0546-2023,Prepared/Frozen,high
F-0546-2024,Dairy,medium
F-0546-2025,Snacks/Candy,high
F-0547-2013,Nuts/Seeds,high
F-0547-2014,Prepared/Frozen,medium
F-0547-2015,Nuts/Seeds,high
F-0547-2016,Snacks/Candy,high
F-0547-2017,Bakery,medium
F-0547-2018,Dairy,medium
F-0547-2019,Dairy,high
F-0547-2020,Seafood,high
F-0547-2021,Produce,high
F-0547-2022,Produce,medium
F-0547-2023,Prepared/Frozen,high
F-0547-2024,Dairy,medium
F-0547-2025,Snacks/Candy,low
F-0548-2013,Nuts/Seeds,high
F-0548-2014,Prepared/Frozen,low
F-0548-2015,Nuts/Seeds,high
F-0548-2016,Snacks/Candy,high
F-0548-2017,Bakery,high
F-0548-2018,Dairy,medium
F-0548-2019,Dairy,high
F-0548-2020,Seafood,high
F-0548-2021,Plant Protein,high
F-0548-2022,Produce,medium
F-0548-2023,Prepared/Frozen,high
F-0548-2024,Dairy,medium
F-0548-2025,Snacks/Candy,high
F-0549-2013,Nuts/Seeds,high
F-0549-2014,Prepared/Frozen,medium
F-0549-2015,Nuts/Seeds,high
F-0549-2016,Snacks/Candy,high
F-0549-2017,Prepared/Frozen,medium
F-0549-2018,Dairy,medium
F-0549-2019,Dairy,high
F-0549-2020,Seafood,medium
F-0549-2021,Plant Protein,high
F-0549-2022,Produce,medium
F-0549-2023,Prepared/Frozen,high
F-0549-2024,Dairy,medium
F-0549-2025,Snacks/Candy,high
F-0550-2013,Nuts/Seeds,medium
F-0550-2014,Prepared/Frozen,low
F-0550-2015,Nuts/Seeds,high
F-0550-2016,Snacks/Candy,high
F-0550-2017,Prepared/Frozen,medium
F-0550-2018,Seafood,low
F-0550-2019,Dairy,high
F-0550-2020,Prepared/Frozen,medium
F-0550-2021,Plant Protein,high
F-0550-2022,Produce,medium
F-0550-2023,Prepared/Frozen,high
F-0550-2024,Dairy,medium
F-0550-2025,Snacks/Candy,high
F-0551-2013,Nuts/Seeds,high
F-0551-2014,Prepared/Frozen,medium
F-0551-2015,Nuts/Seeds,high
F-0551-2016,Bakery,high
F-0551-2017,Prepared/Frozen,medium
F-0551-2018,Seafood,high
F-0551-2019,Dairy,high
F-0551-2020,Prepared/Frozen,medium
F-0551-2021,Bakery,high
F-0551-2022,Produce,medium
F-0551-2023,Prepared/Frozen,high
F-0551-2024,Dairy,medium
F-0551-2025,Bakery,high
F-0552-2013,Bakery,high
F-0552-2014,Prepared/Frozen,medium
F-0552-2015,Nuts/Seeds,high
F-0552-2016,Bakery,high
F-0552-2017,Prepared/Frozen,low
F-0552-2018,Seafood,high
F-0552-2019,Dairy,high
F-0552-2020,Seafood,high
F-0552-2021,Bakery,high
F-0552-2022,Produce,medium
F-0552-2023,Eggs,medium
F-0552-2024,Dairy,high
F-0552-2025,Snacks/Candy,high
F-0553-2013,Bakery,medium
F-0553-2014,Prepared/Frozen,high
F-0553-2015,Nuts/Seeds,high
F-0553-2016,Bakery,high
F-0553-2017,Prepared/Frozen,medium
F-0553-2018,Seafood,high
F-0553-2019,Dairy,high
F-0553-2020,Prepared/Frozen,medium
F-0553-2021,Bakery,high
F-0553-2022,Produce,high
F-0553-2023,Bakery,high
F-0553-2024,Dairy,medium
F-0553-2025,Bakery,medium
F-0554-2013,Bakery,high
F-0554-2014,Prepared/Frozen,medium
F-0554-2015,Nuts/Seeds,high
F-0554-2016,Bakery,high
F-0554-2017,Prepared/Frozen,medium
F-0554-2018,Spices/Condiments,high
F-0554-2019,Dairy,high
F-0554-2020,Prepared/Frozen,medium
F-0554-2021,Bakery,high
F-0554-2022,Produce,high
F-0554-2023,Prepared/Frozen,high
F-0554-2024,Dairy,medium
F-0554-2025,Produce,medium
F-0555-2013,Snacks/Candy,medium
F-0555-2014,Prepared/Frozen,medium
F-0555-2015,Nuts/Seeds,high
F-0555-2016,Bakery,high
F-0555-2017,Dairy,high
F-0555-2018,Snacks/Candy,high
F-0555-2019,Dairy,high
F-0555-2020,Prepared/Frozen,medium
F-0555-2021,Plant Protein,low
F-0555-2022,Produce,medium
F-0555-2023,Prepared/Frozen,high
F-0555-2024,Dairy,medium
F-0555-2025,Snacks/Candy,high
F-0556-2013,Dairy,high
F-0556-2014,Prepared/Frozen,medium
F-0556-2015,Nuts/Seeds,high
F-0556-2016,Bakery,high
F-0556-2017,Dairy,high
F-0556-2018,Produce,high
F-0556-2019,Dairy,high
F-0556-2020,Prepared/Frozen,medium
F-0556-2021,Plant Protein,medium
F-0556-2022,Produce,high
F-0556-2023,Prepared/Frozen,high
F-0556-2024,Dairy,medium
F-0556-2025,Snacks/Candy,high
F-0557-2013,Dairy,medium
F-0557-2014,Prepared/Frozen,high
F-0557-2015,Nuts/Seeds,high
F-0557-2016,Bakery,high
F-0557-2017,Dairy,high
F-0557-2018,Plant Protein,high
F-0557-2019,Dairy,high
F-0557-2020,Prepared/Frozen,low
F-0557-2021,Plant Protein,medium
F-0557-2022,Produce,high
F-0557-2023,Prepared/Frozen,high
F-0557-2024,Dairy,medium
F-0557-2025,Snacks/Candy,high
F-0558-2013,Seafood,high
F-0558-2014,Prepared/Frozen,high
F-0558-2015,Nuts/Seeds,high
F-0558-2016,Bakery,high
F-0558-2017,Dairy,high
F-0558-2018,Plant Protein,high
F-0558-2019,Dairy,high
F-0558-2020,Prepared/Frozen,medium
F-0558-2021,Spices/Condiments,medium
F-0558-2022,Produce,medium
F-0558-2023,Prepared/Frozen,high
F-0558-2024,Dairy,medium
F-0558-2025,Snacks/Candy,high
F-0559-2013,Nuts/Seeds,high
F-0559-2014,Prepared/Frozen,medium
F-0559-2015,Nuts/Seeds,high
F-0559-2016,Bakery,medium
F-0559-2017,Grains/Cereal,medium
F-0559-2018,Prepared/Frozen,high
F-0559-2019,Dairy,high
F-0559-2020,Bakery,high
F-0559-2021,Spices/Condiments,high
F-0559-2022,Produce,medium
F-0559-2023,Bakery,medium
F-0559-2024,Dairy,medium
F-0559-2025,Snacks/Candy,high
F-0560-2013,Nuts/Seeds,high
F-0560-2014,Prepared/Frozen,high
F-0560-2015,Nuts/Seeds,high
F-0560-2016,Bakery,high
F-0560-2017,Seafood,medium
F-0560-2018,Bakery,high
F-0560-2019,Dairy,high
F-0560-2020,Spices/Condiments,high
F-0560-2021,Prepared/Frozen,high
F-0560-2022,Produce,medium
F-0560-2023,Prepared/Frozen,high
F-0560-2024,Dairy,high
F-0560-2025,Snacks/Candy,high
F-0561-2013,Nuts/Seeds,high
F-0561-2014,Prepared/Frozen,medium
F-0561-2015,Nuts/Seeds,high
F-0561-2016,Bakery,high
F-0561-2017,Beverages,high
F-0561-2018,Bakery,high
F-0561-2019,Dairy,high
F-0561-2020,Grains/Cereal,high
F-0561-2021,Prepared/Frozen,high
F-0561-2022,Produce,high
F-0561-2023,Prepared/Frozen,high
F-0561-2024,Dairy,medium
F-0561-2025,Snacks/Candy,high
F-0562-2013,Nuts/Seeds,high
F-0562-2014,Prepared/Frozen,medium
F-0562-2015,Nuts/Seeds,high
F-0562-2016,Bakery,high
F-0562-2017,Prepared/Frozen,medium
F-0562-2018,Dairy,high
F-0562-2019,Dairy,high
F-0562-2020,Spices/Condiments,high
F-0562-2021,Prepared/Frozen,high
F-0562-2022,Produce,high
F-0562-2023,Produce,low
F-0562-2024,Dairy,medium
F-0562-2025,Snacks/Candy,high
F-0563-2013,Dairy,high
F-0563-2014,Prepared/Frozen,medium
F-0563-2015,Nuts/Seeds,high
F-0563-2016,Bakery,high
F-0563-2017,Dairy,high
F-0563-2018,Seafood,high
F-0563-2019,Dairy,high
F-0563-2020,Snacks/Candy,medium
F-0563-2021,Beverages,high
F-0563-2022,Produce,medium
F-0563-2023,Prepared/Frozen,high
F-0563-2024,Dairy,medium
F-0563-2025,Grains/Cereal,medium
F-0564-2013,Dairy,high
F-0564-2014,Prepared/Frozen,high
F-0564-2015,Nuts/Seeds,high
F-0564-2016,Bakery,high
F-0564-2017,Dairy,high
F-0564-2018,Dairy,high
F-0564-2019,Dairy,high
F-0564-2020,Snacks/Candy,medium
F-0564-2021,Beverages,high
F-0564-2022,Produce,medium
F-0564-2023,Prepared/Frozen,high
F-0564-2024,Dairy,medium
F-0564-2025,Produce,high
F-0565-2013,Prepared/Frozen,medium
F-0565-2014,Prepared/Frozen,high
F-0565-2015,Bakery,medium
F-0565-2016,Beverages,high
F-0565-2017,Dairy,high
F-0565-2018,Bakery,high
F-0565-2019,Dairy,high
F-0565-2020,Seafood,medium
F-0565-2021,Beverages,high
F-0565-2022,Produce,high
F-0565-2023,Prepared/Frozen,medium
F-0565-2024,Dairy,medium
F-0565-2025,Produce,low
F-0566-2013,Bakery,medium
F-0566-2014,Prepared/Frozen,medium
F-0566-2015,Bakery,medium
F-0566-2016,Spices/Condiments,high
F-0566-2017,Dairy,high
F-0566-2018,Seafood,high
F-0566-2019,Dairy,high
F-0566-2020,Bakery,high
F-0566-2021,Beverages,high
F-0566-2022,Produce,medium
F-0566-2023,Prepared/Frozen,high
F-0566-2024,Dairy,high
F-0566-2025,Prepared/Frozen,medium
F-0567-2013,Prepared/Frozen,medium
F-0567-2014,Produce,high
F-0567-2015,Spices/Condiments,high
F-0567-2016,Spices/Condiments,high
F-0567-2017,Dairy,high
F-0567-2018,Produce,medium
F-0567-2019,Dairy,high
F-0567-2020,Prepared/Frozen,medium
F-0567-2021,Produce,high
F-0567-2022,Produce,high
F-0567-2023,Prepared/Frozen,high
F-0567-2024,Nuts/Seeds,medium
F-0567-2025,Supplements,high
F-0568-2013,Prepared/Frozen,medium
F-0568-2014,Produce,high
F-0568-2015,Bakery,medium
F-0568-2016,Spices/Condiments,high
F-0568-2017,Dairy,high
F-0568-2018,Spices/Condiments,low
F-0568-2019,Dairy,high
F-0568-2020,Eggs,high
F-0568-2021,Dairy,medium
F-0568-2022,Produce,high
F-0568-2023,Dairy,medium
F-0568-2024,Produce,high
F-0568-2025,Produce,high
F-0569-2013,Snacks/Candy,high
F-0569-2014,Produce,high
F-0569-2015,Prepared/Frozen,low
F-0569-2016,Produce,high
F-0569-2017,Dairy,high
F-0569-2018,Prepared/Frozen,high
F-0569-2019,Dairy,high
F-0569-2020,Seafood,high
F-0569-2021,Dairy,medium
F-0569-2022,Produce,high
F-0569-2023,Prepared/Frozen,high
F-0569-2024,Produce,high
F-0569-2025,Produce,high
F-0570-2013,Snacks/Candy,high
F-0570-2014,Produce,high
F-0570-2015,Spices/Condiments,medium
F-0570-2016,Produce,high
F-0570-2017,Nuts/Seeds,high
F-0570-2018,Spices/Condiments,medium
F-0570-2019,Dairy,high
F-0570-2020,Plant Protein,high
F-0570-2021,Dairy,low
F-0570-2022,Produce,medium
F-0570-2023,Prepared/Frozen,high
F-0570-2024,Seafood,high
F-0570-2025,Spices/Condiments,medium
F-0571-2013,Snacks/Candy,high
F-0571-2014,Produce,medium
F-0571-2015,Spices/Condiments,low
F-0571-2016,Plant Protein,high
F-0571-2017,Dairy,high
F-0571-2018,Baking Supplies,low
F-0571-2019,Dairy,high
F-0571-2020,Nuts/Seeds,medium
F-0571-2021,Dairy,medium
F-0571-2022,Produce,high
F-0571-2023,Prepared/Frozen,high
F-0571-2024,Seafood,high
F-0571-2025,Nuts/Seeds,high
F-0572-2013,Snacks/Candy,high
F-0572-2014,Produce,medium
F-0572-2015,Spices/Condiments,high
F-0572-2016,Plant Protein,high
F-0572-2017,Dairy,high
F-0572-2018,Spices/Condiments,high
F-0572-2019,Dairy,high
F-0572-2020,Food Additives/Ingredients,high
F-0572-2021,Dairy,medium
F-0572-2022,Produce,high
F-0572-2023,Prepared/Frozen,high
F-0572-2024,Dairy,high
F-0572-2025,Dairy,medium
F-0573-2013,Snacks/Candy,high
F-0573-2014,Produce,medium
F-0573-2015,Spices/Condiments,high
F-0573-2016,Snacks/Candy,medium
F-0573-2017,Dairy,high
F-0573-2018,Spices/Condiments,high
F-0573-2019,Dairy,high
F-0573-2020,Supplements,high
F-0573-2021,Dairy,low
F-0573-2022,Produce,high
F-0573-2023,Prepared/Frozen,medium
F-0573-2024,Dairy,medium
F-0573-2025,Grains/Cereal,medium
F-0574-2013,Snacks/Candy,high
F-0574-2014,Produce,medium
F-0574-2015,Seafood,high
F-0574-2016,Snacks/Candy,low
F-0574-2017,Dairy,high
F-0574-2018,Snacks/Candy,high
F-0574-2019,Dairy,high
F-0574-2020,Prepared/Frozen,medium
F-0574-2021,Dairy,high
F-0574-2022,Produce,high
F-0574-2023,Prepared/Frozen,high
F-0574-2024,Produce,medium
F-0574-2025,Beverages,high
F-0575-2013,Snacks/Candy,high
F-0575-2014,Produce,high
F-0575-2016,Beverages,high
F-0575-2017,Dairy,high
F-0575-2018,Snacks/Candy,high
F-0575-2019,Dairy,high
F-0575-2020,Seafood,high
F-0575-2021,Dairy,high
F-0575-2022,Produce,high
F-0575-2023,Prepared/Frozen,high
F-0575-2024,Prepared/Frozen,medium
F-0575-2025,Beverages,medium
F-0576-2013,Snacks/Candy,high
F-0576-2014,Produce,medium
F-0576-2015,Uncategorized,low
F-0576-2016,Beverages,high
F-0576-2017,Produce,high
F-0576-2018,Seafood,high
F-0576-2019,Dairy,high
F-0576-2020,Seafood,high
F-0576-2021,Dairy,high
F-0576-2022,Produce,high
F-0576-2023,Prepared/Frozen,medium
F-0576-2024,Bakery,high
F-0576-2025,Bakery,medium
F-0577-2013,Snacks/Candy,high
F-0577-2014,Spices/Condiments,high
F-0577-2015,Spices/Condiments,medium
F-0577-2016,Beverages,high
F-0577-2017,Beverages,high
F-0577-2018,Seafood,high
F-0577-2019,Dairy,high
F-0577-2020,Seafood,high
F-0577-2021,Dairy,high
F-0577-2022,Produce,high
F-0577-2023,Prepared/Frozen,high
F-0577-2024,Spices/Condiments,high
F-0577-2025,Produce,high
F-0578-2013,Snacks/Candy,high
F-0578-2014,Produce,medium
F-0578-2015,Spices/Condiments,medium
F-0578-2016,Beverages,medium
F-0578-2017,Eggs,high
F-0578-2018,Dairy,high
F-0578-2019,Dairy,high
F-0578-2020,Seafood,high
F-0578-2021,Dairy,high
F-0578-2022,Produce,high
F-0578-2023,Prepared/Frozen,medium
F-0578-2024,Produce,high
F-0578-2025,Baby/Toddler Food,high
F-0579-2013,Snacks/Candy,high
F-0579-2014,Produce,medium
F-0579-2015,Beef/Pork/Poultry/Game Meats,high
F-0579-2016,Seafood,high
F-0579-2017,Prepared/Frozen,medium
F-0579-2018,Dairy,medium
F-0579-2019,Dairy,high
F-0579-2020,Seafood,high
F-0579-2021,Dairy,high
F-0579-2022,Produce,high
F-0579-2023,Dairy,medium
F-0579-2024,Produce,high
F-0579-2025,Baby/Toddler Food,high
F-0580-2013,Snacks/Candy,high
F-0580-2014,Produce,high
F-0580-2015,Spices/Condiments,medium
F-0580-2016,Seafood,high
F-0580-2017,Prepared/Frozen,high
F-0580-2018,Prepared/Frozen,low
F-0580-2019,Dairy,high
F-0580-2020,Seafood,high
F-0580-2021,Dairy,medium
F-0580-2022,Produce,medium
F-0580-2023,Beverages,high
F-0580-2024,Bakery,high
F-0580-2025,Snacks/Candy,high
F-0581-2013,Snacks/Candy,high
F-0581-2014,Produce,medium
F-0581-2015,Spices/Condiments,medium
F-0581-2016,Seafood,high
F-0581-2017,Bakery,high
F-0581-2018,Bakery,high
F-0581-2019,Dairy,high
F-0581-2020,Seafood,high
F-0581-2021,Dairy,medium
F-0581-2022,Produce,high
F-0581-2023,Beverages,high
F-0581-2024,Snacks/Candy,medium
F-0581-2025,Bakery,high
F-0582-2013,Snacks/Candy,high
F-0582-2014,Produce,medium
F-0582-2015,Uncategorized,low
F-0582-2016,Seafood,high
F-0582-2017,Bakery,high
F-0582-2018,Snacks/Candy,medium
F-0582-2019,Dairy,high
F-0582-2020,Prepared/Frozen,medium
F-0582-2021,Dairy,medium
F-0582-2022,Produce,high
F-0582-2023,Beverages,high
F-0582-2024,Produce,high
F-0582-2025,Bakery,high
F-0583-2013,Snacks/Candy,high
F-0583-2014,Plant Protein,high
F-0583-2015,Spices/Condiments,medium
F-0583-2016,Snacks/Candy,high
F-0583-2017,Bakery,high
F-0583-2018,Snacks/Candy,medium
F-0583-2019,Dairy,high
F-0583-2020,Prepared/Frozen,medium
F-0583-2021,Dairy,medium
F-0583-2022,Produce,high
F-0583-2023,Beverages,high
F-0583-2024,Produce,high
F-0583-2025,Bakery,medium
F-0584-2013,Snacks/Candy,high
F-0584-2014,Prepared/Frozen,medium
F-0584-2015,Dairy,low
F-0584-2017,Bakery,high
F-0584-2018,Bakery,medium
F-0584-2019,Dairy,high
F-0584-2020,Eggs,high
F-0584-2021,Dairy,medium
F-0584-2022,Produce,high
F-0584-2023,Bakery,high
F-0584-2024,Produce,high
F-0584-2025,Supplements,high
F-0585-2013,Snacks/Candy,high
F-0585-2014,Plant Protein,high
F-0585-2015,Spices/Condiments,medium
F-0585-2016,Bakery,high
F-0585-2017,Bakery,high
F-0585-2018,Bakery,medium
F-0585-2019,Dairy,high
F-0585-2020,Spices/Condiments,high
F-0585-2021,Dairy,medium
F-0585-2022,Produce,high
F-0585-2023,Bakery,medium
F-0585-2024,Produce,high
F-0585-2025,Produce,high
F-0586-2013,Snacks/Candy,high
F-0586-2014,Plant Protein,medium
F-0586-2015,Spices/Condiments,high
F-0586-2016,Bakery,high
F-0586-2017,Bakery,high
F-0586-2018,Snacks/Candy,low
F-0586-2019,Dairy,high
F-0586-2020,Prepared/Frozen,medium
F-0586-2021,Dairy,medium
F-0586-2022,Produce,high
F-0586-2023,Bakery,medium
F-0586-2024,Produce,high
F-0586-2025,Produce,medium
F-0587-2013,Snacks/Candy,high
F-0587-2014,Plant Protein,high
F-0587-2015,Spices/Condiments,medium
F-0587-2016,Bakery,medium
F-0587-2017,Bakery,high
F-0587-2018,Snacks/Candy,medium
F-0587-2019,Dairy,high
F-0587-2020,Prepared/Frozen,low
F-0587-2021,Dairy,medium
F-0587-2022,Produce,high
F-0587-2023,Bakery,high
F-0587-2024,Produce,high
F-0587-2025,Produce,high
F-0588-2013,Snacks/Candy,medium
F-0588-2014,Plant Protein,high
F-0588-2015,Spices/Condiments,medium
F-0588-2016,Bakery,medium
F-0588-2017,Bakery,high
F-0588-2018,Bakery,medium
F-0588-2019,Dairy,high
F-0588-2020,Seafood,high
F-0588-2021,Dairy,medium
F-0588-2022,Produce,medium
F-0588-2023,Bakery,medium
F-0588-2024,Produce,high
F-0588-2025,Produce,high
F-0589-2013,Snacks/Candy,high
F-0589-2014,Plant Protein,high
F-0589-2015,Nuts/Seeds,high
F-0589-2016,Bakery,medium
F-0589-2017,Produce,medium
F-0589-2018,Snacks/Candy,medium
F-0589-2019,Dairy,high
F-0589-2020,Baking Supplies,medium
F-0589-2021,Dairy,medium
F-0589-2022,Produce,medium
F-0589-2023,Bakery,high
F-0589-2024,Bakery,medium
F-0589-2025,Produce,medium
F-0590-2013,Snacks/Candy,high
F-0590-2014,Plant Protein,medium
F-0590-2015,Bakery,high
F-0590-2016,Bakery,medium
F-0590-2017,Dairy,high
F-0590-2018,Spices/Condiments,high
F-0590-2019,Dairy,high
F-0590-2020,Snacks/Candy,medium
F-0590-2021,Dairy,medium
F-0590-2022,Produce,high
F-0590-2023,Bakery,medium
F-0590-2024,Bakery,medium
F-0590-2025,Produce,low
F-0591-2013,Snacks/Candy,high
F-0591-2014,Plant Protein,medium
F-0591-2015,Supplements,high
F-0591-2016,Bakery,medium
F-0591-2017,Dairy,high
F-0591-2018,Spices/Condiments,high
F-0591-2019,Dairy,high
F-0591-2020,Snacks/Candy,medium
F-0591-2021,Dairy,high
F-0591-2022,Produce,medium
F-0591-2023,Bakery,medium
F-0591-2024,Bakery,medium
F-0591-2025,Plant Protein,high
F-0592-2013,Snacks/Candy,high
F-0592-2014,Plant Protein,high
F-0592-2015,Supplements,high
F-0592-2016,Uncategorized,low
F-0592-2017,Dairy,high
F-0592-2018,Spices/Condiments,high
F-0592-2019,Dairy,high
F-0592-2020,Snacks/Candy,medium
F-0592-2021,Dairy,high
F-0592-2022,Produce,high
F-0592-2023,Bakery,high
F-0592-2024,Bakery,medium
F-0592-2025,Plant Protein,high
F-0593-2013,Snacks/Candy,high
F-0593-2014,Plant Protein,high
F-0593-2015,Spices/Condiments,high
F-0593-2016,Bakery,high
F-0593-2017,Dairy,high
F-0593-2018,Spices/Condiments,high
F-0593-2019,Dairy,high
F-0593-2020,Snacks/Candy,high
F-0593-2021,Dairy,high
F-0593-2022,Produce,high
F-0593-2023,Bakery,medium
F-0593-2024,Bakery,medium
F-0593-2025,Plant Protein,high
F-0594-2013,Supplements,high
F-0594-2014,Eggs,high
F-0594-2015,Spices/Condiments,high
F-0594-2016,Bakery,high
F-0594-2017,Nuts/Seeds,high
F-0594-2018,Spices/Condiments,high
F-0594-2019,Dairy,high
F-0594-2021,Dairy,high
F-0594-2022,Produce,medium
F-0594-2023,Bakery,high
F-0594-2024,Snacks/Candy,medium
F-0594-2025,Plant Protein,high
F-0595-2013,Dairy,high
F-0595-2014,Eggs,high
F-0595-2015,Dairy,high
F-0595-2016,Bakery,high
F-0595-2017,Nuts/Seeds,high
F-0595-2018,Spices/Condiments,high
F-0595-2019,Dairy,high
F-0595-2020,Eggs,medium
F-0595-2021,Dairy,high
F-0595-2022,Produce,high
F-0595-2023,Bakery,medium
F-0595-2024,Bakery,medium
F-0595-2025,Plant Protein,high
F-0596-2013,Dairy,high
F-0596-2014,Eggs,high
F-0596-2015,Dairy,high
F-0596-2016,Bakery,medium
F-0596-2017,Nuts/Seeds,high
F-0596-2018,Spices/Condiments,high
F-0596-2019,Dairy,high
F-0596-2020,Eggs,medium
F-0596-2021,Dairy,medium
F-0596-2022,Produce,high
F-0596-2023,Bakery,high
F-0596-2024,Bakery,medium
F-0596-2025,Plant Protein,high
F-0597-2013,Snacks/Candy,medium
F-0597-2014,Eggs,high
F-0597-2015,Dairy,high
F-0597-2016,Snacks/Candy,medium
F-0597-2017,Seafood,high
F-0597-2018,Spices/Condiments,high
F-0597-2019,Dairy,high
F-0597-2020,Prepared/Frozen,medium
F-0597-2021,Dairy,medium
F-0597-2022,Produce,high
F-0597-2023,Bakery,medium
F-0597-2024,Bakery,high
F-0597-2025,Plant Protein,high
F-0598-2013,Prepared/Frozen,high
F-0598-2014,Eggs,high
F-0598-2015,Dairy,high
F-0598-2016,Bakery,high
F-0598-2017,Seafood,high
F-0598-2018,Spices/Condiments,high
F-0598-2019,Dairy,high
F-0598-2020,Dairy,high
F-0598-2021,Dairy,medium
F-0598-2022,Produce,high
F-0598-2023,Bakery,high
F-0598-2024,Grains/Cereal,high
F-0598-2025,Plant Protein,high
F-0599-2013,Produce,high
F-0599-2014,Seafood,high
F-0599-2015,Dairy,high
F-0599-2016,Grains/Cereal,medium
F-0599-2017,Snacks/Candy,high
F-0599-2018,Spices/Condiments,high
F-0599-2019,Dairy,high
F-0599-2020,Prepared/Frozen,low
F-0599-2021,Dairy,medium
F-0599-2022,Produce,medium
F-0599-2023,Bakery,high
F-0599-2024,Grains/Cereal,high
F-0599-2025,Plant Protein,high
F-0600-2013,Grains/Cereal,high
F-0600-2014,Seafood,medium
F-0600-2015,Dairy,high
F-0600-2016,Grains/Cereal,medium
F-0600-2017,Nuts/Seeds,high
F-0600-2018,Spices/Condiments,high
F-0600-2019,Dairy,high
F-0600-2020,Nuts/Seeds,high
F-0600-2021,Dairy,medium
F-0600-2022,Produce,high
F-0600-2023,Bakery,high
F-0600-2025,Plant Protein,high
F-0601-2013,Grains/Cereal,high
F-0601-2014,Prepared/Frozen,low
F-0601-2015,Dairy,high
F-0601-2016,Dairy,high
F-0601-2017,Dairy,low
F-0601-2018,Spices/Condiments,high
F-0601-2019,Dairy,high
F-0601-2020,Dairy,high
F-0601-2021,Dairy,medium
F-0601-2022,Produce,high
F-0601-2023,Bakery,high
F-0601-2024,Produce,high
F-0601-2025,Plant Protein,high
F-0602-2014,Prepared/Frozen,medium
F-0602-2015,Dairy,high
F-0602-2016,Dairy,high
F-0602-2017,Prepared/Frozen,low
F-0602-2018,Food Additives/Ingredients,medium
F-0602-2019,Dairy,medium
F-0602-2020,Eggs,high
F-0602-2021,Dairy,medium
F-0602-2022,Produce,medium
F-0602-2023,Bakery,medium
F-0602-2024,Prepared/Frozen,high
F-0602-2025,Plant Protein,high
F-0602-3013,Grains/Cereal,high
F-0603-2013,Grains/Cereal,high
F-0603-2014,Seafood,high
F-0603-2015,Dairy,high
F-0603-2016,Dairy,high
F-0603-2017,Prepared/Frozen,low
F-0603-2018,Plant Protein,medium
F-0603-2019,Dairy,high
F-0603-2020,Eggs,high
F-0603-2021,Dairy,medium
F-0603-2022,Produce,medium
F-0603-2023,Bakery,medium
F-0603-2024,Dairy,high
F-0603-2025,Spices/Condiments,high
F-0604-2013,Produce,high
F-0604-2014,Seafood,high
F-0604-2015,Dairy,high
F-0604-2016,Dairy,high
F-0604-2017,Dairy,medium
F-0604-2019,Dairy,high
F-0604-2020,Eggs,high
F-0604-2021,Dairy,high
F-0604-2022,Produce,medium
F-0604-2023,Bakery,high
F-0604-2024,Prepared/Frozen,high
F-0604-2025,Bakery,high
F-0605-2013,Spices/Condiments,medium
F-0605-2014,Seafood,medium
F-0605-2015,Dairy,high
F-0605-2016,Dairy,high
F-0605-2017,Prepared/Frozen,low
F-0605-2019,Prepared/Frozen,high
F-0605-2020,Eggs,high
F-0605-2021,Dairy,medium
F-0605-2022,Produce,medium
F-0605-2023,Bakery,medium
F-0605-2024,Prepared/Frozen,medium
F-0605-2025,Bakery,high
F-0606-2013,Produce,high
F-0606-2014,Seafood,medium
F-0606-2015,Dairy,high
F-0606-2016,Dairy,high
F-0606-2017,Supplements,high
F-0606-2018,Prepared/Frozen,high
F-0606-2019,Prepared/Frozen,medium
F-0606-2020,Eggs,medium
F-0606-2021,Dairy,high
F-0606-2022,Produce,medium
F-0606-2023,Bakery,high
F-0606-2024,Prepared/Frozen,high
F-0606-2025,Bakery,high
F-0607-2013,Produce,high
F-0607-2014,Seafood,medium
F-0607-2015,Dairy,high
F-0607-2016,Dairy,high
F-0607-2017,Prepared/Frozen,medium
F-0607-2018,Produce,high
F-0607-2019,Prepared/Frozen,medium
F-0607-2020,Eggs,medium
F-0607-2021,Dairy,high
F-0607-2022,Produce,medium
F-0607-2023,Food Additives/Ingredients,high
F-0607-2024,Prepared/Frozen,high
F-0607-2025,Bakery,high
F-0608-2013,Produce,high
F-0608-2014,Prepared/Frozen,medium
F-0608-2015,Dairy,high
F-0608-2016,Dairy,high
F-0608-2017,Snacks/Candy,high
F-0608-2018,Produce,high
F-0608-2019,Prepared/Frozen,medium
F-0608-2020,Eggs,high
F-0608-2021,Dairy,high
F-0608-2022,Produce,high
F-0608-2023,Food Additives/Ingredients,high
F-0608-2024,Snacks/Candy,high
F-0608-2025,Bakery,high
F-0609-2013,Spices/Condiments,medium
F-0609-2014,Seafood,medium
F-0609-2015,Dairy,high
F-0609-2016,Dairy,medium
F-0609-2017,Snacks/Candy,medium
F-0609-2018,Produce,high
F-0609-2019,Prepared/Frozen,high
F-0609-2020,Eggs,high
F-0609-2021,Dairy,high
F-0609-2022,Produce,medium
F-0609-2023,Food Additives/Ingredients,medium
F-0609-2024,Produce,high
F-0609-2025,Nuts/Seeds,medium
F-0610-2013,Produce,high
F-0610-2014,Seafood,medium
F-0610-2015,Dairy,high
F-0610-2016,Dairy,high
F-0610-2017,Bakery,medium
F-0610-2018,Produce,high
F-0610-2019,Prepared/Frozen,medium
F-0610-2020,Eggs,high
F-0610-2021,Dairy,high
F-0610-2022,Produce,medium
F-0610-2023,Food Additives/Ingredients,high
F-0610-2024,Produce,high
F-0610-2025,Seafood,high
F-0611-2013,Produce,low
F-0611-2014,Seafood,medium
F-0611-2015,Beverages,high
F-0611-2016,Dairy,high
F-0611-2017,Snacks/Candy,low
F-0611-2018,Produce,high
F-0611-2019,Prepared/Frozen,medium
F-0611-2020,Eggs,high
F-0611-2021,Dairy,high
F-0611-2022,Produce,medium
F-0611-2023,Dairy,high
F-0611-2024,Produce,high
F-0611-2025,Seafood,high
F-0612-2013,Nuts/Seeds,high
F-0612-2014,Seafood,medium
F-0612-2015,Nuts/Seeds,high
F-0612-2016,Dairy,high
F-0612-2017,Prepared/Frozen,medium
F-0612-2018,Dairy,low
F-0612-2019,Prepared/Frozen,high
F-0612-2020,Eggs,high
F-0612-2021,Dairy,high
F-0612-2022,Produce,high
F-0612-2023,Grains/Cereal,high
F-0612-2024,Produce,high
F-0612-2025,Seafood,high
F-0613-2013,Snacks/Candy,medium
F-0613-2014,Seafood,medium
F-0613-2015,Seafood,high
F-0613-2016,Dairy,high
F-0613-2017,Seafood,high
F-0613-2018,Produce,medium
F-0613-2019,Prepared/Frozen,high
F-0613-2020,Eggs,high
F-0613-2021,Dairy,high
F-0613-2022,Food Additives/Ingredients,medium
F-0613-2023,Grains/Cereal,high
F-0613-2024,Produce,high
F-0613-2025,Seafood,high
F-0614-2013,Produce,high
F-0614-2014,Seafood,medium
F-0614-2015,Seafood,high
F-0614-2016,Dairy,high
F-0614-2017,Seafood,high
F-0614-2018,Produce,medium
F-0614-2019,Prepared/Frozen,high
F-0614-2020,Eggs,high
F-0614-2021,Dairy,high
F-0614-2022,Prepared/Frozen,low
F-0614-2023,Grains/Cereal,high
F-0614-2024,Produce,high
F-0614-2025,Seafood,high
F-0615-2013,Produce,high
F-0615-2014,Seafood,low
F-0615-2015,Beverages,high
F-0615-2016,Produce,medium
F-0615-2017,Prepared/Frozen,medium
F-0615-2018,Prepared/Frozen,low
F-0615-2019,Prepared/Frozen,high
F-0615-2020,Eggs,high
F-0615-2021,Dairy,high
F-0615-2022,Uncategorized,low
F-0615-2023,Grains/Cereal,high
F-0615-2024,Produce,medium
F-0615-2025,Seafood,high
F-0616-2013,Nuts/Seeds,high
F-0616-2014,Seafood,low
F-0616-2015,Produce,high
F-0616-2016,Bakery,medium
F-0616-2017,Spices/Condiments,medium
F-0616-2018,Produce,high
F-0616-2019,Prepared/Frozen,high
F-0616-2020,Eggs,high
F-0616-2021,Dairy,medium
F-0616-2022,Dairy,high
F-0616-2023,Snacks/Candy,high
F-0616-2024,Produce,high
F-0616-2025,Seafood,high
F-0617-2013,Nuts/Seeds,high
F-0617-2014,Seafood,low
F-0617-2015,Produce,high
F-0617-2016,Supplements,high
F-0617-2017,Snacks/Candy,high
F-0617-2018,Produce,high
F-0617-2019,Nuts/Seeds,high
F-0617-2020,Eggs,high
F-0617-2021,Dairy,medium
F-0617-2022,Dairy,high
F-0617-2023,Snacks/Candy,high
F-0617-2024,Produce,high
F-0617-2025,Seafood,high
F-0618-2013,Spices/Condiments,high
F-0618-2014,Seafood,medium
F-0618-2015,Produce,high
F-0618-2016,Beverages,high
F-0618-2017,Bakery,high
F-0618-2018,Produce,high
F-0618-2019,Spices/Condiments,high
F-0618-2020,Eggs,high
F-0618-2021,Dairy,medium
F-0618-2022,Spices/Condiments,high
F-0618-2023,Snacks/Candy,high
F-0618-2024,Produce,high
F-0618-2025,Seafood,high
F-0619-2013,Dairy,high
F-0619-2014,Seafood,medium
F-0619-2015,Produce,high
F-0619-2016,Beverages,high
F-0619-2017,Bakery,high
F-0619-2018,Produce,high
F-0619-2019,Spices/Condiments,high
F-0619-2020,Eggs,high
F-0619-2021,Prepared/Frozen,medium
F-0619-2022,Seafood,high
F-0619-2024,Produce,high
F-0619-2025,Seafood,high
F-0620-2013,Dairy,high
F-0620-2014,Produce,medium
F-0620-2015,Produce,high
F-0620-2016,Beverages,high
F-0620-2017,Bakery,high
F-0620-2018,Supplements,high
F-0620-2019,Bakery,high
F-0620-2020,Eggs,medium
F-0620-2021,Dairy,high
F-0620-2022,Prepared/Frozen,medium
F-0620-2023,Grains/Cereal,medium
F-0620-2024,Produce,high
F-0621-2013,Bakery,medium
F-0621-2014,Produce,medium
F-0621-2015,Produce,high
F-0621-2016,Snacks/Candy,high
F-0621-2017,Produce,high
F-0621-2018,Supplements,medium
F-0621-2019,Bakery,high
F-0621-2020,Eggs,high
F-0621-2021,Dairy,high
F-0621-2022,Bakery,high
F-0621-2023,Grains/Cereal,medium
F-0621-2024,Produce,high
F-0621-2025,Produce,medium
F-0622-2013,Bakery,low
F-0622-2014,Produce,low
F-0622-2015,Bakery,high
F-0622-2016,Snacks/Candy,high
F-0622-2017,Dairy,high
F-0622-2018,Supplements,high
F-0622-2019,Plant Protein,medium
F-0622-2020,Eggs,high
F-0622-2021,Dairy,medium
F-0622-2022,Supplements,low
F-0622-2023,Grains/Cereal,high
F-0622-2024,Seafood,high
F-0622-2025,Snacks/Candy,high
F-0623-2013,Snacks/Candy,high
F-0623-2014,Produce,medium
F-0623-2015,Bakery,high
F-0623-2016,Dairy,high
F-0623-2017,Dairy,high
F-0623-2018,Supplements,high
F-0623-2019,Spices/Condiments,high
F-0623-2020,Eggs,high
F-0623-2021,Dairy,medium
F-0623-2022,Bakery,high
F-0623-2023,Baby/Toddler Food,high
F-0623-2024,Produce,high
F-0623-2025,Snacks/Candy,high
F-0624-2013,Snacks/Candy,high
F-0624-2014,Produce,medium
F-0624-2015,Bakery,high
F-0624-2016,Seafood,high
F-0624-2017,Dairy,high
F-0624-2018,Supplements,medium
F-0624-2019,Produce,medium
F-0624-2020,Eggs,high
F-0624-2021,Snacks/Candy,high
F-0624-2022,Dairy,high
F-0624-2023,Produce,medium
F-0624-2024,Produce,high
F-0624-2025,Prepared/Frozen,medium
F-0625-2013,Snacks/Candy,high
F-0625-2014,Prepared/Frozen,low
F-0625-2015,Bakery,high
F-0625-2016,Bakery,medium
F-0625-2017,Dairy,medium
F-0625-2018,Supplements,high
F-0625-2019,Produce,medium
F-0625-2020,Eggs,high
F-0625-2021,Produce,high
F-0625-2022,Dairy,high
F-0625-2024,Produce,high
F-0625-2025,Beverages,medium
F-0626-2013,Snacks/Candy,high
F-0626-2014,Produce,medium
F-0626-2015,Spices/Condiments,high
F-0626-2016,Snacks/Candy,high
F-0626-2017,Supplements,high
F-0626-2018,Supplements,high
F-0626-2019,Prepared/Frozen,medium
F-0626-2020,Eggs,high
F-0626-2021,Bakery,high
F-0626-2022,Dairy,high
F-0626-2023,Snacks/Candy,high
F-0626-2024,Produce,high
F-0626-2025,Beverages,medium
F-0627-2013,Snacks/Candy,high
F-0627-2014,Produce,low
F-0627-2015,Produce,medium
F-0627-2016,Seafood,high
F-0627-2017,Dairy,high
F-0627-2018,Supplements,high
F-0627-2019,Beverages,high
F-0627-2020,Eggs,high
F-0627-2021,Bakery,high
F-0627-2022,Bakery,high
F-0627-2023,Grains/Cereal,high
F-0627-2024,Produce,medium
F-0627-2025,Produce,high
F-0628-2013,Snacks/Candy,high
F-0628-2014,Produce,medium
F-0628-2015,Prepared/Frozen,low
F-0628-2016,Nuts/Seeds,high
F-0628-2017,Dairy,high
F-0628-2018,Supplements,high
F-0628-2019,Supplements,medium
F-0628-2020,Eggs,high
F-0628-2021,Bakery,high
F-0628-2022,Bakery,high
F-0628-2023,Beverages,high
F-0628-2024,Produce,high
F-0628-2025,Spices/Condiments,medium
F-0629-2013,Snacks/Candy,high
F-0629-2014,Produce,low
F-0629-2015,Prepared/Frozen,low
F-0629-2016,Nuts/Seeds,high
F-0629-2017,Dairy,high
F-0629-2018,Supplements,high
F-0629-2019,Prepared/Frozen,medium
F-0629-2020,Eggs,high
F-0629-2021,Bakery,high
F-0629-2022,Bakery,high
F-0629-2023,Beverages,low
F-0629-2024,Produce,high
F-0629-2025,Snacks/Candy,low
F-0630-2013,Snacks/Candy,medium
F-0630-2014,Produce,medium
F-0630-2015,Produce,low
F-0630-2016,Nuts/Seeds,high
F-0630-2017,Dairy,high
F-0630-2018,Supplements,high
F-0630-2019,Snacks/Candy,high
F-0630-2020,Eggs,high
F-0630-2021,Produce,high
F-0630-2022,Plant Protein,low
F-0630-2023,Spices/Condiments,high
F-0630-2024,Produce,high
F-0630-2025,Bakery,medium
F-0631-2013,Snacks/Candy,medium
F-0631-2014,Produce,medium
F-0631-2015,Spices/Condiments,high
F-0631-2016,Nuts/Seeds,high
F-0631-2017,Dairy,high
F-0631-2018,Supplements,high
F-0631-2019,Grains/Cereal,high
F-0631-2020,Supplements,high
F-0631-2021,Snacks/Candy,high
F-0631-2022,Plant Protein,high
F-0631-2023,Snacks/Candy,high
F-0631-2024,Produce,high
F-0631-2025,Snacks/Candy,medium
F-0632-2013,Prepared/Frozen,medium
F-0632-2014,Prepared/Frozen,low
F-0632-2015,Dairy,high
F-0632-2016,Nuts/Seeds,medium
F-0632-2017,Dairy,high
F-0632-2018,Supplements,high
F-0632-2019,Produce,high
F-0632-2020,Supplements,high
F-0632-2021,Bakery,high
F-0632-2022,Dairy,high
F-0632-2023,Snacks/Candy,low
F-0632-2024,Produce,medium
F-0632-2025,Bakery,high
F-0633-2013,Prepared/Frozen,medium
F-0633-2014,Produce,low
F-0633-2015,Spices/Condiments,medium
F-0633-2016,Grains/Cereal,medium
F-0633-2017,Dairy,high
F-0633-2018,Supplements,high
F-0633-2019,Nuts/Seeds,high
F-0633-2020,Seafood,high
F-0633-2021,Supplements,high
F-0633-2022,Dairy,high
F-0633-2023,Beverages,high
F-0633-2024,Produce,high
F-0633-2025,Snacks/Candy,medium
F-0634-2013,Nuts/Seeds,medium
F-0634-2014,Produce,low
F-0634-2015,Bakery,high
F-0634-2016,Produce,high
F-0634-2017,Dairy,high
F-0634-2018,Supplements,high
F-0634-2019,Nuts/Seeds,high
F-0634-2020,Spices/Condiments,high
F-0634-2021,Dairy,medium
F-0634-2022,Dairy,high
F-0634-2023,Snacks/Candy,high
F-0634-2024,Produce,high
F-0634-2025,Bakery,high
F-0635-2013,Produce,high
F-0635-2014,Dairy,low
F-0635-2015,Bakery,high
F-0635-2016,Beverages,high
F-0635-2017,Prepared/Frozen,medium
F-0635-2018,Supplements,medium
F-0635-2019,Snacks/Candy,medium
F-0635-2020,Spices/Condiments,high
F-0635-2021,Dairy,medium
F-0635-2022,Dairy,high
F-0635-2023,Produce,medium
F-0635-2024,Produce,high
F-0635-2025,Bakery,high
F-0636-2013,Beverages,medium
F-0636-2014,Snacks/Candy,low
F-0636-2015,Bakery,medium
F-0636-2016,Nuts/Seeds,high
F-0636-2017,Dairy,low
F-0636-2018,Supplements,high
F-0636-2019,Snacks/Candy,medium
F-0636-2020,Spices/Condiments,high
F-0636-2021,Dairy,medium
F-0636-2022,Dairy,high
F-0636-2023,Snacks/Candy,high
F-0636-2024,Produce,high
F-0636-2025,Nuts/Seeds,medium
F-0637-2013,Beverages,low
F-0637-2014,Dairy,low
F-0637-2015,Bakery,high
F-0637-2016,Nuts/Seeds,high
F-0637-2017,Prepared/Frozen,low
F-0637-2018,Produce,high
F-0637-2019,Snacks/Candy,medium
F-0637-2020,Spices/Condiments,high
F-0637-2021,Dairy,medium
F-0637-2022,Dairy,high
F-0637-2023,Beverages,high
F-0637-2024,Produce,high
F-0637-2025,Produce,high
F-0638-2013,Nuts/Seeds,high
F-0638-2014,Bakery,medium
F-0638-2015,Uncategorized,low
F-0638-2016,Nuts/Seeds,high
F-0638-2017,Plant Protein,medium
F-0638-2018,Produce,high
F-0638-2019,Snacks/Candy,medium
F-0638-2020,Eggs,high
F-0638-2021,Dairy,medium
F-0638-2022,Dairy,high
F-0638-2023,Bakery,medium
F-0638-2024,Produce,high
F-0638-2025,Prepared/Frozen,medium
F-0639-2013,Dairy,high
F-0639-2014,Bakery,medium
F-0639-2015,Bakery,high
F-0639-2016,Snacks/Candy,medium
F-0639-2017,Dairy,medium
F-0639-2018,Produce,high
F-0639-2019,Bakery,medium
F-0639-2020,Prepared/Frozen,medium
F-0639-2021,Dairy,high
F-0639-2022,Dairy,high
F-0639-2023,Snacks/Candy,medium
F-0639-2024,Bakery,high
F-0639-2025,Bakery,high
F-0640-2013,Dairy,high
F-0640-2014,Prepared/Frozen,low
F-0640-2015,Bakery,high
F-0640-2016,Produce,high
F-0640-2017,Prepared/Frozen,medium
F-0640-2018,Produce,high
F-0640-2019,Snacks/Candy,high
F-0640-2020,Nuts/Seeds,high
F-0640-2021,Dairy,high
F-0640-2022,Dairy,high
F-0640-2023,Nuts/Seeds,high
F-0640-2024,Snacks/Candy,high
F-0640-2025,Spices/Condiments,high
F-0641-2013,Dairy,high
F-0641-2014,Dairy,low
F-0641-2015,Bakery,medium
F-0641-2016,Produce,high
F-0641-2017,Bakery,medium
F-0641-2018,Snacks/Candy,high
F-0641-2019,Bakery,high
F-0641-2020,Nuts/Seeds,medium
F-0641-2021,Dairy,medium
F-0641-2022,Dairy,high
F-0641-2023,Grains/Cereal,medium
F-0641-2024,Produce,high
F-0641-2025,Dairy,high
F-0642-2013,Dairy,high
F-0642-2014,Dairy,low
F-0642-2015,Bakery,medium
F-0642-2016,Produce,high
F-0642-2017,Prepared/Frozen,medium
F-0642-2018,Bakery,high
F-0642-2019,Bakery,medium
F-0642-2020,Bakery,high
F-0642-2021,Dairy,high
F-0642-2022,Dairy,high
F-0642-2023,Grains/Cereal,medium
F-0642-2024,Dairy,high
F-0642-2025,Snacks/Candy,high
F-0643-2013,Dairy,high
F-0643-2014,Dairy,low
F-0643-2015,Uncategorized,low
F-0643-2016,Produce,high
F-0643-2017,Prepared/Frozen,medium
F-0643-2018,Bakery,high
F-0643-2019,Bakery,high
F-0643-2021,Dairy,high
F-0643-2023,Nuts/Seeds,high
F-0643-2024,Produce,high
F-0643-2025,Beverages,medium
F-0644-2013,Dairy,high
F-0644-2014,Prepared/Frozen,low
F-0644-2015,Beverages,high
F-0644-2016,Produce,high
F-0644-2017,Prepared/Frozen,medium
F-0644-2018,Spices/Condiments,medium
F-0644-2019,Bakery,high
F-0644-2020,Spices/Condiments,low
F-0644-2021,Plant Protein,high
F-0644-2022,Produce,high
F-0644-2023,Grains/Cereal,medium
F-0644-2024,Produce,high
F-0644-2025,Spices/Condiments,high
F-0645-2013,Dairy,high
F-0645-2014,Produce,low
F-0645-2015,Produce,medium
F-0645-2016,Produce,high
F-0645-2017,Prepared/Frozen,medium
F-0645-2018,Spices/Condiments,high
F-0645-2019,Bakery,medium
F-0645-2020,Spices/Condiments,medium
F-0645-2021,Snacks/Candy,medium
F-0645-2022,Produce,high
F-0645-2023,Snacks/Candy,high
F-0645-2024,Produce,high
F-0645-2025,Spices/Condiments,high
F-0646-2013,Dairy,high
F-0646-2014,Spices/Condiments,medium
F-0646-2015,Bakery,high
F-0646-2016,Produce,high
F-0646-2017,Snacks/Candy,low
F-0646-2018,Spices/Condiments,high
F-0646-2019,Bakery,medium
F-0646-2020,Spices/Condiments,high
F-0646-2021,Prepared/Frozen,medium
F-0646-2022,Produce,high
F-0646-2023,Beverages,high
F-0646-2024,Produce,high
F-0646-2025,Produce,high
F-0647-2013,Dairy,high
F-0647-2014,Dairy,medium
F-0647-2015,Bakery,high
F-0647-2016,Produce,high
F-0647-2017,Prepared/Frozen,low
F-0647-2018,Spices/Condiments,high
F-0647-2019,Bakery,medium
F-0647-2020,Prepared/Frozen,high
F-0647-2021,Supplements,high
F-0647-2022,Produce,high
F-0647-2023,Snacks/Candy,high
F-0647-2024,Produce,high
F-0648-2013,Dairy,high
F-0648-2014,Prepared/Frozen,low
F-0648-2015,Bakery,high
F-0648-2016,Produce,high
F-0648-2017,Uncategorized,low
F-0648-2018,Spices/Condiments,high
F-0648-2019,Bakery,high
F-0648-2020,Prepared/Frozen,high
F-0648-2021,Bakery,low
F-0648-2022,Produce,high
F-0648-2023,Beverages,high
F-0648-2024,Produce,high
F-0648-2025,Produce,high
F-0649-2013,Dairy,high
F-0649-2014,Uncategorized,low
F-0649-2015,Bakery,high
F-0649-2016,Produce,medium
F-0649-2017,Plant Protein,medium
F-0649-2018,Spices/Condiments,high
F-0649-2019,Nuts/Seeds,high
F-0649-2020,Prepared/Frozen,high
F-0649-2021,Non-Food Item,high
F-0649-2022,Produce,high
F-0649-2023,Dairy,medium
F-0649-2024,Produce,high
F-0649-2025,Snacks/Candy,medium
F-0650-2013,Dairy,high
F-0650-2014,Prepared/Frozen,low
F-0650-2015,Bakery,medium
F-0650-2016,Produce,high
F-0650-2017,Prepared/Frozen,medium
F-0650-2018,Spices/Condiments,high
F-0650-2019,Nuts/Seeds,high
F-0650-2020,Prepared/Frozen,high
F-0650-2021,Bakery,medium
F-0650-2022,Produce,high
F-0650-2023,Supplements,high
F-0650-2024,Produce,high
F-0650-2025,Plant Protein,high
F-0651-2013,Dairy,high
F-0651-2014,Snacks/Candy,low
F-0651-2015,Bakery,medium
F-0651-2016,Produce,high
F-0651-2017,Dairy,medium
F-0651-2018,Spices/Condiments,high
F-0651-2019,Nuts/Seeds,high
F-0651-2020,Prepared/Frozen,high
F-0651-2021,Non-Food Item,low
F-0651-2022,Produce,high
F-0651-2023,Produce,high
F-0651-2024,Produce,high
F-0651-2025,Plant Protein,medium
F-0652-2013,Dairy,high
F-0652-2014,Bakery,low
F-0652-2015,Bakery,low
F-0652-2016,Produce,high
F-0652-2017,Plant Protein,high
F-0652-2018,Spices/Condiments,high
F-0652-2019,Nuts/Seeds,high
F-0652-2020,Prepared/Frozen,high
F-0652-2021,Uncategorized,low
F-0652-2022,Produce,high
F-0652-2023,Snacks/Candy,high
F-0652-2024,Produce,high
F-0652-2025,Bakery,medium
F-0653-2013,Snacks/Candy,high
F-0653-2014,Spices/Condiments,medium
F-0653-2015,Bakery,low
F-0653-2016,Produce,high
F-0653-2017,Prepared/Frozen,medium
F-0653-2018,Spices/Condiments,high
F-0653-2019,Nuts/Seeds,high
F-0653-2020,Prepared/Frozen,high
F-0653-2021,Spices/Condiments,medium
F-0653-2022,Produce,medium
F-0653-2023,Produce,medium
F-0653-2024,Produce,high
F-0653-2025,Supplements,medium
F-0654-2013,Prepared/Frozen,medium
F-0654-2014,Spices/Condiments,medium
F-0654-2015,Bakery,low
F-0654-2016,Produce,high
F-0654-2017,Dairy,low
F-0654-2018,Plant Protein,medium
F-0654-2019,Produce,medium
F-0654-2020,Prepared/Frozen,high
F-0654-2021,Beverages,low
F-0654-2022,Produce,medium
F-0654-2023,Seafood,high
F-0654-2025,Supplements,low
F-0655-2013,Prepared/Frozen,medium
F-0655-2014,Spices/Condiments,medium
F-0655-2015,Bakery,medium
F-0655-2016,Produce,high
F-0655-2017,Dairy,high
F-0655-2018,Plant Protein,medium
F-0655-2019,Produce,medium
F-0655-2020,Prepared/Frozen,medium
F-0655-2021,Prepared/Frozen,medium
F-0655-2022,Produce,medium
F-0655-2023,Seafood,high
F-0655-2024,Bakery,high
F-0655-2025,Supplements,medium
F-0656-2013,Nuts/Seeds,medium
F-0656-2014,Spices/Condiments,low
F-0656-2015,Bakery,high
F-0656-2016,Produce,high
F-0656-2017,Dairy,high
F-0656-2018,Produce,high
F-0656-2019,Grains/Cereal,medium
F-0656-2020,Prepared/Frozen,high
F-0656-2021,Plant Protein,high
F-0656-2022,Produce,high
F-0656-2023,Produce,medium
F-0656-2024,Produce,high
F-0656-2025,Supplements,medium
F-0657-2013,Snacks/Candy,high
F-0657-2014,Spices/Condiments,medium
F-0657-2015,Dairy,medium
F-0657-2016,Produce,high
F-0657-2017,Dairy,high
F-0657-2019,Dairy,high
F-0657-2020,Prepared/Frozen,high
F-0657-2021,Spices/Condiments,high
F-0657-2022,Produce,medium
F-0657-2023,Produce,medium
F-0657-2024,Prepared/Frozen,high
F-0657-2025,Supplements,medium
F-0658-2013,Bakery,high
F-0658-2014,Dairy,medium
F-0658-2015,Beverages,high
F-0658-2016,Produce,high
F-0658-2017,Dairy,high
F-0658-2019,Prepared/Frozen,medium
F-0658-2020,Prepared/Frozen,high
F-0658-2021,Spices/Condiments,medium
F-0658-2022,Produce,high
F-0658-2023,Seafood,medium
F-0658-2024,Prepared/Frozen,high
F-0658-2025,Supplements,medium
F-0659-2013,Dairy,high
F-0659-2014,Spices/Condiments,low
F-0659-2015,Beverages,high
F-0659-2016,Produce,high
F-0659-2017,Dairy,high
F-0659-2019,Prepared/Frozen,medium
F-0659-2020,Prepared/Frozen,low
F-0659-2021,Snacks/Candy,high
F-0659-2022,Produce,medium
F-0659-2023,Produce,medium
F-0659-2024,Prepared/Frozen,high
F-0659-2025,Supplements,medium
F-0660-2013,Prepared/Frozen,medium
F-0660-2014,Spices/Condiments,low
F-0660-2015,Beverages,high
F-0660-2016,Produce,high
F-0660-2017,Dairy,high
F-0660-2019,Bakery,medium
F-0660-2020,Bakery,medium
F-0660-2021,Snacks/Candy,high
F-0660-2022,Produce,medium
F-0660-2023,Produce,medium
F-0660-2024,Prepared/Frozen,medium
F-0660-2025,Supplements,medium
F-0661-2013,Prepared/Frozen,medium
F-0661-2014,Spices/Condiments,medium
F-0661-2015,Beef/Pork/Poultry/Game Meats,medium
F-0661-2016,Produce,high
F-0661-2017,Dairy,high
F-0661-2019,Bakery,medium
F-0661-2020,Prepared/Frozen,high
F-0661-2021,Spices/Condiments,high
F-0661-2022,Produce,high
F-0661-2023,Nuts/Seeds,medium
F-0661-2024,Prepared/Frozen,medium
F-0661-2025,Supplements,medium
F-0662-2013,Prepared/Frozen,medium
F-0662-2014,Dairy,medium
F-0662-2015,Plant Protein,high
F-0662-2016,Produce,high
F-0662-2017,Dairy,high
F-0662-2019,Grains/Cereal,low
F-0662-2020,Prepared/Frozen,low
F-0662-2021,Beverages,high
F-0662-2022,Produce,high
F-0662-2023,Produce,medium
F-0662-2024,Spices/Condiments,medium
F-0662-2025,Supplements,medium
F-0663-2013,Prepared/Frozen,medium
F-0663-2014,Dairy,medium
F-0663-2015,Prepared/Frozen,medium
F-0663-2016,Produce,high
F-0663-2017,Dairy,high
F-0663-2019,Produce,medium
F-0663-2020,Prepared/Frozen,high
F-0663-2021,Spices/Condiments,high
F-0663-2022,Produce,high
F-0663-2023,Produce,medium
F-0663-2024,Snacks/Candy,medium
F-0663-2025,Grains/Cereal,medium
F-0664-2013,Prepared/Frozen,medium
F-0664-2014,Dairy,low
F-0664-2015,Plant Protein,high
F-0664-2016,Produce,high
F-0664-2017,Dairy,high
F-0664-2019,Dairy,medium
F-0664-2020,Prepared/Frozen,medium
F-0664-2021,Prepared/Frozen,medium
F-0664-2022,Produce,high
F-0664-2023,Produce,medium
F-0664-2024,Supplements,high
F-0664-2025,Beverages,high
F-0665-2013,Prepared/Frozen,high
F-0665-2014,Spices/Condiments,medium
F-0665-2015,Prepared/Frozen,low
F-0665-2016,Produce,high
F-0665-2017,Dairy,high
F-0665-2020,Prepared/Frozen,high
F-0665-2021,Supplements,high
F-0665-2022,Produce,high
F-0665-2023,Produce,medium
F-0665-2024,Produce,high
F-0665-2025,Plant Protein,high
F-0666-2013,Prepared/Frozen,high
F-0666-2014,Spices/Condiments,low
F-0666-2015,Produce,low
F-0666-2016,Produce,high
F-0666-2017,Dairy,high
F-0666-2019,Snacks/Candy,high
F-0666-2020,Prepared/Frozen,high
F-0666-2021,Supplements,high
F-0666-2022,Produce,high
F-0666-2023,Produce,medium
F-0666-2024,Produce,high
F-0666-2025,Beverages,high
F-0667-2013,Snacks/Candy,medium
F-0667-2014,Spices/Condiments,low
F-0667-2015,Seafood,high
F-0667-2016,Produce,medium
F-0667-2017,Dairy,high
F-0667-2019,Spices/Condiments,high
F-0667-2020,Prepared/Frozen,high
F-0667-2021,Spices/Condiments,high
F-0667-2022,Produce,high
F-0667-2023,Produce,medium
F-0667-2024,Produce,high
F-0667-2025,Bakery,medium
F-0668-2013,Prepared/Frozen,medium
F-0668-2014,Dairy,medium
F-0668-2015,Seafood,medium
F-0668-2016,Produce,high
F-0668-2017,Dairy,high
F-0668-2019,Spices/Condiments,medium
F-0668-2020,Prepared/Frozen,high
F-0668-2021,Grains/Cereal,medium
F-0668-2022,Produce,medium
F-0668-2023,Produce,medium
F-0668-2024,Produce,high
F-0668-2025,Produce,medium
F-0669-2013,Prepared/Frozen,medium
F-0669-2014,Spices/Condiments,medium
F-0669-2015,Seafood,medium
F-0669-2016,Produce,high
F-0669-2017,Nuts/Seeds,high
F-0669-2019,Produce,medium
F-0669-2020,Prepared/Frozen,high
F-0669-2021,Grains/Cereal,low
F-0669-2022,Produce,high
F-0669-2023,Produce,medium
F-0669-2024,Produce,high
F-0669-2025,Snacks/Candy,high
F-0670-2013,Prepared/Frozen,high
F-0670-2014,Spices/Condiments,medium
F-0670-2015,Produce,medium
F-0670-2016,Produce,high
F-0670-2017,Bakery,medium
F-0670-2019,Bakery,high
F-0670-2020,Prepared/Frozen,high
F-0670-2021,Spices/Condiments,high
F-0670-2022,Produce,medium
F-0670-2023,Nuts/Seeds,high
F-0670-2024,Produce,high
F-0670-2025,Beverages,high
F-0671-2013,Prepared/Frozen,low
F-0671-2014,Dairy,medium
F-0671-2015,Produce,medium
F-0671-2016,Produce,high
F-0671-2017,Snacks/Candy,medium
F-0671-2019,Beverages,high
F-0671-2020,Prepared/Frozen,medium
F-0671-2021,Grains/Cereal,high
F-0671-2022,Produce,high
F-0671-2023,Produce,medium
F-0671-2024,Produce,high
F-0671-2025,Supplements,high
F-0672-2013,Snacks/Candy,high
F-0672-2014,Dairy,low
F-0672-2015,Produce,medium
F-0672-2016,Produce,high
F-0672-2017,Snacks/Candy,high
F-0672-2019,Grains/Cereal,high
F-0672-2020,Prepared/Frozen,high
F-0672-2021,Grains/Cereal,high
F-0672-2022,Produce,high
F-0672-2023,Produce,medium
F-0672-2024,Produce,high
F-0672-2025,Spices/Condiments,high
F-0673-2013,Nuts/Seeds,low
F-0673-2014,Spices/Condiments,low
F-0673-2015,Bakery,medium
F-0673-2016,Produce,high
F-0673-2017,Spices/Condiments,medium
F-0673-2019,Prepared/Frozen,low
F-0673-2020,Prepared/Frozen,high
F-0673-2021,Produce,high
F-0673-2022,Produce,high
F-0673-2023,Produce,high
F-0673-2024,Produce,medium
F-0673-2025,Spices/Condiments,high
F-0674-2013,Prepared/Frozen,medium
F-0674-2014,Spices/Condiments,high
F-0674-2015,Beef/Pork/Poultry/Game Meats,high
F-0674-2016,Produce,high
F-0674-2017,Snacks/Candy,high
F-0674-2019,Bakery,medium
F-0674-2020,Prepared/Frozen,high
F-0674-2021,Produce,high
F-0674-2022,Produce,medium
F-0674-2023,Produce,medium
F-0674-2024,Produce,high
F-0674-2025,Dairy,medium
F-0675-2013,Snacks/Candy,medium
F-0675-2014,Spices/Condiments,medium
F-0675-2015,Beef/Pork/Poultry/Game Meats,high
F-0675-2016,Produce,high
F-0675-2017,Beverages,high
F-0675-2019,Bakery,medium
F-0675-2020,Prepared/Frozen,high
F-0675-2021,Produce,high
F-0675-2022,Produce,high
F-0675-2023,Seafood,high
F-0675-2024,Produce,medium
F-0675-2025,Produce,medium
F-0676-2013,Prepared/Frozen,medium
F-0676-2014,Spices/Condiments,high
F-0676-2015,Produce,high
F-0676-2016,Produce,high
F-0676-2017,Snacks/Candy,high
F-0676-2019,Bakery,medium
F-0676-2020,Prepared/Frozen,high
F-0676-2021,Produce,high
F-0676-2022,Produce,high
F-0676-2023,Seafood,high
F-0676-2024,Produce,high
F-0676-2025,Produce,medium
F-0677-2013,Prepared/Frozen,medium
F-0677-2014,Spices/Condiments,high
F-0677-2015,Produce,medium
F-0677-2016,Produce,high
F-0677-2017,Spices/Condiments,high
F-0677-2019,Bakery,medium
F-0677-2020,Prepared/Frozen,high
F-0677-2021,Produce,high
F-0677-2022,Produce,medium
F-0677-2023,Seafood,high
F-0677-2024,Produce,high
F-0677-2025,Produce,medium
F-0678-2013,Prepared/Frozen,medium
F-0678-2014,Produce,medium
F-0678-2015,Produce,low
F-0678-2016,Produce,high
F-0678-2017,Seafood,high
F-0678-2019,Spices/Condiments,high
F-0678-2020,Prepared/Frozen,high
F-0678-2021,Prepared/Frozen,medium
F-0678-2022,Produce,medium
F-0678-2023,Produce,medium
F-0678-2024,Produce,high
F-0678-2025,Produce,medium
F-0679-2013,Dairy,medium
F-0679-2014,Spices/Condiments,medium
F-0679-2015,Produce,low
F-0679-2016,Produce,high
F-0679-2017,Bakery,high
F-0679-2019,Spices/Condiments,high
F-0679-2020,Seafood,high
F-0679-2021,Grains/Cereal,medium
F-0679-2022,Produce,high
F-0679-2023,Produce,high
F-0679-2024,Produce,high
F-0679-2025,Produce,medium
F-0680-2013,Prepared/Frozen,medium
F-0680-2014,Spices/Condiments,medium
F-0680-2015,Prepared/Frozen,low
F-0680-2016,Produce,high
F-0680-2017,Produce,high
F-0680-2019,Baking Supplies,low
F-0680-2020,Produce,medium
F-0680-2021,Grains/Cereal,medium
F-0680-2022,Produce,high
F-0680-2023,Seafood,high
F-0680-2024,Produce,high
F-0680-2025,Produce,medium
F-0681-2013,Grains/Cereal,medium
F-0681-2014,Spices/Condiments,high
F-0681-2015,Produce,medium
F-0681-2016,Produce,medium
F-0681-2017,Nuts/Seeds,high
F-0681-2019,Bakery,high
F-0681-2020,Supplements,high
F-0681-2021,Grains/Cereal,medium
F-0681-2022,Produce,medium
F-0681-2023,Produce,medium
F-0681-2024,Produce,high
F-0681-2025,Prepared/Frozen,high
F-0682-2013,Grains/Cereal,medium
F-0682-2014,Spices/Condiments,high
F-0682-2015,Beverages,high
F-0682-2016,Produce,high
F-0682-2017,Nuts/Seeds,high
F-0682-2018,Supplements,high
F-0682-2019,Supplements,high
F-0682-2020,Spices/Condiments,high
F-0682-2021,Grains/Cereal,medium
F-0682-2022,Produce,high
F-0682-2023,Spices/Condiments,medium
F-0682-2024,Produce,high
F-0682-2025,Prepared/Frozen,high
F-0683-2013,Dairy,high
F-0683-2014,Spices/Condiments,high
F-0683-2015,Seafood,high
F-0683-2016,Produce,high
F-0683-2017,Beverages,high
F-0683-2018,Produce,high
F-0683-2019,Supplements,high
F-0683-2020,Eggs,high
F-0683-2021,Dairy,medium
F-0683-2022,Produce,high
F-0683-2023,Produce,medium
F-0683-2024,Produce,high
F-0683-2025,Prepared/Frozen,high
F-0684-2013,Seafood,medium
F-0684-2014,Spices/Condiments,high
F-0684-2015,Seafood,high
F-0684-2016,Produce,high
F-0684-2017,Uncategorized,low
F-0684-2018,Dairy,high
F-0684-2019,Spices/Condiments,high
F-0684-2020,Spices/Condiments,low
F-0684-2021,Dairy,high
F-0684-2022,Produce,high
F-0684-2023,Seafood,high
F-0684-2024,Produce,high
F-0684-2025,Prepared/Frozen,medium
F-0685-2013,Dairy,high
F-0685-2014,Spices/Condiments,high
F-0685-2015,Seafood,high
F-0685-2016,Produce,high
F-0685-2017,Grains/Cereal,medium
F-0685-2018,Dairy,high
F-0685-2019,Spices/Condiments,high
F-0685-2020,Grains/Cereal,high
F-0685-2021,Dairy,high
F-0685-2022,Produce,high
F-0685-2023,Non-Food Item,high
F-0685-2024,Produce,high
F-0685-2025,Prepared/Frozen,medium
F-0686-2013,Dairy,high
F-0686-2014,Produce,low
F-0686-2015,Seafood,high
F-0686-2016,Produce,high
F-0686-2017,Prepared/Frozen,high
F-0686-2018,Dairy,high
F-0686-2019,Spices/Condiments,high
F-0686-2020,Grains/Cereal,high
F-0686-2021,Dairy,high
F-0686-2022,Produce,high
F-0686-2023,Prepared/Frozen,medium
F-0686-2024,Produce,high
F-0686-2025,Prepared/Frozen,high
F-0687-2013,Dairy,high
F-0687-2014,Produce,medium
F-0687-2015,Beef/Pork/Poultry/Game Meats,medium
F-0687-2016,Produce,high
F-0687-2017,Bakery,high
F-0687-2018,Dairy,high
F-0687-2019,Beverages,medium
F-0687-2020,Grains/Cereal,high
F-0687-2021,Dairy,high
F-0687-2022,Produce,high
F-0687-2023,Snacks/Candy,high
F-0687-2024,Produce,high
F-0687-2025,Bakery,high
F-0688-2013,Seafood,high
F-0688-2014,Seafood,high
F-0688-2015,Spices/Condiments,medium
F-0688-2016,Produce,high
F-0688-2017,Grains/Cereal,medium
F-0688-2018,Bakery,high
F-0688-2019,Produce,high
F-0688-2020,Grains/Cereal,high
F-0688-2021,Dairy,medium
F-0688-2022,Produce,high
F-0688-2023,Spices/Condiments,high
F-0688-2024,Spices/Condiments,high
F-0688-2025,Snacks/Candy,high
F-0689-2013,Snacks/Candy,medium
F-0689-2014,Seafood,medium
F-0689-2015,Beverages,medium
F-0689-2017,Grains/Cereal,medium
F-0689-2018,Bakery,high
F-0689-2019,Snacks/Candy,medium
F-0689-2020,Grains/Cereal,high
F-0689-2021,Dairy,medium
F-0689-2022,Produce,medium
F-0689-2023,Snacks/Candy,high
F-0689-2024,Seafood,high
F-0689-2025,Bakery,high
F-0690-2013,Spices/Condiments,high
F-0690-2014,Plant Protein,high
F-0690-2015,Beverages,high
F-0690-2017,Snacks/Candy,medium
F-0690-2018,Bakery,high
F-0690-2019,Snacks/Candy,medium
F-0690-2020,Grains/Cereal,high
F-0690-2021,Dairy,medium
F-0690-2022,Produce,high
F-0690-2023,Snacks/Candy,high
F-0690-2024,Produce,medium
F-0690-2025,Bakery,high
F-0691-2013,Dairy,high
F-0691-2014,Supplements,high
F-0691-2015,Dairy,low
F-0691-2017,Snacks/Candy,medium
F-0691-2018,Bakery,high
F-0691-2019,Uncategorized,medium
F-0691-2020,Grains/Cereal,high
F-0691-2021,Dairy,medium
F-0691-2022,Produce,high
F-0691-2023,Bakery,high
F-0691-2024,Seafood,high
F-0691-2025,Bakery,medium
F-0692-2013,Dairy,high
F-0692-2014,Supplements,high
F-0692-2015,Bakery,high
F-0692-2016,Dairy,high
F-0692-2017,Prepared/Frozen,medium
F-0692-2018,Bakery,high
F-0692-2019,Dairy,high
F-0692-2020,Grains/Cereal,high
F-0692-2021,Snacks/Candy,medium
F-0692-2022,Produce,high
F-0692-2023,Spices/Condiments,high
F-0692-2024,Seafood,high
F-0692-2025,Plant Protein,medium
F-0693-2013,Dairy,high
F-0693-2014,Supplements,high
F-0693-2015,Dairy,low
F-0693-2016,Dairy,high
F-0693-2017,Prepared/Frozen,high
F-0693-2018,Bakery,high
F-0693-2019,Dairy,high
F-0693-2020,Grains/Cereal,high
F-0693-2021,Dairy,high
F-0693-2022,Produce,medium
F-0693-2024,Seafood,high
F-0693-2025,Baby/Toddler Food,high
F-0694-2013,Dairy,medium
F-0694-2014,Supplements,high
F-0694-2015,Beverages,medium
F-0694-2016,Dairy,high
F-0694-2017,Nuts/Seeds,medium
F-0694-2018,Bakery,high
F-0694-2019,Dairy,high
F-0694-2020,Grains/Cereal,high
F-0694-2021,Dairy,medium
F-0694-2022,Produce,high
F-0694-2023,Dairy,high
F-0694-2024,Snacks/Candy,medium
F-0694-2025,Prepared/Frozen,medium
F-0695-2013,Bakery,high
F-0695-2014,Supplements,high
F-0695-2015,Produce,high
F-0695-2016,Dairy,high
F-0695-2017,Nuts/Seeds,high
F-0695-2018,Bakery,high
F-0695-2019,Dairy,high
F-0695-2020,Grains/Cereal,high
F-0695-2021,Dairy,medium
F-0695-2022,Produce,high
F-0695-2023,Spices/Condiments,medium
F-0695-2024,Bakery,high
F-0695-2025,Snacks/Candy,medium
F-0696-2013,Bakery,high
F-0696-2014,Bakery,high
F-0696-2015,Produce,medium
F-0696-2016,Dairy,high
F-0696-2017,Nuts/Seeds,high
F-0696-2018,Seafood,low
F-0696-2019,Spices/Condiments,high
F-0696-2020,Grains/Cereal,high
F-0696-2021,Dairy,medium
F-0696-2022,Produce,high
F-0696-2023,Produce,medium
F-0696-2024,Snacks/Candy,medium
F-0696-2025,Spices/Condiments,high
F-0697-2013,Bakery,high
F-0697-2014,Bakery,high
F-0697-2015,Spices/Condiments,high
F-0697-2016,Dairy,high
F-0697-2017,Nuts/Seeds,high
F-0697-2018,Prepared/Frozen,medium
F-0697-2019,Spices/Condiments,high
F-0697-2020,Grains/Cereal,high
F-0697-2021,Dairy,medium
F-0697-2022,Produce,high
F-0697-2023,Dairy,medium
F-0697-2024,Snacks/Candy,medium
F-0697-2025,Dairy,high
F-0698-2013,Grains/Cereal,medium
F-0698-2014,Bakery,medium
F-0698-2015,Beverages,medium
F-0698-2016,Dairy,high
F-0698-2017,Nuts/Seeds,medium
F-0698-2018,Spices/Condiments,medium
F-0698-2019,Snacks/Candy,high
F-0698-2020,Grains/Cereal,high
F-0698-2021,Dairy,medium
F-0698-2022,Produce,high
F-0698-2023,Snacks/Candy,medium
F-0698-2024,Bakery,high
F-0698-2025,Supplements,high
F-0699-2013,Produce,medium
F-0699-2014,Bakery,medium
F-0699-2015,Bakery,high
F-0699-2016,Dairy,high
F-0699-2017,Nuts/Seeds,high
F-0699-2018,Beverages,high
F-0699-2019,Snacks/Candy,high
F-0699-2020,Grains/Cereal,high
F-0699-2021,Nuts/Seeds,medium
F-0699-2022,Produce,high
F-0699-2023,Snacks/Candy,high
F-0699-2024,Snacks/Candy,medium
F-0699-2025,Spices/Condiments,high
F-0700-2013,Produce,high
F-0700-2014,Bakery,high
F-0700-2015,Beverages,high
F-0700-2016,Dairy,high
F-0700-2017,Snacks/Candy,medium
F-0700-2018,Spices/Condiments,medium
F-0700-2019,Produce,medium
F-0700-2020,Grains/Cereal,high
F-0700-2021,Nuts/Seeds,high
F-0700-2022,Produce,high
F-0700-2023,Produce,high
F-0700-2024,Bakery,high
F-0700-2025,Bakery,high
F-0701-2013,Spices/Condiments,medium
F-0701-2014,Produce,high
F-0701-2015,Snacks/Candy,medium
F-0701-2016,Produce,medium
F-0701-2017,Nuts/Seeds,high
F-0701-2018,Grains/Cereal,medium
F-0701-2019,Spices/Condiments,low
F-0701-2020,Grains/Cereal,high
F-0701-2021,Nuts/Seeds,medium
F-0701-2022,Produce,high
F-0701-2023,Produce,high
F-0701-2024,Snacks/Candy,high
F-0701-2025,Spices/Condiments,high
F-0702-2013,Produce,high
F-0702-2014,Produce,high
F-0702-2015,Produce,high
F-0702-2016,Produce,medium
F-0702-2017,Nuts/Seeds,high
F-0702-2018,Produce,high
F-0702-2019,Beverages,high
F-0702-2020,Grains/Cereal,high
F-0702-2021,Nuts/Seeds,high
F-0702-2022,Produce,high
F-0702-2023,Produce,high
F-0702-2024,Snacks/Candy,medium
F-0702-2025,Prepared/Frozen,medium
F-0703-2013,Produce,high
F-0703-2015,Produce,high
F-0703-2016,Grains/Cereal,high
F-0703-2017,Nuts/Seeds,high
F-0703-2018,Bakery,medium
F-0703-2019,Dairy,high
F-0703-2020,Grains/Cereal,high
F-0703-2021,Nuts/Seeds,high
F-0703-2022,Produce,high
F-0703-2023,Produce,high
F-0703-2024,Snacks/Candy,high
F-0703-2025,Produce,medium
F-0704-2013,Dairy,high
F-0704-2014,Produce,high
F-0704-2015,Bakery,high
F-0704-2016,Seafood,high
F-0704-2017,Spices/Condiments,high
F-0704-2018,Spices/Condiments,high
F-0704-2019,Prepared/Frozen,medium
F-0704-2020,Nuts/Seeds,high
F-0704-2021,Supplements,high
F-0704-2022,Produce,medium
F-0704-2023,Produce,high
F-0704-2024,Snacks/Candy,high
F-0704-2025,Spices/Condiments,high
F-0705-2013,Spices/Condiments,high
F-0705-2014,Produce,high
F-0705-2015,Spices/Condiments,high
F-0705-2016,Nuts/Seeds,high
F-0705-2017,Nuts/Seeds,medium
F-0705-2018,Spices/Condiments,high
F-0705-2019,Beverages,high
F-0705-2020,Supplements,high
F-0705-2021,Spices/Condiments,medium
F-0705-2022,Produce,high
F-0705-2023,Produce,high
F-0705-2024,Bakery,high
F-0705-2025,Snacks/Candy,medium
F-0706-2013,Produce,medium
F-0706-2014,Produce,high
F-0706-2016,Nuts/Seeds,high
F-0706-2017,Nuts/Seeds,medium
F-0706-2018,Spices/Condiments,high
F-0706-2019,Beverages,high
F-0706-2021,Dairy,high
F-0706-2022,Produce,medium
F-0706-2023,Plant Protein,medium
F-0706-2024,Bakery,high
F-0706-2025,Produce,high
F-0707-2013,Nuts/Seeds,high
F-0707-2014,Produce,high
F-0707-2015,Seafood,high
F-0707-2016,Nuts/Seeds,high
F-0707-2017,Snacks/Candy,medium
F-0707-2018,Spices/Condiments,high
F-0707-2019,Beverages,high
F-0707-2020,Supplements,high
F-0707-2021,Seafood,high
F-0707-2022,Produce,medium
F-0707-2023,Plant Protein,high
F-0707-2024,Bakery,high
F-0707-2025,Plant Protein,medium
F-0708-2013,Nuts/Seeds,high
F-0708-2014,Produce,high
F-0708-2015,Bakery,high
F-0708-2016,Nuts/Seeds,high
F-0708-2017,Nuts/Seeds,high
F-0708-2018,Spices/Condiments,high
F-0708-2019,Beverages,high
F-0708-2020,Supplements,high
F-0708-2021,Seafood,high
F-0708-2022,Produce,high
F-0708-2023,Seafood,high
F-0708-2024,Produce,high
F-0708-2025,Bakery,medium
F-0709-2013,Snacks/Candy,low
F-0709-2014,Spices/Condiments,low
F-0709-2015,Snacks/Candy,high
F-0709-2016,Nuts/Seeds,high
F-0709-2017,Nuts/Seeds,high
F-0709-2018,Spices/Condiments,high
F-0709-2019,Beverages,high
F-0709-2020,Beverages,medium
F-0709-2021,Seafood,high
F-0709-2022,Produce,high
F-0709-2023,Spices/Condiments,high
F-0709-2024,Produce,medium
F-0709-2025,Supplements,high
F-0710-2013,Grains/Cereal,medium
F-0710-2014,Spices/Condiments,low
F-0710-2015,Supplements,high
F-0710-2016,Nuts/Seeds,high
F-0710-2017,Bakery,medium
F-0710-2018,Spices/Condiments,high
F-0710-2019,Beverages,high
F-0710-2020,Produce,high
F-0710-2021,Seafood,high
F-0710-2022,Produce,high
F-0710-2023,Spices/Condiments,high
F-0710-2024,Supplements,high
F-0710-2025,Bakery,high
F-0711-2013,Dairy,high
F-0711-2014,Produce,high
F-0711-2015,Plant Protein,low
F-0711-2016,Prepared/Frozen,high
F-0711-2017,Dairy,high
F-0711-2018,Spices/Condiments,high
F-0711-2019,Beverages,high
F-0711-2020,Spices/Condiments,medium
F-0711-2021,Seafood,high
F-0711-2022,Produce,high
F-0711-2023,Spices/Condiments,high
F-0711-2024,Bakery,high
F-0711-2025,Snacks/Candy,medium
F-0712-2013,Spices/Condiments,high
F-0712-2014,Produce,high
F-0712-2015,Plant Protein,low
F-0712-2016,Prepared/Frozen,high
F-0712-2017,Baby/Toddler Food,high
F-0712-2018,Spices/Condiments,high
F-0712-2019,Beverages,high
F-0712-2020,Grains/Cereal,high
F-0712-2021,Seafood,high
F-0712-2022,Produce,high
F-0712-2024,Prepared/Frozen,high
F-0712-2025,Produce,medium
F-0713-2013,Spices/Condiments,high
F-0713-2014,Produce,high
F-0713-2015,Snacks/Candy,medium
F-0713-2016,Prepared/Frozen,high
F-0713-2017,Baby/Toddler Food,high
F-0713-2018,Spices/Condiments,high
F-0713-2019,Spices/Condiments,high
F-0713-2020,Prepared/Frozen,high
F-0713-2021,Seafood,high
F-0713-2022,Produce,medium
F-0713-2023,Seafood,high
F-0713-2024,Spices/Condiments,high
F-0713-2025,Snacks/Candy,high
F-0714-2013,Dairy,high
F-0714-2014,Produce,high
F-0714-2015,Prepared/Frozen,medium
F-0714-2017,Produce,medium
F-0714-2018,Spices/Condiments,high
F-0714-2019,Beverages,medium
F-0714-2020,Bakery,high
F-0714-2021,Seafood,high
F-0714-2022,Produce,high
F-0714-2023,Prepared/Frozen,high
F-0714-2024,Prepared/Frozen,high
F-0714-2025,Snacks/Candy,high
F-0715-2013,Dairy,high
F-0715-2014,Produce,high
F-0715-2015,Nuts/Seeds,high
F-0715-2016,Snacks/Candy,medium
F-0715-2017,Baby/Toddler Food,low
F-0715-2018,Spices/Condiments,high
F-0715-2019,Spices/Condiments,high
F-0715-2020,Bakery,medium
F-0715-2021,Seafood,high
F-0715-2022,Produce,high
F-0715-2023,Produce,high
F-0715-2024,Prepared/Frozen,medium
F-0715-2025,Snacks/Candy,high
F-0716-2013,Dairy,high
F-0716-2014,Produce,high
F-0716-2015,Produce,medium
F-0716-2016,Bakery,high
F-0716-2017,Baby/Toddler Food,high
F-0716-2018,Spices/Condiments,high
F-0716-2019,Spices/Condiments,high
F-0716-2020,Bakery,high
F-0716-2021,Seafood,high
F-0716-2022,Produce,high
F-0716-2023,Dairy,high
F-0716-2024,Bakery,medium
F-0716-2025,Snacks/Candy,high
F-0717-2013,Dairy,high
F-0717-2014,Produce,high
F-0717-2015,Spices/Condiments,medium
F-0717-2016,Bakery,medium
F-0717-2017,Baby/Toddler Food,high
F-0717-2018,Spices/Condiments,high
F-0717-2019,Supplements,high
F-0717-2020,Bakery,medium
F-0717-2021,Seafood,high
F-0717-2022,Produce,high
F-0717-2023,Beef/Pork/Poultry/Game Meats,medium
F-0717-2024,Prepared/Frozen,medium
F-0717-2025,Snacks/Candy,high
F-0718-2013,Spices/Condiments,high
F-0718-2014,Produce,high
F-0718-2015,Bakery,high
F-0718-2016,Bakery,high
F-0718-2017,Seafood,high
F-0718-2018,Spices/Condiments,high
F-0718-2019,Grains/Cereal,high
F-0718-2020,Bakery,high
F-0718-2021,Seafood,high
F-0718-2022,Produce,high
F-0718-2023,Prepared/Frozen,medium
F-0718-2024,Prepared/Frozen,medium
F-0718-2025,Produce,high
F-0719-2013,Spices/Condiments,medium
F-0719-2014,Produce,high
F-0719-2015,Bakery,high
F-0719-2016,Bakery,high
F-0719-2017,Snacks/Candy,high
F-0719-2018,Spices/Condiments,high
F-0719-2019,Produce,high
F-0719-2020,Spices/Condiments,medium
F-0719-2021,Seafood,high
F-0719-2022,Produce,high
F-0719-2023,Prepared/Frozen,medium
F-0719-2024,Prepared/Frozen,low
F-0719-2025,Snacks/Candy,medium
F-0720-2013,Spices/Condiments,high
F-0720-2014,Produce,high
F-0720-2015,Bakery,high
F-0720-2016,Bakery,high
F-0720-2017,Prepared/Frozen,medium
F-0720-2018,Spices/Condiments,high
F-0720-2019,Snacks/Candy,medium
F-0720-2020,Bakery,high
F-0720-2021,Seafood,high
F-0720-2022,Produce,medium
F-0720-2023,Prepared/Frozen,medium
F-0720-2024,Dairy,high
F-0720-2025,Prepared/Frozen,medium
F-0721-2013,Dairy,medium
F-0721-2014,Spices/Condiments,medium
F-0721-2015,Bakery,high
F-0721-2016,Bakery,high
F-0721-2017,Prepared/Frozen,low
F-0721-2018,Spices/Condiments,high
F-0721-2019,Snacks/Candy,high
F-0721-2020,Bakery,high
F-0721-2021,Seafood,high
F-0721-2022,Supplements,high
F-0721-2023,Uncategorized,low
F-0721-2024,Uncategorized,low
F-0721-2025,Supplements,low
F-0722-2013,Grains/Cereal,high
F-0722-2014,Beverages,high
F-0722-2015,Bakery,high
F-0722-2016,Bakery,high
F-0722-2017,Snacks/Candy,high
F-0722-2018,Spices/Condiments,high
F-0722-2019,Nuts/Seeds,medium
F-0722-2020,Baking Supplies,medium
F-0722-2021,Seafood,high
F-0722-2022,Supplements,high
F-0722-2023,Grains/Cereal,medium
F-0722-2024,Prepared/Frozen,medium
F-0722-2025,Supplements,medium
F-0723-2013,Produce,high
F-0723-2014,Beverages,high
F-0723-2015,Bakery,high
F-0723-2016,Oils/Fats,high
F-0723-2017,Prepared/Frozen,medium
F-0723-2018,Spices/Condiments,high
F-0723-2019,Snacks/Candy,medium
F-0723-2020,Baking Supplies,medium
F-0723-2021,Seafood,high
F-0723-2022,Supplements,high
F-0723-2023,Bakery,high
F-0723-2024,Prepared/Frozen,medium
F-0723-2025,Supplements,medium
F-0724-2013,Prepared/Frozen,high
F-0724-2014,Produce,high
F-0724-2015,Bakery,low
F-0724-2016,Spices/Condiments,medium
F-0724-2017,Snacks/Candy,low
F-0724-2018,Spices/Condiments,high
F-0724-2019,Snacks/Candy,medium
F-0724-2020,Baking Supplies,medium
F-0724-2021,Seafood,high
F-0724-2022,Supplements,high
F-0724-2023,Bakery,high
F-0724-2024,Beverages,high
F-0724-2025,Supplements,medium
F-0725-2013,Snacks/Candy,medium
F-0725-2014,Produce,medium
F-0725-2015,Produce,high
F-0725-2016,Spices/Condiments,medium
F-0725-2017,Snacks/Candy,low
F-0725-2018,Spices/Condiments,high
F-0725-2019,Bakery,high
F-0725-2020,Baking Supplies,medium
F-0725-2021,Seafood,high
F-0725-2022,Supplements,high
F-0725-2023,Snacks/Candy,medium
F-0725-2024,Spices/Condiments,medium
F-0725-2025,Grains/Cereal,high
F-0726-2013,Snacks/Candy,medium
F-0726-2014,Eggs,high
F-0726-2015,Produce,high
F-0726-2016,Seafood,high
F-0726-2017,Nuts/Seeds,high
F-0726-2018,Spices/Condiments,high
F-0726-2019,Snacks/Candy,high
F-0726-2020,Baking Supplies,medium
F-0726-2021,Dairy,medium
F-0726-2022,Supplements,high
F-0726-2023,Snacks/Candy,medium
F-0726-2024,Prepared/Frozen,medium
F-0726-2025,Produce,medium
F-0727-2014,Produce,low
F-0727-2015,Beverages,high
F-0727-2016,Dairy,medium
F-0727-2017,Nuts/Seeds,high
F-0727-2018,Spices/Condiments,high
F-0727-2019,Nuts/Seeds,medium
F-0727-2020,Baking Supplies,medium
F-0727-2021,Seafood,high
F-0727-2022,Supplements,high
F-0727-2023,Bakery,medium
F-0727-2024,Prepared/Frozen,medium
F-0727-2025,Produce,medium
F-0728-2014,Produce,high
F-0728-2015,Dairy,low
F-0728-2016,Dairy,medium
F-0728-2017,Nuts/Seeds,high
F-0728-2018,Spices/Condiments,high
F-0728-2019,Nuts/Seeds,high
F-0728-2020,Baking Supplies,medium
F-0728-2021,Seafood,high
F-0728-2022,Supplements,high
F-0728-2023,Snacks/Candy,medium
F-0728-2024,Prepared/Frozen,medium
F-0728-2025,Produce,medium
F-0729-2014,Snacks/Candy,medium
F-0729-2015,Spices/Condiments,high
F-0729-2016,Dairy,high
F-0729-2017,Nuts/Seeds,high
F-0729-2018,Spices/Condiments,high
F-0729-2019,Spices/Condiments,medium
F-0729-2020,Baking Supplies,medium
F-0729-2021,Seafood,medium
F-0729-2022,Supplements,high
F-0729-2023,Snacks/Candy,medium
F-0729-2024,Prepared/Frozen,medium
F-0729-2025,Supplements,high
F-0730-2013,Spices/Condiments,high
F-0730-2014,Snacks/Candy,high
F-0730-2015,Bakery,high
F-0730-2016,Dairy,high
F-0730-2017,Nuts/Seeds,high
F-0730-2018,Spices/Condiments,high
F-0730-2019,Nuts/Seeds,high
F-0730-2020,Baking Supplies,medium
F-0730-2021,Seafood,high
F-0730-2022,Prepared/Frozen,high
F-0730-2023,Uncategorized,low
F-0730-2024,Prepared/Frozen,medium
F-0730-2025,Beverages,medium
F-0731-2013,Snacks/Candy,low
F-0731-2014,Snacks/Candy,medium
F-0731-2015,Bakery,high
F-0731-2016,Dairy,medium
F-0731-2017,Nuts/Seeds,medium
F-0731-2018,Spices/Condiments,high
F-0731-2019,Dairy,high
F-0731-2020,Baking Supplies,medium
F-0731-2021,Seafood,high
F-0731-2022,Spices/Condiments,high
F-0731-2023,Grains/Cereal,medium
F-0731-2024,Prepared/Frozen,high
F-0731-2025,Spices/Condiments,high
F-0732-2013,Produce,high
F-0732-2014,Snacks/Candy,high
F-0732-2015,Bakery,high
F-0732-2016,Plant Protein,low
F-0732-2017,Bakery,high
F-0732-2018,Spices/Condiments,high
F-0732-2019,Grains/Cereal,medium
F-0732-2020,Spices/Condiments,high
F-0732-2021,Seafood,high
F-0732-2022,Spices/Condiments,high
F-0732-2023,Baby/Toddler Food,low
F-0732-2024,Prepared/Frozen,medium
F-0732-2025,Beverages,medium
F-0733-2013,Beverages,medium
F-0733-2014,Bakery,high
F-0733-2015,Bakery,high
F-0733-2016,Nuts/Seeds,high
F-0733-2017,Bakery,high
F-0733-2018,Spices/Condiments,high
F-0733-2019,Dairy,high
F-0733-2020,Spices/Condiments,high
F-0733-2021,Seafood,high
F-0733-2022,Dairy,high
F-0733-2023,Supplements,high
F-0733-2024,Prepared/Frozen,medium
F-0733-2025,Nuts/Seeds,high
F-0734-2013,Spices/Condiments,high
F-0734-2014,Supplements,high
F-0734-2015,Bakery,high
F-0734-2016,Nuts/Seeds,high
F-0734-2017,Bakery,high
F-0734-2018,Spices/Condiments,high
F-0734-2019,Produce,high
F-0734-2020,Spices/Condiments,high
F-0734-2021,Seafood,high
F-0734-2022,Nuts/Seeds,high
F-0734-2023,Nuts/Seeds,high
F-0734-2024,Plant Protein,high
F-0734-2025,Beverages,high
F-0735-2013,Dairy,high
F-0735-2014,Supplements,high
F-0735-2015,Spices/Condiments,high
F-0735-2016,Spices/Condiments,medium
F-0735-2017,Bakery,high
F-0735-2018,Spices/Condiments,high
F-0735-2019,Seafood,high
F-0735-2020,Spices/Condiments,high
F-0735-2021,Seafood,high
F-0735-2022,Produce,high
F-0735-2023,Grains/Cereal,medium
F-0735-2024,Plant Protein,medium
F-0735-2025,Prepared/Frozen,medium
F-0736-2013,Seafood,high
F-0736-2014,Supplements,high
F-0736-2015,Spices/Condiments,high
F-0736-2016,Oils/Fats,high
F-0736-2017,Bakery,high
F-0736-2018,Spices/Condiments,high
F-0736-2019,Grains/Cereal,medium
F-0736-2020,Baking Supplies,medium
F-0736-2021,Seafood,high
F-0736-2022,Spices/Condiments,high
F-0736-2023,Spices/Condiments,high
F-0736-2024,Prepared/Frozen,medium
F-0736-2025,Prepared/Frozen,high
F-0737-2013,Beverages,high
F-0737-2014,Supplements,high
F-0737-2015,Spices/Condiments,high
F-0737-2016,Bakery,medium
F-0737-2017,Bakery,high
F-0737-2018,Spices/Condiments,high
F-0737-2019,Grains/Cereal,medium
F-0737-2020,Bakery,high
F-0737-2021,Seafood,high
F-0737-2022,Produce,high
F-0737-2023,Spices/Condiments,high
F-0737-2024,Prepared/Frozen,high
F-0737-2025,Prepared/Frozen,medium
F-0738-2013,Bakery,high
F-0738-2014,Supplements,low
F-0738-2015,Spices/Condiments,high
F-0738-2016,Prepared/Frozen,medium
F-0738-2017,Seafood,high
F-0738-2018,Spices/Condiments,high
F-0738-2019,Dairy,low
F-0738-2020,Bakery,high
F-0738-2021,Seafood,high
F-0738-2022,Produce,high
F-0738-2023,Snacks/Candy,medium
F-0738-2024,Prepared/Frozen,high
F-0738-2025,Prepared/Frozen,low
F-0739-2013,Bakery,high
F-0739-2014,Supplements,high
F-0739-2015,Spices/Condiments,high
F-0739-2016,Spices/Condiments,high
F-0739-2017,Seafood,high
F-0739-2018,Spices/Condiments,medium
F-0739-2019,Dairy,medium
F-0739-2020,Bakery,high
F-0739-2021,Seafood,high
F-0739-2022,Baking Supplies,high
F-0739-2023,Grains/Cereal,low
F-0739-2024,Prepared/Frozen,high
F-0739-2025,Produce,high
F-074-2016,Nuts/Seeds,medium
F-0740-2013,Dairy,high
F-0740-2014,Supplements,high
F-0740-2015,Spices/Condiments,high
F-0740-2016,Snacks/Candy,medium
F-0740-2017,Oils/Fats,high
F-0740-2018,Spices/Condiments,high
F-0740-2019,Dairy,high
F-0740-2020,Produce,medium
F-0740-2021,Seafood,high
F-0740-2022,Plant Protein,medium
F-0740-2023,Dairy,medium
F-0740-2024,Prepared/Frozen,high
F-0740-2025,Produce,high
F-0741-2013,Food Additives/Ingredients,high
F-0741-2014,Supplements,high
F-0741-2015,Spices/Condiments,high
F-0741-2016,Food Additives/Ingredients,medium
F-0741-2017,Oils/Fats,high
F-0741-2018,Spices/Condiments,high
F-0741-2019,Plant Protein,medium
F-0741-2020,Nuts/Seeds,high
F-0741-2021,Seafood,high
F-0741-2022,Bakery,high
F-0741-2023,Produce,high
F-0741-2024,Prepared/Frozen,medium
F-0741-2025,Bakery,high
F-0742-2013,Plant Protein,medium
F-0742-2014,Supplements,high
F-0742-2015,Supplements,low
F-0742-2016,Bakery,high
F-0742-2017,Oils/Fats,high
F-0742-2018,Spices/Condiments,high
F-0742-2019,Prepared/Frozen,medium
F-0742-2020,Prepared/Frozen,medium
F-0742-2021,Seafood,high
F-0742-2022,Produce,medium
F-0742-2023,Spices/Condiments,high
F-0742-2024,Prepared/Frozen,medium
F-0742-2025,Bakery,high
F-0743-2013,Dairy,high
F-0743-2014,Supplements,high
F-0743-2015,Prepared/Frozen,high
F-0743-2016,Bakery,medium
F-0743-2017,Oils/Fats,high
F-0743-2018,Spices/Condiments,high
F-0743-2019,Prepared/Frozen,medium
F-0743-2020,Baking Supplies,high
F-0743-2021,Plant Protein,medium
F-0743-2022,Produce,high
F-0743-2023,Spices/Condiments,high
F-0743-2024,Spices/Condiments,medium
F-0743-2025,Bakery,low
F-0744-2013,Dairy,high
F-0744-2014,Supplements,high
F-0744-2015,Nuts/Seeds,high
F-0744-2016,Bakery,high
F-0744-2017,Oils/Fats,high
F-0744-2018,Spices/Condiments,high
F-0744-2019,Prepared/Frozen,high
F-0744-2020,Baking Supplies,medium
F-0744-2021,Plant Protein,medium
F-0744-2022,Produce,low
F-0744-2023,Spices/Condiments,high
F-0744-2024,Prepared/Frozen,medium
F-0744-2025,Dairy,high
F-0745-2013,Dairy,high
F-0745-2014,Supplements,high
F-0745-2015,Nuts/Seeds,high
F-0745-2016,Bakery,high
F-0745-2017,Seafood,medium
F-0745-2018,Spices/Condiments,high
F-0745-2019,Plant Protein,medium
F-0745-2020,Baking Supplies,high
F-0745-2021,Plant Protein,high
F-0745-2022,Produce,high
F-0745-2023,Produce,high
F-0745-2024,Seafood,low
F-0745-2025,Bakery,high
F-0746-2013,Dairy,high
F-0746-2014,Supplements,high
F-0746-2016,Beverages,high
F-0746-2017,Seafood,high
F-0746-2018,Spices/Condiments,high
F-0746-2019,Produce,medium
F-0746-2020,Baking Supplies,medium
F-0746-2021,Plant Protein,medium
F-0746-2022,Produce,medium
F-0746-2023,Spices/Condiments,medium
F-0746-2024,Produce,medium
F-0746-2025,Eggs,high
F-0747-2013,Bakery,high
F-0747-2014,Supplements,high
F-0747-2016,Grains/Cereal,high
F-0747-2017,Seafood,high
F-0747-2018,Spices/Condiments,high
F-0747-2019,Seafood,high
F-0747-2020,Baking Supplies,high
F-0747-2021,Supplements,high
F-0747-2022,Produce,medium
F-0747-2023,Spices/Condiments,high
F-0747-2024,Prepared/Frozen,high
F-0747-2025,Seafood,high
F-0748-2013,Bakery,high
F-0748-2014,Supplements,high
F-0748-2016,Bakery,high
F-0748-2017,Plant Protein,high
F-0748-2018,Spices/Condiments,high
F-0748-2019,Prepared/Frozen,high
F-0748-2020,Baking Supplies,high
F-0748-2021,Produce,high
F-0748-2022,Produce,high
F-0748-2023,Plant Protein,medium
F-0748-2024,Produce,medium
F-0748-2025,Bakery,medium
F-0749-2013,Bakery,high
F-0749-2014,Supplements,high
F-0749-2015,Nuts/Seeds,medium
F-0749-2016,Prepared/Frozen,medium
F-0749-2017,Plant Protein,high
F-0749-2018,Spices/Condiments,high
F-0749-2019,Bakery,high
F-0749-2020,Baking Supplies,high
F-0749-2021,Produce,high
F-0749-2022,Produce,high
F-0749-2023,Prepared/Frozen,medium
F-0749-2024,Prepared/Frozen,medium
F-0749-2025,Snacks/Candy,medium
F-0750-2013,Bakery,high
F-0750-2014,Supplements,high
F-0750-2015,Bakery,high
F-0750-2016,Prepared/Frozen,medium
F-0750-2017,Prepared/Frozen,high
F-0750-2018,Spices/Condiments,high
F-0750-2019,Snacks/Candy,high
F-0750-2020,Baking Supplies,medium
F-0750-2021,Produce,high
F-0750-2022,Produce,high
F-0750-2023,Grains/Cereal,high
F-0750-2024,Prepared/Frozen,high
F-0750-2025,Snacks/Candy,high
F-0751-2013,Bakery,high
F-0751-2014,Supplements,high
F-0751-2015,Spices/Condiments,high
F-0751-2016,Dairy,high
F-0751-2017,Prepared/Frozen,high
F-0751-2018,Snacks/Candy,high
F-0751-2019,Dairy,high
F-0751-2020,Dairy,high
F-0751-2021,Produce,high
F-0751-2022,Produce,high
F-0751-2023,Snacks/Candy,high
F-0751-2024,Prepared/Frozen,high
F-0751-2025,Snacks/Candy,medium
F-0752-2013,Bakery,high
F-0752-2014,Supplements,high
F-0752-2015,Dairy,high
F-0752-2016,Spices/Condiments,high
F-0752-2017,Prepared/Frozen,high
F-0752-2018,Seafood,high
F-0752-2019,Snacks/Candy,high
F-0752-2020,Snacks/Candy,high
F-0752-2021,Seafood,medium
F-0752-2022,Produce,high
F-0752-2023,Bakery,high
F-0752-2024,Prepared/Frozen,high
F-0752-2025,Prepared/Frozen,high
F-0753-2013,Bakery,high
F-0753-2014,Supplements,high
F-0753-2015,Prepared/Frozen,medium
F-0753-2016,Spices/Condiments,high
F-0753-2017,Snacks/Candy,medium
F-0753-2018,Seafood,high
F-0753-2019,Eggs,low
F-0753-2020,Snacks/Candy,medium
F-0753-2021,Seafood,medium
F-0753-2022,Produce,high
F-0753-2023,Produce,high
F-0753-2024,Prepared/Frozen,high
F-0753-2025,Prepared/Frozen,medium
F-0754-2013,Bakery,high
F-0754-2014,Supplements,high
F-0754-2015,Beverages,high
F-0754-2016,Spices/Condiments,medium
F-0754-2017,Snacks/Candy,high
F-0754-2018,Seafood,high
F-0754-2019,Eggs,low
F-0754-2020,Snacks/Candy,medium
F-0754-2021,Nuts/Seeds,high
F-0754-2022,Produce,high
F-0754-2023,Produce,high
F-0754-2024,Prepared/Frozen,high
F-0754-2025,Prepared/Frozen,medium
F-0755-2013,Bakery,high
F-0755-2014,Supplements,medium
F-0755-2015,Produce,high
F-0755-2016,Spices/Condiments,high
F-0755-2017,Snacks/Candy,high
F-0755-2018,Seafood,high
F-0755-2019,Dairy,medium
F-0755-2020,Supplements,medium
F-0755-2021,Nuts/Seeds,high
F-0755-2022,Produce,high
F-0755-2023,Produce,medium
F-0755-2024,Prepared/Frozen,medium
F-0755-2025,Prepared/Frozen,medium
F-0756-2013,Bakery,high
F-0756-2014,Supplements,high
F-0756-2015,Dairy,high
F-0756-2016,Snacks/Candy,medium
F-0756-2017,Snacks/Candy,high
F-0756-2018,Produce,medium
F-0756-2019,Beverages,medium
F-0756-2020,Supplements,high
F-0756-2021,Spices/Condiments,high
F-0756-2022,Produce,medium
F-0756-2023,Food Additives/Ingredients,medium
F-0756-2024,Prepared/Frozen,medium
F-0756-2025,Supplements,high
F-0757-2013,Bakery,high
F-0757-2014,Supplements,medium
F-0757-2015,Prepared/Frozen,high
F-0757-2016,Plant Protein,low
F-0757-2017,Snacks/Candy,high
F-0757-2018,Supplements,high
F-0757-2019,Snacks/Candy,low
F-0757-2020,Prepared/Frozen,medium
F-0757-2021,Dairy,high
F-0757-2022,Produce,medium
F-0757-2024,Prepared/Frozen,high
F-0757-2025,Nuts/Seeds,high
F-0758-2013,Bakery,high
F-0758-2014,Supplements,medium
F-0758-2015,Produce,high
F-0758-2016,Beverages,medium
F-0758-2017,Snacks/Candy,high
F-0758-2018,Bakery,medium
F-0758-2019,Snacks/Candy,medium
F-0758-2020,Plant Protein,medium
F-0758-2021,Dairy,medium
F-0758-2022,Produce,high
F-0758-2024,Prepared/Frozen,high
F-0758-2025,Spices/Condiments,high
F-0759-2013,Bakery,high
F-0759-2014,Supplements,high
F-0759-2015,Spices/Condiments,high
F-0759-2016,Nuts/Seeds,low
F-0759-2017,Snacks/Candy,high
F-0759-2018,Bakery,medium
F-0759-2019,Snacks/Candy,low
F-0759-2020,Beverages,low
F-0759-2021,Dairy,medium
F-0759-2022,Produce,high
F-0759-2024,Prepared/Frozen,high
F-0759-2025,Bakery,high
F-0760-2013,Bakery,high
F-0760-2014,Supplements,high
F-0760-2015,Spices/Condiments,medium
F-0760-2016,Nuts/Seeds,low
F-0760-2017,Snacks/Candy,high
F-0760-2018,Bakery,high
F-0760-2019,Snacks/Candy,medium
F-0760-2020,Produce,medium
F-0760-2021,Spices/Condiments,high
F-0760-2022,Produce,medium
F-0760-2023,Produce,high
F-0760-2024,Prepared/Frozen,medium
F-0760-2025,Bakery,high
F-0761-2013,Bakery,high
F-0761-2014,Supplements,low
F-0761-2015,Produce,medium
F-0761-2016,Grains/Cereal,high
F-0761-2017,Snacks/Candy,high
F-0761-2018,Bakery,high
F-0761-2019,Prepared/Frozen,medium
F-0761-2020,Produce,low
F-0761-2021,Produce,medium
F-0761-2022,Produce,high
F-0761-2023,Bakery,high
F-0761-2024,Prepared/Frozen,medium
F-0761-2025,Seafood,high
F-0762-2013,Bakery,high
F-0762-2014,Supplements,high
F-0762-2015,Seafood,high
F-0762-2016,Grains/Cereal,high
F-0762-2017,Supplements,medium
F-0762-2018,Bakery,low
F-0762-2019,Produce,high
F-0762-2020,Produce,low
F-0762-2021,Spices/Condiments,high
F-0762-2022,Produce,medium
F-0762-2023,Bakery,high
F-0762-2024,Prepared/Frozen,high
F-0762-2025,Prepared/Frozen,medium
F-0763-2013,Bakery,high
F-0763-2014,Supplements,high
F-0763-2015,Produce,medium
F-0763-2016,Grains/Cereal,medium
F-0763-2017,Produce,high
F-0763-2018,Bakery,low
F-0763-2019,Produce,high
F-0763-2020,Produce,medium
F-0763-2021,Baby/Toddler Food,low
F-0763-2022,Produce,high
F-0763-2024,Prepared/Frozen,high
F-0763-2025,Dairy,medium
F-0764-2013,Bakery,high
F-0764-2014,Supplements,low
F-0764-2015,Snacks/Candy,high
F-0764-2016,Prepared/Frozen,low
F-0764-2017,Prepared/Frozen,high
F-0764-2018,Bakery,medium
F-0764-2019,Produce,high
F-0764-2020,Bakery,high
F-0764-2021,Baby/Toddler Food,medium
F-0764-2022,Produce,medium
F-0764-2024,Prepared/Frozen,medium
F-0764-2025,Dairy,high
F-0765-2013,Bakery,high
F-0765-2014,Supplements,medium
F-0765-2015,Spices/Condiments,high
F-0765-2016,Prepared/Frozen,high
F-0765-2017,Prepared/Frozen,medium
F-0765-2018,Bakery,high
F-0765-2019,Produce,high
F-0765-2020,Bakery,high
F-0765-2021,Baby/Toddler Food,low
F-0765-2022,Produce,high
F-0765-2024,Prepared/Frozen,high
F-0765-2025,Dairy,medium
F-0766-2013,Bakery,high
F-0766-2014,Supplements,high
F-0766-2016,Prepared/Frozen,high
F-0766-2017,Supplements,high
F-0766-2018,Bakery,high
F-0766-2019,Beverages,high
F-0766-2020,Bakery,high
F-0766-2021,Dairy,high
F-0766-2022,Produce,medium
F-0766-2024,Prepared/Frozen,high
F-0766-2025,Dairy,medium
F-0767-2013,Bakery,high
F-0767-2014,Supplements,medium
F-0767-2015,Spices/Condiments,high
F-0767-2016,Prepared/Frozen,medium
F-0767-2017,Seafood,high
F-0767-2018,Bakery,medium
F-0767-2019,Beverages,high
F-0767-2020,Bakery,high
F-0767-2021,Grains/Cereal,high
F-0767-2022,Produce,high
F-0767-2023,Bakery,high
F-0767-2024,Prepared/Frozen,medium
F-0767-2025,Dairy,high
F-0768-2013,Bakery,high
F-0768-2014,Supplements,high
F-0768-2015,Seafood,high
F-0768-2016,Prepared/Frozen,medium
F-0768-2017,Produce,high
F-0768-2018,Bakery,high
F-0768-2019,Beverages,high
F-0768-2020,Plant Protein,high
F-0768-2021,Dairy,high
F-0768-2022,Produce,high
F-0768-2023,Bakery,high
F-0768-2024,Prepared/Frozen,high
F-0768-2025,Dairy,high
F-0769-2013,Bakery,high
F-0769-2014,Supplements,medium
F-0769-2015,Nuts/Seeds,low
F-0769-2016,Plant Protein,medium
F-0769-2017,Bakery,medium
F-0769-2018,Bakery,high
F-0769-2019,Beverages,high
F-0769-2020,Beverages,high
F-0769-2021,Spices/Condiments,medium
F-0769-2022,Produce,high
F-0769-2023,Nuts/Seeds,medium
F-0769-2024,Produce,medium
F-0769-2025,Dairy,high
F-0770-2013,Bakery,high
F-0770-2014,Supplements,high
F-0770-2015,Produce,medium
F-0770-2016,Spices/Condiments,low
F-0770-2017,Bakery,medium
F-0770-2018,Bakery,high
F-0770-2019,Beverages,high
F-0770-2020,Beverages,high
F-0770-2021,Baby/Toddler Food,high
F-0770-2022,Produce,high
F-0770-2023,Nuts/Seeds,medium
F-0770-2024,Produce,high
F-0770-2025,Dairy,medium
F-0771-2013,Bakery,high
F-0771-2014,Supplements,medium
F-0771-2015,Dairy,low
F-0771-2016,Prepared/Frozen,medium
F-0771-2017,Bakery,medium
F-0771-2018,Dairy,high
F-0771-2019,Beverages,high
F-0771-2020,Beverages,high
F-0771-2021,Dairy,medium
F-0771-2022,Produce,medium
F-0771-2023,Spices/Condiments,high
F-0771-2024,Produce,high
F-0771-2025,Plant Protein,medium
F-0772-2013,Bakery,high
F-0772-2014,Supplements,medium
F-0772-2015,Produce,high
F-0772-2016,Prepared/Frozen,high
F-0772-2017,Bakery,high
F-0772-2018,Prepared/Frozen,medium
F-0772-2019,Beverages,high
F-0772-2020,Beverages,high
F-0772-2021,Snacks/Candy,medium
F-0772-2022,Produce,high
F-0772-2023,Snacks/Candy,medium
F-0772-2024,Produce,high
F-0772-2025,Dairy,medium
F-0773-2013,Bakery,high
F-0773-2014,Supplements,high
F-0773-2015,Produce,high
F-0773-2016,Nuts/Seeds,high
F-0773-2017,Bakery,medium
F-0773-2018,Prepared/Frozen,medium
F-0773-2019,Beverages,high
F-0773-2020,Baby/Toddler Food,high
F-0773-2021,Produce,medium
F-0773-2022,Produce,medium
F-0773-2023,Snacks/Candy,medium
F-0773-2024,Snacks/Candy,high
F-0773-2025,Dairy,medium
F-0774-2013,Bakery,high
F-0774-2014,Supplements,medium
F-0774-2015,Produce,high
F-0774-2016,Nuts/Seeds,medium
F-0774-2017,Bakery,medium
F-0774-2018,Supplements,high
F-0774-2019,Beverages,high
F-0774-2020,Produce,high
F-0774-2021,Seafood,high
F-0774-2022,Produce,high
F-0774-2023,Snacks/Candy,medium
F-0774-2024,Bakery,high
F-0774-2025,Dairy,medium
F-0775-2013,Bakery,high
F-0775-2014,Supplements,medium
F-0775-2015,Produce,high
F-0775-2016,Dairy,high
F-0775-2017,Bakery,high
F-0775-2018,Bakery,high
F-0775-2019,Nuts/Seeds,high
F-0775-2020,Oils/Fats,high
F-0775-2021,Spices/Condiments,high
F-0775-2022,Produce,medium
F-0775-2023,Snacks/Candy,medium
F-0775-2024,Beverages,medium
F-0775-2025,Produce,high
F-0776-2013,Bakery,high
F-0776-2014,Supplements,high
F-0776-2015,Produce,high
F-0776-2016,Snacks/Candy,medium
F-0776-2017,Bakery,high
F-0776-2018,Bakery,high
F-0776-2019,Nuts/Seeds,high
F-0776-2020,Oils/Fats,high
F-0776-2021,Supplements,high
F-0776-2022,Produce,high
F-0776-2023,Snacks/Candy,high
F-0776-2024,Prepared/Frozen,medium
F-0776-2025,Produce,high
F-0777-2013,Bakery,high
F-0777-2014,Supplements,medium
F-0777-2015,Produce,medium
F-0777-2016,Grains/Cereal,medium
F-0777-2017,Snacks/Candy,medium
F-0777-2018,Bakery,high
F-0777-2019,Nuts/Seeds,high
F-0777-2021,Supplements,high
F-0777-2022,Produce,medium
F-0777-2023,Snacks/Candy,medium
F-0777-2024,Bakery,medium
F-0777-2025,Spices/Condiments,medium
F-0778-2013,Bakery,high
F-0778-2014,Supplements,medium
F-0778-2015,Dairy,low
F-0778-2017,Bakery,high
F-0778-2018,Bakery,high
F-0778-2019,Nuts/Seeds,high
F-0778-2020,Supplements,low
F-0778-2021,Supplements,high
F-0778-2022,Produce,medium
F-0778-2023,Spices/Condiments,high
F-0778-2024,Nuts/Seeds,high
F-0778-2025,Produce,high
F-0779-2013,Bakery,high
F-0779-2014,Food Additives/Ingredients,medium
F-0779-2015,Snacks/Candy,low
F-0779-2016,Produce,high
F-0779-2017,Bakery,medium
F-0779-2018,Bakery,high
F-0779-2019,Baking Supplies,medium
F-0779-2020,Supplements,medium
F-0779-2021,Supplements,low
F-0779-2022,Produce,medium
F-0779-2023,Dairy,high
F-0779-2024,Nuts/Seeds,medium
F-0779-2025,Dairy,high
F-0780-2013,Bakery,high
F-0780-2014,Supplements,high
F-0780-2015,Prepared/Frozen,low
F-0780-2016,Produce,high
F-0780-2017,Bakery,medium
F-0780-2018,Bakery,high
F-0780-2019,Oils/Fats,high
F-0780-2020,Supplements,low
F-0780-2021,Supplements,high
F-0780-2022,Produce,high
F-0780-2023,Plant Protein,low
F-0780-2024,Prepared/Frozen,high
F-0780-2025,Dairy,high
F-0781-2013,Bakery,high
F-0781-2014,Pet Food/Treats,low
F-0781-2015,Produce,medium
F-0781-2016,Produce,high
F-0781-2017,Bakery,high
F-0781-2018,Bakery,high
F-0781-2019,Nuts/Seeds,medium
F-0781-2020,Plant Protein,medium
F-0781-2021,Supplements,high
F-0781-2022,Produce,high
F-0781-2023,Plant Protein,medium
F-0781-2024,Prepared/Frozen,high
F-0781-2025,Dairy,high
F-0782-2013,Bakery,high
F-0782-2014,Supplements,medium
F-0782-2015,Dairy,high
F-0782-2016,Produce,high
F-0782-2017,Bakery,high
F-0782-2018,Bakery,high
F-0782-2020,Supplements,low
F-0782-2021,Beverages,high
F-0782-2022,Produce,high
F-0782-2023,Plant Protein,low
F-0782-2024,Prepared/Frozen,high
F-0782-2025,Dairy,high
F-0783-2013,Bakery,high
F-0783-2014,Food Additives/Ingredients,low
F-0783-2015,Dairy,high
F-0783-2016,Nuts/Seeds,high
F-0783-2017,Bakery,medium
F-0783-2018,Bakery,high
F-0783-2019,Nuts/Seeds,medium
F-0783-2020,Plant Protein,medium
F-0783-2021,Beverages,medium
F-0783-2022,Produce,high
F-0783-2023,Plant Protein,medium
F-0783-2024,Prepared/Frozen,medium
F-0783-2025,Dairy,high
F-0784-2013,Snacks/Candy,medium
F-0784-2014,Supplements,high
F-0784-2015,Nuts/Seeds,high
F-0784-2016,Food Additives/Ingredients,medium
F-0784-2017,Bakery,medium
F-0784-2018,Bakery,high
F-0784-2019,Bakery,medium
F-0784-2020,Plant Protein,medium
F-0784-2021,Beverages,medium
F-0784-2022,Produce,high
F-0784-2023,Plant Protein,low
F-0784-2024,Uncategorized,low
F-0784-2025,Dairy,high
F-0785-2013,Bakery,high
F-0785-2014,Supplements,high
F-0785-2015,Snacks/Candy,medium
F-0785-2016,Prepared/Frozen,high
F-0785-2017,Bakery,medium
F-0785-2018,Bakery,high
F-0785-2019,Bakery,high
F-0785-2021,Beverages,high
F-0785-2022,Produce,high
F-0785-2023,Plant Protein,low
F-0785-2024,Produce,low
F-0785-2025,Dairy,high
F-0786-2013,Grains/Cereal,medium
F-0786-2014,Supplements,medium
F-0786-2015,Snacks/Candy,medium
F-0786-2016,Prepared/Frozen,high
F-0786-2017,Bakery,high
F-0786-2018,Bakery,high
F-0786-2019,Bakery,medium
F-0786-2020,Grains/Cereal,medium
F-0786-2021,Spices/Condiments,high
F-0786-2022,Produce,high
F-0786-2023,Plant Protein,low
F-0786-2024,Bakery,high
F-0786-2025,Dairy,high
F-0787-2013,Bakery,high
F-0787-2014,Supplements,high
F-0787-2015,Snacks/Candy,medium
F-0787-2016,Prepared/Frozen,high
F-0787-2017,Bakery,medium
F-0787-2018,Bakery,high
F-0787-2019,Bakery,high
F-0787-2020,Food Additives/Ingredients,high
F-0787-2021,Spices/Condiments,high
F-0787-2022,Produce,high
F-0787-2023,Plant Protein,medium
F-0787-2024,Bakery,high
F-0787-2025,Dairy,high
F-0788-2013,Bakery,high
F-0788-2014,Supplements,high
F-0788-2015,Prepared/Frozen,high
F-0788-2016,Prepared/Frozen,high
F-0788-2017,Produce,high
F-0788-2018,Bakery,high
F-0788-2019,Bakery,low
F-0788-2020,Nuts/Seeds,low
F-0788-2021,Bakery,high
F-0788-2022,Produce,high
F-0788-2023,Plant Protein,medium
F-0788-2024,Bakery,high
F-0788-2025,Dairy,high
F-0789-2013,Bakery,high
F-0789-2014,Supplements,medium
F-0789-2015,Prepared/Frozen,high
F-0789-2016,Prepared/Frozen,high
F-0789-2018,Beverages,high
F-0789-2019,Bakery,medium
F-0789-2020,Grains/Cereal,medium
F-0789-2021,Supplements,high
F-0789-2022,Produce,high
F-0789-2023,Plant Protein,low
F-0789-2024,Bakery,high
F-0789-2025,Dairy,high
F-0790-2013,Bakery,high
F-0790-2014,Supplements,high
F-0790-2015,Prepared/Frozen,high
F-0790-2016,Prepared/Frozen,high
F-0790-2017,Prepared/Frozen,medium
F-0790-2018,Beverages,high
F-0790-2019,Grains/Cereal,high
F-0790-2020,Nuts/Seeds,medium
F-0790-2021,Prepared/Frozen,high
F-0790-2022,Produce,high
F-0790-2023,Plant Protein,medium
F-0790-2024,Bakery,high
F-0790-2025,Dairy,high
F-0791-2013,Bakery,high
F-0791-2014,Food Additives/Ingredients,medium
F-0791-2015,Prepared/Frozen,medium
F-0791-2016,Prepared/Frozen,medium
F-0791-2017,Prepared/Frozen,medium
F-0791-2018,Spices/Condiments,high
F-0791-2019,Bakery,medium
F-0791-2020,Grains/Cereal,medium
F-0791-2021,Plant Protein,medium
F-0791-2022,Produce,high
F-0791-2023,Plant Protein,low
F-0791-2024,Bakery,medium
F-0791-2025,Dairy,high
F-0792-2013,Bakery,high
F-0792-2014,Supplements,high
F-0792-2015,Prepared/Frozen,medium
F-0792-2016,Prepared/Frozen,high
F-0792-2017,Prepared/Frozen,medium
F-0792-2018,Produce,high
F-0792-2019,Bakery,medium
F-0792-2020,Grains/Cereal,medium
F-0792-2021,Plant Protein,medium
F-0792-2022,Produce,high
F-0792-2023,Plant Protein,low
F-0792-2024,Bakery,high
F-0792-2025,Dairy,high
F-0793-2013,Bakery,high
F-0793-2014,Supplements,medium
F-0793-2015,Produce,medium
F-0793-2016,Prepared/Frozen,high
F-0793-2017,Prepared/Frozen,medium
F-0793-2018,Prepared/Frozen,medium
F-0793-2019,Bakery,medium
F-0793-2020,Grains/Cereal,medium
F-0793-2021,Food Additives/Ingredients,medium
F-0793-2022,Produce,high
F-0793-2023,Plant Protein,low
F-0793-2024,Produce,medium
F-0793-2025,Dairy,high
F-0794-2013,Produce,high
F-0794-2014,Supplements,high
F-0794-2015,Produce,high
F-0794-2016,Produce,high
F-0794-2017,Prepared/Frozen,medium
F-0794-2018,Oils/Fats,high
F-0794-2019,Snacks/Candy,high
F-0794-2020,Food Additives/Ingredients,high
F-0794-2021,Food Additives/Ingredients,medium
F-0794-2022,Produce,medium
F-0794-2023,Plant Protein,medium
F-0794-2024,Prepared/Frozen,medium
F-0794-2025,Dairy,high
F-0795-2013,Uncategorized,low
F-0795-2014,Supplements,high
F-0795-2015,Produce,medium
F-0795-2016,Produce,high
F-0795-2017,Prepared/Frozen,medium
F-0795-2018,Oils/Fats,high
F-0795-2019,Nuts/Seeds,high
F-0795-2020,Bakery,high
F-0795-2021,Produce,high
F-0795-2022,Produce,medium
F-0795-2023,Plant Protein,low
F-0795-2024,Bakery,high
F-0795-2025,Dairy,high
F-0796-2013,Bakery,high
F-0796-2014,Supplements,medium
F-0796-2015,Seafood,high
F-0796-2016,Produce,high
F-0796-2017,Prepared/Frozen,medium
F-0796-2018,Supplements,high
F-0796-2020,Bakery,medium
F-0796-2021,Produce,high
F-0796-2022,Produce,high
F-0796-2023,Plant Protein,low
F-0796-2024,Produce,high
F-0796-2025,Dairy,high
F-0797-2013,Dairy,high
F-0797-2014,Supplements,medium
F-0797-2015,Dairy,medium
F-0797-2016,Spices/Condiments,medium
F-0797-2017,Prepared/Frozen,medium
F-0797-2018,Snacks/Candy,high
F-0797-2020,Snacks/Candy,high
F-0797-2021,Prepared/Frozen,medium
F-0797-2022,Beverages,medium
F-0797-2023,Plant Protein,low
F-0797-2024,Spices/Condiments,high
F-0797-2025,Dairy,high
F-0798-2013,Dairy,high
F-0798-2014,Supplements,high
F-0798-2015,Dairy,medium
F-0798-2016,Spices/Condiments,high
F-0798-2017,Prepared/Frozen,high
F-0798-2018,Spices/Condiments,low
F-0798-2020,Prepared/Frozen,high
F-0798-2021,Plant Protein,high
F-0798-2022,Supplements,medium
F-0798-2023,Plant Protein,medium
F-0798-2024,Spices/Condiments,high
F-0798-2025,Dairy,high
F-0799-2013,Dairy,high
F-0799-2014,Supplements,high
F-0799-2015,Snacks/Candy,high
F-0799-2016,Spices/Condiments,high
F-0799-2017,Prepared/Frozen,high
F-0799-2018,Seafood,high
F-0799-2020,Spices/Condiments,high
F-0799-2021,Plant Protein,high
F-0799-2022,Supplements,medium
F-0799-2023,Plant Protein,low
F-0799-2024,Spices/Condiments,high
F-0799-2025,Dairy,high
F-0800-2013,Dairy,high
F-0800-2014,Food Additives/Ingredients,medium
F-0800-2015,Snacks/Candy,high
F-0800-2016,Spices/Condiments,high
F-0800-2017,Prepared/Frozen,high
F-0800-2018,Food Additives/Ingredients,low
F-0800-2020,Nuts/Seeds,medium
F-0800-2021,Plant Protein,high
F-0800-2022,Supplements,medium
F-0800-2023,Plant Protein,medium
F-0800-2024,Spices/Condiments,high
F-0800-2025,Dairy,high
F-0801-2013,Dairy,high
F-0801-2014,Supplements,high
F-0801-2015,Seafood,high
F-0801-2016,Spices/Condiments,high
F-0801-2017,Prepared/Frozen,high
F-0801-2018,Bakery,low
F-0801-2019,Snacks/Candy,medium
F-0801-2020,Baking Supplies,high
F-0801-2021,Plant Protein,high
F-0801-2022,Food Additives/Ingredients,medium
F-0801-2023,Plant Protein,low
F-0801-2024,Spices/Condiments,high
F-0801-2025,Snacks/Candy,low
F-0802-2014,Supplements,medium
F-0802-2015,Prepared/Frozen,medium
F-0802-2016,Spices/Condiments,medium
F-0802-2017,Prepared/Frozen,high
F-0802-2018,Bakery,high
F-0802-2019,Beverages,medium
F-0802-2020,Baking Supplies,high
F-0802-2021,Plant Protein,high
F-0802-2022,Prepared/Frozen,medium
F-0802-2023,Produce,high
F-0802-2024,Snacks/Candy,low
F-0802-2025,Spices/Condiments,medium
F-0802-3013,Dairy,high
F-0803-2013,Dairy,medium
F-0803-2014,Supplements,high
F-0803-2015,Prepared/Frozen,high
F-0803-2016,Spices/Condiments,high
F-0803-2017,Prepared/Frozen,high
F-0803-2018,Spices/Condiments,medium
F-0803-2019,Dairy,high
F-0803-2020,Spices/Condiments,medium
F-0803-2021,Plant Protein,high
F-0803-2022,Dairy,high
F-0803-2023,Snacks/Candy,high
F-0803-2024,Supplements,high
F-0803-2025,Nuts/Seeds,high
F-0804-2013,Prepared/Frozen,medium
F-0804-2014,Supplements,high
F-0804-2015,Prepared/Frozen,high
F-0804-2016,Bakery,high
F-0804-2017,Produce,medium
F-0804-2018,Dairy,high
F-0804-2019,Dairy,high
F-0804-2020,Spices/Condiments,medium
F-0804-2021,Plant Protein,high
F-0804-2022,Bakery,medium
F-0804-2023,Bakery,medium
F-0804-2024,Seafood,high
F-0804-2025,Bakery,high
F-0805-2013,Bakery,high
F-0805-2014,Supplements,high
F-0805-2015,Eggs,high
F-0805-2017,Prepared/Frozen,medium
F-0805-2018,Dairy,high
F-0805-2019,Dairy,high
F-0805-2020,Grains/Cereal,medium
F-0805-2021,Plant Protein,high
F-0805-2022,Grains/Cereal,high
F-0805-2023,Bakery,medium
F-0805-2024,Seafood,high
F-0805-2025,Produce,high
F-0806-2013,Nuts/Seeds,medium
F-0806-2014,Supplements,high
F-0806-2015,Prepared/Frozen,high
F-0806-2016,Grains/Cereal,medium
F-0806-2017,Prepared/Frozen,medium
F-0806-2018,Dairy,high
F-0806-2019,Dairy,high
F-0806-2020,Spices/Condiments,medium
F-0806-2021,Bakery,medium
F-0806-2022,Bakery,medium
F-0806-2023,Bakery,medium
F-0806-2024,Snacks/Candy,high
F-0806-2025,Plant Protein,high
F-0807-2013,Produce,high
F-0807-2014,Food Additives/Ingredients,low
F-0807-2015,Dairy,high
F-0807-2016,Spices/Condiments,high
F-0807-2017,Prepared/Frozen,medium
F-0807-2018,Dairy,high
F-0807-2019,Dairy,high
F-0807-2020,Spices/Condiments,medium
F-0807-2021,Bakery,high
F-0807-2023,Bakery,medium
F-0807-2024,Produce,high
F-0807-2025,Supplements,high
F-0808-2013,Beverages,high
F-0808-2014,Supplements,medium
F-0808-2015,Prepared/Frozen,high
F-0808-2016,Spices/Condiments,high
F-0808-2017,Prepared/Frozen,medium
F-0808-2018,Dairy,high
F-0808-2019,Dairy,high
F-0808-2020,Spices/Condiments,medium
F-0808-2021,Produce,high
F-0808-2022,Plant Protein,high
F-0808-2023,Supplements,medium
F-0808-2024,Produce,high
F-0808-2025,Prepared/Frozen,low
F-0809-2013,Beverages,high
F-0809-2014,Supplements,high
F-0809-2015,Prepared/Frozen,medium
F-0809-2016,Spices/Condiments,high
F-0809-2017,Prepared/Frozen,high
F-0809-2018,Snacks/Candy,medium
F-0809-2019,Dairy,high
F-0809-2020,Spices/Condiments,medium
F-0809-2021,Produce,high
F-0809-2022,Snacks/Candy,medium
F-0809-2023,Supplements,medium
F-0809-2024,Baby/Toddler Food,low
F-0809-2025,Snacks/Candy,low
F-0810-2013,Beverages,high
F-0810-2014,Supplements,high
F-0810-2015,Prepared/Frozen,medium
F-0810-2016,Spices/Condiments,high
F-0810-2017,Spices/Condiments,high
F-0810-2018,Beverages,medium
F-0810-2019,Dairy,high
F-0810-2020,Spices/Condiments,medium
F-0810-2021,Produce,high
F-0810-2022,Uncategorized,high
F-0810-2023,Supplements,high
F-0810-2024,Supplements,high
F-0810-2025,Grains/Cereal,high
F-0811-2013,Beverages,high
F-0811-2014,Supplements,high
F-0811-2015,Prepared/Frozen,high
F-0811-2016,Spices/Condiments,medium
F-0811-2017,Spices/Condiments,high
F-0811-2018,Beverages,high
F-0811-2019,Dairy,low
F-0811-2020,Spices/Condiments,medium
F-0811-2021,Produce,high
F-0811-2023,Supplements,high
F-0811-2024,Snacks/Candy,high
F-0811-2025,Nuts/Seeds,high
F-0812-2013,Beverages,high
F-0812-2014,Food Additives/Ingredients,medium
F-0812-2015,Prepared/Frozen,medium
F-0812-2016,Oils/Fats,high
F-0812-2017,Spices/Condiments,high
F-0812-2018,Supplements,high
F-0812-2019,Prepared/Frozen,high
F-0812-2020,Spices/Condiments,low
F-0812-2021,Produce,high
F-0812-2022,Supplements,high
F-0812-2023,Supplements,high
F-0812-2024,Snacks/Candy,medium
F-0812-2025,Produce,medium
F-0813-2013,Beverages,high
F-0813-2014,Supplements,medium
F-0813-2015,Prepared/Frozen,medium
F-0813-2016,Oils/Fats,high
F-0813-2017,Spices/Condiments,high
F-0813-2018,Supplements,low
F-0813-2019,Prepared/Frozen,high
F-0813-2020,Spices/Condiments,medium
F-0813-2021,Produce,high
F-0813-2022,Produce,high
F-0813-2023,Bakery,high
F-0813-2024,Snacks/Candy,high
F-0813-2025,Nuts/Seeds,high
F-0814-2013,Beverages,high
F-0814-2014,Supplements,medium
F-0814-2015,Prepared/Frozen,medium
F-0814-2016,Oils/Fats,high
F-0814-2017,Spices/Condiments,high
F-0814-2018,Spices/Condiments,high
F-0814-2019,Prepared/Frozen,high
F-0814-2020,Spices/Condiments,medium
F-0814-2021,Produce,high
F-0814-2022,Snacks/Candy,high
F-0814-2023,Bakery,high
F-0814-2024,Snacks/Candy,medium
F-0814-2025,Spices/Condiments,high
F-0815-2013,Beverages,high
F-0815-2014,Supplements,high
F-0815-2015,Prepared/Frozen,high
F-0815-2016,Oils/Fats,high
F-0815-2017,Spices/Condiments,high
F-0815-2018,Dairy,medium
F-0815-2019,Snacks/Candy,high
F-0815-2020,Baking Supplies,high
F-0815-2021,Produce,high
F-0815-2022,Produce,medium
F-0815-2023,Plant Protein,medium
F-0815-2024,Snacks/Candy,medium
F-0815-2025,Spices/Condiments,high
F-0816-2013,Beverages,high
F-0816-2014,Supplements,high
F-0816-2015,Prepared/Frozen,high
F-0816-2016,Spices/Condiments,high
F-0816-2017,Spices/Condiments,medium
F-0816-2018,Dairy,medium
F-0816-2019,Bakery,high
F-0816-2020,Spices/Condiments,medium
F-0816-2021,Produce,high
F-0816-2022,Bakery,high
F-0816-2023,Nuts/Seeds,high
F-0816-2024,Snacks/Candy,medium
F-0816-2025,Spices/Condiments,high
F-0817-2013,Beverages,high
F-0817-2014,Bakery,high
F-0817-2015,Prepared/Frozen,medium
F-0817-2016,Nuts/Seeds,high
F-0817-2017,Supplements,high
F-0817-2018,Dairy,medium
F-0817-2019,Bakery,high
F-0817-2020,Plant Protein,low
F-0817-2021,Supplements,high
F-0817-2022,Beverages,medium
F-0817-2023,Nuts/Seeds,high
F-0817-2024,Produce,medium
F-0817-2025,Spices/Condiments,high
F-0818-2013,Snacks/Candy,medium
F-0818-2014,Bakery,medium
F-0818-2015,Prepared/Frozen,high
F-0818-2016,Uncategorized,low
F-0818-2017,Snacks/Candy,high
F-0818-2018,Dairy,low
F-0818-2019,Produce,high
F-0818-2020,Baking Supplies,low
F-0818-2021,Beverages,medium
F-0818-2022,Beverages,low
F-0818-2023,Nuts/Seeds,medium
F-0818-2024,Prepared/Frozen,medium
F-0818-2025,Spices/Condiments,medium
F-0819-2013,Snacks/Candy,medium
F-0819-2014,Bakery,high
F-0819-2015,Prepared/Frozen,medium
F-0819-2016,Produce,high
F-0819-2017,Baking Supplies,low
F-0819-2018,Dairy,medium
F-0819-2019,Produce,high
F-0819-2020,Beverages,low
F-0819-2021,Bakery,high
F-0819-2022,Beverages,low
F-0819-2023,Nuts/Seeds,high
F-0819-2024,Produce,medium
F-0819-2025,Spices/Condiments,high
F-0820-2014,Bakery,high
F-0820-2015,Prepared/Frozen,high
F-0820-2016,Grains/Cereal,high
F-0820-2017,Supplements,high
F-0820-2018,Produce,high
F-0820-2019,Produce,medium
F-0820-2020,Spices/Condiments,medium
F-0820-2021,Bakery,high
F-0820-2022,Bakery,high
F-0820-2023,Supplements,high
F-0820-2024,Produce,medium
F-0820-2025,Spices/Condiments,high
F-0821-2013,Baby/Toddler Food,high
F-0821-2014,Bakery,medium
F-0821-2015,Prepared/Frozen,medium
F-0821-2016,Grains/Cereal,high
F-0821-2017,Seafood,high
F-0821-2018,Snacks/Candy,high
F-0821-2019,Produce,high
F-0821-2020,Spices/Condiments,medium
F-0821-2021,Bakery,high
F-0821-2022,Produce,medium
F-0821-2023,Bakery,high
F-0821-2024,Dairy,high
F-0821-2025,Spices/Condiments,high
F-0822-2014,Bakery,high
F-0822-2015,Prepared/Frozen,medium
F-0822-2016,Grains/Cereal,medium
F-0822-2017,Seafood,high
F-0822-2018,Snacks/Candy,high
F-0822-2019,Produce,high
F-0822-2020,Spices/Condiments,medium
F-0822-2021,Bakery,high
F-0822-2022,Produce,high
F-0822-2023,Supplements,high
F-0822-2024,Dairy,medium
F-0822-2025,Produce,high
F-0823-2013,Seafood,high
F-0823-2014,Produce,medium
F-0823-2015,Produce,medium
F-0823-2016,Grains/Cereal,medium
F-0823-2017,Seafood,high
F-0823-2018,Bakery,high
F-0823-2019,Nuts/Seeds,high
F-0823-2020,Snacks/Candy,high
F-0823-2021,Bakery,high
F-0823-2022,Produce,medium
F-0823-2023,Produce,high
F-0823-2024,Dairy,medium
F-0823-2025,Bakery,high
F-0824-2013,Seafood,high
F-0824-2014,Supplements,high
F-0824-2015,Prepared/Frozen,medium
F-0824-2016,Spices/Condiments,low
F-0824-2017,Seafood,high
F-0824-2018,Produce,high
F-0824-2019,Bakery,medium
F-0824-2020,Prepared/Frozen,low
F-0824-2021,Bakery,high
F-0824-2022,Produce,medium
F-0824-2023,Produce,high
F-0824-2024,Dairy,medium
F-0824-2025,Bakery,high
F-0825-2013,Seafood,high
F-0825-2014,Supplements,medium
F-0825-2015,Prepared/Frozen,medium
F-0825-2016,Grains/Cereal,medium
F-0825-2017,Seafood,high
F-0825-2018,Produce,high
F-0825-2019,Bakery,medium
F-0825-2020,Dairy,high
F-0825-2021,Bakery,high
F-0825-2022,Produce,high
F-0825-2023,Produce,medium
F-0825-2024,Prepared/Frozen,high
F-0825-2025,Bakery,high
F-0826-2013,Seafood,high
F-0826-2014,Supplements,high
F-0826-2015,Bakery,medium
F-0826-2016,Grains/Cereal,medium
F-0826-2017,Seafood,high
F-0826-2018,Bakery,high
F-0826-2019,Bakery,high
F-0826-2020,Bakery,high
F-0826-2021,Bakery,high
F-0826-2022,Produce,high
F-0826-2023,Produce,high
F-0826-2024,Dairy,high
F-0826-2025,Bakery,high
F-0827-2013,Snacks/Candy,high
F-0827-2014,Prepared/Frozen,medium
F-0827-2015,Prepared/Frozen,low
F-0827-2016,Grains/Cereal,medium
F-0827-2017,Seafood,high
F-0827-2018,Bakery,high
F-0827-2019,Bakery,high
F-0827-2020,Baking Supplies,low
F-0827-2021,Bakery,high
F-0827-2022,Produce,high
F-0827-2023,Produce,high
F-0827-2024,Dairy,medium
F-0827-2025,Bakery,high
F-0828-2013,Snacks/Candy,high
F-0828-2014,Bakery,medium
F-0828-2015,Produce,medium
F-0828-2016,Bakery,medium
F-0828-2017,Seafood,high
F-0828-2018,Seafood,high
F-0828-2019,Bakery,medium
F-0828-2020,Dairy,high
F-0828-2021,Bakery,high
F-0828-2022,Produce,high
F-0828-2023,Produce,high
F-0828-2024,Dairy,high
F-0828-2025,Bakery,high
F-0829-2013,Snacks/Candy,high
F-0829-2014,Dairy,medium
F-0829-2015,Dairy,medium
F-0829-2016,Bakery,medium
F-0829-2017,Seafood,high
F-0829-2018,Grains/Cereal,high
F-0829-2019,Bakery,medium
F-0829-2020,Snacks/Candy,high
F-0829-2021,Bakery,high
F-0829-2022,Prepared/Frozen,medium
F-0829-2023,Produce,high
F-0829-2024,Dairy,high
F-0829-2025,Bakery,high
F-0830-2013,Produce,high
F-0830-2014,Produce,medium
F-0830-2015,Produce,high
F-0830-2016,Bakery,medium
F-0830-2017,Seafood,high
F-0830-2018,Grains/Cereal,high
F-0830-2019,Bakery,medium
F-0830-2020,Produce,high
F-0830-2021,Bakery,high
F-0830-2022,Produce,high
F-0830-2023,Spices/Condiments,high
F-0830-2024,Dairy,high
F-0830-2025,Bakery,high
F-0831-2013,Produce,high
F-0831-2014,Supplements,high
F-0831-2015,Prepared/Frozen,high
F-0831-2016,Bakery,medium
F-0831-2017,Seafood,high
F-0831-2018,Bakery,high
F-0831-2019,Bakery,high
F-0831-2020,Baking Supplies,high
F-0831-2021,Bakery,high
F-0831-2022,Bakery,high
F-0831-2023,Prepared/Frozen,medium
F-0831-2024,Dairy,high
F-0831-2025,Bakery,high
F-0832-2013,Spices/Condiments,medium
F-0832-2014,Supplements,high
F-0832-2015,Prepared/Frozen,high
F-0832-2016,Bakery,high
F-0832-2017,Beverages,high
F-0832-2018,Bakery,high
F-0832-2019,Bakery,high
F-0832-2020,Food Additives/Ingredients,low
F-0832-2021,Bakery,high
F-0832-2022,Bakery,high
F-0832-2023,Prepared/Frozen,medium
F-0832-2024,Dairy,high
F-0832-2025,Bakery,high
F-0833-2013,Spices/Condiments,medium
F-0833-2014,Supplements,high
F-0833-2015,Prepared/Frozen,high
F-0833-2016,Bakery,medium
F-0833-2017,Dairy,high
F-0833-2018,Nuts/Seeds,high
F-0833-2019,Bakery,medium
F-0833-2020,Food Additives/Ingredients,high
F-0833-2021,Bakery,high
F-0833-2022,Bakery,high
F-0833-2023,Prepared/Frozen,medium
F-0833-2024,Dairy,high
F-0833-2025,Bakery,medium
F-0834-2013,Spices/Condiments,medium
F-0834-2014,Supplements,high
F-0834-2015,Prepared/Frozen,medium
F-0834-2016,Bakery,medium
F-0834-2017,Produce,medium
F-0834-2018,Prepared/Frozen,high
F-0834-2019,Bakery,medium
F-0834-2020,Dairy,medium
F-0834-2021,Bakery,high
F-0834-2022,Bakery,high
F-0834-2023,Produce,medium
F-0834-2024,Dairy,high
F-0834-2025,Bakery,high
F-0835-2013,Spices/Condiments,medium
F-0835-2014,Supplements,high
F-0835-2015,Prepared/Frozen,high
F-0835-2016,Bakery,medium
F-0835-2017,Produce,medium
F-0835-2018,Prepared/Frozen,medium
F-0835-2019,Bakery,medium
F-0835-2020,Spices/Condiments,high
F-0835-2021,Bakery,high
F-0835-2022,Bakery,high
F-0835-2023,Produce,medium
F-0835-2024,Dairy,high
F-0835-2025,Bakery,high
F-0836-2013,Spices/Condiments,medium
F-0836-2014,Supplements,high
F-0836-2015,Prepared/Frozen,high
F-0836-2016,Bakery,high
F-0836-2017,Prepared/Frozen,low
F-0836-2018,Prepared/Frozen,medium
F-0836-2019,Bakery,high
F-0836-2020,Prepared/Frozen,medium
F-0836-2021,Bakery,high
F-0836-2022,Bakery,high
F-0836-2023,Produce,high
F-0836-2024,Dairy,high
F-0836-2025,Grains/Cereal,medium
F-0837-2013,Spices/Condiments,medium
F-0837-2014,Supplements,high
F-0837-2015,Prepared/Frozen,medium
F-0837-2016,Bakery,high
F-0837-2017,Produce,high
F-0837-2018,Prepared/Frozen,medium
F-0837-2019,Bakery,high
F-0837-2020,Prepared/Frozen,medium
F-0837-2021,Bakery,high
F-0837-2022,Bakery,high
F-0837-2023,Produce,medium
F-0837-2024,Dairy,high
F-0837-2025,Bakery,high
F-0838-2013,Spices/Condiments,medium
F-0838-2014,Supplements,high
F-0838-2015,Prepared/Frozen,high
F-0838-2016,Bakery,medium
F-0838-2017,Produce,high
F-0838-2018,Prepared/Frozen,medium
F-0838-2019,Bakery,medium
F-0838-2020,Prepared/Frozen,medium
F-0838-2021,Bakery,high
F-0838-2022,Bakery,high
F-0838-2023,Beef/Pork/Poultry/Game Meats,low
F-0838-2024,Dairy,high
F-0838-2025,Bakery,medium
F-0839-2013,Spices/Condiments,medium
F-0839-2014,Supplements,high
F-0839-2015,Prepared/Frozen,high
F-0839-2016,Bakery,high
F-0839-2017,Produce,high
F-0839-2018,Prepared/Frozen,medium
F-0839-2019,Bakery,medium
F-0839-2020,Prepared/Frozen,medium
F-0839-2021,Bakery,high
F-0839-2022,Bakery,high
F-0839-2023,Prepared/Frozen,medium
F-0839-2024,Dairy,medium
F-0839-2025,Dairy,low
F-0840-2013,Spices/Condiments,medium
F-0840-2014,Supplements,low
F-0840-2015,Prepared/Frozen,medium
F-0840-2016,Bakery,high
F-0840-2017,Produce,high
F-0840-2018,Prepared/Frozen,medium
F-0840-2019,Snacks/Candy,high
F-0840-2020,Produce,high
F-0840-2021,Bakery,high
F-0840-2022,Bakery,high
F-0840-2023,Produce,medium
F-0840-2024,Dairy,medium
F-0840-2025,Supplements,high
F-0841-2013,Spices/Condiments,medium
F-0841-2014,Supplements,medium
F-0841-2015,Prepared/Frozen,high
F-0841-2016,Bakery,medium
F-0841-2017,Produce,medium
F-0841-2018,Bakery,high
F-0841-2019,Seafood,high
F-0841-2020,Seafood,high
F-0841-2021,Bakery,high
F-0841-2022,Bakery,high
F-0841-2023,Supplements,high
F-0841-2024,Dairy,high
F-0841-2025,Prepared/Frozen,medium
F-0842-2013,Spices/Condiments,medium
F-0842-2014,Supplements,high
F-0842-2015,Prepared/Frozen,high
F-0842-2016,Bakery,medium
F-0842-2017,Produce,high
F-0842-2018,Bakery,low
F-0842-2019,Produce,high
F-0842-2020,Snacks/Candy,medium
F-0842-2021,Bakery,high
F-0842-2022,Bakery,high
F-0842-2023,Produce,high
F-0842-2024,Dairy,high
F-0842-2025,Prepared/Frozen,medium
F-0843-2013,Spices/Condiments,medium
F-0843-2014,Supplements,high
F-0843-2015,Prepared/Frozen,high
F-0843-2016,Bakery,medium
F-0843-2017,Produce,high
F-0843-2018,Prepared/Frozen,low
F-0843-2019,Supplements,high
F-0843-2020,Seafood,high
F-0843-2021,Bakery,high
F-0843-2022,Bakery,high
F-0843-2023,Snacks/Candy,medium
F-0843-2024,Dairy,high
F-0843-2025,Prepared/Frozen,medium
F-0844-2013,Spices/Condiments,medium
F-0844-2014,Snacks/Candy,medium
F-0844-2015,Prepared/Frozen,medium
F-0844-2016,Bakery,medium
F-0844-2017,Prepared/Frozen,medium
F-0844-2018,Bakery,medium
F-0844-2019,Grains/Cereal,high
F-0844-2020,Produce,medium
F-0844-2021,Bakery,high
F-0844-2022,Bakery,high
F-0844-2023,Snacks/Candy,high
F-0844-2024,Beef/Pork/Poultry/Game Meats,medium
F-0844-2025,Produce,medium
F-0845-2013,Spices/Condiments,high
F-0845-2014,Produce,high
F-0845-2015,Prepared/Frozen,high
F-0845-2016,Bakery,high
F-0845-2017,Uncategorized,low
F-0845-2018,Bakery,low
F-0845-2019,Food Additives/Ingredients,high
F-0845-2020,Snacks/Candy,high
F-0845-2021,Nuts/Seeds,medium
F-0845-2022,Bakery,high
F-0845-2023,Uncategorized,low
F-0845-2024,Dairy,high
F-0845-2025,Prepared/Frozen,low
F-0846-2013,Snacks/Candy,high
F-0846-2014,Produce,high
F-0846-2015,Prepared/Frozen,medium
F-0846-2016,Bakery,high
F-0846-2017,Produce,high
F-0846-2018,Bakery,low
F-0846-2019,Prepared/Frozen,high
F-0846-2020,Prepared/Frozen,high
F-0846-2021,Supplements,high
F-0846-2022,Bakery,high
F-0846-2023,Snacks/Candy,low
F-0846-2024,Prepared/Frozen,medium
F-0846-2025,Prepared/Frozen,high
F-0847-2013,Snacks/Candy,high
F-0847-2014,Produce,high
F-0847-2015,Prepared/Frozen,medium
F-0847-2016,Bakery,high
F-0847-2017,Produce,high
F-0847-2018,Bakery,medium
F-0847-2019,Produce,high
F-0847-2020,Beverages,high
F-0847-2021,Supplements,medium
F-0847-2022,Bakery,high
F-0847-2023,Uncategorized,low
F-0847-2024,Prepared/Frozen,medium
F-0847-2025,Prepared/Frozen,high
F-0848-2013,Seafood,high
F-0848-2014,Prepared/Frozen,medium
F-0848-2015,Prepared/Frozen,high
F-0848-2016,Grains/Cereal,medium
F-0848-2017,Produce,high
F-0848-2018,Bakery,medium
F-0848-2019,Produce,high
F-0848-2020,Prepared/Frozen,low
F-0848-2021,Produce,medium
F-0848-2022,Bakery,high
F-0848-2023,Beverages,medium
F-0848-2024,Dairy,high
F-0848-2025,Prepared/Frozen,high
F-0849-2013,Plant Protein,medium
F-0849-2014,Plant Protein,high
F-0849-2015,Prepared/Frozen,high
F-0849-2016,Grains/Cereal,medium
F-0849-2017,Produce,medium
F-0849-2018,Bakery,medium
F-0849-2019,Prepared/Frozen,high
F-0849-2020,Prepared/Frozen,medium
F-0849-2021,Produce,medium
F-0849-2022,Bakery,high
F-0849-2023,Uncategorized,low
F-0849-2024,Dairy,high
F-0849-2025,Prepared/Frozen,high
F-0850-2013,Plant Protein,high
F-0850-2014,Produce,high
F-0850-2015,Prepared/Frozen,medium
F-0850-2016,Grains/Cereal,medium
F-0850-2017,Produce,high
F-0850-2018,Prepared/Frozen,low
F-0850-2019,Prepared/Frozen,high
F-0850-2020,Grains/Cereal,low
F-0850-2021,Produce,medium
F-0850-2022,Bakery,high
F-0850-2023,Snacks/Candy,medium
F-0850-2024,Dairy,high
F-0850-2025,Prepared/Frozen,high
F-0851-2013,Grains/Cereal,high
F-0851-2014,Prepared/Frozen,high
F-0851-2015,Prepared/Frozen,medium
F-0851-2016,Grains/Cereal,medium
F-0851-2017,Produce,low
F-0851-2018,Beef/Pork/Poultry/Game Meats,medium
F-0851-2019,Prepared/Frozen,high
F-0851-2020,Seafood,high
F-0851-2021,Produce,medium
F-0851-2022,Produce,medium
F-0851-2023,Snacks/Candy,medium
F-0851-2024,Beef/Pork/Poultry/Game Meats,high
F-0851-2025,Prepared/Frozen,high
F-0852-2013,Bakery,high
F-0852-2014,Prepared/Frozen,high
F-0852-2015,Prepared/Frozen,high
F-0852-2016,Grains/Cereal,medium
F-0852-2017,Produce,high
F-0852-2018,Beef/Pork/Poultry/Game Meats,high
F-0852-2019,Prepared/Frozen,high
F-0852-2020,Dairy,high
F-0852-2021,Produce,medium
F-0852-2022,Nuts/Seeds,medium
F-0852-2023,Snacks/Candy,medium
F-0852-2024,Spices/Condiments,high
F-0852-2025,Prepared/Frozen,high
F-0853-2013,Seafood,high
F-0853-2014,Prepared/Frozen,medium
F-0853-2015,Prepared/Frozen,medium
F-0853-2016,Grains/Cereal,medium
F-0853-2017,Prepared/Frozen,low
F-0853-2018,Bakery,low
F-0853-2019,Prepared/Frozen,high
F-0853-2021,Produce,medium
F-0853-2022,Nuts/Seeds,high
F-0853-2023,Snacks/Candy,high
F-0853-2024,Spices/Condiments,high
F-0853-2025,Prepared/Frozen,high
F-0854-2013,Produce,high
F-0854-2014,Prepared/Frozen,high
F-0854-2015,Prepared/Frozen,high
F-0854-2016,Grains/Cereal,medium
F-0854-2017,Prepared/Frozen,medium
F-0854-2018,Beef/Pork/Poultry/Game Meats,high
F-0854-2019,Prepared/Frozen,high
F-0854-2021,Produce,medium
F-0854-2022,Beverages,high
F-0854-2023,Snacks/Candy,low
F-0854-2024,Produce,medium
F-0854-2025,Prepared/Frozen,high
F-0855-2013,Snacks/Candy,medium
F-0855-2014,Prepared/Frozen,high
F-0855-2015,Prepared/Frozen,high
F-0855-2016,Grains/Cereal,medium
F-0855-2017,Prepared/Frozen,medium
F-0855-2018,Bakery,high
F-0855-2019,Prepared/Frozen,high
F-0855-2020,Produce,high
F-0855-2021,Produce,medium
F-0855-2022,Produce,medium
F-0855-2023,Uncategorized,low
F-0855-2024,Grains/Cereal,high
F-0855-2025,Prepared/Frozen,high
F-0856-2013,Non-Food Item,high
F-0856-2014,Prepared/Frozen,low
F-0856-2015,Beef/Pork/Poultry/Game Meats,low
F-0856-2016,Grains/Cereal,medium
F-0856-2017,Seafood,high
F-0856-2018,Bakery,medium
F-0856-2019,Prepared/Frozen,high
F-0856-2020,Produce,high
F-0856-2021,Produce,medium
F-0856-2022,Produce,medium
F-0856-2023,Nuts/Seeds,medium
F-0856-2024,Snacks/Candy,medium
F-0856-2025,Prepared/Frozen,high
F-0857-2013,Prepared/Frozen,high
F-0857-2014,Produce,medium
F-0857-2015,Prepared/Frozen,medium
F-0857-2016,Grains/Cereal,high
F-0857-2017,Bakery,medium
F-0857-2018,Bakery,medium
F-0857-2019,Prepared/Frozen,high
F-0857-2020,Produce,high
F-0857-2021,Produce,medium
F-0857-2022,Produce,medium
F-0857-2023,Produce,high
F-0857-2024,Bakery,medium
F-0857-2025,Prepared/Frozen,high
F-0858-2013,Grains/Cereal,high
F-0858-2014,Produce,low
F-0858-2015,Prepared/Frozen,medium
F-0858-2016,Pet Food/Treats,low
F-0858-2017,Bakery,medium
F-0858-2018,Bakery,low
F-0858-2019,Supplements,high
F-0858-2020,Nuts/Seeds,low
F-0858-2021,Nuts/Seeds,high
F-0858-2022,Produce,medium
F-0858-2023,Snacks/Candy,high
F-0858-2024,Prepared/Frozen,high
F-0858-2025,Prepared/Frozen,high
F-0859-2013,Produce,high
F-0859-2014,Spices/Condiments,medium
F-0859-2015,Prepared/Frozen,medium
F-0859-2016,Grains/Cereal,medium
F-0859-2017,Bakery,high
F-0859-2018,Bakery,low
F-0859-2019,Supplements,high
F-0859-2020,Produce,high
F-0859-2021,Spices/Condiments,medium
F-0859-2022,Produce,high
F-0859-2023,Beverages,medium
F-0859-2024,Supplements,high
F-0859-2025,Prepared/Frozen,high
F-0860-2013,Plant Protein,medium
F-0860-2014,Prepared/Frozen,high
F-0860-2015,Prepared/Frozen,medium
F-0860-2016,Grains/Cereal,medium
F-0860-2017,Bakery,medium
F-0860-2018,Bakery,medium
F-0860-2019,Snacks/Candy,high
F-0860-2020,Produce,high
F-0860-2021,Beverages,high
F-0860-2022,Snacks/Candy,high
F-0860-2023,Snacks/Candy,low
F-0860-2024,Bakery,high
F-0860-2025,Prepared/Frozen,high
F-0861-2013,Nuts/Seeds,high
F-0861-2014,Prepared/Frozen,medium
F-0861-2015,Prepared/Frozen,high
F-0861-2016,Grains/Cereal,medium
F-0861-2017,Bakery,high
F-0861-2018,Bakery,medium
F-0861-2019,Baking Supplies,low
F-0861-2020,Produce,high
F-0861-2021,Produce,high
F-0861-2022,Supplements,high
F-0861-2023,Snacks/Candy,low
F-0861-2024,Bakery,high
F-0861-2025,Prepared/Frozen,high
F-0862-2013,Bakery,high
F-0862-2014,Prepared/Frozen,medium
F-0862-2015,Prepared/Frozen,medium
F-0862-2016,Grains/Cereal,medium
F-0862-2017,Bakery,high
F-0862-2018,Bakery,low
F-0862-2019,Baking Supplies,medium
F-0862-2020,Snacks/Candy,high
F-0862-2021,Produce,high
F-0862-2022,Supplements,medium
F-0862-2023,Nuts/Seeds,medium
F-0862-2024,Bakery,medium
F-0862-2025,Prepared/Frozen,high
F-0863-2013,Eggs,high
F-0863-2014,Dairy,low
F-0863-2015,Prepared/Frozen,medium
F-0863-2016,Bakery,high
F-0863-2017,Bakery,high
F-0863-2018,Bakery,medium
F-0863-2019,Baking Supplies,medium
F-0863-2020,Produce,high
F-0863-2021,Produce,low
F-0863-2022,Dairy,high
F-0863-2023,Seafood,medium
F-0863-2024,Bakery,high
F-0863-2025,Prepared/Frozen,high
F-0864-2013,Grains/Cereal,high
F-0864-2014,Plant Protein,high
F-0864-2015,Prepared/Frozen,medium
F-0864-2016,Bakery,high
F-0864-2017,Bakery,high
F-0864-2018,Bakery,medium
F-0864-2019,Baking Supplies,low
F-0864-2020,Nuts/Seeds,high
F-0864-2021,Produce,high
F-0864-2022,Snacks/Candy,high
F-0864-2023,Spices/Condiments,low
F-0864-2024,Bakery,medium
F-0864-2025,Prepared/Frozen,high
F-0865-2013,Bakery,high
F-0865-2014,Bakery,medium
F-0865-2015,Prepared/Frozen,medium
F-0865-2016,Bakery,high
F-0865-2017,Bakery,high
F-0865-2018,Bakery,high
F-0865-2019,Baking Supplies,low
F-0865-2020,Produce,high
F-0865-2021,Produce,high
F-0865-2022,Bakery,medium
F-0865-2023,Snacks/Candy,medium
F-0865-2024,Snacks/Candy,medium
F-0865-2025,Prepared/Frozen,high
F-0866-2013,Seafood,high
F-0866-2014,Dairy,low
F-0866-2015,Prepared/Frozen,medium
F-0866-2016,Bakery,medium
F-0866-2017,Bakery,high
F-0866-2018,Bakery,medium
F-0866-2019,Baking Supplies,low
F-0866-2020,Supplements,medium
F-0866-2021,Produce,high
F-0866-2022,Bakery,medium
F-0866-2023,Seafood,high
F-0866-2024,Snacks/Candy,high
F-0866-2025,Prepared/Frozen,medium
F-0867-2013,Produce,high
F-0867-2014,Plant Protein,high
F-0867-2015,Prepared/Frozen,medium
F-0867-2016,Bakery,medium
F-0867-2017,Bakery,high
F-0867-2018,Nuts/Seeds,high
F-0867-2019,Baking Supplies,low
F-0867-2020,Supplements,medium
F-0867-2021,Snacks/Candy,high
F-0867-2022,Supplements,high
F-0867-2023,Prepared/Frozen,medium
F-0867-2024,Plant Protein,high
F-0867-2025,Prepared/Frozen,medium
F-0868-2013,Dairy,high
F-0868-2014,Prepared/Frozen,high
F-0868-2015,Prepared/Frozen,medium
F-0868-2016,Bakery,high
F-0868-2017,Bakery,medium
F-0868-2018,Nuts/Seeds,high
F-0868-2019,Baking Supplies,low
F-0868-2020,Supplements,medium
F-0868-2021,Prepared/Frozen,high
F-0868-2022,Plant Protein,high
F-0868-2023,Prepared/Frozen,medium
F-0868-2024,Plant Protein,high
F-0868-2025,Nuts/Seeds,medium
F-0869-2013,Dairy,high
F-0869-2014,Prepared/Frozen,medium
F-0869-2015,Prepared/Frozen,medium
F-0869-2016,Bakery,medium
F-0869-2017,Bakery,medium
F-0869-2018,Grains/Cereal,medium
F-0869-2019,Bakery,medium
F-0869-2020,Supplements,medium
F-0869-2021,Grains/Cereal,high
F-0869-2022,Spices/Condiments,high
F-0869-2023,Snacks/Candy,medium
F-0869-2024,Produce,medium
F-0869-2025,Prepared/Frozen,low
F-0870-2013,Grains/Cereal,low
F-0870-2014,Produce,medium
F-0870-2015,Prepared/Frozen,medium
F-0870-2016,Bakery,medium
F-0870-2017,Bakery,medium
F-0870-2018,Dairy,high
F-0870-2019,Baking Supplies,high
F-0870-2020,Grains/Cereal,medium
F-0870-2021,Bakery,medium
F-0870-2022,Spices/Condiments,high
F-0870-2023,Spices/Condiments,high
F-0870-2024,Dairy,medium
F-0870-2025,Prepared/Frozen,high
F-0871-2013,Bakery,medium
F-0871-2014,Prepared/Frozen,medium
F-0871-2015,Produce,medium
F-0871-2016,Bakery,high
F-0871-2017,Bakery,high
F-0871-2018,Dairy,high
F-0871-2019,Baking Supplies,low
F-0871-2020,Supplements,medium
F-0871-2021,Snacks/Candy,high
F-0871-2022,Spices/Condiments,high
F-0871-2023,Nuts/Seeds,high
F-0871-2024,Dairy,high
F-0871-2025,Prepared/Frozen,high
F-0872-2013,Bakery,high
F-0872-2014,Spices/Condiments,medium
F-0872-2015,Produce,medium
F-0872-2016,Bakery,medium
F-0872-2017,Bakery,high
F-0872-2018,Dairy,high
F-0872-2019,Spices/Condiments,high
F-0872-2020,Supplements,high
F-0872-2021,Snacks/Candy,high
F-0872-2022,Spices/Condiments,high
F-0872-2023,Bakery,high
F-0872-2024,Grains/Cereal,high
F-0872-2025,Prepared/Frozen,high
F-0873-2013,Bakery,medium
F-0873-2014,Spices/Condiments,medium
F-0873-2015,Prepared/Frozen,high
F-0873-2016,Bakery,medium
F-0873-2017,Dairy,high
F-0873-2018,Dairy,high
F-0873-2019,Produce,high
F-0873-2020,Seafood,high
F-0873-2021,Spices/Condiments,medium
F-0873-2022,Spices/Condiments,high
F-0873-2023,Snacks/Candy,low
F-0873-2024,Prepared/Frozen,medium
F-0873-2025,Prepared/Frozen,high
F-0874-2013,Bakery,medium
F-0874-2014,Prepared/Frozen,medium
F-0874-2015,Prepared/Frozen,high
F-0874-2016,Bakery,medium
F-0874-2017,Dairy,high
F-0874-2018,Dairy,high
F-0874-2019,Produce,high
F-0874-2020,Seafood,high
F-0874-2021,Spices/Condiments,high
F-0874-2022,Prepared/Frozen,medium
F-0874-2023,Snacks/Candy,low
F-0874-2024,Dairy,high
F-0874-2025,Prepared/Frozen,high
F-0875-2013,Seafood,high
F-0875-2014,Prepared/Frozen,low
F-0875-2015,Prepared/Frozen,high
F-0875-2016,Uncategorized,low
F-0875-2017,Dairy,high
F-0875-2018,Dairy,high
F-0875-2019,Produce,high
F-0875-2020,Seafood,high
F-0875-2021,Spices/Condiments,low
F-0875-2022,Prepared/Frozen,high
F-0875-2023,Snacks/Candy,low
F-0875-2024,Produce,medium
F-0875-2025,Prepared/Frozen,high
F-0876-2013,Supplements,high
F-0876-2014,Bakery,medium
F-0876-2015,Prepared/Frozen,high
F-0876-2016,Bakery,medium
F-0876-2017,Dairy,high
F-0876-2018,Supplements,medium
F-0876-2019,Produce,high
F-0876-2020,Nuts/Seeds,medium
F-0876-2021,Seafood,low
F-0876-2022,Prepared/Frozen,medium
F-0876-2023,Spices/Condiments,medium
F-0876-2024,Produce,medium
F-0876-2025,Prepared/Frozen,medium
F-0877-2013,Snacks/Candy,medium
F-0877-2014,Produce,medium
F-0877-2015,Prepared/Frozen,medium
F-0877-2016,Bakery,medium
F-0877-2017,Bakery,medium
F-0877-2019,Produce,high
F-0877-2020,Snacks/Candy,medium
F-0877-2021,Produce,high
F-0877-2022,Prepared/Frozen,high
F-0877-2023,Snacks/Candy,medium
F-0877-2024,Grains/Cereal,high
F-0877-2025,Prepared/Frozen,high
F-0878-2013,Snacks/Candy,high
F-0878-2014,Produce,medium
F-0878-2015,Prepared/Frozen,high
F-0878-2016,Bakery,medium
F-0878-2017,Nuts/Seeds,high
F-0878-2018,Produce,medium
F-0878-2019,Snacks/Candy,high
F-0878-2020,Plant Protein,high
F-0878-2021,Seafood,high
F-0878-2022,Prepared/Frozen,medium
F-0878-2023,Snacks/Candy,low
F-0878-2024,Grains/Cereal,medium
F-0878-2025,Prepared/Frozen,medium
F-0879-2013,Snacks/Candy,medium
F-0879-2014,Produce,low
F-0879-2015,Prepared/Frozen,high
F-0879-2016,Bakery,medium
F-0879-2017,Produce,low
F-0879-2018,Produce,high
F-0879-2019,Snacks/Candy,high
F-0879-2020,Bakery,medium
F-0879-2021,Beverages,high
F-0879-2022,Plant Protein,medium
F-0879-2023,Prepared/Frozen,medium
F-0879-2024,Grains/Cereal,low
F-0879-2025,Prepared/Frozen,high
F-0880-2014,Produce,medium
F-0880-2015,Prepared/Frozen,high
F-0880-2016,Bakery,medium
F-0880-2017,Produce,high
F-0880-2018,Supplements,high
F-0880-2019,Snacks/Candy,high
F-0880-2020,Bakery,medium
F-0880-2021,Dairy,high
F-0880-2022,Snacks/Candy,medium
F-0880-2023,Snacks/Candy,medium
F-0880-2024,Grains/Cereal,medium
F-0880-2025,Prepared/Frozen,high
F-0881-2013,Bakery,high
F-0881-2014,Produce,high
F-0881-2015,Prepared/Frozen,high
F-0881-2016,Bakery,medium
F-0881-2017,Produce,medium
F-0881-2018,Prepared/Frozen,low
F-0881-2019,Snacks/Candy,high
F-0881-2020,Bakery,medium
F-0881-2021,Dairy,medium
F-0881-2022,Grains/Cereal,medium
F-0881-2023,Seafood,medium
F-0881-2024,Uncategorized,low
F-0881-2025,Prepared/Frozen,high
F-0882-2013,Snacks/Candy,high
F-0882-2014,Produce,high
F-0882-2015,Prepared/Frozen,medium
F-0882-2016,Bakery,medium
F-0882-2017,Produce,high
F-0882-2018,Bakery,medium
F-0882-2019,Snacks/Candy,high
F-0882-2020,Snacks/Candy,medium
F-0882-2021,Dairy,medium
F-0882-2022,Grains/Cereal,high
F-0882-2023,Seafood,medium
F-0882-2024,Grains/Cereal,medium
F-0882-2025,Prepared/Frozen,high
F-0883-2013,Snacks/Candy,high
F-0883-2014,Spices/Condiments,medium
F-0883-2015,Prepared/Frozen,high
F-0883-2016,Bakery,medium
F-0883-2017,Produce,medium
F-0883-2018,Supplements,high
F-0883-2019,Snacks/Candy,high
F-0883-2020,Snacks/Candy,high
F-0883-2021,Dairy,high
F-0883-2022,Snacks/Candy,medium
F-0883-2023,Seafood,high
F-0883-2024,Grains/Cereal,high
F-0883-2025,Prepared/Frozen,high
F-0884-2013,Eggs,high
F-0884-2014,Produce,high
F-0884-2015,Prepared/Frozen,high
F-0884-2016,Bakery,medium
F-0884-2017,Produce,low
F-0884-2018,Nuts/Seeds,high
F-0884-2019,Snacks/Candy,high
F-0884-2020,Produce,high
F-0884-2021,Dairy,high
F-0884-2022,Grains/Cereal,high
F-0884-2023,Bakery,high
F-0884-2024,Grains/Cereal,high
F-0884-2025,Prepared/Frozen,high
F-0885-2013,Spices/Condiments,high
F-0885-2014,Produce,high
F-0885-2015,Prepared/Frozen,high
F-0885-2016,Bakery,medium
F-0885-2017,Produce,high
F-0885-2018,Spices/Condiments,high
F-0885-2019,Snacks/Candy,high
F-0885-2020,Produce,high
F-0885-2021,Snacks/Candy,high
F-0885-2022,Grains/Cereal,high
F-0885-2023,Snacks/Candy,medium
F-0885-2024,Uncategorized,low
F-0885-2025,Prepared/Frozen,high
F-0886-2013,Nuts/Seeds,high
F-0886-2014,Produce,high
F-0886-2015,Prepared/Frozen,medium
F-0886-2016,Bakery,medium
F-0886-2017,Produce,medium
F-0886-2018,Spices/Condiments,high
F-0886-2019,Snacks/Candy,high
F-0886-2020,Nuts/Seeds,medium
F-0886-2021,Supplements,high
F-0886-2022,Grains/Cereal,high
F-0886-2023,Supplements,high
F-0886-2024,Uncategorized,low
F-0886-2025,Prepared/Frozen,high
F-0887-2013,Produce,high
F-0887-2014,Produce,medium
F-0887-2015,Prepared/Frozen,high
F-0887-2016,Bakery,medium
F-0887-2017,Produce,high
F-0887-2018,Grains/Cereal,high
F-0887-2019,Snacks/Candy,high
F-0887-2020,Nuts/Seeds,medium
F-0887-2021,Snacks/Candy,high
F-0887-2022,Spices/Condiments,high
F-0887-2024,Grains/Cereal,medium
F-0887-2025,Prepared/Frozen,high
F-0888-2013,Produce,high
F-0888-2014,Plant Protein,high
F-0888-2015,Prepared/Frozen,high
F-0888-2016,Bakery,medium
F-0888-2017,Produce,medium
F-0888-2018,Beverages,high
F-0888-2019,Snacks/Candy,high
F-0888-2020,Prepared/Frozen,high
F-0888-2021,Produce,high
F-0888-2022,Prepared/Frozen,medium
F-0888-2023,Produce,medium
F-0888-2024,Grains/Cereal,medium
F-0888-2025,Prepared/Frozen,high
F-0889-2013,Produce,high
F-0889-2014,Prepared/Frozen,high
F-0889-2015,Prepared/Frozen,high
F-0889-2016,Bakery,medium
F-0889-2017,Produce,medium
F-0889-2018,Beverages,high
F-0889-2019,Snacks/Candy,high
F-0889-2020,Spices/Condiments,high
F-0889-2021,Produce,high
F-0889-2022,Spices/Condiments,high
F-0889-2023,Dairy,high
F-0889-2024,Uncategorized,low
F-0889-2025,Prepared/Frozen,low
F-0890-2013,Produce,high
F-0890-2014,Prepared/Frozen,medium
F-0890-2015,Prepared/Frozen,high
F-0890-2016,Bakery,medium
F-0890-2017,Uncategorized,low
F-0890-2018,Beverages,high
F-0890-2019,Snacks/Candy,low
F-0890-2020,Produce,high
F-0890-2021,Produce,high
F-0890-2022,Prepared/Frozen,medium
F-0890-2023,Spices/Condiments,high
F-0890-2024,Grains/Cereal,high
F-0890-2025,Prepared/Frozen,high
F-0891-2013,Produce,high
F-0891-2014,Produce,high
F-0891-2015,Prepared/Frozen,medium
F-0891-2016,Bakery,medium
F-0891-2017,Produce,high
F-0891-2018,Beverages,high
F-0891-2019,Snacks/Candy,high
F-0891-2020,Seafood,high
F-0891-2021,Produce,high
F-0891-2022,Prepared/Frozen,medium
F-0891-2023,Spices/Condiments,high
F-0891-2024,Uncategorized,high
F-0891-2025,Prepared/Frozen,high
F-0892-2013,Produce,high
F-0892-2014,Produce,high
F-0892-2015,Prepared/Frozen,high
F-0892-2016,Bakery,medium
F-0892-2017,Produce,high
F-0892-2018,Beverages,high
F-0892-2019,Snacks/Candy,high
F-0892-2020,Supplements,high
F-0892-2021,Produce,high
F-0892-2022,Prepared/Frozen,medium
F-0892-2023,Nuts/Seeds,high
F-0892-2024,Grains/Cereal,high
F-0892-2025,Prepared/Frozen,high
F-0893-2013,Produce,high
F-0893-2014,Prepared/Frozen,medium
F-0893-2015,Prepared/Frozen,high
F-0893-2016,Bakery,medium
F-0893-2017,Produce,medium
F-0893-2018,Beverages,high
F-0893-2019,Snacks/Candy,high
F-0893-2020,Plant Protein,medium
F-0893-2021,Produce,high
F-0893-2022,Prepared/Frozen,medium
F-0893-2023,Nuts/Seeds,high
F-0893-2024,Uncategorized,low
F-0893-2025,Prepared/Frozen,high
F-0894-2013,Produce,high
F-0894-2014,Dairy,medium
F-0894-2015,Prepared/Frozen,medium
F-0894-2016,Bakery,medium
F-0894-2017,Produce,high
F-0894-2018,Beverages,high
F-0894-2019,Snacks/Candy,high
F-0894-2020,Plant Protein,medium
F-0894-2021,Produce,high
F-0894-2022,Prepared/Frozen,medium
F-0894-2023,Plant Protein,medium
F-0894-2024,Uncategorized,high
F-0894-2025,Prepared/Frozen,high
F-0895-2013,Produce,high
F-0895-2014,Prepared/Frozen,medium
F-0895-2015,Prepared/Frozen,high
F-0895-2016,Grains/Cereal,medium
F-0895-2017,Produce,medium
F-0895-2018,Beverages,high
F-0895-2019,Snacks/Candy,high
F-0895-2020,Supplements,high
F-0895-2021,Produce,high
F-0895-2022,Prepared/Frozen,medium
F-0895-2023,Prepared/Frozen,high
F-0895-2024,Uncategorized,high
F-0895-2025,Prepared/Frozen,low
F-0896-2013,Produce,medium
F-0896-2014,Prepared/Frozen,low
F-0896-2015,Prepared/Frozen,high
F-0896-2016,Grains/Cereal,high
F-0896-2017,Produce,medium
F-0896-2018,Beverages,high
F-0896-2019,Snacks/Candy,high
F-0896-2020,Supplements,low
F-0896-2021,Produce,high
F-0896-2022,Beverages,high
F-0896-2023,Prepared/Frozen,high
F-0896-2024,Grains/Cereal,high
F-0896-2025,Prepared/Frozen,high
F-0897-2013,Produce,medium
F-0897-2014,Produce,low
F-0897-2015,Prepared/Frozen,high
F-0897-2016,Grains/Cereal,medium
F-0897-2017,Produce,medium
F-0897-2018,Beverages,high
F-0897-2019,Food Additives/Ingredients,low
F-0897-2020,Supplements,medium
F-0897-2021,Produce,high
F-0897-2022,Beverages,high
F-0897-2023,Prepared/Frozen,low
F-0897-2024,Grains/Cereal,high
F-0897-2025,Prepared/Frozen,high
F-0898-2013,Produce,medium
F-0898-2014,Dairy,medium
F-0898-2015,Prepared/Frozen,high
F-0898-2016,Bakery,medium
F-0898-2017,Beverages,high
F-0898-2018,Beverages,high
F-0898-2019,Snacks/Candy,medium
F-0898-2020,Supplements,high
F-0898-2021,Spices/Condiments,high
F-0898-2022,Bakery,medium
F-0898-2023,Bakery,medium
F-0898-2024,Grains/Cereal,high
F-0898-2025,Prepared/Frozen,high
F-0899-2013,Baking Supplies,medium
F-0899-2014,Prepared/Frozen,medium
F-0899-2015,Prepared/Frozen,high
F-0899-2016,Bakery,medium
F-0899-2017,Beverages,medium
F-0899-2018,Beverages,high
F-0899-2019,Snacks/Candy,medium
F-0899-2020,Supplements,high
F-0899-2021,Spices/Condiments,high
F-0899-2022,Bakery,high
F-0899-2023,Bakery,high
F-0899-2024,Grains/Cereal,high
F-0899-2025,Prepared/Frozen,high
F-0900-2013,Baking Supplies,medium
F-0900-2014,Prepared/Frozen,medium
F-0900-2015,Prepared/Frozen,medium
F-0900-2016,Grains/Cereal,medium
F-0900-2017,Produce,medium
F-0900-2018,Beverages,high
F-0900-2019,Snacks/Candy,medium
F-0900-2020,Supplements,medium
F-0900-2021,Spices/Condiments,high
F-0900-2022,Dairy,high
F-0900-2023,Bakery,medium
F-0900-2024,Pet Food/Treats,low
F-0900-2025,Prepared/Frozen,high
F-0901-2013,Baking Supplies,high
F-0901-2014,Produce,high
F-0901-2015,Prepared/Frozen,medium
F-0901-2016,Nuts/Seeds,high
F-0901-2017,Produce,high
F-0901-2018,Beverages,high
F-0901-2019,Snacks/Candy,medium
F-0901-2020,Supplements,low
F-0901-2021,Dairy,high
F-0901-2022,Grains/Cereal,medium
F-0901-2023,Bakery,high
F-0901-2024,Uncategorized,low
F-0901-2025,Prepared/Frozen,high
F-0902-2013,Baking Supplies,medium
F-0902-2014,Prepared/Frozen,medium
F-0902-2015,Prepared/Frozen,medium
F-0902-2016,Nuts/Seeds,high
F-0902-2017,Produce,high
F-0902-2018,Beverages,high
F-0902-2019,Snacks/Candy,medium
F-0902-2020,Supplements,high
F-0902-2021,Dairy,high
F-0902-2022,Snacks/Candy,medium
F-0902-2023,Bakery,medium
F-0902-2024,Grains/Cereal,medium
F-0902-2025,Prepared/Frozen,high
F-0903-2013,Baking Supplies,medium
F-0903-2014,Produce,high
F-0903-2015,Prepared/Frozen,high
F-0903-2016,Prepared/Frozen,medium
F-0903-2017,Produce,medium
F-0903-2018,Beverages,high
F-0903-2019,Snacks/Candy,medium
F-0903-2020,Supplements,high
F-0903-2021,Dairy,medium
F-0903-2022,Prepared/Frozen,medium
F-0903-2023,Bakery,high
F-0903-2024,Prepared/Frozen,medium
F-0903-2025,Prepared/Frozen,high
F-0904-2013,Baking Supplies,high
F-0904-2014,Produce,high
F-0904-2015,Bakery,high
F-0904-2016,Prepared/Frozen,medium
F-0904-2017,Produce,medium
F-0904-2018,Beverages,high
F-0904-2019,Baby/Toddler Food,high
F-0904-2020,Supplements,high
F-0904-2021,Dairy,high
F-0904-2022,Prepared/Frozen,medium
F-0904-2023,Bakery,high
F-0904-2024,Bakery,medium
F-0904-2025,Prepared/Frozen,high
F-0905-2013,Baking Supplies,medium
F-0905-2014,Produce,medium
F-0905-2015,Bakery,high
F-0905-2017,Seafood,high
F-0905-2018,Beverages,high
F-0905-2019,Nuts/Seeds,high
F-0905-2020,Supplements,high
F-0905-2021,Dairy,high
F-0905-2022,Prepared/Frozen,medium
F-0905-2023,Bakery,high
F-0905-2024,Bakery,high
F-0905-2025,Prepared/Frozen,high
F-0906-2013,Baking Supplies,high
F-0906-2014,Produce,low
F-0906-2015,Bakery,medium
F-0906-2017,Supplements,high
F-0906-2018,Beverages,high
F-0906-2019,Nuts/Seeds,high
F-0906-2020,Plant Protein,low
F-0906-2021,Seafood,high
F-0906-2022,Prepared/Frozen,medium
F-0906-2023,Bakery,medium
F-0906-2024,Bakery,medium
F-0906-2025,Prepared/Frozen,medium
F-0907-2013,Seafood,high
F-0907-2014,Produce,medium
F-0907-2015,Bakery,medium
F-0907-2017,Seafood,high
F-0907-2018,Beverages,high
F-0907-2019,Nuts/Seeds,high
F-0907-2020,Produce,high
F-0907-2021,Baby/Toddler Food,high
F-0907-2022,Snacks/Candy,medium
F-0907-2023,Bakery,high
F-0907-2024,Supplements,high
F-0907-2025,Prepared/Frozen,high
F-0908-2013,Seafood,high
F-0908-2014,Plant Protein,medium
F-0908-2015,Produce,medium
F-0908-2017,Dairy,high
F-0908-2018,Beverages,high
F-0908-2019,Nuts/Seeds,high
F-0908-2020,Seafood,medium
F-0908-2021,Baby/Toddler Food,high
F-0908-2022,Produce,high
F-0908-2023,Bakery,medium
F-0908-2024,Spices/Condiments,high
F-0908-2025,Prepared/Frozen,high
F-0909-2013,Seafood,high
F-0909-2014,Prepared/Frozen,low
F-0909-2015,Produce,medium
F-0909-2017,Supplements,medium
F-0909-2018,Grains/Cereal,medium
F-0909-2019,Nuts/Seeds,high
F-0909-2020,Nuts/Seeds,high
F-0909-2021,Baby/Toddler Food,high
F-0909-2022,Spices/Condiments,medium
F-0909-2023,Bakery,medium
F-0909-2024,Prepared/Frozen,high
F-0909-2025,Prepared/Frozen,high
F-0910-2013,Seafood,high
F-0910-2014,Prepared/Frozen,low
F-0910-2015,Produce,high
F-0910-2017,Supplements,high
F-0910-2018,Snacks/Candy,medium
F-0910-2019,Nuts/Seeds,high
F-0910-2020,Produce,high
F-0910-2021,Baby/Toddler Food,high
F-0910-2022,Snacks/Candy,medium
F-0910-2023,Bakery,medium
F-0910-2024,Prepared/Frozen,medium
F-0910-2025,Prepared/Frozen,medium
F-0911-2013,Seafood,high
F-0911-2014,Prepared/Frozen,medium
F-0911-2015,Produce,medium
F-0911-2017,Supplements,high
F-0911-2018,Plant Protein,medium
F-0911-2019,Nuts/Seeds,high
F-0911-2020,Produce,high
F-0911-2021,Baby/Toddler Food,high
F-0911-2022,Snacks/Candy,medium
F-0911-2023,Bakery,high
F-0911-2024,Dairy,high
F-0911-2025,Prepared/Frozen,high
F-0912-2013,Seafood,high
F-0912-2014,Dairy,medium
F-0912-2015,Produce,high
F-0912-2017,Supplements,high
F-0912-2018,Supplements,high
F-0912-2019,Nuts/Seeds,high
F-0912-2020,Bakery,medium
F-0912-2021,Baby/Toddler Food,high
F-0912-2022,Dairy,high
F-0912-2023,Bakery,high
F-0912-2024,Dairy,high
F-0912-2025,Prepared/Frozen,low
F-0913-2013,Seafood,high
F-0913-2014,Produce,low
F-0913-2015,Produce,medium
F-0913-2017,Supplements,high
F-0913-2018,Supplements,high
F-0913-2019,Nuts/Seeds,medium
F-0913-2020,Bakery,high
F-0913-2021,Baby/Toddler Food,high
F-0913-2022,Produce,high
F-0913-2023,Bakery,medium
F-0913-2024,Dairy,high
F-0913-2025,Prepared/Frozen,high
F-0914-2013,Seafood,high
F-0914-2014,Spices/Condiments,medium
F-0914-2015,Prepared/Frozen,medium
F-0914-2017,Supplements,medium
F-0914-2018,Supplements,high
F-0914-2019,Nuts/Seeds,high
F-0914-2020,Bakery,medium
F-0914-2021,Baby/Toddler Food,high
F-0914-2022,Bakery,medium
F-0914-2023,Bakery,high
F-0914-2024,Dairy,high
F-0914-2025,Prepared/Frozen,high
F-0915-2013,Produce,high
F-0915-2014,Produce,medium
F-0915-2015,Prepared/Frozen,high
F-0915-2017,Supplements,high
F-0915-2018,Supplements,high
F-0915-2019,Nuts/Seeds,high
F-0915-2020,Grains/Cereal,medium
F-0915-2021,Baby/Toddler Food,high
F-0915-2022,Bakery,medium
F-0915-2023,Bakery,high
F-0915-2024,Dairy,high
F-0915-2025,Prepared/Frozen,high
F-0916-2013,Supplements,high
F-0916-2014,Spices/Condiments,medium
F-0916-2015,Prepared/Frozen,medium
F-0916-2017,Supplements,high
F-0916-2018,Prepared/Frozen,high
F-0916-2019,Nuts/Seeds,high
F-0916-2020,Beef/Pork/Poultry/Game Meats,low
F-0916-2021,Baby/Toddler Food,high
F-0916-2022,Bakery,medium
F-0916-2023,Bakery,high
F-0916-2024,Dairy,high
F-0916-2025,Prepared/Frozen,medium
F-0917-2013,Beverages,high
F-0917-2014,Produce,medium
F-0917-2015,Beef/Pork/Poultry/Game Meats,medium
F-0917-2017,Supplements,high
F-0917-2018,Prepared/Frozen,medium
F-0917-2019,Nuts/Seeds,high
F-0917-2020,Prepared/Frozen,low
F-0917-2021,Baby/Toddler Food,high
F-0917-2022,Bakery,high
F-0917-2023,Bakery,medium
F-0917-2024,Dairy,medium
F-0917-2025,Prepared/Frozen,medium
F-0918-2013,Snacks/Candy,high
F-0918-2014,Prepared/Frozen,medium
F-0918-2015,Prepared/Frozen,high
F-0918-2017,Supplements,medium
F-0918-2018,Snacks/Candy,medium
F-0918-2019,Nuts/Seeds,high
F-0918-2020,Baking Supplies,low
F-0918-2021,Baby/Toddler Food,high
F-0918-2022,Baby/Toddler Food,high
F-0918-2023,Spices/Condiments,high
F-0918-2024,Dairy,high
F-0918-2025,Prepared/Frozen,high
F-0919-2013,Dairy,medium
F-0919-2014,Spices/Condiments,high
F-0919-2015,Eggs,medium
F-0919-2017,Supplements,high
F-0919-2018,Snacks/Candy,low
F-0919-2019,Nuts/Seeds,medium
F-0919-2020,Spices/Condiments,low
F-0919-2021,Baby/Toddler Food,high
F-0919-2022,Baby/Toddler Food,medium
F-0919-2023,Grains/Cereal,high
F-0919-2024,Dairy,high
F-0919-2025,Prepared/Frozen,high
F-0920-2013,Plant Protein,high
F-0920-2014,Produce,medium
F-0920-2015,Prepared/Frozen,medium
F-0920-2017,Supplements,medium
F-0920-2018,Snacks/Candy,medium
F-0920-2019,Nuts/Seeds,high
F-0920-2021,Baby/Toddler Food,high
F-0920-2022,Baby/Toddler Food,high
F-0920-2023,Grains/Cereal,high
F-0920-2024,Dairy,high
F-0920-2025,Prepared/Frozen,high
F-0921-2013,Bakery,medium
F-0921-2014,Produce,medium
F-0921-2015,Prepared/Frozen,medium
F-0921-2017,Supplements,high
F-0921-2018,Plant Protein,medium
F-0921-2019,Nuts/Seeds,high
F-0921-2020,Produce,high
F-0921-2021,Baby/Toddler Food,low
F-0921-2022,Baby/Toddler Food,high
F-0921-2023,Produce,high
F-0921-2024,Dairy,high
F-0921-2025,Prepared/Frozen,high
F-0922-2013,Bakery,medium
F-0922-2014,Seafood,medium
F-0922-2015,Prepared/Frozen,high
F-0922-2017,Supplements,high
F-0922-2018,Bakery,high
F-0922-2019,Nuts/Seeds,high
F-0922-2020,Snacks/Candy,high
F-0922-2021,Baby/Toddler Food,high
F-0922-2022,Baby/Toddler Food,medium
F-0922-2023,Produce,high
F-0922-2024,Dairy,high
F-0922-2025,Prepared/Frozen,high
F-0923-2013,Beverages,high
F-0923-2014,Seafood,high
F-0923-2015,Spices/Condiments,medium
F-0923-2017,Supplements,medium
F-0923-2018,Spices/Condiments,medium
F-0923-2019,Nuts/Seeds,high
F-0923-2020,Supplements,high
F-0923-2021,Baby/Toddler Food,high
F-0923-2022,Baby/Toddler Food,high
F-0923-2023,Produce,high
F-0923-2024,Dairy,high
F-0923-2025,Prepared/Frozen,high
F-0924-2013,Beverages,high
F-0924-2014,Spices/Condiments,low
F-0924-2015,Bakery,high
F-0924-2017,Supplements,high
F-0924-2018,Non-Food Item,high
F-0924-2019,Nuts/Seeds,high
F-0924-2020,Dairy,high
F-0924-2021,Baby/Toddler Food,high
F-0924-2022,Baby/Toddler Food,high
F-0924-2023,Produce,high
F-0924-2024,Dairy,high
F-0924-2025,Prepared/Frozen,high
F-0925-2013,Seafood,high
F-0925-2014,Prepared/Frozen,medium
F-0925-2015,Supplements,high
F-0925-2017,Supplements,high
F-0925-2018,Non-Food Item,high
F-0925-2019,Nuts/Seeds,high
F-0925-2020,Prepared/Frozen,high
F-0925-2021,Baby/Toddler Food,high
F-0925-2022,Baby/Toddler Food,high
F-0925-2023,Snacks/Candy,high
F-0925-2024,Dairy,high
F-0925-2025,Prepared/Frozen,high
F-0926-2013,Seafood,high
F-0926-2015,Bakery,high
F-0926-2016,Beef/Pork/Poultry/Game Meats,high
F-0926-2017,Supplements,high
F-0926-2018,Non-Food Item,high
F-0926-2019,Nuts/Seeds,high
F-0926-2020,Supplements,high
F-0926-2021,Baby/Toddler Food,low
F-0926-2022,Baby/Toddler Food,high
F-0926-2023,Seafood,medium
F-0926-2024,Dairy,high
F-0926-2025,Prepared/Frozen,medium
F-0927-2013,Seafood,high
F-0927-2014,Eggs,high
F-0927-2015,Dairy,medium
F-0927-2016,Beef/Pork/Poultry/Game Meats,high
F-0927-2017,Supplements,high
F-0927-2018,Non-Food Item,high
F-0927-2019,Nuts/Seeds,high
F-0927-2020,Beverages,high
F-0927-2021,Baby/Toddler Food,high
F-0927-2022,Baby/Toddler Food,high
F-0927-2023,Spices/Condiments,high
F-0927-2024,Dairy,high
F-0927-2025,Nuts/Seeds,high
F-0928-2013,Seafood,high
F-0928-2014,Prepared/Frozen,high
F-0928-2015,Dairy,medium
F-0928-2016,Beef/Pork/Poultry/Game Meats,high
F-0928-2017,Supplements,high
F-0928-2018,Non-Food Item,high
F-0928-2019,Nuts/Seeds,high
F-0928-2020,Seafood,high
F-0928-2021,Bakery,high
F-0928-2022,Baby/Toddler Food,high
F-0928-2023,Produce,high
F-0928-2024,Dairy,high
F-0928-2025,Supplements,high
F-0929-2013,Seafood,high
F-0929-2014,Prepared/Frozen,medium
F-0929-2015,Dairy,medium
F-0929-2016,Beef/Pork/Poultry/Game Meats,high
F-0929-2017,Supplements,high
F-0929-2018,Non-Food Item,high
F-0929-2019,Nuts/Seeds,high
F-0929-2020,Seafood,high
F-0929-2021,Bakery,medium
F-0929-2022,Baby/Toddler Food,high
F-0929-2023,Seafood,high
F-0929-2024,Dairy,high
F-0929-2025,Bakery,medium
F-0930-2013,Seafood,high
F-0930-2014,Eggs,high
F-0930-2015,Dairy,medium
F-0930-2016,Beef/Pork/Poultry/Game Meats,high
F-0930-2017,Supplements,high
F-0930-2018,Non-Food Item,high
F-0930-2019,Nuts/Seeds,high
F-0930-2020,Supplements,high
F-0930-2021,Seafood,high
F-0930-2022,Baby/Toddler Food,high
F-0930-2023,Seafood,high
F-0930-2024,Supplements,high
F-0930-2025,Supplements,high
F-0931-2013,Seafood,high
F-0931-2014,Spices/Condiments,medium
F-0931-2015,Dairy,medium
F-0931-2016,Beef/Pork/Poultry/Game Meats,high
F-0931-2017,Supplements,high
F-0931-2018,Non-Food Item,high
F-0931-2019,Nuts/Seeds,high
F-0931-2020,Plant Protein,high
F-0931-2021,Seafood,medium
F-0931-2022,Baby/Toddler Food,high
F-0931-2023,Seafood,medium
F-0931-2024,Produce,medium
F-0931-2025,Beverages,medium
F-0932-2013,Seafood,high
F-0932-2014,Produce,high
F-0932-2015,Dairy,medium
F-0932-2016,Beef/Pork/Poultry/Game Meats,high
F-0932-2017,Supplements,high
F-0932-2018,Snacks/Candy,high
F-0932-2019,Nuts/Seeds,high
F-0932-2020,Plant Protein,low
F-0932-2021,Seafood,medium
F-0932-2022,Baby/Toddler Food,high
F-0932-2023,Prepared/Frozen,medium
F-0932-2024,Produce,medium
F-0932-2025,Beverages,high
F-0933-2013,Seafood,high
F-0933-2014,Eggs,high
F-0933-2015,Nuts/Seeds,high
F-0933-2016,Beef/Pork/Poultry/Game Meats,low
F-0933-2017,Supplements,high
F-0933-2018,Prepared/Frozen,high
F-0933-2019,Nuts/Seeds,high
F-0933-2020,Snacks/Candy,high
F-0933-2021,Seafood,low
F-0933-2022,Baby/Toddler Food,high
F-0933-2023,Prepared/Frozen,high
F-0933-2024,Produce,medium
F-0933-2025,Beverages,high
F-0934-2013,Seafood,high
F-0934-2014,Eggs,high
F-0934-2015,Nuts/Seeds,high
F-0934-2016,Beef/Pork/Poultry/Game Meats,high
F-0934-2017,Supplements,medium
F-0934-2018,Spices/Condiments,high
F-0934-2019,Nuts/Seeds,medium
F-0934-2020,Bakery,high
F-0934-2021,Seafood,medium
F-0934-2022,Baby/Toddler Food,high
F-0934-2023,Nuts/Seeds,high
F-0934-2024,Prepared/Frozen,medium
F-0934-2025,Beverages,high
F-0935-2013,Seafood,high
F-0935-2014,Dairy,low
F-0935-2015,Nuts/Seeds,high
F-0935-2016,Beef/Pork/Poultry/Game Meats,low
F-0935-2017,Supplements,high
F-0935-2018,Spices/Condiments,medium
F-0935-2020,Bakery,high
F-0935-2021,Seafood,medium
F-0935-2022,Baby/Toddler Food,high
F-0935-2023,Prepared/Frozen,high
F-0935-2024,Snacks/Candy,high
F-0935-2025,Beverages,medium
F-0936-2013,Bakery,medium
F-0936-2014,Seafood,medium
F-0936-2015,Bakery,medium
F-0936-2016,Beef/Pork/Poultry/Game Meats,high
F-0936-2017,Supplements,medium
F-0936-2018,Spices/Condiments,high
F-0936-2019,Grains/Cereal,medium
F-0936-2020,Bakery,high
F-0936-2021,Seafood,medium
F-0936-2022,Baby/Toddler Food,high
F-0936-2023,Spices/Condiments,high
F-0936-2024,Snacks/Candy,medium
F-0936-2025,Supplements,low
F-0937-2013,Supplements,high
F-0937-2014,Prepared/Frozen,medium
F-0937-2015,Nuts/Seeds,medium
F-0937-2016,Beef/Pork/Poultry/Game Meats,high
F-0937-2017,Supplements,high
F-0937-2018,Food Additives/Ingredients,medium
F-0937-2019,Grains/Cereal,medium
F-0937-2020,Produce,medium
F-0937-2021,Seafood,low
F-0937-2022,Baby/Toddler Food,high
F-0937-2023,Snacks/Candy,high
F-0937-2024,Snacks/Candy,high
F-0937-2025,Prepared/Frozen,medium
F-0938-2013,Bakery,medium
F-0938-2014,Prepared/Frozen,medium
F-0938-2015,Dairy,high
F-0938-2016,Beef/Pork/Poultry/Game Meats,low
F-0938-2017,Supplements,medium
F-0938-2018,Food Additives/Ingredients,medium
F-0938-2019,Nuts/Seeds,high
F-0938-2020,Grains/Cereal,high
F-0938-2021,Seafood,medium
F-0938-2022,Baby/Toddler Food,high
F-0938-2023,Snacks/Candy,high
F-0938-2024,Snacks/Candy,high
F-0938-2025,Bakery,high
F-0939-2013,Bakery,high
F-0939-2014,Plant Protein,medium
F-0939-2015,Nuts/Seeds,high
F-0939-2016,Beef/Pork/Poultry/Game Meats,high
F-0939-2017,Supplements,medium
F-0939-2018,Food Additives/Ingredients,medium
F-0939-2019,Grains/Cereal,medium
F-0939-2020,Bakery,high
F-0939-2021,Seafood,medium
F-0939-2022,Baby/Toddler Food,high
F-0939-2023,Snacks/Candy,high
F-0939-2024,Snacks/Candy,high
F-0940-2013,Snacks/Candy,high
F-0940-2014,Prepared/Frozen,high
F-0940-2016,Beef/Pork/Poultry/Game Meats,high
F-0940-2017,Bakery,high
F-0940-2018,Dairy,high
F-0940-2019,Grains/Cereal,high
F-0940-2020,Dairy,high
F-0940-2021,Seafood,medium
F-0940-2022,Baby/Toddler Food,high
F-0940-2023,Supplements,medium
F-0940-2024,Snacks/Candy,high
F-0941-2013,Bakery,medium
F-0941-2014,Produce,medium
F-0941-2015,Plant Protein,medium
F-0941-2016,Beef/Pork/Poultry/Game Meats,high
F-0941-2017,Spices/Condiments,high
F-0941-2018,Dairy,high
F-0941-2019,Grains/Cereal,high
F-0941-2020,Dairy,high
F-0941-2021,Seafood,medium
F-0941-2022,Baby/Toddler Food,high
F-0941-2023,Supplements,low
F-0941-2024,Snacks/Candy,high
F-0942-2013,Bakery,medium
F-0942-2014,Produce,medium
F-0942-2015,Plant Protein,high
F-0942-2016,Beef/Pork/Poultry/Game Meats,high
F-0942-2017,Snacks/Candy,medium
F-0942-2018,Dairy,high
F-0942-2019,Grains/Cereal,high
F-0942-2020,Dairy,high
F-0942-2021,Seafood,medium
F-0942-2022,Baby/Toddler Food,high
F-0942-2023,Uncategorized,low
F-0942-2024,Snacks/Candy,high
F-0943-2013,Bakery,high
F-0943-2014,Spices/Condiments,medium
F-0943-2015,Plant Protein,high
F-0943-2016,Beef/Pork/Poultry/Game Meats,high
F-0943-2017,Bakery,medium
F-0943-2018,Dairy,high
F-0943-2019,Produce,high
F-0943-2020,Produce,high
F-0943-2021,Seafood,medium
F-0943-2022,Baby/Toddler Food,high
F-0943-2023,Supplements,medium
F-0943-2024,Snacks/Candy,high
F-0944-2013,Snacks/Candy,high
F-0944-2014,Spices/Condiments,medium
F-0944-2015,Plant Protein,high
F-0944-2016,Beef/Pork/Poultry/Game Meats,high
F-0944-2017,Grains/Cereal,high
F-0944-2018,Dairy,high
F-0944-2019,Produce,high
F-0944-2020,Produce,high
F-0944-2021,Seafood,high
F-0944-2022,Baby/Toddler Food,high
F-0944-2023,Supplements,medium
F-0944-2024,Snacks/Candy,high
F-0945-2013,Snacks/Candy,medium
F-0945-2014,Spices/Condiments,medium
F-0945-2015,Plant Protein,high
F-0945-2016,Beef/Pork/Poultry/Game Meats,low
F-0945-2017,Grains/Cereal,medium
F-0945-2018,Dairy,high
F-0945-2019,Produce,high
F-0945-2020,Dairy,medium
F-0945-2021,Prepared/Frozen,medium
F-0945-2022,Baby/Toddler Food,high
F-0945-2023,Uncategorized,low
F-0945-2024,Snacks/Candy,high
F-0946-2013,Snacks/Candy,medium
F-0946-2014,Spices/Condiments,medium
F-0946-2015,Dairy,high
F-0946-2016,Beef/Pork/Poultry/Game Meats,high
F-0946-2017,Food Additives/Ingredients,low
F-0946-2018,Dairy,high
F-0946-2019,Produce,medium
F-0946-2020,Bakery,high
F-0946-2021,Prepared/Frozen,medium
F-0946-2022,Baby/Toddler Food,high
F-0946-2023,Supplements,low
F-0946-2024,Snacks/Candy,high
F-0947-2013,Snacks/Candy,medium
F-0947-2014,Spices/Condiments,medium
F-0947-2015,Dairy,high
F-0947-2016,Uncategorized,low
F-0947-2017,Produce,medium
F-0947-2018,Dairy,high
F-0947-2019,Produce,high
F-0947-2020,Prepared/Frozen,medium
F-0947-2021,Seafood,medium
F-0947-2022,Baby/Toddler Food,high
F-0947-2023,Supplements,low
F-0947-2024,Snacks/Candy,medium
F-0948-2013,Bakery,high
F-0948-2014,Spices/Condiments,low
F-0948-2015,Dairy,high
F-0948-2016,Beef/Pork/Poultry/Game Meats,high
F-0948-2017,Produce,medium
F-0948-2018,Dairy,high
F-0948-2019,Produce,high
F-0948-2020,Prepared/Frozen,high
F-0948-2021,Seafood,medium
F-0948-2022,Baby/Toddler Food,high
F-0948-2023,Supplements,low
F-0948-2024,Snacks/Candy,high
F-0949-2013,Bakery,high
F-0949-2014,Spices/Condiments,high
F-0949-2015,Dairy,high
F-0949-2016,Beef/Pork/Poultry/Game Meats,high
F-0949-2017,Produce,high
F-0949-2018,Dairy,high
F-0949-2019,Seafood,high
F-0949-2020,Snacks/Candy,medium
F-0949-2021,Seafood,medium
F-0949-2022,Baby/Toddler Food,high
F-0949-2023,Supplements,low
F-0949-2024,Snacks/Candy,high
F-0950-2013,Seafood,high
F-0950-2014,Spices/Condiments,low
F-0950-2015,Dairy,high
F-0950-2016,Prepared/Frozen,medium
F-0950-2017,Supplements,high
F-0950-2018,Dairy,medium
F-0950-2019,Seafood,high
F-0950-2020,Supplements,high
F-0950-2021,Seafood,medium
F-0950-2022,Baby/Toddler Food,medium
F-0950-2023,Beverages,medium
F-0950-2024,Snacks/Candy,high
F-0951-2013,Seafood,high
F-0951-2014,Prepared/Frozen,high
F-0951-2015,Dairy,high
F-0951-2016,Beef/Pork/Poultry/Game Meats,low
F-0951-2017,Supplements,high
F-0951-2018,Dairy,high
F-0951-2019,Dairy,high
F-0951-2020,Supplements,high
F-0951-2021,Seafood,medium
F-0951-2022,Baby/Toddler Food,medium
F-0951-2023,Beverages,medium
F-0951-2024,Snacks/Candy,high
F-0952-2013,Seafood,high
F-0952-2014,Produce,high
F-0952-2015,Dairy,high
F-0952-2016,Beef/Pork/Poultry/Game Meats,high
F-0952-2017,Supplements,high
F-0952-2018,Snacks/Candy,high
F-0952-2019,Dairy,high
F-0952-2020,Beverages,high
F-0952-2021,Seafood,medium
F-0952-2022,Baby/Toddler Food,medium
F-0952-2023,Nuts/Seeds,high
F-0952-2024,Snacks/Candy,high
F-0953-2013,Seafood,medium
F-0953-2014,Prepared/Frozen,medium
F-0953-2015,Dairy,high
F-0953-2016,Beef/Pork/Poultry/Game Meats,low
F-0953-2017,Supplements,high
F-0953-2018,Prepared/Frozen,medium
F-0953-2019,Dairy,high
F-0953-2021,Prepared/Frozen,low
F-0953-2022,Baby/Toddler Food,medium
F-0953-2023,Non-Food Item,high
F-0953-2024,Snacks/Candy,high
F-0954-2013,Seafood,medium
F-0954-2014,Dairy,low
F-0954-2015,Dairy,high
F-0954-2016,Beef/Pork/Poultry/Game Meats,high
F-0954-2017,Supplements,high
F-0954-2018,Produce,high
F-0954-2019,Dairy,high
F-0954-2020,Spices/Condiments,medium
F-0954-2021,Seafood,medium
F-0954-2022,Baby/Toddler Food,high
F-0954-2023,Nuts/Seeds,high
F-0954-2024,Snacks/Candy,high
F-0955-2013,Seafood,low
F-0955-2014,Produce,medium
F-0955-2015,Dairy,high
F-0955-2016,Beef/Pork/Poultry/Game Meats,high
F-0955-2017,Supplements,high
F-0955-2018,Spices/Condiments,medium
F-0955-2019,Dairy,high
F-0955-2020,Spices/Condiments,high
F-0955-2021,Nuts/Seeds,high
F-0955-2022,Baby/Toddler Food,high
F-0955-2023,Bakery,high
F-0955-2024,Snacks/Candy,high
F-0956-2013,Seafood,medium
F-0956-2014,Prepared/Frozen,high
F-0956-2015,Spices/Condiments,high
F-0956-2016,Beef/Pork/Poultry/Game Meats,high
F-0956-2017,Supplements,high
F-0956-2018,Beverages,low
F-0956-2019,Dairy,high
F-0956-2020,Spices/Condiments,medium
F-0956-2021,Food Additives/Ingredients,medium
F-0956-2022,Baby/Toddler Food,high
F-0956-2023,Beverages,high
F-0956-2024,Snacks/Candy,high
F-0957-2013,Seafood,low
F-0957-2014,Prepared/Frozen,high
F-0957-2015,Spices/Condiments,medium
F-0957-2016,Beef/Pork/Poultry/Game Meats,high
F-0957-2017,Supplements,high
F-0957-2018,Spices/Condiments,medium
F-0957-2019,Dairy,high
F-0957-2020,Spices/Condiments,medium
F-0957-2021,Bakery,high
F-0957-2022,Baby/Toddler Food,high
F-0957-2023,Nuts/Seeds,high
F-0957-2024,Snacks/Candy,high
F-0958-2013,Seafood,high
F-0958-2014,Produce,high
F-0958-2015,Spices/Condiments,high
F-0958-2016,Beef/Pork/Poultry/Game Meats,high
F-0958-2017,Supplements,high
F-0958-2018,Spices/Condiments,high
F-0958-2019,Dairy,high
F-0958-2021,Bakery,high
F-0958-2022,Baby/Toddler Food,high
F-0958-2023,Produce,medium
F-0958-2024,Snacks/Candy,high
F-0959-2013,Seafood,medium
F-0959-2014,Produce,medium
F-0959-2015,Spices/Condiments,medium
F-0959-2016,Beef/Pork/Poultry/Game Meats,low
F-0959-2017,Supplements,medium
F-0959-2018,Spices/Condiments,high
F-0959-2019,Dairy,high
F-0959-2020,Bakery,high
F-0959-2021,Produce,medium
F-0959-2022,Prepared/Frozen,medium
F-0959-2023,Prepared/Frozen,low
F-0959-2024,Snacks/Candy,high
F-0960-2013,Bakery,high
F-0960-2014,Prepared/Frozen,medium
F-0960-2016,Prepared/Frozen,high
F-0960-2017,Supplements,high
F-0960-2018,Spices/Condiments,high
F-0960-2019,Dairy,high
F-0960-2020,Snacks/Candy,high
F-0960-2021,Prepared/Frozen,medium
F-0960-2022,Produce,high
F-0960-2023,Produce,medium
F-0960-2024,Grains/Cereal,high
F-0961-2013,Prepared/Frozen,medium
F-0961-2014,Produce,medium
F-0961-2016,Beef/Pork/Poultry/Game Meats,high
F-0961-2017,Supplements,high
F-0961-2018,Spices/Condiments,medium
F-0961-2019,Dairy,high
F-0961-2020,Supplements,high
F-0961-2021,Bakery,high
F-0961-2022,Prepared/Frozen,medium
F-0961-2023,Produce,medium
F-0961-2024,Grains/Cereal,high
F-0962-2013,Plant Protein,medium
F-0962-2014,Produce,high
F-0962-2016,Beef/Pork/Poultry/Game Meats,high
F-0962-2017,Supplements,high
F-0962-2018,Spices/Condiments,medium
F-0962-2019,Dairy,medium
F-0962-2020,Oils/Fats,medium
F-0962-2021,Dairy,high
F-0962-2022,Produce,high
F-0962-2023,Produce,medium
F-0962-2024,Grains/Cereal,high
F-0963-2013,Snacks/Candy,high
F-0963-2014,Produce,low
F-0963-2016,Beef/Pork/Poultry/Game Meats,high
F-0963-2017,Supplements,medium
F-0963-2018,Spices/Condiments,high
F-0963-2019,Dairy,high
F-0963-2020,Oils/Fats,medium
F-0963-2021,Dairy,high
F-0963-2022,Spices/Condiments,high
F-0963-2023,Produce,medium
F-0963-2024,Grains/Cereal,high
F-0964-2013,Snacks/Candy,medium
F-0964-2014,Produce,low
F-0964-2016,Beef/Pork/Poultry/Game Meats,medium
F-0964-2017,Supplements,high
F-0964-2018,Spices/Condiments,high
F-0964-2019,Dairy,high
F-0964-2020,Dairy,high
F-0964-2021,Dairy,high
F-0964-2022,Produce,high
F-0964-2023,Produce,medium
F-0964-2024,Grains/Cereal,high
F-0965-2013,Prepared/Frozen,high
F-0965-2014,Produce,medium
F-0965-2016,Uncategorized,low
F-0965-2017,Supplements,high
F-0965-2018,Spices/Condiments,low
F-0965-2019,Dairy,high
F-0965-2020,Seafood,high
F-0965-2021,Dairy,high
F-0965-2023,Seafood,medium
F-0965-2024,Snacks/Candy,high
F-0966-2013,Prepared/Frozen,high
F-0966-2014,Prepared/Frozen,medium
F-0966-2015,Snacks/Candy,high
F-0966-2016,Beef/Pork/Poultry/Game Meats,low
F-0966-2017,Uncategorized,low
F-0966-2018,Spices/Condiments,high
F-0966-2019,Dairy,high
F-0966-2020,Prepared/Frozen,medium
F-0966-2021,Dairy,high
F-0966-2022,Bakery,high
F-0966-2023,Produce,medium
F-0966-2024,Snacks/Candy,high
F-0967-2013,Prepared/Frozen,high
F-0967-2014,Prepared/Frozen,medium
F-0967-2015,Prepared/Frozen,medium
F-0967-2016,Beef/Pork/Poultry/Game Meats,high
F-0967-2017,Supplements,high
F-0967-2018,Spices/Condiments,high
F-0967-2019,Dairy,high
F-0967-2020,Prepared/Frozen,high
F-0967-2021,Dairy,high
F-0967-2022,Beverages,high
F-0967-2023,Prepared/Frozen,high
F-0967-2024,Snacks/Candy,high
F-0968-2013,Produce,medium
F-0968-2014,Prepared/Frozen,medium
F-0968-2015,Plant Protein,high
F-0968-2016,Beef/Pork/Poultry/Game Meats,high
F-0968-2017,Supplements,medium
F-0968-2018,Spices/Condiments,high
F-0968-2019,Dairy,high
F-0968-2020,Prepared/Frozen,high
F-0968-2021,Dairy,high
F-0968-2022,Prepared/Frozen,medium
F-0968-2023,Food Additives/Ingredients,medium
F-0968-2024,Snacks/Candy,high
F-0969-2013,Produce,high
F-0969-2014,Produce,high
F-0969-2015,Plant Protein,high
F-0969-2016,Beef/Pork/Poultry/Game Meats,medium
F-0969-2017,Supplements,high
F-0969-2018,Prepared/Frozen,medium
F-0969-2019,Dairy,high
F-0969-2020,Bakery,high
F-0969-2021,Dairy,high
F-0969-2022,Prepared/Frozen,medium
F-0969-2023,Supplements,high
F-0969-2024,Snacks/Candy,medium
F-0970-2013,Snacks/Candy,low
F-0970-2014,Prepared/Frozen,high
F-0970-2015,Plant Protein,high
F-0970-2016,Beef/Pork/Poultry/Game Meats,high
F-0970-2017,Supplements,medium
F-0970-2018,Prepared/Frozen,medium
F-0970-2019,Dairy,high
F-0970-2020,Bakery,high
F-0970-2021,Dairy,high
F-0970-2022,Produce,high
F-0970-2023,Produce,high
F-0970-2024,Snacks/Candy,medium
F-0971-2013,Prepared/Frozen,medium
F-0971-2014,Prepared/Frozen,high
F-0971-2015,Plant Protein,high
F-0971-2016,Prepared/Frozen,medium
F-0971-2017,Supplements,high
F-0971-2018,Spices/Condiments,high
F-0971-2019,Dairy,high
F-0971-2020,Spices/Condiments,high
F-0971-2021,Dairy,high
F-0971-2022,Produce,high
F-0971-2023,Dairy,medium
F-0971-2024,Snacks/Candy,high
F-0972-2013,Bakery,medium
F-0972-2014,Produce,medium
F-0972-2015,Plant Protein,high
F-0972-2016,Uncategorized,low
F-0972-2017,Supplements,medium
F-0972-2018,Spices/Condiments,high
F-0972-2019,Dairy,high
F-0972-2020,Spices/Condiments,high
F-0972-2021,Dairy,high
F-0972-2022,Produce,high
F-0972-2023,Dairy,medium
F-0972-2024,Snacks/Candy,high
F-0973-2013,Prepared/Frozen,medium
F-0973-2014,Prepared/Frozen,medium
F-0973-2015,Plant Protein,low
F-0973-2016,Beef/Pork/Poultry/Game Meats,high
F-0973-2017,Supplements,medium
F-0973-2018,Bakery,medium
F-0973-2019,Dairy,high
F-0973-2020,Spices/Condiments,high
F-0973-2021,Dairy,high
F-0973-2022,Produce,high
F-0973-2023,Bakery,high
F-0973-2024,Snacks/Candy,high
F-0974-2013,Prepared/Frozen,medium
F-0974-2014,Plant Protein,high
F-0974-2015,Plant Protein,high
F-0974-2016,Uncategorized,low
F-0974-2017,Supplements,high
F-0974-2018,Bakery,medium
F-0974-2019,Dairy,high
F-0974-2020,Spices/Condiments,high
F-0974-2021,Dairy,high
F-0974-2022,Produce,medium
F-0974-2023,Nuts/Seeds,medium
F-0974-2024,Snacks/Candy,medium
F-0975-2013,Bakery,medium
F-0975-2014,Seafood,low
F-0975-2015,Dairy,medium
F-0975-2016,Beef/Pork/Poultry/Game Meats,medium
F-0975-2017,Supplements,medium
F-0975-2018,Snacks/Candy,medium
F-0975-2019,Dairy,high
F-0975-2020,Spices/Condiments,high
F-0975-2021,Supplements,medium
F-0975-2022,Produce,medium
F-0975-2023,Snacks/Candy,medium
F-0975-2024,Snacks/Candy,high
F-0976-2013,Bakery,medium
F-0976-2014,Seafood,medium
F-0976-2015,Dairy,medium
F-0976-2016,Beef/Pork/Poultry/Game Meats,high
F-0976-2017,Supplements,high
F-0976-2018,Snacks/Candy,high
F-0976-2019,Dairy,high
F-0976-2020,Bakery,high
F-0976-2021,Supplements,high
F-0976-2022,Produce,high
F-0976-2023,Snacks/Candy,medium
F-0976-2024,Snacks/Candy,high
F-0977-2013,Grains/Cereal,high
F-0977-2014,Spices/Condiments,low
F-0977-2015,Spices/Condiments,medium
F-0977-2016,Beef/Pork/Poultry/Game Meats,high
F-0977-2017,Supplements,medium
F-0977-2018,Snacks/Candy,high
F-0977-2019,Dairy,high
F-0977-2020,Bakery,high
F-0977-2021,Supplements,medium
F-0977-2022,Spices/Condiments,low
F-0977-2023,Spices/Condiments,high
F-0977-2024,Snacks/Candy,medium
F-0978-2013,Spices/Condiments,high
F-0978-2014,Spices/Condiments,low
F-0978-2015,Plant Protein,low
F-0978-2016,Beef/Pork/Poultry/Game Meats,high
F-0978-2017,Supplements,high
F-0978-2018,Spices/Condiments,high
F-0978-2019,Dairy,high
F-0978-2020,Produce,high
F-0978-2021,Supplements,medium
F-0978-2022,Produce,high
F-0978-2023,Supplements,high
F-0978-2024,Snacks/Candy,high
F-0979-2013,Grains/Cereal,high
F-0979-2014,Produce,high
F-0979-2015,Dairy,medium
F-0979-2016,Prepared/Frozen,low
F-0979-2017,Supplements,high
F-0979-2018,Bakery,high
F-0979-2019,Dairy,high
F-0979-2020,Seafood,high
F-0979-2021,Supplements,medium
F-0979-2022,Spices/Condiments,medium
F-0979-2023,Bakery,low
F-0979-2024,Snacks/Candy,high
F-0980-2013,Supplements,high
F-0980-2014,Produce,high
F-0980-2015,Dairy,medium
F-0980-2016,Prepared/Frozen,low
F-0980-2017,Supplements,high
F-0980-2018,Dairy,high
F-0980-2019,Dairy,high
F-0980-2020,Dairy,medium
F-0980-2021,Supplements,medium
F-0980-2022,Produce,high
F-0980-2023,Uncategorized,low
F-0980-2024,Snacks/Candy,high
F-0981-2013,Supplements,medium
F-0981-2014,Produce,high
F-0981-2015,Dairy,high
F-0981-2016,Beef/Pork/Poultry/Game Meats,high
F-0981-2017,Supplements,high
F-0981-2018,Nuts/Seeds,high
F-0981-2019,Dairy,high
F-0981-2020,Spices/Condiments,medium
F-0981-2021,Bakery,high
F-0981-2022,Produce,high
F-0981-2023,Uncategorized,low
F-0981-2024,Snacks/Candy,medium
F-0982-2013,Produce,high
F-0982-2014,Prepared/Frozen,high
F-0982-2015,Dairy,high
F-0982-2016,Prepared/Frozen,medium
F-0982-2017,Supplements,high
F-0982-2018,Beverages,high
F-0982-2019,Dairy,high
F-0982-2020,Prepared/Frozen,medium
F-0982-2021,Beverages,medium
F-0982-2022,Beverages,high
F-0982-2023,Uncategorized,low
F-0982-2024,Snacks/Candy,high
F-0983-2013,Nuts/Seeds,medium
F-0983-2014,Prepared/Frozen,high
F-0983-2015,Dairy,high
F-0983-2016,Prepared/Frozen,medium
F-0983-2017,Supplements,medium
F-0983-2018,Beverages,high
F-0983-2019,Dairy,high
F-0983-2020,Produce,high
F-0983-2021,Nuts/Seeds,high
F-0983-2022,Bakery,medium
F-0983-2023,Uncategorized,low
F-0983-2024,Snacks/Candy,medium
F-0984-2013,Produce,high
F-0984-2014,Produce,low
F-0984-2015,Dairy,high
F-0984-2016,Prepared/Frozen,low
F-0984-2017,Supplements,high
F-0984-2018,Bakery,high
F-0984-2019,Dairy,high
F-0984-2020,Spices/Condiments,medium
F-0984-2021,Snacks/Candy,high
F-0984-2022,Bakery,medium
F-0984-2023,Produce,high
F-0984-2024,Snacks/Candy,medium
F-0985-2013,Bakery,medium
F-0985-2014,Prepared/Frozen,high
F-0985-2015,Dairy,high
F-0985-2016,Prepared/Frozen,medium
F-0985-2017,Supplements,medium
F-0985-2018,Snacks/Candy,high
F-0985-2019,Dairy,high
F-0985-2020,Bakery,high
F-0985-2021,Bakery,high
F-0985-2022,Bakery,medium
F-0985-2023,Dairy,high
F-0985-2024,Snacks/Candy,medium
F-0986-2013,Bakery,high
F-0986-2014,Prepared/Frozen,medium
F-0986-2015,Dairy,high
F-0986-2016,Beef/Pork/Poultry/Game Meats,high
F-0986-2017,Supplements,medium
F-0986-2018,Bakery,high
F-0986-2019,Dairy,high
F-0986-2020,Spices/Condiments,high
F-0986-2021,Seafood,high
F-0986-2022,Bakery,medium
F-0986-2023,Spices/Condiments,high
F-0986-2024,Grains/Cereal,high
F-0987-2013,Bakery,high
F-0987-2014,Prepared/Frozen,low
F-0987-2015,Dairy,high
F-0987-2016,Beef/Pork/Poultry/Game Meats,high
F-0987-2017,Supplements,high
F-0987-2018,Bakery,medium
F-0987-2019,Seafood,high
F-0987-2020,Spices/Condiments,high
F-0987-2021,Spices/Condiments,high
F-0987-2022,Bakery,medium
F-0987-2023,Dairy,high
F-0987-2024,Grains/Cereal,high
F-0988-2013,Bakery,medium
F-0988-2014,Prepared/Frozen,low
F-0988-2015,Dairy,high
F-0988-2016,Beef/Pork/Poultry/Game Meats,high
F-0988-2017,Supplements,high
F-0988-2018,Spices/Condiments,high
F-0988-2019,Seafood,high
F-0988-2020,Spices/Condiments,high
F-0988-2021,Spices/Condiments,high
F-0988-2022,Bakery,medium
F-0988-2023,Snacks/Candy,high
F-0988-2024,Grains/Cereal,high
F-0989-2013,Produce,high
F-0989-2014,Seafood,medium
F-0989-2015,Dairy,high
F-0989-2016,Beef/Pork/Poultry/Game Meats,low
F-0989-2017,Supplements,medium
F-0989-2018,Produce,medium
F-0989-2019,Seafood,high
F-0989-2020,Spices/Condiments,high
F-0989-2021,Spices/Condiments,high
F-0989-2022,Bakery,medium
F-0989-2023,Baby/Toddler Food,high
F-0989-2024,Grains/Cereal,high
F-0990-2013,Nuts/Seeds,medium
F-0990-2014,Prepared/Frozen,medium
F-0990-2015,Dairy,high
F-0990-2016,Beef/Pork/Poultry/Game Meats,high
F-0990-2017,Supplements,medium
F-0990-2018,Produce,medium
F-0990-2019,Seafood,high
F-0990-2020,Spices/Condiments,high
F-0990-2021,Spices/Condiments,high
F-0990-2022,Bakery,medium
F-0990-2023,Seafood,high
F-0990-2024,Grains/Cereal,high
F-0991-2013,Prepared/Frozen,high
F-0991-2014,Produce,medium
F-0991-2015,Dairy,high
F-0991-2016,Beef/Pork/Poultry/Game Meats,high
F-0991-2017,Supplements,medium
F-0991-2018,Grains/Cereal,high
F-0991-2019,Seafood,high
F-0991-2020,Spices/Condiments,high
F-0991-2021,Bakery,high
F-0991-2022,Grains/Cereal,medium
F-0991-2023,Seafood,high
F-0991-2024,Grains/Cereal,high
F-0992-2013,Prepared/Frozen,medium
F-0992-2014,Produce,high
F-0992-2015,Dairy,high
F-0992-2016,Beef/Pork/Poultry/Game Meats,low
F-0992-2017,Supplements,medium
F-0992-2018,Supplements,high
F-0992-2019,Seafood,high
F-0992-2020,Spices/Condiments,high
F-0992-2021,Plant Protein,medium
F-0992-2022,Prepared/Frozen,medium
F-0992-2023,Seafood,high
F-0992-2024,Grains/Cereal,high
F-0993-2013,Prepared/Frozen,medium
F-0993-2014,Produce,medium
F-0993-2015,Dairy,high
F-0993-2016,Prepared/Frozen,medium
F-0993-2017,Supplements,medium
F-0993-2018,Produce,low
F-0993-2019,Seafood,high
F-0993-2020,Spices/Condiments,high
F-0993-2021,Baking Supplies,high
F-0993-2022,Prepared/Frozen,medium
F-0993-2023,Spices/Condiments,high
F-0993-2024,Grains/Cereal,high
F-0994-2013,Prepared/Frozen,medium
F-0994-2014,Prepared/Frozen,medium
F-0994-2015,Dairy,high
F-0994-2016,Prepared/Frozen,high
F-0994-2017,Supplements,high
F-0994-2018,Spices/Condiments,high
F-0994-2019,Seafood,high
F-0994-2020,Seafood,medium
F-0994-2021,Dairy,high
F-0994-2022,Bakery,medium
F-0994-2023,Supplements,high
F-0994-2024,Grains/Cereal,high
F-0995-2013,Prepared/Frozen,medium
F-0995-2014,Prepared/Frozen,medium
F-0995-2015,Dairy,high
F-0995-2016,Beef/Pork/Poultry/Game Meats,low
F-0995-2017,Supplements,high
F-0995-2018,Beverages,high
F-0995-2019,Seafood,high
F-0995-2020,Seafood,high
F-0995-2021,Dairy,high
F-0995-2022,Nuts/Seeds,high
F-0995-2023,Supplements,high
F-0995-2024,Grains/Cereal,medium
F-0996-2013,Nuts/Seeds,high
F-0996-2014,Produce,medium
F-0996-2015,Dairy,high
F-0996-2016,Beef/Pork/Poultry/Game Meats,low
F-0996-2017,Supplements,medium
F-0996-2018,Supplements,high
F-0996-2019,Seafood,high
F-0996-2020,Seafood,medium
F-0996-2021,Produce,high
F-0996-2022,Nuts/Seeds,high
F-0996-2023,Supplements,high
F-0996-2024,Grains/Cereal,high
F-0997-2013,Nuts/Seeds,high
F-0997-2014,Prepared/Frozen,medium
F-0997-2015,Dairy,high
F-0997-2016,Supplements,high
F-0997-2017,Supplements,medium
F-0997-2018,Produce,medium
F-0997-2019,Seafood,high
F-0997-2020,Seafood,medium
F-0997-2021,Produce,high
F-0997-2022,Nuts/Seeds,high
F-0997-2023,Snacks/Candy,medium
F-0997-2024,Snacks/Candy,high
F-0998-2013,Prepared/Frozen,high
F-0998-2014,Prepared/Frozen,medium
F-0998-2015,Dairy,high
F-0998-2016,Supplements,high
F-0998-2017,Supplements,medium
F-0998-2018,Bakery,medium
F-0998-2019,Seafood,high
F-0998-2020,Seafood,low
F-0998-2021,Spices/Condiments,high
F-0998-2022,Bakery,high
F-0998-2023,Prepared/Frozen,medium
F-0998-2024,Snacks/Candy,high
F-0999-2013,Dairy,high
F-0999-2014,Prepared/Frozen,high
F-0999-2015,Dairy,high
F-0999-2016,Supplements,high
F-0999-2017,Supplements,high
F-0999-2018,Spices/Condiments,medium
F-0999-2019,Seafood,high
F-0999-2020,Spices/Condiments,high
F-0999-2021,Seafood,high
F-0999-2022,Bakery,medium
F-0999-2023,Supplements,high
F-0999-2024,Snacks/Candy,high
F-1000-2013,Dairy,high
F-1000-2014,Produce,high
F-1000-2015,Dairy,high
F-1000-2016,Supplements,high
F-1000-2017,Supplements,medium
F-1000-2018,Produce,high
F-1000-2019,Seafood,high
F-1000-2020,Snacks/Candy,medium
F-1000-2021,Spices/Condiments,medium
F-1000-2022,Supplements,high
F-1000-2023,Supplements,high
F-1000-2024,Supplements,high
F-1001-2013,Bakery,high
F-1001-2014,Prepared/Frozen,medium
F-1001-2015,Dairy,high
F-1001-2016,Supplements,high
F-1001-2017,Supplements,high
F-1001-2018,Bakery,high
F-1001-2019,Seafood,high
F-1001-2020,Bakery,medium
F-1001-2021,Produce,medium
F-1001-2022,Produce,high
F-1001-2023,Supplements,high
F-1001-2024,Prepared/Frozen,high
F-1002-2013,Bakery,high
F-1002-2014,Prepared/Frozen,medium
F-1002-2015,Dairy,high
F-1002-2016,Dairy,high
F-1002-2017,Supplements,high
F-1002-2018,Bakery,high
F-1002-2019,Seafood,high
F-1002-2020,Nuts/Seeds,high
F-1002-2021,Produce,medium
F-1002-2022,Produce,high
F-1002-2023,Prepared/Frozen,medium
F-1002-2024,Bakery,high
F-1003-2013,Bakery,high
F-1003-2014,Produce,medium
F-1003-2015,Dairy,high
F-1003-2016,Supplements,medium
F-1003-2017,Supplements,high
F-1003-2018,Bakery,high
F-1003-2019,Dairy,high
F-1003-2020,Beverages,high
F-1003-2021,Spices/Condiments,medium
F-1003-2022,Produce,high
F-1003-2023,Prepared/Frozen,medium
F-1003-2024,Plant Protein,medium
F-1004-2013,Bakery,high
F-1004-2014,Dairy,high
F-1004-2015,Dairy,high
F-1004-2016,Nuts/Seeds,high
F-1004-2017,Supplements,high
F-1004-2018,Snacks/Candy,medium
F-1004-2019,Dairy,medium
F-1004-2020,Beverages,high
F-1004-2021,Bakery,medium
F-1004-2022,Produce,high
F-1004-2023,Prepared/Frozen,medium
F-1004-2024,Produce,medium
F-1005-2013,Seafood,high
F-1005-2014,Prepared/Frozen,low
F-1005-2015,Dairy,high
F-1005-2016,Supplements,high
F-1005-2017,Supplements,high
F-1005-2018,Dairy,high
F-1005-2019,Beverages,high
F-1005-2020,Beverages,high
F-1005-2021,Seafood,high
F-1005-2022,Snacks/Candy,high
F-1005-2023,Supplements,high
F-1005-2024,Produce,medium
F-1006-2013,Bakery,high
F-1006-2014,Dairy,low
F-1006-2015,Dairy,high
F-1006-2016,Supplements,medium
F-1006-2017,Supplements,high
F-1006-2018,Seafood,high
F-1006-2019,Eggs,high
F-1006-2020,Beverages,high
F-1006-2021,Produce,high
F-1006-2022,Spices/Condiments,high
F-1006-2023,Supplements,medium
F-1006-2024,Produce,high
F-1007-2013,Seafood,high
F-1007-2014,Produce,medium
F-1007-2015,Dairy,high
F-1007-2016,Prepared/Frozen,medium
F-1007-2017,Supplements,high
F-1007-2018,Seafood,high
F-1007-2019,Produce,high
F-1007-2020,Beverages,high
F-1007-2021,Bakery,high
F-1007-2022,Prepared/Frozen,medium
F-1007-2024,Produce,medium
F-1008-2013,Supplements,high
F-1008-2014,Prepared/Frozen,medium
F-1008-2015,Dairy,high
F-1008-2016,Plant Protein,high
F-1008-2017,Supplements,high
F-1008-2018,Spices/Condiments,medium
F-1008-2019,Produce,high
F-1008-2020,Beverages,high
F-1008-2021,Produce,high
F-1008-2022,Produce,high
F-1008-2023,Produce,high
F-1008-2024,Produce,high
F-1009-2013,Dairy,high
F-1009-2014,Prepared/Frozen,high
F-1009-2015,Dairy,high
F-1009-2016,Plant Protein,high
F-1009-2017,Supplements,high
F-1009-2019,Produce,high
F-1009-2020,Beverages,high
F-1009-2021,Seafood,high
F-1009-2022,Produce,high
F-1009-2023,Beverages,high
F-1009-2024,Dairy,high
F-1010-2013,Produce,high
F-1010-2014,Produce,high
F-1010-2015,Dairy,high
F-1010-2016,Spices/Condiments,medium
F-1010-2017,Supplements,high
F-1010-2018,Spices/Condiments,high
F-1010-2019,Produce,high
F-1010-2020,Beverages,high
F-1010-2021,Bakery,high
F-1010-2023,Prepared/Frozen,high
F-1010-2024,Dairy,high
F-1011-2013,Produce,high
F-1011-2014,Prepared/Frozen,medium
F-1011-2015,Dairy,high
F-1011-2016,Seafood,high
F-1011-2017,Supplements,high
F-1011-2018,Grains/Cereal,high
F-1011-2019,Produce,high
F-1011-2020,Prepared/Frozen,low
F-1011-2021,Bakery,high
F-1011-2022,Dairy,medium
F-1011-2023,Bakery,high
F-1011-2024,Dairy,high
F-1012-2013,Produce,high
F-1012-2014,Eggs,high
F-1012-2015,Dairy,high
F-1012-2016,Seafood,high
F-1012-2017,Supplements,high
F-1012-2018,Supplements,high
F-1012-2019,Beverages,high
F-1012-2020,Bakery,high
F-1012-2021,Bakery,high
F-1012-2022,Supplements,high
F-1012-2023,Snacks/Candy,high
F-1012-2024,Dairy,high
F-1013-2013,Produce,high
F-1013-2014,Prepared/Frozen,medium
F-1013-2015,Dairy,high
F-1013-2016,Supplements,high
F-1013-2017,Supplements,high
F-1013-2018,Supplements,high
F-1013-2019,Produce,high
F-1013-2020,Nuts/Seeds,high
F-1013-2021,Bakery,high
F-1013-2022,Prepared/Frozen,medium
F-1013-2023,Produce,high
F-1013-2024,Dairy,high
F-1014-2013,Produce,high
F-1014-2014,Seafood,high
F-1014-2015,Dairy,high
F-1014-2016,Supplements,high
F-1014-2017,Supplements,high
F-1014-2018,Snacks/Candy,medium
F-1014-2019,Produce,high
F-1014-2020,Bakery,high
F-1014-2021,Bakery,medium
F-1014-2022,Prepared/Frozen,medium
F-1014-2023,Produce,high
F-1014-2024,Dairy,high
F-1015-2013,Produce,medium
F-1015-2014,Bakery,medium
F-1015-2015,Dairy,high
F-1015-2016,Supplements,high
F-1015-2017,Supplements,high
F-1015-2018,Produce,medium
F-1015-2019,Dairy,medium
F-1015-2020,Snacks/Candy,high
F-1015-2021,Bakery,high
F-1015-2022,Prepared/Frozen,medium
F-1015-2023,Produce,high
F-1015-2024,Dairy,high
F-1016-2013,Produce,medium
F-1016-2014,Dairy,low
F-1016-2015,Dairy,high
F-1016-2016,Supplements,high
F-1016-2017,Supplements,high
F-1016-2018,Produce,high
F-1016-2019,Produce,medium
F-1016-2020,Snacks/Candy,high
F-1016-2021,Spices/Condiments,medium
F-1016-2022,Snacks/Candy,medium
F-1016-2023,Produce,medium
F-1016-2024,Dairy,high
F-1017-2013,Produce,medium
F-1017-2014,Prepared/Frozen,medium
F-1017-2015,Dairy,high
F-1017-2016,Supplements,high
F-1017-2017,Supplements,high
F-1017-2018,Produce,high
F-1017-2019,Produce,medium
F-1017-2020,Produce,high
F-1017-2021,Dairy,high
F-1017-2022,Prepared/Frozen,medium
F-1017-2023,Beverages,high
F-1017-2024,Dairy,high
F-1018-2013,Produce,medium
F-1018-2014,Produce,high
F-1018-2015,Dairy,high
F-1018-2016,Seafood,high
F-1018-2017,Supplements,high
F-1018-2018,Nuts/Seeds,high
F-1018-2019,Produce,medium
F-1018-2020,Beverages,high
F-1018-2021,Bakery,high
F-1018-2022,Prepared/Frozen,medium
F-1018-2023,Spices/Condiments,high
F-1018-2024,Dairy,high
F-1019-2013,Produce,high
F-1019-2014,Prepared/Frozen,high
F-1019-2015,Dairy,high
F-1019-2016,Produce,high
F-1019-2017,Supplements,high
F-1019-2019,Grains/Cereal,medium
F-1019-2020,Seafood,medium
F-1019-2021,Bakery,high
F-1019-2022,Prepared/Frozen,medium
F-1019-2023,Spices/Condiments,high
F-1019-2024,Dairy,high
F-1020-2014,Produce,high
F-1020-2015,Dairy,high
F-1020-2016,Nuts/Seeds,high
F-1020-2017,Supplements,high
F-1020-2018,Supplements,high
F-1020-2019,Prepared/Frozen,medium
F-1020-2020,Seafood,high
F-1020-2021,Supplements,high
F-1020-2022,Prepared/Frozen,medium
F-1020-2023,Spices/Condiments,high
F-1020-2024,Bakery,high
F-1021-2014,Produce,high
F-1021-2015,Dairy,high
F-1021-2016,Snacks/Candy,high
F-1021-2017,Supplements,high
F-1021-2018,Supplements,high
F-1021-2019,Prepared/Frozen,medium
F-1021-2020,Baby/Toddler Food,high
F-1021-2021,Prepared/Frozen,medium
F-1021-2022,Prepared/Frozen,medium
F-1021-2023,Beverages,high
F-1021-2024,Bakery,high
F-1022-2013,Grains/Cereal,high
F-1022-2014,Prepared/Frozen,medium
F-1022-2015,Dairy,high
F-1022-2016,Snacks/Candy,high
F-1022-2017,Supplements,high
F-1022-2018,Eggs,high
F-1022-2019,Prepared/Frozen,medium
F-1022-2021,Snacks/Candy,medium
F-1022-2022,Prepared/Frozen,medium
F-1022-2023,Dairy,high
F-1022-2024,Prepared/Frozen,medium
F-1023-2013,Bakery,medium
F-1023-2014,Prepared/Frozen,medium
F-1023-2015,Dairy,high
F-1023-2016,Snacks/Candy,high
F-1023-2017,Supplements,high
F-1023-2018,Eggs,high
F-1023-2019,Beef/Pork/Poultry/Game Meats,high
F-1023-2021,Snacks/Candy,low
F-1023-2022,Prepared/Frozen,medium
F-1023-2023,Dairy,high
F-1023-2024,Bakery,medium
F-1024-2013,Bakery,high
F-1024-2014,Prepared/Frozen,medium
F-1024-2015,Dairy,high
F-1024-2016,Spices/Condiments,high
F-1024-2017,Supplements,high
F-1024-2018,Eggs,high
F-1024-2019,Spices/Condiments,high
F-1024-2020,Bakery,medium
F-1024-2021,Snacks/Candy,low
F-1024-2022,Prepared/Frozen,medium
F-1024-2023,Dairy,high
F-1024-2024,Produce,high
F-1025-2013,Beverages,high
F-1025-2014,Prepared/Frozen,medium
F-1025-2015,Produce,medium
F-1025-2016,Produce,medium
F-1025-2017,Supplements,high
F-1025-2018,Prepared/Frozen,medium
F-1025-2019,Spices/Condiments,high
F-1025-2020,Grains/Cereal,medium
F-1025-2021,Prepared/Frozen,high
F-1025-2022,Prepared/Frozen,medium
F-1025-2023,Dairy,high
F-1025-2024,Produce,medium
F-1026-2013,Beverages,high
F-1026-2014,Produce,medium
F-1026-2015,Produce,high
F-1026-2016,Prepared/Frozen,low
F-1026-2017,Supplements,high
F-1026-2018,Prepared/Frozen,medium
F-1026-2019,Spices/Condiments,high
F-1026-2020,Prepared/Frozen,medium
F-1026-2021,Prepared/Frozen,high
F-1026-2022,Prepared/Frozen,medium
F-1026-2023,Grains/Cereal,medium
F-1026-2024,Produce,medium
F-1027-2013,Uncategorized,low
F-1027-2014,Prepared/Frozen,medium
F-1027-2015,Seafood,high
F-1027-2016,Produce,medium
F-1027-2017,Supplements,high
F-1027-2018,Prepared/Frozen,medium
F-1027-2019,Spices/Condiments,high
F-1027-2020,Prepared/Frozen,medium
F-1027-2021,Spices/Condiments,medium
F-1027-2022,Snacks/Candy,high
F-1027-2023,Grains/Cereal,high
F-1027-2024,Prepared/Frozen,medium
F-1028-2013,Spices/Condiments,high
F-1028-2014,Prepared/Frozen,high
F-1028-2015,Bakery,high
F-1028-2016,Uncategorized,low
F-1028-2017,Supplements,high
F-1028-2018,Prepared/Frozen,medium
F-1028-2019,Produce,high
F-1028-2020,Supplements,high
F-1028-2021,Uncategorized,low
F-1028-2022,Snacks/Candy,high
F-1028-2023,Grains/Cereal,high
F-1028-2024,Prepared/Frozen,high
F-1029-2013,Prepared/Frozen,medium
F-1029-2014,Spices/Condiments,medium
F-1029-2015,Plant Protein,high
F-1029-2016,Prepared/Frozen,medium
F-1029-2017,Supplements,high
F-1029-2018,Prepared/Frozen,medium
F-1029-2019,Produce,high
F-1029-2020,Bakery,medium
F-1029-2022,Spices/Condiments,medium
F-1029-2023,Grains/Cereal,medium
F-1029-2024,Prepared/Frozen,high
F-1030-2013,Prepared/Frozen,high
F-1030-2014,Prepared/Frozen,medium
F-1030-2015,Plant Protein,high
F-1030-2016,Nuts/Seeds,high
F-1030-2017,Supplements,high
F-1030-2018,Prepared/Frozen,medium
F-1030-2019,Dairy,high
F-1030-2020,Food Additives/Ingredients,high
F-1030-2022,Dairy,high
F-1030-2023,Grains/Cereal,medium
F-1030-2024,Prepared/Frozen,high
F-1031-2014,Prepared/Frozen,medium
F-1031-2015,Spices/Condiments,high
F-1031-2016,Produce,medium
F-1031-2017,Supplements,high
F-1031-2018,Prepared/Frozen,medium
F-1031-2019,Dairy,high
F-1031-2020,Seafood,high
F-1031-2023,Grains/Cereal,medium
F-1031-2024,Produce,medium
F-1032-2013,Seafood,medium
F-1032-2014,Snacks/Candy,low
F-1032-2015,Dairy,high
F-1032-2016,Produce,medium
F-1032-2017,Supplements,high
F-1032-2018,Prepared/Frozen,medium
F-1032-2019,Dairy,high
F-1032-2020,Bakery,medium
F-1032-2022,Bakery,high
F-1032-2023,Grains/Cereal,high
F-1032-2024,Food Additives/Ingredients,medium
F-1033-2013,Seafood,medium
F-1033-2014,Produce,high
F-1033-2015,Dairy,high
F-1033-2016,Produce,medium
F-1033-2017,Supplements,high
F-1033-2018,Nuts/Seeds,high
F-1033-2019,Dairy,high
F-1033-2020,Snacks/Candy,low
F-1033-2022,Bakery,high
F-1033-2023,Grains/Cereal,medium
F-1033-2024,Produce,high
F-1034-2013,Seafood,high
F-1034-2014,Spices/Condiments,high
F-1034-2015,Dairy,high
F-1034-2016,Dairy,high
F-1034-2017,Supplements,high
F-1034-2018,Nuts/Seeds,high
F-1034-2019,Dairy,high
F-1034-2020,Snacks/Candy,high
F-1034-2022,Bakery,high
F-1034-2023,Grains/Cereal,medium
F-1034-2024,Produce,high
F-1035-2013,Seafood,high
F-1035-2014,Prepared/Frozen,medium
F-1035-2015,Dairy,high
F-1035-2016,Dairy,high
F-1035-2017,Supplements,high
F-1035-2018,Nuts/Seeds,high
F-1035-2019,Dairy,high
F-1035-2020,Snacks/Candy,high
F-1035-2022,Bakery,high
F-1035-2023,Grains/Cereal,medium
F-1035-2024,Prepared/Frozen,medium
F-1036-2013,Seafood,high
F-1036-2014,Seafood,medium
F-1036-2015,Dairy,high
F-1036-2016,Dairy,high
F-1036-2017,Supplements,high
F-1036-2018,Nuts/Seeds,high
F-1036-2019,Dairy,high
F-1036-2020,Snacks/Candy,high
F-1036-2022,Bakery,high
F-1036-2023,Grains/Cereal,medium
F-1036-2024,Prepared/Frozen,medium
F-1037-2014,Seafood,medium
F-1037-2015,Dairy,high
F-1037-2016,Plant Protein,high
F-1037-2017,Supplements,high
F-1037-2018,Nuts/Seeds,high
F-1037-2019,Dairy,high
F-1037-2020,Snacks/Candy,high
F-1037-2022,Bakery,high
F-1037-2023,Grains/Cereal,medium
F-1037-2024,Prepared/Frozen,medium
F-1038-2014,Seafood,medium
F-1038-2015,Spices/Condiments,high
F-1038-2016,Plant Protein,high
F-1038-2017,Supplements,high
F-1038-2018,Nuts/Seeds,high
F-1038-2019,Dairy,high
F-1038-2020,Snacks/Candy,high
F-1038-2022,Bakery,high
F-1038-2023,Grains/Cereal,medium
F-1038-2024,Dairy,high
F-1039-2014,Seafood,medium
F-1039-2015,Spices/Condiments,high
F-1039-2016,Plant Protein,high
F-1039-2017,Supplements,high
F-1039-2018,Nuts/Seeds,high
F-1039-2019,Dairy,high
F-1039-2020,Snacks/Candy,high
F-1039-2022,Bakery,high
F-1039-2023,Grains/Cereal,medium
F-1039-2024,Dairy,high
F-1040-2014,Seafood,medium
F-1040-2015,Spices/Condiments,high
F-1040-2016,Plant Protein,high
F-1040-2017,Supplements,high
F-1040-2018,Nuts/Seeds,high
F-1040-2019,Dairy,high
F-1040-2020,Snacks/Candy,high
F-1040-2022,Bakery,high
F-1040-2023,Grains/Cereal,medium
F-1040-2024,Spices/Condiments,high
F-1041-2014,Produce,medium
F-1041-2015,Spices/Condiments,high
F-1041-2016,Supplements,medium
F-1041-2017,Supplements,high
F-1041-2018,Nuts/Seeds,high
F-1041-2019,Dairy,medium
F-1041-2020,Snacks/Candy,high
F-1041-2022,Bakery,high
F-1041-2023,Grains/Cereal,medium
F-1041-2024,Plant Protein,high
F-1042-2014,Seafood,medium
F-1042-2015,Spices/Condiments,high
F-1042-2016,Produce,high
F-1042-2017,Supplements,high
F-1042-2018,Nuts/Seeds,high
F-1042-2019,Dairy,high
F-1042-2020,Snacks/Candy,high
F-1042-2022,Bakery,high
F-1042-2023,Grains/Cereal,medium
F-1042-2024,Bakery,medium
F-1043-2014,Prepared/Frozen,high
F-1043-2015,Spices/Condiments,high
F-1043-2016,Grains/Cereal,medium
F-1043-2017,Supplements,high
F-1043-2018,Nuts/Seeds,high
F-1043-2019,Dairy,high
F-1043-2020,Produce,medium
F-1043-2022,Plant Protein,medium
F-1043-2023,Grains/Cereal,medium
F-1043-2024,Bakery,medium
F-1044-2014,Prepared/Frozen,medium
F-1044-2015,Spices/Condiments,high
F-1044-2016,Grains/Cereal,medium
F-1044-2017,Supplements,high
F-1044-2018,Nuts/Seeds,high
F-1044-2019,Dairy,high
F-1044-2020,Snacks/Candy,high
F-1044-2022,Produce,medium
F-1044-2023,Grains/Cereal,high
F-1044-2024,Bakery,high
F-1045-2014,Prepared/Frozen,medium
F-1045-2015,Dairy,high
F-1045-2016,Beverages,medium
F-1045-2017,Supplements,high
F-1045-2018,Nuts/Seeds,high
F-1045-2019,Supplements,high
F-1045-2020,Prepared/Frozen,medium
F-1045-2022,Produce,medium
F-1045-2023,Grains/Cereal,medium
F-1045-2024,Bakery,high
F-1046-2014,Seafood,low
F-1046-2015,Dairy,high
F-1046-2016,Prepared/Frozen,high
F-1046-2017,Supplements,high
F-1046-2018,Nuts/Seeds,high
F-1046-2019,Supplements,high
F-1046-2020,Spices/Condiments,medium
F-1046-2022,Produce,medium
F-1046-2023,Grains/Cereal,medium
F-1046-2024,Bakery,medium
F-1047-2013,Seafood,high
F-1047-2014,Plant Protein,high
F-1047-2015,Dairy,high
F-1047-2016,Snacks/Candy,medium
F-1047-2017,Supplements,high
F-1047-2018,Nuts/Seeds,high
F-1047-2019,Supplements,high
F-1047-2020,Spices/Condiments,high
F-1047-2022,Produce,high
F-1047-2023,Grains/Cereal,medium
F-1047-2024,Bakery,medium
F-1048-2013,Seafood,high
F-1048-2014,Produce,low
F-1048-2015,Dairy,high
F-1048-2016,Seafood,high
F-1048-2017,Supplements,high
F-1048-2018,Nuts/Seeds,high
F-1048-2019,Nuts/Seeds,high
F-1048-2020,Bakery,high
F-1048-2022,Spices/Condiments,high
F-1048-2023,Grains/Cereal,high
F-1048-2024,Bakery,medium
F-1049-2013,Seafood,high
F-1049-2014,Prepared/Frozen,medium
F-1049-2015,Dairy,high
F-1049-2016,Produce,medium
F-1049-2017,Supplements,high
F-1049-2018,Snacks/Candy,medium
F-1049-2019,Spices/Condiments,medium
F-1049-2020,Supplements,high
F-1049-2022,Spices/Condiments,high
F-1049-2023,Grains/Cereal,high
F-1049-2024,Bakery,medium
F-1050-2013,Seafood,high
F-1050-2014,Produce,medium
F-1050-2015,Dairy,high
F-1050-2016,Prepared/Frozen,medium
F-1050-2017,Supplements,high
F-1050-2018,Nuts/Seeds,medium
F-1050-2019,Seafood,high
F-1050-2020,Produce,high
F-1050-2022,Snacks/Candy,high
F-1050-2023,Grains/Cereal,medium
F-1050-2024,Bakery,medium
F-1051-2013,Spices/Condiments,high
F-1051-2014,Prepared/Frozen,medium
F-1051-2015,Dairy,high
F-1051-2016,Seafood,high
F-1051-2017,Supplements,high
F-1051-2018,Snacks/Candy,high
F-1051-2019,Produce,high
F-1051-2020,Produce,high
F-1051-2022,Beverages,high
F-1051-2023,Grains/Cereal,medium
F-1051-2024,Bakery,medium
F-1052-2013,Bakery,high
F-1052-2014,Spices/Condiments,low
F-1052-2015,Dairy,high
F-1052-2016,Plant Protein,high
F-1052-2017,Supplements,high
F-1052-2018,Nuts/Seeds,high
F-1052-2019,Produce,high
F-1052-2020,Produce,high
F-1052-2022,Beverages,high
F-1052-2023,Grains/Cereal,medium
F-1052-2024,Bakery,medium
F-1053-2013,Bakery,high
F-1053-2014,Prepared/Frozen,medium
F-1053-2015,Dairy,high
F-1053-2016,Prepared/Frozen,medium
F-1053-2017,Supplements,high
F-1053-2018,Snacks/Candy,low
F-1053-2019,Produce,high
F-1053-2020,Produce,high
F-1053-2022,Beverages,high
F-1053-2023,Grains/Cereal,high
F-1053-2024,Bakery,high
F-1054-2013,Bakery,high
F-1054-2014,Prepared/Frozen,medium
F-1054-2015,Dairy,high
F-1054-2016,Seafood,medium
F-1054-2017,Supplements,high
F-1054-2018,Nuts/Seeds,medium
F-1054-2019,Beverages,high
F-1054-2020,Produce,high
F-1054-2022,Beverages,high
F-1054-2023,Grains/Cereal,medium
F-1054-2024,Beverages,high
F-1055-2013,Spices/Condiments,high
F-1055-2014,Prepared/Frozen,medium
F-1055-2015,Dairy,high
F-1055-2016,Seafood,high
F-1055-2017,Supplements,high
F-1055-2018,Snacks/Candy,low
F-1055-2019,Grains/Cereal,medium
F-1055-2020,Produce,high
F-1055-2022,Beverages,high
F-1055-2023,Grains/Cereal,medium
F-1055-2024,Prepared/Frozen,high
F-1056-2013,Supplements,medium
F-1056-2014,Spices/Condiments,medium
F-1056-2015,Dairy,high
F-1056-2016,Seafood,medium
F-1056-2017,Supplements,high
F-1056-2018,Nuts/Seeds,medium
F-1056-2019,Dairy,high
F-1056-2020,Produce,medium
F-1056-2022,Beverages,high
F-1056-2023,Grains/Cereal,medium
F-1056-2024,Prepared/Frozen,high
F-1057-2013,Supplements,medium
F-1057-2014,Prepared/Frozen,medium
F-1057-2015,Dairy,high
F-1057-2016,Seafood,medium
F-1057-2017,Supplements,high
F-1057-2018,Nuts/Seeds,high
F-1057-2019,Bakery,medium
F-1057-2020,Produce,high
F-1057-2022,Prepared/Frozen,medium
F-1057-2023,Grains/Cereal,medium
F-1057-2024,Prepared/Frozen,medium
F-1058-2013,Spices/Condiments,high
F-1058-2014,Prepared/Frozen,medium
F-1058-2015,Dairy,high
F-1058-2016,Spices/Condiments,high
F-1058-2017,Supplements,high
F-1058-2018,Nuts/Seeds,high
F-1058-2019,Grains/Cereal,high
F-1058-2020,Produce,high
F-1058-2022,Nuts/Seeds,high
F-1058-2023,Grains/Cereal,medium
F-1058-2024,Prepared/Frozen,medium
F-1059-2013,Supplements,medium
F-1059-2015,Dairy,high
F-1059-2016,Oils/Fats,high
F-1059-2017,Supplements,high
F-1059-2018,Nuts/Seeds,medium
F-1059-2019,Grains/Cereal,medium
F-1059-2020,Produce,high
F-1059-2022,Nuts/Seeds,high
F-1059-2023,Grains/Cereal,medium
F-1059-2024,Prepared/Frozen,high
F-1060-2013,Dairy,high
F-1060-2014,Prepared/Frozen,high
F-1060-2015,Dairy,high
F-1060-2016,Oils/Fats,high
F-1060-2017,Supplements,high
F-1060-2018,Nuts/Seeds,medium
F-1060-2019,Grains/Cereal,medium
F-1060-2020,Produce,high
F-1060-2022,Produce,medium
F-1060-2023,Grains/Cereal,medium
F-1060-2024,Prepared/Frozen,high
F-1061-2013,Snacks/Candy,high
F-1061-2014,Prepared/Frozen,high
F-1061-2015,Dairy,high
F-1061-2016,Oils/Fats,high
F-1061-2017,Supplements,high
F-1061-2018,Nuts/Seeds,medium
F-1061-2019,Grains/Cereal,medium
F-1061-2020,Produce,high
F-1061-2022,Snacks/Candy,high
F-1061-2023,Grains/Cereal,medium
F-1061-2024,Bakery,medium
F-1062-2013,Prepared/Frozen,high
F-1062-2014,Prepared/Frozen,high
F-1062-2015,Beverages,high
F-1062-2016,Oils/Fats,high
F-1062-2017,Supplements,high
F-1062-2018,Nuts/Seeds,medium
F-1062-2019,Grains/Cereal,medium
F-1062-2020,Produce,high
F-1062-2022,Snacks/Candy,high
F-1062-2023,Grains/Cereal,medium
F-1062-2024,Bakery,high
F-1063-2013,Beverages,high
F-1063-2014,Dairy,low
F-1063-2015,Beverages,high
F-1063-2016,Oils/Fats,high
F-1063-2017,Supplements,high
F-1063-2018,Nuts/Seeds,medium
F-1063-2019,Grains/Cereal,medium
F-1063-2020,Produce,high
F-1063-2022,Snacks/Candy,high
F-1063-2023,Grains/Cereal,medium
F-1063-2024,Produce,medium
F-1064-2013,Beverages,high
F-1064-2014,Dairy,low
F-1064-2015,Beverages,high
F-1064-2016,Seafood,high
F-1064-2017,Supplements,high
F-1064-2018,Nuts/Seeds,high
F-1064-2019,Grains/Cereal,low
F-1064-2020,Produce,high
F-1064-2022,Snacks/Candy,high
F-1064-2023,Grains/Cereal,medium
F-1064-2024,Snacks/Candy,high
F-1065-2013,Beverages,high
F-1065-2014,Produce,medium
F-1065-2015,Beverages,high
F-1065-2016,Seafood,high
F-1065-2017,Supplements,high
F-1065-2018,Snacks/Candy,high
F-1065-2019,Grains/Cereal,medium
F-1065-2020,Produce,high
F-1065-2022,Snacks/Candy,high
F-1065-2023,Grains/Cereal,medium
F-1065-2024,Produce,medium
F-1066-2013,Beverages,high
F-1066-2014,Produce,medium
F-1066-2015,Beverages,high
F-1066-2016,Prepared/Frozen,medium
F-1066-2017,Supplements,high
F-1066-2018,Snacks/Candy,high
F-1066-2019,Snacks/Candy,low
F-1066-2020,Produce,high
F-1066-2022,Snacks/Candy,high
F-1066-2023,Grains/Cereal,medium
F-1066-2024,Bakery,high
F-1067-2013,Beverages,high
F-1067-2014,Produce,medium
F-1067-2015,Beverages,high
F-1067-2016,Seafood,high
F-1067-2017,Supplements,high
F-1067-2018,Nuts/Seeds,high
F-1067-2019,Snacks/Candy,medium
F-1067-2020,Produce,high
F-1067-2022,Produce,high
F-1067-2023,Grains/Cereal,high
F-1067-2024,Bakery,high
F-1068-2013,Snacks/Candy,medium
F-1068-2014,Prepared/Frozen,medium
F-1068-2015,Beverages,high
F-1068-2016,Seafood,high
F-1068-2017,Supplements,high
F-1068-2018,Nuts/Seeds,high
F-1068-2019,Snacks/Candy,medium
F-1068-2020,Produce,medium
F-1068-2022,Bakery,high
F-1068-2023,Grains/Cereal,medium
F-1068-2024,Prepared/Frozen,high
F-1069-2013,Snacks/Candy,medium
F-1069-2014,Spices/Condiments,low
F-1069-2015,Spices/Condiments,high
F-1069-2016,Supplements,high
F-1069-2017,Supplements,high
F-1069-2018,Nuts/Seeds,high
F-1069-2019,Snacks/Candy,medium
F-1069-2020,Produce,high
F-1069-2022,Produce,high
F-1069-2023,Grains/Cereal,medium
F-1069-2024,Spices/Condiments,high
F-1070-2012,Eggs,high
F-1070-2013,Uncategorized,low
F-1070-2014,Prepared/Frozen,high
F-1070-2015,Spices/Condiments,high
F-1070-2016,Snacks/Candy,medium
F-1070-2017,Supplements,high
F-1070-2018,Nuts/Seeds,high
F-1070-2019,Grains/Cereal,high
F-1070-2020,Produce,high
F-1070-2022,Seafood,high
F-1070-2023,Grains/Cereal,medium
F-1070-2024,Produce,high
F-1071-2012,Eggs,medium
F-1071-2013,Spices/Condiments,low
F-1071-2014,Dairy,low
F-1071-2015,Prepared/Frozen,medium
F-1071-2016,Seafood,high
F-1071-2017,Supplements,high
F-1071-2018,Snacks/Candy,medium
F-1071-2019,Grains/Cereal,medium
F-1071-2020,Produce,high
F-1071-2023,Grains/Cereal,medium
F-1071-2024,Produce,medium
F-1072-2012,Produce,medium
F-1072-2013,Baking Supplies,low
F-1072-2014,Produce,medium
F-1072-2015,Prepared/Frozen,medium
F-1072-2016,Seafood,high
F-1072-2017,Supplements,high
F-1072-2018,Nuts/Seeds,high
F-1072-2019,Grains/Cereal,high
F-1072-2020,Produce,high
F-1072-2022,Nuts/Seeds,high
F-1072-2023,Grains/Cereal,medium
F-1072-2024,Produce,high
F-1073-2012,Produce,medium
F-1073-2013,Spices/Condiments,low
F-1073-2014,Plant Protein,high
F-1073-2015,Prepared/Frozen,medium
F-1073-2016,Seafood,high
F-1073-2017,Supplements,high
F-1073-2018,Nuts/Seeds,medium
F-1073-2019,Grains/Cereal,high
F-1073-2020,Produce,high
F-1073-2022,Bakery,medium
F-1073-2023,Grains/Cereal,high
F-1073-2024,Produce,high
F-1074-2012,Produce,medium
F-1074-2013,Grains/Cereal,high
F-1074-2014,Prepared/Frozen,medium
F-1074-2015,Prepared/Frozen,medium
F-1074-2016,Spices/Condiments,high
F-1074-2017,Supplements,high
F-1074-2018,Nuts/Seeds,high
F-1074-2019,Grains/Cereal,medium
F-1074-2020,Produce,high
F-1074-2022,Dairy,high
F-1074-2023,Grains/Cereal,medium
F-1074-2024,Produce,high
F-1075-2013,Grains/Cereal,high
F-1075-2014,Produce,low
F-1075-2015,Dairy,high
F-1075-2016,Bakery,medium
F-1075-2017,Supplements,high
F-1075-2018,Nuts/Seeds,high
F-1075-2019,Produce,high
F-1075-2020,Produce,high
F-1075-2022,Spices/Condiments,high
F-1075-2023,Grains/Cereal,high
F-1075-2024,Produce,medium
F-1076-2013,Grains/Cereal,high
F-1076-2014,Produce,high
F-1076-2015,Dairy,high
F-1076-2016,Bakery,low
F-1076-2017,Supplements,high
F-1076-2018,Nuts/Seeds,high
F-1076-2019,Produce,high
F-1076-2020,Produce,high
F-1076-2022,Spices/Condiments,medium
F-1076-2023,Grains/Cereal,medium
F-1076-2024,Produce,medium
F-1077-2013,Grains/Cereal,medium
F-1077-2014,Produce,medium
F-1077-2015,Dairy,high
F-1077-2016,Spices/Condiments,medium
F-1077-2017,Supplements,high
F-1077-2018,Nuts/Seeds,medium
F-1077-2019,Produce,high
F-1077-2020,Produce,high
F-1077-2022,Spices/Condiments,high
F-1077-2023,Grains/Cereal,medium
F-1077-2024,Prepared/Frozen,high
F-1078-2013,Grains/Cereal,high
F-1078-2014,Prepared/Frozen,medium
F-1078-2015,Dairy,high
F-1078-2016,Bakery,medium
F-1078-2017,Supplements,high
F-1078-2018,Nuts/Seeds,high
F-1078-2019,Produce,high
F-1078-2020,Produce,high
F-1078-2022,Spices/Condiments,high
F-1078-2023,Grains/Cereal,medium
F-1078-2024,Prepared/Frozen,high
F-1079-2013,Grains/Cereal,high
F-1079-2014,Seafood,high
F-1079-2015,Dairy,high
F-1079-2016,Bakery,medium
F-1079-2017,Supplements,high
F-1079-2018,Nuts/Seeds,medium
F-1079-2019,Produce,high
F-1079-2020,Produce,high
F-1079-2022,Spices/Condiments,high
F-1079-2023,Grains/Cereal,medium
F-1079-2024,Prepared/Frozen,high
F-1080-2013,Grains/Cereal,high
F-1080-2014,Seafood,high
F-1080-2015,Dairy,high
F-1080-2016,Bakery,medium
F-1080-2017,Supplements,high
F-1080-2018,Nuts/Seeds,medium
F-1080-2019,Produce,high
F-1080-2020,Produce,high
F-1080-2022,Spices/Condiments,high
F-1080-2023,Grains/Cereal,medium
F-1080-2024,Prepared/Frozen,high
F-1081-2013,Grains/Cereal,high
F-1081-2014,Prepared/Frozen,medium
F-1081-2015,Dairy,high
F-1081-2016,Prepared/Frozen,medium
F-1081-2017,Supplements,high
F-1081-2018,Nuts/Seeds,high
F-1081-2019,Produce,high
F-1081-2020,Produce,high
F-1081-2022,Produce,medium
F-1081-2023,Grains/Cereal,medium
F-1081-2024,Bakery,high
F-1082-2013,Grains/Cereal,high
F-1082-2014,Prepared/Frozen,high
F-1082-2015,Dairy,high
F-1082-2016,Produce,high
F-1082-2017,Bakery,medium
F-1082-2018,Nuts/Seeds,medium
F-1082-2019,Produce,high
F-1082-2020,Produce,high
F-1082-2022,Food Additives/Ingredients,medium
F-1082-2023,Grains/Cereal,medium
F-1082-2024,Bakery,medium
F-1083-2013,Grains/Cereal,high
F-1083-2014,Dairy,low
F-1083-2015,Dairy,high
F-1083-2016,Seafood,high
F-1083-2017,Bakery,medium
F-1083-2018,Snacks/Candy,low
F-1083-2019,Produce,low
F-1083-2020,Produce,high
F-1083-2022,Bakery,high
F-1083-2023,Grains/Cereal,medium
F-1083-2024,Bakery,high
F-1084-2013,Grains/Cereal,high
F-1084-2014,Produce,high
F-1084-2015,Dairy,high
F-1084-2016,Nuts/Seeds,high
F-1084-2017,Bakery,medium
F-1084-2018,Nuts/Seeds,high
F-1084-2019,Produce,medium
F-1084-2020,Produce,high
F-1084-2022,Bakery,medium
F-1084-2023,Grains/Cereal,medium
F-1084-2024,Bakery,high
F-1085-2013,Grains/Cereal,high
F-1085-2014,Produce,high
F-1085-2015,Dairy,high
F-1085-2016,Produce,high
F-1085-2017,Bakery,high
F-1085-2018,Nuts/Seeds,high
F-1085-2019,Produce,medium
F-1085-2020,Produce,high
F-1085-2022,Dairy,high
F-1085-2023,Grains/Cereal,high
F-1085-2024,Prepared/Frozen,medium
F-1086-2013,Grains/Cereal,high
F-1086-2014,Prepared/Frozen,medium
F-1086-2015,Dairy,high
F-1086-2016,Bakery,high
F-1086-2017,Spices/Condiments,high
F-1086-2018,Nuts/Seeds,high
F-1086-2019,Produce,high
F-1086-2020,Produce,high
F-1086-2022,Prepared/Frozen,medium
F-1086-2023,Grains/Cereal,medium
F-1086-2024,Spices/Condiments,medium
F-1087-2013,Grains/Cereal,high
F-1087-2014,Produce,high
F-1087-2015,Dairy,high
F-1087-2016,Bakery,high
F-1087-2017,Spices/Condiments,high
F-1087-2018,Nuts/Seeds,high
F-1087-2019,Produce,high
F-1087-2020,Produce,high
F-1087-2022,Bakery,medium
F-1087-2023,Grains/Cereal,medium
F-1087-2024,Spices/Condiments,high
F-1088-2013,Grains/Cereal,high
F-1088-2014,Prepared/Frozen,low
F-1088-2015,Dairy,high
F-1088-2016,Bakery,high
F-1088-2017,Spices/Condiments,high
F-1088-2018,Nuts/Seeds,high
F-1088-2019,Produce,medium
F-1088-2020,Produce,high
F-1088-2022,Spices/Condiments,medium
F-1088-2023,Grains/Cereal,medium
F-1088-2024,Spices/Condiments,high
F-1089-2013,Bakery,medium
F-1089-2014,Spices/Condiments,medium
F-1089-2015,Dairy,high
F-1089-2016,Bakery,high
F-1089-2017,Spices/Condiments,high
F-1089-2018,Nuts/Seeds,high
F-1089-2019,Produce,high
F-1089-2020,Produce,high
F-1089-2022,Spices/Condiments,medium
F-1089-2023,Grains/Cereal,medium
F-1089-2024,Spices/Condiments,high
F-1090-2013,Grains/Cereal,high
F-1090-2014,Prepared/Frozen,medium
F-1090-2015,Dairy,high
F-1090-2016,Prepared/Frozen,high
F-1090-2017,Spices/Condiments,high
F-1090-2018,Nuts/Seeds,high
F-1090-2019,Produce,medium
F-1090-2020,Produce,high
F-1090-2022,Grains/Cereal,high
F-1090-2023,Grains/Cereal,medium
F-1090-2024,Prepared/Frozen,medium
F-1091-2013,Grains/Cereal,high
F-1091-2014,Spices/Condiments,high
F-1091-2015,Dairy,high
F-1091-2016,Produce,medium
F-1091-2017,Spices/Condiments,high
F-1091-2018,Nuts/Seeds,high
F-1091-2019,Produce,medium
F-1091-2020,Produce,high
F-1091-2022,Prepared/Frozen,high
F-1091-2023,Grains/Cereal,medium
F-1091-2024,Prepared/Frozen,medium
F-1092-2013,Grains/Cereal,high
F-1092-2014,Spices/Condiments,low
F-1092-2015,Dairy,high
F-1092-2016,Grains/Cereal,medium
F-1092-2017,Spices/Condiments,high
F-1092-2018,Nuts/Seeds,high
F-1092-2019,Produce,low
F-1092-2020,Produce,high
F-1092-2022,Prepared/Frozen,high
F-1092-2023,Grains/Cereal,high
F-1092-2024,Spices/Condiments,high
F-1093-2013,Grains/Cereal,high
F-1093-2014,Prepared/Frozen,high
F-1093-2015,Dairy,high
F-1093-2016,Baby/Toddler Food,high
F-1093-2017,Spices/Condiments,high
F-1093-2018,Nuts/Seeds,high
F-1093-2019,Produce,high
F-1093-2020,Produce,high
F-1093-2022,Prepared/Frozen,high
F-1093-2023,Grains/Cereal,medium
F-1093-2024,Spices/Condiments,high
F-1094-2013,Grains/Cereal,high
F-1094-2014,Grains/Cereal,medium
F-1094-2015,Dairy,high
F-1094-2016,Baby/Toddler Food,high
F-1094-2017,Spices/Condiments,high
F-1094-2018,Nuts/Seeds,high
F-1094-2019,Produce,high
F-1094-2020,Produce,high
F-1094-2022,Prepared/Frozen,high
F-1094-2023,Grains/Cereal,medium
F-1094-2024,Beverages,medium
F-1095-2013,Grains/Cereal,high
F-1095-2014,Prepared/Frozen,medium
F-1095-2015,Dairy,high
F-1095-2016,Supplements,high
F-1095-2017,Spices/Condiments,high
F-1095-2018,Nuts/Seeds,high
F-1095-2019,Plant Protein,medium
F-1095-2020,Produce,high
F-1095-2022,Prepared/Frozen,high
F-1095-2023,Grains/Cereal,medium
F-1095-2024,Beverages,high
F-1096-2013,Grains/Cereal,high
F-1096-2014,Prepared/Frozen,high
F-1096-2015,Dairy,high
F-1096-2016,Produce,medium
F-1096-2017,Spices/Condiments,high
F-1096-2018,Nuts/Seeds,high
F-1096-2019,Plant Protein,medium
F-1096-2020,Produce,high
F-1096-2022,Prepared/Frozen,high
F-1096-2023,Grains/Cereal,medium
F-1096-2024,Snacks/Candy,low
F-1097-2013,Grains/Cereal,high
F-1097-2014,Prepared/Frozen,medium
F-1097-2015,Dairy,high
F-1097-2016,Produce,medium
F-1097-2017,Spices/Condiments,high
F-1097-2018,Nuts/Seeds,high
F-1097-2019,Supplements,high
F-1097-2020,Produce,high
F-1097-2022,Prepared/Frozen,high
F-1097-2023,Grains/Cereal,medium
F-1097-2024,Supplements,high
F-1098-2013,Grains/Cereal,high
F-1098-2014,Produce,low
F-1098-2015,Dairy,high
F-1098-2016,Produce,medium
F-1098-2017,Spices/Condiments,high
F-1098-2018,Nuts/Seeds,high
F-1098-2019,Bakery,high
F-1098-2020,Produce,high
F-1098-2022,Prepared/Frozen,high
F-1098-2023,Grains/Cereal,medium
F-1098-2024,Beverages,high
F-1099-2013,Grains/Cereal,high
F-1099-2014,Prepared/Frozen,high
F-1099-2015,Dairy,high
F-1099-2016,Dairy,high
F-1099-2017,Spices/Condiments,high
F-1099-2018,Plant Protein,low
F-1099-2019,Baby/Toddler Food,medium
F-1099-2020,Produce,high
F-1099-2022,Prepared/Frozen,high
F-1099-2023,Grains/Cereal,medium
F-1099-2024,Nuts/Seeds,high
F-1100-2013,Grains/Cereal,high
F-1100-2014,Supplements,high
F-1100-2015,Dairy,high
F-1100-2017,Spices/Condiments,high
F-1100-2018,Spices/Condiments,high
F-1100-2019,Snacks/Candy,medium
F-1100-2020,Produce,high
F-1100-2022,Prepared/Frozen,medium
F-1100-2023,Grains/Cereal,high
F-1100-2024,Bakery,high
F-1101-2013,Food Additives/Ingredients,low
F-1101-2014,Dairy,high
F-1101-2015,Dairy,high
F-1101-2016,Prepared/Frozen,medium
F-1101-2017,Spices/Condiments,high
F-1101-2018,Spices/Condiments,high
F-1101-2019,Supplements,high
F-1101-2020,Produce,high
F-1101-2022,Supplements,low
F-1101-2023,Grains/Cereal,medium
F-1101-2024,Bakery,high
F-1102-2013,Grains/Cereal,high
F-1102-2014,Dairy,high
F-1102-2015,Dairy,high
F-1102-2016,Prepared/Frozen,medium
F-1102-2017,Spices/Condiments,high
F-1102-2018,Spices/Condiments,high
F-1102-2019,Beverages,high
F-1102-2020,Produce,high
F-1102-2022,Bakery,medium
F-1102-2023,Grains/Cereal,medium
F-1102-2024,Bakery,high
F-1103-2013,Grains/Cereal,high
F-1103-2014,Dairy,high
F-1103-2015,Dairy,high
F-1103-2016,Bakery,medium
F-1103-2017,Spices/Condiments,high
F-1103-2018,Spices/Condiments,high
F-1103-2019,Seafood,high
F-1103-2020,Produce,high
F-1103-2022,Beverages,high
F-1103-2023,Grains/Cereal,medium
F-1103-2024,Bakery,high
F-1104-2013,Grains/Cereal,high
F-1104-2014,Prepared/Frozen,high
F-1104-2015,Dairy,high
F-1104-2016,Produce,medium
F-1104-2017,Spices/Condiments,medium
F-1104-2018,Spices/Condiments,high
F-1104-2019,Prepared/Frozen,medium
F-1104-2020,Produce,high
F-1104-2022,Beverages,high
F-1104-2023,Grains/Cereal,medium
F-1104-2024,Bakery,high
F-1105-2013,Grains/Cereal,high
F-1105-2014,Supplements,high
F-1105-2015,Dairy,high
F-1105-2016,Produce,medium
F-1105-2017,Spices/Condiments,medium
F-1105-2018,Spices/Condiments,high
F-1105-2019,Produce,medium
F-1105-2020,Produce,high
F-1105-2022,Beverages,high
F-1105-2023,Grains/Cereal,medium
F-1105-2024,Bakery,high
F-1106-2013,Grains/Cereal,medium
F-1106-2014,Grains/Cereal,high
F-1106-2015,Dairy,high
F-1106-2016,Produce,medium
F-1106-2017,Spices/Condiments,medium
F-1106-2018,Produce,medium
F-1106-2019,Prepared/Frozen,medium
F-1106-2020,Produce,high
F-1106-2022,Beverages,high
F-1106-2023,Grains/Cereal,medium
F-1106-2024,Bakery,high
F-1107-2013,Grains/Cereal,high
F-1107-2014,Grains/Cereal,high
F-1107-2015,Dairy,high
F-1107-2016,Produce,medium
F-1107-2017,Spices/Condiments,high
F-1107-2018,Bakery,medium
F-1107-2019,Prepared/Frozen,medium
F-1107-2020,Produce,high
F-1107-2022,Nuts/Seeds,high
F-1107-2023,Grains/Cereal,medium
F-1107-2024,Nuts/Seeds,high
F-1108-2013,Grains/Cereal,high
F-1108-2014,Grains/Cereal,high
F-1108-2015,Dairy,high
F-1108-2016,Produce,medium
F-1108-2017,Spices/Condiments,high
F-1108-2018,Snacks/Candy,low
F-1108-2019,Prepared/Frozen,high
F-1108-2020,Produce,high
F-1108-2022,Nuts/Seeds,high
F-1108-2023,Grains/Cereal,medium
F-1108-2024,Grains/Cereal,high
F-1109-2013,Grains/Cereal,high
F-1109-2014,Grains/Cereal,high
F-1109-2015,Dairy,high
F-1109-2016,Produce,medium
F-1109-2017,Spices/Condiments,high
F-1109-2018,Beverages,high
F-1109-2019,Prepared/Frozen,high
F-1109-2020,Produce,high
F-1109-2022,Nuts/Seeds,high
F-1109-2023,Grains/Cereal,medium
F-1109-2024,Supplements,high
F-1110-2013,Grains/Cereal,high
F-1110-2014,Beverages,high
F-1110-2015,Dairy,high
F-1110-2016,Produce,medium
F-1110-2017,Plant Protein,high
F-1110-2018,Prepared/Frozen,medium
F-1110-2019,Prepared/Frozen,high
F-1110-2020,Produce,high
F-1110-2022,Nuts/Seeds,high
F-1110-2023,Grains/Cereal,medium
F-1110-2024,Dairy,high
F-1111-2013,Grains/Cereal,high
F-1111-2014,Bakery,high
F-1111-2015,Dairy,high
F-1111-2016,Produce,medium
F-1111-2017,Plant Protein,high
F-1111-2018,Snacks/Candy,medium
F-1111-2019,Prepared/Frozen,high
F-1111-2020,Produce,high
F-1111-2022,Nuts/Seeds,high
F-1111-2023,Grains/Cereal,medium
F-1111-2024,Beverages,high
F-1112-2013,Grains/Cereal,high
F-1112-2014,Supplements,high
F-1112-2015,Dairy,medium
F-1112-2016,Produce,medium
F-1112-2017,Plant Protein,high
F-1112-2018,Snacks/Candy,medium
F-1112-2019,Prepared/Frozen,high
F-1112-2020,Produce,medium
F-1112-2022,Nuts/Seeds,high
F-1112-2023,Grains/Cereal,medium
F-1112-2024,Beverages,high
F-1113-2013,Grains/Cereal,high
F-1113-2014,Beverages,medium
F-1113-2015,Dairy,high
F-1113-2016,Produce,medium
F-1113-2017,Plant Protein,high
F-1113-2018,Snacks/Candy,medium
F-1113-2019,Seafood,medium
F-1113-2020,Produce,high
F-1113-2022,Nuts/Seeds,medium
F-1113-2023,Grains/Cereal,high
F-1113-2024,Beverages,high
F-1114-2013,Grains/Cereal,high
F-1114-2014,Beverages,medium
F-1114-2015,Dairy,high
F-1114-2016,Produce,medium
F-1114-2017,Plant Protein,low
F-1114-2018,Beverages,high
F-1114-2019,Produce,medium
F-1114-2020,Produce,high
F-1114-2022,Nuts/Seeds,high
F-1114-2023,Spices/Condiments,medium
F-1114-2024,Produce,medium
F-1115-2013,Grains/Cereal,high
F-1115-2014,Bakery,high
F-1115-2015,Dairy,high
F-1115-2016,Produce,medium
F-1115-2017,Plant Protein,high
F-1115-2018,Produce,medium
F-1115-2019,Prepared/Frozen,high
F-1115-2020,Produce,high
F-1115-2022,Nuts/Seeds,high
F-1115-2023,Spices/Condiments,high
F-1115-2024,Spices/Condiments,high
F-1116-2013,Grains/Cereal,high
F-1116-2014,Bakery,high
F-1116-2015,Dairy,high
F-1116-2016,Produce,medium
F-1116-2017,Plant Protein,high
F-1116-2018,Dairy,high
F-1116-2019,Prepared/Frozen,high
F-1116-2020,Produce,high
F-1116-2022,Nuts/Seeds,high
F-1116-2023,Spices/Condiments,medium
F-1116-2024,Grains/Cereal,medium
F-1117-2013,Grains/Cereal,high
F-1117-2014,Bakery,high
F-1117-2015,Dairy,high
F-1117-2016,Produce,medium
F-1117-2017,Plant Protein,high
F-1117-2018,Produce,high
F-1117-2019,Eggs,low
F-1117-2020,Produce,high
F-1117-2022,Nuts/Seeds,high
F-1117-2023,Beef/Pork/Poultry/Game Meats,low
F-1117-2024,Beverages,high
F-1118-2013,Grains/Cereal,high
F-1118-2014,Bakery,high
F-1118-2015,Dairy,high
F-1118-2016,Produce,medium
F-1118-2017,Plant Protein,high
F-1118-2018,Bakery,high
F-1118-2019,Prepared/Frozen,medium
F-1118-2020,Produce,high
F-1118-2022,Nuts/Seeds,high
F-1118-2023,Spices/Condiments,medium
F-1118-2024,Snacks/Candy,high
F-1119-2013,Grains/Cereal,high
F-1119-2014,Bakery,medium
F-1119-2015,Dairy,high
F-1119-2016,Baby/Toddler Food,low
F-1119-2017,Plant Protein,high
F-1119-2018,Supplements,high
F-1119-2019,Prepared/Frozen,high
F-1119-2020,Produce,high
F-1119-2022,Nuts/Seeds,high
F-1119-2023,Spices/Condiments,medium
F-1119-2024,Snacks/Candy,high
F-1120-2013,Grains/Cereal,high
F-1120-2014,Bakery,high
F-1120-2015,Dairy,high
F-1120-2016,Produce,medium
F-1120-2017,Plant Protein,medium
F-1120-2018,Supplements,high
F-1120-2019,Produce,low
F-1120-2020,Produce,high
F-1120-2022,Nuts/Seeds,high
F-1120-2023,Spices/Condiments,medium
F-1120-2024,Beverages,high
F-1121-2013,Grains/Cereal,high
F-1121-2014,Bakery,medium
F-1121-2015,Dairy,high
F-1121-2016,Spices/Condiments,high
F-1121-2017,Plant Protein,high
F-1121-2018,Supplements,high
F-1121-2019,Produce,medium
F-1121-2020,Produce,high
F-1121-2022,Nuts/Seeds,high
F-1121-2023,Spices/Condiments,medium
F-1121-2024,Spices/Condiments,medium
F-1122-2013,Grains/Cereal,high
F-1122-2014,Prepared/Frozen,medium
F-1122-2015,Dairy,high
F-1122-2016,Bakery,high
F-1122-2017,Plant Protein,medium
F-1122-2019,Produce,medium
F-1122-2020,Produce,high
F-1122-2022,Nuts/Seeds,high
F-1122-2023,Spices/Condiments,high
F-1122-2024,Spices/Condiments,high
F-1123-2013,Grains/Cereal,high
F-1123-2014,Snacks/Candy,medium
F-1123-2015,Dairy,high
F-1123-2016,Seafood,high
F-1123-2017,Plant Protein,high
F-1123-2018,Dairy,high
F-1123-2019,Produce,medium
F-1123-2020,Produce,high
F-1123-2022,Nuts/Seeds,high
F-1123-2023,Spices/Condiments,medium
F-1124-2013,Grains/Cereal,high
F-1124-2014,Snacks/Candy,medium
F-1124-2015,Dairy,high
F-1124-2016,Seafood,high
F-1124-2017,Plant Protein,high
F-1124-2018,Supplements,high
F-1124-2019,Prepared/Frozen,high
F-1124-2020,Produce,high
F-1124-2022,Nuts/Seeds,high
F-1124-2023,Spices/Condiments,medium
F-1124-2024,Plant Protein,high
F-1125-2013,Grains/Cereal,high
F-1125-2014,Snacks/Candy,medium
F-1125-2015,Dairy,high
F-1125-2016,Beverages,high
F-1125-2017,Spices/Condiments,high
F-1125-2018,Supplements,high
F-1125-2019,Prepared/Frozen,medium
F-1125-2020,Produce,high
F-1125-2022,Nuts/Seeds,high
F-1125-2023,Spices/Condiments,high
F-1125-2024,Supplements,high
F-1126-2013,Supplements,high
F-1126-2014,Snacks/Candy,high
F-1126-2015,Dairy,high
F-1126-2016,Nuts/Seeds,high
F-1126-2017,Plant Protein,high
F-1126-2018,Seafood,high
F-1126-2019,Prepared/Frozen,high
F-1126-2020,Produce,high
F-1126-2022,Nuts/Seeds,high
F-1126-2023,Spices/Condiments,medium
F-1126-2024,Spices/Condiments,high
F-1127-2013,Supplements,low
F-1127-2014,Nuts/Seeds,medium
F-1127-2015,Dairy,high
F-1127-2016,Nuts/Seeds,high
F-1127-2017,Plant Protein,high
F-1127-2018,Seafood,high
F-1127-2019,Produce,medium
F-1127-2020,Produce,high
F-1127-2022,Nuts/Seeds,high
F-1127-2023,Beef/Pork/Poultry/Game Meats,low
F-1127-2024,Produce,high
F-1128-2014,Snacks/Candy,medium
F-1128-2015,Dairy,high
F-1128-2016,Prepared/Frozen,low
F-1128-2017,Plant Protein,high
F-1128-2018,Produce,medium
F-1128-2019,Prepared/Frozen,medium
F-1128-2020,Produce,high
F-1128-2022,Nuts/Seeds,high
F-1128-2023,Spices/Condiments,medium
F-1128-2024,Nuts/Seeds,high
F-1129-2014,Snacks/Candy,high
F-1129-2015,Dairy,high
F-1129-2016,Supplements,high
F-1129-2017,Plant Protein,high
F-1129-2018,Bakery,low
F-1129-2019,Prepared/Frozen,medium
F-1129-2020,Produce,high
F-1129-2022,Nuts/Seeds,high
F-1129-2023,Beef/Pork/Poultry/Game Meats,medium
F-1129-2024,Nuts/Seeds,high
F-1130-2013,Plant Protein,high
F-1130-2014,Snacks/Candy,high
F-1130-2015,Dairy,high
F-1130-2016,Supplements,high
F-1130-2017,Dairy,medium
F-1130-2018,Bakery,low
F-1130-2019,Prepared/Frozen,medium
F-1130-2020,Produce,high
F-1130-2022,Nuts/Seeds,high
F-1130-2023,Beef/Pork/Poultry/Game Meats,low
F-1130-2024,Prepared/Frozen,medium
F-1131-2013,Plant Protein,high
F-1131-2014,Prepared/Frozen,medium
F-1131-2015,Dairy,high
F-1131-2016,Supplements,high
F-1131-2017,Dairy,high
F-1131-2018,Bakery,medium
F-1131-2019,Produce,high
F-1131-2020,Produce,high
F-1131-2022,Prepared/Frozen,medium
F-1131-2023,Spices/Condiments,high
F-1131-2024,Produce,high
F-1132-2013,Plant Protein,high
F-1132-2014,Supplements,high
F-1132-2015,Dairy,high
F-1132-2016,Supplements,high
F-1132-2017,Dairy,high
F-1132-2018,Prepared/Frozen,low
F-1132-2019,Prepared/Frozen,medium
F-1132-2020,Produce,high
F-1132-2022,Beverages,high
F-1132-2023,Spices/Condiments,high
F-1132-2024,Prepared/Frozen,medium
F-1133-2013,Plant Protein,high
F-1133-2014,Supplements,high
F-1133-2015,Dairy,high
F-1133-2016,Supplements,high
F-1133-2017,Dairy,high
F-1133-2018,Bakery,medium
F-1133-2019,Prepared/Frozen,medium
F-1133-2020,Produce,high
F-1133-2022,Produce,low
F-1133-2023,Beef/Pork/Poultry/Game Meats,low
F-1133-2024,Prepared/Frozen,medium
F-1134-2013,Grains/Cereal,high
F-1134-2014,Supplements,high
F-1134-2015,Dairy,high
F-1134-2016,Supplements,high
F-1134-2017,Dairy,high
F-1134-2018,Supplements,high
F-1134-2019,Prepared/Frozen,high
F-1134-2020,Produce,high
F-1134-2022,Prepared/Frozen,low
F-1134-2023,Spices/Condiments,medium
F-1134-2024,Bakery,high
F-1135-2013,Snacks/Candy,medium
F-1135-2014,Supplements,high
F-1135-2015,Dairy,high
F-1135-2016,Supplements,high
F-1135-2017,Dairy,high
F-1135-2018,Spices/Condiments,medium
F-1135-2019,Grains/Cereal,medium
F-1135-2020,Produce,high
F-1135-2022,Snacks/Candy,low
F-1135-2023,Spices/Condiments,high
F-1135-2024,Bakery,high
F-1136-2013,Snacks/Candy,medium
F-1136-2014,Supplements,high
F-1136-2015,Dairy,high
F-1136-2016,Supplements,high
F-1136-2017,Dairy,high
F-1136-2018,Dairy,high
F-1136-2019,Plant Protein,high
F-1136-2020,Produce,high
F-1136-2022,Snacks/Candy,medium
F-1136-2023,Spices/Condiments,medium
F-1136-2024,Bakery,medium
F-1137-2013,Snacks/Candy,high
F-1137-2014,Supplements,high
F-1137-2015,Dairy,high
F-1137-2016,Supplements,medium
F-1137-2017,Dairy,high
F-1137-2018,Beverages,medium
F-1137-2019,Bakery,high
F-1137-2020,Produce,high
F-1137-2022,Snacks/Candy,high
F-1137-2023,Spices/Condiments,medium
F-1137-2024,Prepared/Frozen,high
F-1138-2013,Snacks/Candy,high
F-1138-2014,Prepared/Frozen,medium
F-1138-2015,Dairy,high
F-1138-2016,Supplements,medium
F-1138-2017,Dairy,high
F-1138-2018,Beverages,medium
F-1138-2019,Spices/Condiments,medium
F-1138-2020,Produce,high
F-1138-2022,Snacks/Candy,high
F-1138-2023,Spices/Condiments,medium
F-1138-2024,Prepared/Frozen,high
F-1139-2013,Grains/Cereal,high
F-1139-2015,Dairy,high
F-1139-2016,Supplements,high
F-1139-2017,Dairy,high
F-1139-2018,Prepared/Frozen,high
F-1139-2019,Bakery,high
F-1139-2020,Produce,high
F-1139-2022,Snacks/Candy,medium
F-1139-2023,Spices/Condiments,medium
F-1139-2024,Prepared/Frozen,high
F-1140-2013,Produce,high
F-1140-2014,Plant Protein,medium
F-1140-2015,Dairy,high
F-1140-2016,Supplements,high
F-1140-2017,Dairy,high
F-1140-2018,Snacks/Candy,high
F-1140-2019,Prepared/Frozen,high
F-1140-2020,Produce,high
F-1140-2022,Snacks/Candy,high
F-1140-2023,Spices/Condiments,medium
F-1140-2024,Prepared/Frozen,medium
F-1141-2013,Grains/Cereal,high
F-1141-2014,Plant Protein,medium
F-1141-2015,Dairy,high
F-1141-2016,Supplements,high
F-1141-2017,Dairy,high
F-1141-2018,Bakery,high
F-1141-2019,Seafood,high
F-1141-2020,Produce,high
F-1141-2022,Snacks/Candy,medium
F-1141-2023,Beef/Pork/Poultry/Game Meats,high
F-1141-2024,Bakery,high
F-1142-2013,Grains/Cereal,high
F-1142-2014,Plant Protein,medium
F-1142-2015,Dairy,high
F-1142-2016,Supplements,high
F-1142-2017,Dairy,high
F-1142-2018,Beverages,medium
F-1142-2019,Beverages,high
F-1142-2020,Nuts/Seeds,high
F-1142-2022,Snacks/Candy,medium
F-1142-2023,Spices/Condiments,medium
F-1142-2024,Prepared/Frozen,medium
F-1143-2013,Grains/Cereal,high
F-1143-2014,Plant Protein,low
F-1143-2015,Dairy,medium
F-1143-2016,Supplements,high
F-1143-2017,Prepared/Frozen,high
F-1143-2018,Beverages,medium
F-1143-2019,Bakery,medium
F-1143-2020,Supplements,high
F-1143-2022,Snacks/Candy,high
F-1143-2023,Spices/Condiments,high
F-1143-2024,Bakery,high
F-1144-2013,Grains/Cereal,high
F-1144-2014,Plant Protein,medium
F-1144-2015,Dairy,high
F-1144-2016,Supplements,high
F-1144-2017,Seafood,high
F-1144-2018,Grains/Cereal,medium
F-1144-2020,Snacks/Candy,high
F-1144-2022,Snacks/Candy,medium
F-1144-2023,Spices/Condiments,medium
F-1144-2024,Prepared/Frozen,medium
F-1145-2013,Bakery,high
F-1145-2014,Plant Protein,medium
F-1145-2015,Dairy,high
F-1145-2016,Supplements,high
F-1145-2017,Seafood,high
F-1145-2018,Dairy,high
F-1145-2019,Spices/Condiments,high
F-1145-2020,Bakery,high
F-1145-2022,Snacks/Candy,medium
F-1145-2023,Spices/Condiments,high
F-1145-2024,Bakery,high
F-1146-2013,Bakery,high
F-1146-2014,Plant Protein,medium
F-1146-2015,Dairy,high
F-1146-2016,Supplements,high
F-1146-2017,Seafood,high
F-1146-2018,Bakery,high
F-1146-2019,Supplements,high
F-1146-2020,Plant Protein,high
F-1146-2022,Snacks/Candy,medium
F-1146-2023,Spices/Condiments,medium
F-1146-2024,Prepared/Frozen,medium
F-1147-2013,Bakery,high
F-1147-2014,Plant Protein,medium
F-1147-2015,Dairy,high
F-1147-2016,Supplements,high
F-1147-2017,Seafood,high
F-1147-2018,Supplements,low
F-1147-2019,Supplements,high
F-1147-2020,Supplements,high
F-1147-2022,Snacks/Candy,high
F-1147-2023,Uncategorized,low
F-1147-2024,Supplements,high
F-1148-2013,Bakery,high
F-1148-2014,Produce,medium
F-1148-2015,Dairy,high
F-1148-2016,Supplements,high
F-1148-2017,Seafood,high
F-1148-2018,Supplements,low
F-1148-2019,Snacks/Candy,high
F-1148-2020,Supplements,high
F-1148-2022,Snacks/Candy,medium
F-1148-2023,Spices/Condiments,high
F-1148-2024,Bakery,high
F-1149-2013,Bakery,high
F-1149-2014,Produce,high
F-1149-2015,Dairy,high
F-1149-2016,Supplements,high
F-1149-2017,Seafood,high
F-1149-2018,Supplements,low
F-1149-2020,Supplements,medium
F-1149-2022,Snacks/Candy,medium
F-1149-2023,Spices/Condiments,medium
F-1149-2024,Spices/Condiments,high
F-1150-2013,Bakery,high
F-1150-2014,Produce,medium
F-1150-2015,Dairy,high
F-1150-2016,Supplements,high
F-1150-2017,Seafood,high
F-1150-2018,Supplements,low
F-1150-2020,Food Additives/Ingredients,medium
F-1150-2022,Snacks/Candy,medium
F-1150-2023,Spices/Condiments,high
F-1150-2024,Bakery,high
F-1151-2013,Bakery,high
F-1151-2014,Prepared/Frozen,medium
F-1151-2015,Dairy,high
F-1151-2016,Supplements,medium
F-1151-2017,Seafood,high
F-1151-2018,Supplements,low
F-1151-2022,Prepared/Frozen,medium
F-1151-2023,Spices/Condiments,high
F-1151-2024,Bakery,high
F-1152-2013,Bakery,high
F-1152-2014,Prepared/Frozen,low
F-1152-2015,Dairy,high
F-1152-2016,Plant Protein,low
F-1152-2017,Seafood,high
F-1152-2018,Supplements,low
F-1152-2019,Baking Supplies,medium
F-1152-2020,Produce,high
F-1152-2022,Prepared/Frozen,medium
F-1152-2023,Spices/Condiments,high
F-1152-2024,Bakery,high
F-1153-2013,Bakery,high
F-1153-2014,Prepared/Frozen,low
F-1153-2015,Prepared/Frozen,medium
F-1153-2016,Supplements,medium
F-1153-2017,Seafood,high
F-1153-2018,Supplements,medium
F-1153-2019,Food Additives/Ingredients,low
F-1153-2020,Snacks/Candy,high
F-1153-2022,Plant Protein,high
F-1153-2023,Spices/Condiments,medium
F-1153-2024,Food Additives/Ingredients,low
F-1154-2013,Bakery,high
F-1154-2014,Prepared/Frozen,low
F-1154-2015,Prepared/Frozen,medium
F-1154-2016,Supplements,high
F-1154-2017,Seafood,high
F-1154-2018,Supplements,low
F-1154-2019,Seafood,high
F-1154-2020,Bakery,high
F-1154-2022,Supplements,high
F-1154-2023,Spices/Condiments,medium
F-1154-2024,Spices/Condiments,high
F-1155-2013,Bakery,high
F-1155-2014,Prepared/Frozen,low
F-1155-2015,Prepared/Frozen,medium
F-1155-2016,Supplements,high
F-1155-2017,Seafood,high
F-1155-2018,Supplements,low
F-1155-2019,Produce,low
F-1155-2020,Bakery,high
F-1155-2022,Produce,high
F-1155-2023,Spices/Condiments,high
F-1155-2024,Bakery,high
F-1156-2013,Bakery,high
F-1156-2014,Produce,low
F-1156-2015,Prepared/Frozen,medium
F-1156-2016,Supplements,high
F-1156-2017,Seafood,high
F-1156-2018,Supplements,low
F-1156-2019,Grains/Cereal,high
F-1156-2020,Beverages,high
F-1156-2022,Produce,high
F-1156-2023,Beef/Pork/Poultry/Game Meats,low
F-1157-2013,Bakery,high
F-1157-2014,Prepared/Frozen,low
F-1157-2015,Dairy,high
F-1157-2016,Supplements,high
F-1157-2017,Seafood,high
F-1157-2018,Supplements,low
F-1157-2019,Produce,high
F-1157-2020,Beverages,high
F-1157-2022,Produce,high
F-1157-2023,Spices/Condiments,medium
F-1158-2013,Bakery,high
F-1158-2014,Prepared/Frozen,low
F-1158-2015,Dairy,high
F-1158-2016,Supplements,medium
F-1158-2017,Seafood,high
F-1158-2018,Supplements,low
F-1158-2019,Dairy,high
F-1158-2020,Seafood,high
F-1158-2022,Produce,high
F-1158-2023,Spices/Condiments,medium
F-1158-2024,Supplements,high
F-1159-2013,Bakery,high
F-1159-2014,Produce,low
F-1159-2015,Dairy,high
F-1159-2016,Supplements,high
F-1159-2017,Seafood,high
F-1159-2018,Supplements,low
F-1159-2019,Prepared/Frozen,high
F-1159-2020,Seafood,high
F-1159-2022,Produce,high
F-1159-2023,Spices/Condiments,medium
F-1159-2024,Nuts/Seeds,medium
F-1160-2013,Bakery,high
F-1160-2014,Spices/Condiments,medium
F-1160-2015,Dairy,high
F-1160-2016,Supplements,medium
F-1160-2017,Seafood,high
F-1160-2018,Supplements,low
F-1160-2019,Food Additives/Ingredients,medium
F-1160-2020,Prepared/Frozen,high
F-1160-2022,Produce,high
F-1160-2023,Spices/Condiments,high
F-1160-2024,Supplements,high
F-1161-2013,Bakery,high
F-1161-2014,Spices/Condiments,medium
F-1161-2015,Dairy,high
F-1161-2016,Supplements,medium
F-1161-2017,Grains/Cereal,high
F-1161-2018,Supplements,low
F-1161-2019,Beef/Pork/Poultry/Game Meats,medium
F-1161-2020,Prepared/Frozen,medium
F-1161-2022,Produce,high
F-1161-2023,Spices/Condiments,high
F-1161-2024,Supplements,high
F-1162-2013,Bakery,high
F-1162-2014,Spices/Condiments,medium
F-1162-2015,Dairy,high
F-1162-2016,Supplements,high
F-1162-2017,Produce,medium
F-1162-2018,Supplements,low
F-1162-2019,Prepared/Frozen,medium
F-1162-2020,Prepared/Frozen,high
F-1162-2022,Produce,high
F-1162-2023,Spices/Condiments,high
F-1162-2024,Supplements,medium
F-1163-2013,Bakery,high
F-1163-2014,Dairy,medium
F-1163-2015,Dairy,high
F-1163-2016,Supplements,high
F-1163-2017,Produce,medium
F-1163-2018,Supplements,low
F-1163-2019,Prepared/Frozen,high
F-1163-2020,Seafood,high
F-1163-2022,Produce,high
F-1163-2023,Spices/Condiments,medium
F-1163-2024,Supplements,medium
F-1164-2013,Bakery,high
F-1164-2014,Spices/Condiments,medium
F-1164-2015,Dairy,high
F-1164-2016,Supplements,high
F-1164-2017,Prepared/Frozen,medium
F-1164-2018,Supplements,low
F-1164-2019,Prepared/Frozen,high
F-1164-2020,Seafood,high
F-1164-2022,Produce,high
F-1164-2023,Spices/Condiments,medium
F-1164-2024,Supplements,medium
F-1165-2013,Bakery,high
F-1165-2014,Spices/Condiments,medium
F-1165-2015,Dairy,high
F-1165-2016,Supplements,medium
F-1165-2017,Plant Protein,low
F-1165-2018,Supplements,low
F-1165-2019,Snacks/Candy,medium
F-1165-2020,Dairy,high
F-1165-2022,Produce,high
F-1165-2023,Spices/Condiments,medium
F-1165-2024,Supplements,medium
F-1166-2013,Dairy,medium
F-1166-2014,Spices/Condiments,medium
F-1166-2015,Dairy,high
F-1166-2016,Supplements,high
F-1166-2017,Produce,high
F-1166-2018,Supplements,low
F-1166-2020,Snacks/Candy,high
F-1166-2022,Produce,high
F-1166-2023,Spices/Condiments,medium
F-1166-2024,Supplements,medium
F-1167-2013,Bakery,medium
F-1167-2014,Spices/Condiments,high
F-1167-2015,Dairy,high
F-1167-2016,Supplements,medium
F-1167-2017,Dairy,low
F-1167-2018,Supplements,low
F-1167-2019,Grains/Cereal,high
F-1167-2020,Spices/Condiments,medium
F-1167-2022,Produce,high
F-1167-2023,Spices/Condiments,medium
F-1167-2024,Supplements,medium
F-1168-2013,Bakery,high
F-1168-2014,Dairy,medium
F-1168-2015,Dairy,high
F-1168-2016,Supplements,medium
F-1168-2017,Bakery,medium
F-1168-2018,Supplements,low
F-1168-2019,Grains/Cereal,high
F-1168-2020,Snacks/Candy,high
F-1168-2022,Produce,high
F-1168-2023,Spices/Condiments,medium
F-1168-2024,Supplements,medium
F-1169-2013,Bakery,high
F-1169-2014,Spices/Condiments,medium
F-1169-2015,Dairy,high
F-1169-2016,Supplements,medium
F-1169-2017,Prepared/Frozen,high
F-1169-2018,Supplements,low
F-1169-2019,Grains/Cereal,high
F-1169-2022,Produce,high
F-1169-2023,Spices/Condiments,medium
F-1169-2024,Supplements,medium
F-1170-2013,Bakery,high
F-1170-2014,Spices/Condiments,medium
F-1170-2015,Dairy,high
F-1170-2016,Supplements,medium
F-1170-2017,Prepared/Frozen,medium
F-1170-2018,Supplements,low
F-1170-2019,Produce,high
F-1170-2022,Produce,high
F-1170-2023,Spices/Condiments,medium
F-1170-2024,Supplements,medium
F-1171-2013,Bakery,high
F-1171-2014,Produce,medium
F-1171-2015,Prepared/Frozen,medium
F-1171-2016,Supplements,high
F-1171-2017,Prepared/Frozen,high
F-1171-2018,Supplements,low
F-1171-2019,Supplements,high
F-1171-2022,Produce,high
F-1171-2023,Spices/Condiments,high
F-1171-2024,Supplements,medium
F-1172-2013,Bakery,high
F-1172-2014,Beef/Pork/Poultry/Game Meats,medium
F-1172-2015,Dairy,high
F-1172-2016,Supplements,high
F-1172-2017,Prepared/Frozen,high
F-1172-2018,Supplements,high
F-1172-2019,Dairy,high
F-1172-2022,Produce,high
F-1172-2023,Spices/Condiments,medium
F-1172-2024,Supplements,medium
F-1173-2013,Bakery,high
F-1173-2014,Spices/Condiments,medium
F-1173-2015,Dairy,high
F-1173-2016,Supplements,high
F-1173-2017,Prepared/Frozen,high
F-1173-2018,Plant Protein,high
F-1173-2019,Dairy,high
F-1173-2022,Produce,high
F-1173-2023,Spices/Condiments,medium
F-1173-2024,Snacks/Candy,medium
F-1174-2013,Bakery,high
F-1174-2014,Produce,high
F-1174-2015,Dairy,high
F-1174-2016,Supplements,medium
F-1174-2017,Prepared/Frozen,high
F-1174-2018,Supplements,high
F-1174-2019,Seafood,high
F-1174-2022,Produce,high
F-1174-2023,Spices/Condiments,medium
F-1174-2024,Snacks/Candy,medium
F-1175-2013,Bakery,high
F-1175-2014,Spices/Condiments,high
F-1175-2015,Prepared/Frozen,medium
F-1175-2016,Supplements,high
F-1175-2017,Prepared/Frozen,high
F-1175-2018,Supplements,high
F-1175-2019,Nuts/Seeds,medium
F-1175-2022,Produce,high
F-1175-2023,Spices/Condiments,medium
F-1175-2024,Non-Food Item,high
F-1176-2013,Bakery,high
F-1176-2014,Prepared/Frozen,low
F-1176-2015,Prepared/Frozen,medium
F-1176-2016,Supplements,high
F-1176-2017,Prepared/Frozen,high
F-1176-2018,Supplements,high
F-1176-2019,Snacks/Candy,medium
F-1176-2022,Snacks/Candy,high
F-1176-2023,Spices/Condiments,medium
F-1176-2024,Prepared/Frozen,medium
F-1177-2013,Bakery,high
F-1177-2014,Produce,medium
F-1177-2015,Prepared/Frozen,medium
F-1177-2016,Supplements,high
F-1177-2017,Prepared/Frozen,high
F-1177-2018,Supplements,high
F-1177-2019,Bakery,high
F-1177-2022,Snacks/Candy,high
F-1177-2023,Spices/Condiments,medium
F-1177-2024,Prepared/Frozen,high
F-1178-2013,Bakery,high
F-1178-2014,Beef/Pork/Poultry/Game Meats,medium
F-1178-2015,Prepared/Frozen,high
F-1178-2016,Supplements,medium
F-1178-2017,Prepared/Frozen,medium
F-1178-2018,Supplements,high
F-1178-2019,Bakery,high
F-1178-2022,Snacks/Candy,high
F-1178-2023,Spices/Condiments,medium
F-1178-2024,Dairy,high
F-1179-2013,Bakery,high
F-1179-2014,Seafood,medium
F-1179-2015,Prepared/Frozen,medium
F-1179-2016,Supplements,high
F-1179-2017,Beverages,high
F-1179-2018,Spices/Condiments,medium
F-1179-2019,Bakery,high
F-1179-2022,Snacks/Candy,high
F-1179-2023,Spices/Condiments,high
F-1180-2013,Bakery,high
F-1180-2014,Beef/Pork/Poultry/Game Meats,medium
F-1180-2015,Prepared/Frozen,medium
F-1180-2016,Supplements,high
F-1180-2017,Spices/Condiments,high
F-1180-2018,Prepared/Frozen,medium
F-1180-2019,Bakery,medium
F-1180-2022,Snacks/Candy,high
F-1180-2023,Spices/Condiments,high
F-1181-2013,Bakery,high
F-1181-2014,Spices/Condiments,medium
F-1181-2015,Prepared/Frozen,medium
F-1181-2016,Supplements,medium
F-1181-2017,Snacks/Candy,medium
F-1181-2018,Prepared/Frozen,medium
F-1181-2019,Prepared/Frozen,medium
F-1181-2022,Snacks/Candy,high
F-1181-2023,Spices/Condiments,medium
F-1182-2013,Bakery,high
F-1182-2014,Prepared/Frozen,medium
F-1182-2015,Prepared/Frozen,medium
F-1182-2016,Supplements,high
F-1182-2017,Prepared/Frozen,medium
F-1182-2018,Prepared/Frozen,medium
F-1182-2019,Snacks/Candy,medium
F-1182-2022,Snacks/Candy,high
F-1182-2023,Spices/Condiments,medium
F-1183-2013,Bakery,high
F-1183-2014,Prepared/Frozen,medium
F-1183-2015,Prepared/Frozen,medium
F-1183-2016,Supplements,high
F-1183-2017,Food Additives/Ingredients,medium
F-1183-2018,Plant Protein,low
F-1183-2019,Plant Protein,high
F-1183-2022,Snacks/Candy,high
F-1183-2023,Spices/Condiments,high
F-1184-2013,Bakery,high
F-1184-2014,Prepared/Frozen,low
F-1184-2015,Dairy,high
F-1184-2016,Supplements,high
F-1184-2017,Food Additives/Ingredients,medium
F-1184-2018,Prepared/Frozen,high
F-1184-2019,Spices/Condiments,high
F-1184-2022,Snacks/Candy,high
F-1184-2023,Spices/Condiments,medium
F-1185-2013,Bakery,high
F-1185-2014,Prepared/Frozen,high
F-1185-2015,Dairy,high
F-1185-2016,Supplements,medium
F-1185-2017,Food Additives/Ingredients,medium
F-1185-2018,Prepared/Frozen,medium
F-1185-2019,Snacks/Candy,high
F-1185-2022,Snacks/Candy,high
F-1185-2023,Spices/Condiments,medium
F-1186-2013,Bakery,high
F-1186-2014,Seafood,high
F-1186-2015,Dairy,high
F-1186-2016,Supplements,high
F-1186-2017,Food Additives/Ingredients,medium
F-1186-2018,Produce,medium
F-1186-2019,Supplements,high
F-1186-2022,Snacks/Candy,high
F-1186-2023,Spices/Condiments,low
F-1187-2013,Bakery,high
F-1187-2014,Prepared/Frozen,medium
F-1187-2015,Dairy,high
F-1187-2016,Supplements,high
F-1187-2017,Food Additives/Ingredients,medium
F-1187-2018,Produce,high
F-1187-2019,Snacks/Candy,high
F-1187-2022,Snacks/Candy,high
F-1187-2023,Spices/Condiments,high
F-1188-2013,Bakery,high
F-1188-2014,Prepared/Frozen,high
F-1188-2015,Dairy,high
F-1188-2016,Supplements,medium
F-1188-2017,Snacks/Candy,high
F-1188-2018,Produce,medium
F-1188-2019,Spices/Condiments,high
F-1188-2022,Snacks/Candy,high
F-1188-2023,Spices/Condiments,medium
F-1189-2013,Grains/Cereal,medium
F-1189-2014,Spices/Condiments,medium
F-1189-2015,Dairy,high
F-1189-2016,Supplements,high
F-1189-2017,Dairy,high
F-1189-2018,Prepared/Frozen,medium
F-1189-2019,Spices/Condiments,high
F-1189-2022,Snacks/Candy,high
F-1189-2023,Spices/Condiments,medium
F-1190-2013,Grains/Cereal,high
F-1190-2014,Prepared/Frozen,low
F-1190-2015,Dairy,high
F-1190-2016,Supplements,medium
F-1190-2017,Dairy,high
F-1190-2018,Produce,high
F-1190-2019,Spices/Condiments,high
F-1190-2022,Snacks/Candy,high
F-1190-2023,Spices/Condiments,high
F-1191-2013,Grains/Cereal,medium
F-1191-2014,Plant Protein,high
F-1191-2015,Dairy,high
F-1191-2016,Supplements,high
F-1191-2017,Spices/Condiments,medium
F-1191-2018,Produce,medium
F-1191-2019,Produce,medium
F-1191-2022,Snacks/Candy,high
F-1191-2023,Spices/Condiments,medium
F-1192-2013,Grains/Cereal,high
F-1192-2014,Prepared/Frozen,medium
F-1192-2015,Dairy,high
F-1192-2016,Supplements,high
F-1192-2017,Spices/Condiments,high
F-1192-2018,Produce,medium
F-1192-2019,Nuts/Seeds,medium
F-1192-2022,Snacks/Candy,high
F-1192-2023,Spices/Condiments,medium
F-1193-2013,Dairy,high
F-1193-2014,Prepared/Frozen,high
F-1193-2015,Dairy,high
F-1193-2016,Supplements,high
F-1193-2017,Spices/Condiments,high
F-1193-2018,Dairy,medium
F-1193-2019,Snacks/Candy,high
F-1193-2022,Snacks/Candy,high
F-1193-2023,Spices/Condiments,high
F-1194-2013,Nuts/Seeds,high
F-1194-2014,Prepared/Frozen,high
F-1194-2015,Bakery,high
F-1194-2016,Supplements,high
F-1194-2017,Spices/Condiments,low
F-1194-2018,Dairy,medium
F-1194-2019,Snacks/Candy,high
F-1194-2022,Snacks/Candy,high
F-1194-2023,Spices/Condiments,medium
F-1195-2013,Grains/Cereal,high
F-1195-2014,Prepared/Frozen,high
F-1195-2015,Nuts/Seeds,high
F-1195-2016,Supplements,high
F-1195-2017,Spices/Condiments,high
F-1195-2018,Dairy,high
F-1195-2019,Snacks/Candy,high
F-1195-2022,Snacks/Candy,high
F-1195-2023,Spices/Condiments,medium
F-1196-2013,Grains/Cereal,high
F-1196-2014,Prepared/Frozen,high
F-1196-2015,Nuts/Seeds,high
F-1196-2016,Supplements,high
F-1196-2017,Spices/Condiments,high
F-1196-2018,Dairy,medium
F-1196-2019,Snacks/Candy,high
F-1196-2022,Snacks/Candy,high
F-1196-2023,Spices/Condiments,medium
F-1197-2013,Snacks/Candy,medium
F-1197-2014,Prepared/Frozen,high
F-1197-2015,Bakery,high
F-1197-2016,Supplements,medium
F-1197-2017,Spices/Condiments,high
F-1197-2018,Dairy,high
F-1197-2019,Snacks/Candy,high
F-1197-2022,Snacks/Candy,high
F-1197-2023,Spices/Condiments,medium
F-1198-2013,Nuts/Seeds,low
F-1198-2014,Prepared/Frozen,high
F-1198-2015,Spices/Condiments,high
F-1198-2016,Supplements,medium
F-1198-2017,Spices/Condiments,medium
F-1198-2018,Seafood,medium
F-1198-2019,Uncategorized,high
F-1198-2022,Snacks/Candy,medium
F-1198-2023,Spices/Condiments,medium
F-1199-2013,Plant Protein,high
F-1199-2014,Prepared/Frozen,high
F-1199-2015,Spices/Condiments,medium
F-1199-2016,Supplements,high
F-1199-2017,Spices/Condiments,high
F-1199-2018,Seafood,high
F-1199-2019,Snacks/Candy,high
F-1199-2022,Snacks/Candy,medium
F-1199-2023,Spices/Condiments,high
F-1200-2013,Plant Protein,high
F-1200-2014,Prepared/Frozen,high
F-1200-2015,Spices/Condiments,medium
F-1200-2016,Supplements,medium
F-1200-2017,Spices/Condiments,medium
F-1200-2018,Prepared/Frozen,medium
F-1200-2019,Snacks/Candy,high
F-1200-2022,Snacks/Candy,medium
F-1200-2023,Spices/Condiments,medium
F-1201-2013,Grains/Cereal,high
F-1201-2014,Prepared/Frozen,medium
F-1201-2015,Spices/Condiments,high
F-1201-2016,Supplements,high
F-1201-2017,Spices/Condiments,low
F-1201-2018,Dairy,high
F-1201-2019,Uncategorized,high
F-1201-2022,Snacks/Candy,medium
F-1201-2023,Grains/Cereal,medium
F-1202-2013,Grains/Cereal,high
F-1202-2014,Seafood,medium
F-1202-2015,Supplements,high
F-1202-2016,Supplements,medium
F-1202-2017,Spices/Condiments,high
F-1202-2018,Dairy,high
F-1202-2019,Snacks/Candy,medium
F-1202-2022,Snacks/Candy,medium
F-1202-2023,Uncategorized,low
F-1203-2013,Grains/Cereal,high
F-1203-2014,Seafood,medium
F-1203-2015,Spices/Condiments,high
F-1203-2016,Supplements,high
F-1203-2017,Spices/Condiments,medium
F-1203-2018,Prepared/Frozen,medium
F-1203-2019,Uncategorized,low
F-1203-2022,Snacks/Candy,high
F-1203-2023,Spices/Condiments,high
F-1203-2024,Beverages,high
F-1204-2013,Grains/Cereal,high
F-1204-2014,Seafood,high
F-1204-2015,Spices/Condiments,high
F-1204-2016,Supplements,high
F-1204-2017,Uncategorized,low
F-1204-2018,Seafood,high
F-1204-2019,Snacks/Candy,medium
F-1204-2022,Snacks/Candy,medium
F-1204-2023,Spices/Condiments,medium
F-1204-2024,Bakery,high
F-1205-2013,Bakery,low
F-1205-2014,Seafood,medium
F-1205-2015,Spices/Condiments,high
F-1205-2016,Supplements,high
F-1205-2017,Dairy,medium
F-1205-2018,Prepared/Frozen,medium
F-1205-2019,Snacks/Candy,medium
F-1205-2022,Snacks/Candy,medium
F-1205-2023,Spices/Condiments,high
F-1205-2024,Prepared/Frozen,high
F-1206-2013,Grains/Cereal,medium
F-1206-2014,Eggs,high
F-1206-2015,Produce,medium
F-1206-2016,Supplements,high
F-1206-2017,Spices/Condiments,medium
F-1206-2018,Prepared/Frozen,medium
F-1206-2019,Snacks/Candy,high
F-1206-2022,Snacks/Candy,medium
F-1206-2023,Spices/Condiments,high
F-1206-2024,Beverages,low
F-1207-2013,Grains/Cereal,medium
F-1207-2014,Seafood,high
F-1207-2015,Uncategorized,low
F-1207-2016,Supplements,high
F-1207-2017,Uncategorized,low
F-1207-2018,Produce,medium
F-1207-2022,Snacks/Candy,medium
F-1207-2023,Spices/Condiments,medium
F-1207-2024,Beverages,medium
F-1208-2014,Seafood,high
F-1208-2015,Produce,high
F-1208-2016,Oils/Fats,medium
F-1208-2017,Spices/Condiments,medium
F-1208-2018,Dairy,high
F-1208-2022,Snacks/Candy,medium
F-1208-2023,Spices/Condiments,high
F-1208-2024,Beverages,low
F-1209-2013,Snacks/Candy,medium
F-1209-2014,Seafood,low
F-1209-2015,Produce,medium
F-1209-2016,Supplements,medium
F-1209-2017,Uncategorized,low
F-1209-2018,Dairy,medium
F-1209-2022,Snacks/Candy,medium
F-1209-2023,Spices/Condiments,medium
F-1209-2024,Bakery,high
F-1210-2013,Bakery,high
F-1210-2014,Dairy,low
F-1210-2015,Prepared/Frozen,low
F-1210-2016,Supplements,medium
F-1210-2017,Spices/Condiments,low
F-1210-2018,Produce,high
F-1210-2019,Grains/Cereal,high
F-1210-2022,Snacks/Candy,high
F-1210-2023,Spices/Condiments,high
F-1211-2013,Bakery,high
F-1211-2014,Seafood,medium
F-1211-2015,Produce,high
F-1211-2016,Supplements,high
F-1211-2017,Spices/Condiments,high
F-1211-2018,Prepared/Frozen,medium
F-1211-2019,Seafood,high
F-1211-2022,Snacks/Candy,high
F-1211-2023,Spices/Condiments,high
F-1211-2024,Spices/Condiments,high
F-1212-2013,Bakery,high
F-1212-2014,Seafood,high
F-1212-2015,Bakery,high
F-1212-2016,Supplements,high
F-1212-2017,Spices/Condiments,low
F-1212-2018,Dairy,high
F-1212-2019,Spices/Condiments,medium
F-1212-2022,Snacks/Candy,high
F-1212-2023,Spices/Condiments,high
F-1212-2024,Grains/Cereal,high
F-1213-2013,Bakery,high
F-1213-2014,Eggs,high
F-1213-2015,Bakery,high
F-1213-2016,Supplements,high
F-1213-2017,Spices/Condiments,low
F-1213-2018,Prepared/Frozen,high
F-1213-2019,Spices/Condiments,high
F-1213-2022,Snacks/Candy,high
F-1213-2023,Spices/Condiments,medium
F-1213-2024,Snacks/Candy,low
F-1214-2013,Bakery,high
F-1214-2014,Seafood,medium
F-1214-2015,Produce,medium
F-1214-2016,Supplements,high
F-1214-2017,Dairy,medium
F-1214-2018,Dairy,high
F-1214-2019,Spices/Condiments,medium
F-1214-2022,Snacks/Candy,medium
F-1214-2023,Spices/Condiments,medium
F-1214-2024,Snacks/Candy,medium
F-1215-2013,Bakery,high
F-1215-2014,Seafood,high
F-1215-2015,Snacks/Candy,medium
F-1215-2016,Supplements,high
F-1215-2017,Dairy,medium
F-1215-2018,Dairy,medium
F-1215-2019,Spices/Condiments,high
F-1215-2022,Snacks/Candy,medium
F-1215-2023,Spices/Condiments,high
F-1215-2024,Snacks/Candy,medium
F-1216-2013,Bakery,high
F-1216-2014,Seafood,high
F-1216-2015,Snacks/Candy,medium
F-1216-2016,Supplements,medium
F-1216-2017,Spices/Condiments,low
F-1216-2018,Produce,medium
F-1216-2019,Spices/Condiments,high
F-1216-2022,Snacks/Candy,medium
F-1216-2023,Spices/Condiments,medium
F-1216-2024,Snacks/Candy,low
F-1217-2013,Bakery,high
F-1217-2014,Seafood,high
F-1217-2015,Produce,medium
F-1217-2016,Supplements,high
F-1217-2017,Bakery,medium
F-1217-2018,Prepared/Frozen,medium
F-1217-2019,Spices/Condiments,medium
F-1217-2022,Snacks/Candy,high
F-1217-2023,Spices/Condiments,medium
F-1217-2024,Bakery,low
F-1218-2013,Bakery,high
F-1218-2014,Seafood,high
F-1218-2015,Snacks/Candy,medium
F-1218-2016,Supplements,medium
F-1218-2017,Bakery,high
F-1218-2018,Prepared/Frozen,medium
F-1218-2019,Spices/Condiments,medium
F-1218-2022,Snacks/Candy,high
F-1218-2023,Spices/Condiments,medium
F-1218-2024,Bakery,medium
F-1219-2013,Bakery,high
F-1219-2014,Spices/Condiments,medium
F-1219-2015,Snacks/Candy,medium
F-1219-2016,Supplements,medium
F-1219-2017,Bakery,medium
F-1219-2018,Dairy,high
F-1219-2019,Spices/Condiments,high
F-1219-2022,Snacks/Candy,medium
F-1219-2023,Spices/Condiments,medium
F-1219-2024,Bakery,medium
F-1220-2013,Bakery,high
F-1220-2015,Snacks/Candy,medium
F-1220-2016,Supplements,medium
F-1220-2017,Snacks/Candy,medium
F-1220-2018,Prepared/Frozen,high
F-1220-2019,Spices/Condiments,high
F-1220-2022,Snacks/Candy,high
F-1220-2023,Spices/Condiments,medium
F-1220-2024,Beverages,high
F-1221-2013,Bakery,high
F-1221-2014,Spices/Condiments,high
F-1221-2015,Snacks/Candy,medium
F-1221-2016,Supplements,high
F-1221-2017,Snacks/Candy,medium
F-1221-2018,Dairy,medium
F-1221-2019,Spices/Condiments,high
F-1221-2022,Snacks/Candy,medium
F-1221-2023,Spices/Condiments,medium
F-1221-2024,Spices/Condiments,high
F-1222-2013,Bakery,high
F-1222-2014,Spices/Condiments,high
F-1222-2015,Snacks/Candy,high
F-1222-2016,Supplements,high
F-1222-2017,Bakery,medium
F-1222-2018,Dairy,medium
F-1222-2019,Spices/Condiments,high
F-1222-2022,Snacks/Candy,medium
F-1222-2023,Food Additives/Ingredients,high
F-1222-2024,Supplements,high
F-1223-2013,Supplements,high
F-1223-2014,Spices/Condiments,high
F-1223-2015,Snacks/Candy,high
F-1223-2016,Supplements,high
F-1223-2017,Bakery,high
F-1223-2018,Dairy,low
F-1223-2022,Snacks/Candy,medium
F-1223-2023,Food Additives/Ingredients,high
F-1223-2024,Plant Protein,high
F-1224-2013,Supplements,high
F-1224-2014,Produce,medium
F-1224-2015,Snacks/Candy,high
F-1224-2016,Supplements,high
F-1224-2017,Bakery,high
F-1224-2018,Plant Protein,high
F-1224-2019,Produce,high
F-1224-2022,Snacks/Candy,high
F-1224-2023,Supplements,medium
F-1224-2024,Bakery,medium
F-1225-2013,Supplements,high
F-1225-2014,Spices/Condiments,high
F-1225-2015,Spices/Condiments,low
F-1225-2016,Supplements,high
F-1225-2017,Bakery,high
F-1225-2018,Dairy,high
F-1225-2019,Produce,high
F-1225-2022,Snacks/Candy,high
F-1225-2023,Prepared/Frozen,low
F-1225-2024,Spices/Condiments,high
F-1226-2013,Seafood,high
F-1226-2014,Prepared/Frozen,low
F-1226-2015,Dairy,high
F-1226-2016,Supplements,medium
F-1226-2017,Produce,high
F-1226-2018,Produce,high
F-1226-2019,Produce,medium
F-1226-2022,Snacks/Candy,medium
F-1226-2023,Prepared/Frozen,medium
F-1226-2024,Spices/Condiments,high
F-1227-2013,Dairy,medium
F-1227-2014,Plant Protein,medium
F-1227-2015,Prepared/Frozen,high
F-1227-2016,Supplements,medium
F-1227-2017,Prepared/Frozen,low
F-1227-2018,Dairy,medium
F-1227-2019,Produce,medium
F-1227-2022,Snacks/Candy,medium
F-1227-2023,Snacks/Candy,medium
F-1227-2024,Spices/Condiments,high
F-1228-2013,Prepared/Frozen,medium
F-1228-2014,Plant Protein,medium
F-1228-2015,Dairy,high
F-1228-2016,Supplements,high
F-1228-2017,Prepared/Frozen,low
F-1228-2018,Dairy,high
F-1228-2019,Produce,high
F-1228-2022,Snacks/Candy,high
F-1228-2023,Dairy,high
F-1228-2024,Dairy,high
F-1229-2013,Supplements,medium
F-1229-2014,Prepared/Frozen,medium
F-1229-2015,Prepared/Frozen,high
F-1229-2016,Supplements,medium
F-1229-2017,Dairy,high
F-1229-2018,Dairy,high
F-1229-2019,Produce,high
F-1229-2022,Snacks/Candy,high
F-1229-2023,Grains/Cereal,high
F-1229-2024,Dairy,high
F-1230-2013,Supplements,high
F-1230-2014,Produce,medium
F-1230-2015,Dairy,medium
F-1230-2016,Supplements,medium
F-1230-2017,Prepared/Frozen,low
F-1230-2018,Prepared/Frozen,medium
F-1230-2019,Dairy,high
F-1230-2022,Snacks/Candy,medium
F-1230-2023,Grains/Cereal,high
F-1230-2024,Dairy,medium
F-1231-2013,Supplements,medium
F-1231-2014,Spices/Condiments,low
F-1231-2015,Dairy,high
F-1231-2016,Supplements,medium
F-1231-2017,Bakery,low
F-1231-2018,Seafood,high
F-1231-2019,Supplements,high
F-1231-2022,Snacks/Candy,medium
F-1231-2023,Produce,low
F-1231-2024,Dairy,medium
F-1232-2013,Spices/Condiments,high
F-1232-2014,Plant Protein,high
F-1232-2015,Prepared/Frozen,high
F-1232-2016,Supplements,high
F-1232-2017,Spices/Condiments,medium
F-1232-2018,Produce,medium
F-1232-2019,Nuts/Seeds,high
F-1232-2022,Snacks/Candy,low
F-1232-2023,Produce,high
F-1232-2024,Dairy,medium
F-1233-2013,Spices/Condiments,medium
F-1233-2014,Plant Protein,medium
F-1233-2015,Dairy,high
F-1233-2016,Supplements,high
F-1233-2017,Spices/Condiments,high
F-1233-2018,Dairy,high
F-1233-2019,Produce,high
F-1233-2022,Snacks/Candy,high
F-1233-2023,Produce,high
F-1233-2024,Dairy,medium
F-1234-2013,Food Additives/Ingredients,medium
F-1234-2014,Plant Protein,high
F-1234-2015,Dairy,high
F-1234-2016,Supplements,medium
F-1234-2017,Grains/Cereal,low
F-1234-2018,Dairy,high
F-1234-2019,Nuts/Seeds,medium
F-1234-2022,Snacks/Candy,medium
F-1234-2023,Produce,high
F-1234-2024,Dairy,medium
F-1235-2013,Food Additives/Ingredients,medium
F-1235-2014,Plant Protein,high
F-1235-2015,Dairy,high
F-1235-2016,Supplements,high
F-1235-2017,Prepared/Frozen,medium
F-1235-2018,Plant Protein,medium
F-1235-2019,Snacks/Candy,high
F-1235-2022,Snacks/Candy,high
F-1235-2023,Produce,high
F-1235-2024,Dairy,medium
F-1236-2013,Beef/Pork/Poultry/Game Meats,high
F-1236-2014,Plant Protein,medium
F-1236-2015,Dairy,high
F-1236-2016,Supplements,medium
F-1236-2017,Bakery,high
F-1236-2018,Dairy,medium
F-1236-2022,Snacks/Candy,high
F-1236-2023,Produce,high
F-1236-2024,Dairy,high
F-1237-2013,Beef/Pork/Poultry/Game Meats,low
F-1237-2014,Plant Protein,high
F-1237-2015,Dairy,high
F-1237-2016,Supplements,medium
F-1237-2017,Produce,medium
F-1237-2018,Dairy,high
F-1237-2022,Snacks/Candy,high
F-1237-2023,Beverages,high
F-1237-2024,Beverages,medium
F-1238-2013,Spices/Condiments,medium
F-1238-2014,Produce,medium
F-1238-2015,Dairy,high
F-1238-2016,Nuts/Seeds,high
F-1238-2017,Nuts/Seeds,medium
F-1238-2018,Dairy,medium
F-1238-2019,Bakery,high
F-1238-2022,Snacks/Candy,high
F-1238-2023,Seafood,medium
F-1238-2024,Prepared/Frozen,medium
F-1239-2013,Bakery,high
F-1239-2014,Plant Protein,medium
F-1239-2015,Dairy,high
F-1239-2016,Nuts/Seeds,high
F-1239-2017,Prepared/Frozen,low
F-1239-2018,Dairy,high
F-1239-2019,Bakery,medium
F-1239-2020,Supplements,high
F-1239-2022,Snacks/Candy,high
F-1239-2023,Seafood,medium
F-1239-2024,Snacks/Candy,high
F-1240-2013,Dairy,high
F-1240-2014,Plant Protein,medium
F-1240-2015,Dairy,high
F-1240-2016,Nuts/Seeds,low
F-1240-2017,Seafood,high
F-1240-2018,Beverages,low
F-1240-2019,Bakery,high
F-1240-2022,Snacks/Candy,high
F-1240-2023,Seafood,high
F-1240-2024,Produce,medium
F-1241-2013,Dairy,high
F-1241-2014,Spices/Condiments,medium
F-1241-2015,Prepared/Frozen,high
F-1241-2016,Nuts/Seeds,high
F-1241-2017,Seafood,high
F-1241-2018,Produce,high
F-1241-2019,Grains/Cereal,high
F-1241-2022,Snacks/Candy,high
F-1241-2023,Snacks/Candy,high
F-1241-2024,Dairy,high
F-1242-2013,Dairy,high
F-1242-2014,Spices/Condiments,medium
F-1242-2015,Dairy,high
F-1242-2016,Nuts/Seeds,high
F-1242-2017,Snacks/Candy,high
F-1242-2018,Prepared/Frozen,medium
F-1242-2019,Grains/Cereal,medium
F-1242-2022,Snacks/Candy,high
F-1242-2023,Snacks/Candy,high
F-1242-2024,Produce,medium
F-1243-2014,Spices/Condiments,high
F-1243-2015,Prepared/Frozen,high
F-1243-2016,Nuts/Seeds,medium
F-1243-2017,Prepared/Frozen,medium
F-1243-2018,Prepared/Frozen,medium
F-1243-2019,Grains/Cereal,medium
F-1243-2022,Snacks/Candy,high
F-1243-2023,Snacks/Candy,high
F-1243-2024,Produce,high
F-1244-2014,Spices/Condiments,high
F-1244-2015,Dairy,high
F-1244-2016,Nuts/Seeds,high
F-1244-2017,Bakery,high
F-1244-2018,Dairy,medium
F-1244-2019,Grains/Cereal,medium
F-1244-2022,Snacks/Candy,high
F-1244-2023,Snacks/Candy,high
F-1244-2024,Snacks/Candy,high
F-1245-2013,Spices/Condiments,high
F-1245-2014,Spices/Condiments,high
F-1245-2015,Dairy,high
F-1245-2016,Produce,high
F-1245-2017,Snacks/Candy,high
F-1245-2018,Dairy,high
F-1245-2019,Grains/Cereal,high
F-1245-2022,Snacks/Candy,high
F-1245-2023,Beverages,high
F-1245-2024,Snacks/Candy,high
F-1246-2013,Spices/Condiments,high
F-1246-2014,Prepared/Frozen,high
F-1246-2015,Prepared/Frozen,high
F-1246-2016,Snacks/Candy,high
F-1246-2017,Bakery,high
F-1246-2018,Plant Protein,medium
F-1246-2019,Grains/Cereal,high
F-1246-2022,Snacks/Candy,high
F-1246-2023,Supplements,medium
F-1246-2024,Produce,high
F-1247-2013,Spices/Condiments,high
F-1247-2014,Eggs,high
F-1247-2015,Dairy,high
F-1247-2016,Bakery,high
F-1247-2017,Bakery,high
F-1247-2018,Dairy,high
F-1247-2019,Grains/Cereal,medium
F-1247-2022,Snacks/Candy,high
F-1247-2023,Supplements,medium
F-1247-2024,Baby/Toddler Food,high
F-1248-2013,Spices/Condiments,high
F-1248-2014,Seafood,low
F-1248-2015,Dairy,high
F-1248-2016,Bakery,medium
F-1248-2017,Bakery,high
F-1248-2018,Seafood,high
F-1248-2019,Grains/Cereal,medium
F-1248-2022,Snacks/Candy,high
F-1248-2023,Dairy,high
F-1248-2024,Baby/Toddler Food,high
F-1249-2013,Bakery,high
F-1249-2014,Produce,medium
F-1249-2015,Dairy,high
F-1249-2016,Produce,high
F-1249-2017,Bakery,high
F-1249-2018,Prepared/Frozen,high
F-1249-2019,Grains/Cereal,high
F-1249-2022,Snacks/Candy,high
F-1249-2023,Spices/Condiments,high
F-1249-2024,Dairy,high
F-1250-2013,Bakery,medium
F-1250-2014,Spices/Condiments,high
F-1250-2015,Dairy,high
F-1250-2016,Supplements,low
F-1250-2017,Bakery,high
F-1250-2018,Dairy,medium
F-1250-2019,Grains/Cereal,high
F-1250-2022,Snacks/Candy,high
F-1250-2023,Snacks/Candy,high
F-1250-2024,Bakery,high
F-1251-2014,Seafood,high
F-1251-2015,Dairy,high
F-1251-2017,Bakery,high
F-1251-2018,Bakery,high
F-1251-2019,Grains/Cereal,medium
F-1251-2022,Snacks/Candy,high
F-1251-2023,Spices/Condiments,high
F-1251-2024,Seafood,high
F-1252-2013,Grains/Cereal,medium
F-1252-2014,Grains/Cereal,high
F-1252-2015,Dairy,high
F-1252-2016,Produce,high
F-1252-2017,Bakery,medium
F-1252-2018,Produce,high
F-1252-2019,Grains/Cereal,medium
F-1252-2022,Snacks/Candy,high
F-1252-2023,Baking Supplies,low
F-1252-2024,Seafood,high
F-1253-2013,Seafood,high
F-1253-2014,Grains/Cereal,high
F-1253-2015,Prepared/Frozen,high
F-1253-2016,Spices/Condiments,high
F-1253-2017,Bakery,high
F-1253-2018,Produce,high
F-1253-2019,Grains/Cereal,high
F-1253-2020,Nuts/Seeds,medium
F-1253-2022,Snacks/Candy,medium
F-1253-2023,Beverages,high
F-1253-2024,Seafood,high
F-1254-2013,Seafood,high
F-1254-2014,Grains/Cereal,high
F-1254-2015,Dairy,high
F-1254-2016,Prepared/Frozen,high
F-1254-2017,Bakery,high
F-1254-2018,Prepared/Frozen,low
F-1254-2019,Grains/Cereal,medium
F-1254-2020,Grains/Cereal,high
F-1254-2022,Snacks/Candy,medium
F-1254-2023,Produce,high
F-1254-2024,Seafood,high
F-1255-2013,Seafood,high
F-1255-2014,Grains/Cereal,high
F-1255-2015,Dairy,high
F-1255-2016,Prepared/Frozen,high
F-1255-2017,Bakery,high
F-1255-2018,Prepared/Frozen,medium
F-1255-2019,Grains/Cereal,medium
F-1255-2020,Produce,high
F-1255-2022,Uncategorized,low
F-1255-2023,Produce,high
F-1255-2024,Seafood,medium
F-1256-2013,Seafood,high
F-1256-2014,Supplements,high
F-1256-2015,Dairy,high
F-1256-2016,Prepared/Frozen,high
F-1256-2017,Bakery,low
F-1256-2018,Dairy,medium
F-1256-2019,Grains/Cereal,medium
F-1256-2020,Produce,high
F-1256-2022,Spices/Condiments,low
F-1256-2023,Produce,high
F-1256-2024,Seafood,medium
F-1257-2013,Seafood,high
F-1257-2014,Supplements,high
F-1257-2015,Dairy,high
F-1257-2016,Prepared/Frozen,medium
F-1257-2017,Bakery,high
F-1257-2018,Prepared/Frozen,high
F-1257-2019,Grains/Cereal,high
F-1257-2020,Bakery,high
F-1257-2022,Snacks/Candy,high
F-1257-2023,Produce,high
F-1257-2024,Bakery,low
F-1258-2013,Seafood,high
F-1258-2014,Supplements,high
F-1258-2015,Dairy,high
F-1258-2016,Prepared/Frozen,high
F-1258-2017,Bakery,medium
F-1258-2018,Prepared/Frozen,high
F-1258-2019,Grains/Cereal,medium
F-1258-2020,Nuts/Seeds,high
F-1258-2022,Produce,high
F-1258-2023,Produce,high
F-1258-2024,Bakery,high
F-1259-2013,Seafood,high
F-1259-2014,Supplements,high
F-1259-2015,Dairy,high
F-1259-2016,Prepared/Frozen,high
F-1259-2017,Bakery,high
F-1259-2018,Prepared/Frozen,high
F-1259-2019,Grains/Cereal,high
F-1259-2020,Eggs,high
F-1259-2022,Snacks/Candy,medium
F-1259-2023,Produce,high
F-1259-2024,Supplements,medium
F-1260-2013,Seafood,high
F-1260-2014,Supplements,high
F-1260-2015,Dairy,high
F-1260-2016,Grains/Cereal,high
F-1260-2017,Produce,high
F-1260-2018,Prepared/Frozen,medium
F-1260-2019,Grains/Cereal,high
F-1260-2020,Produce,high
F-1260-2022,Snacks/Candy,high
F-1260-2023,Produce,high
F-1260-2024,Spices/Condiments,high
F-1261-2013,Seafood,high
F-1261-2014,Supplements,high
F-1261-2015,Prepared/Frozen,high
F-1261-2016,Grains/Cereal,high
F-1261-2017,Seafood,high
F-1261-2018,Uncategorized,low
F-1261-2019,Grains/Cereal,medium
F-1261-2020,Produce,high
F-1261-2022,Snacks/Candy,high
F-1261-2023,Produce,high
F-1261-2024,Bakery,high
F-1262-2013,Seafood,high
F-1262-2014,Supplements,high
F-1262-2015,Dairy,high
F-1262-2016,Dairy,high
F-1262-2017,Seafood,high
F-1262-2018,Dairy,high
F-1262-2019,Grains/Cereal,medium
F-1262-2020,Produce,high
F-1262-2022,Nuts/Seeds,high
F-1262-2023,Produce,high
F-1262-2024,Dairy,high
F-1263-2013,Seafood,high
F-1263-2014,Supplements,high
F-1263-2015,Prepared/Frozen,high
F-1263-2016,Dairy,high
F-1263-2017,Snacks/Candy,high
F-1263-2018,Produce,high
F-1263-2019,Grains/Cereal,medium
F-1263-2020,Produce,high
F-1263-2022,Nuts/Seeds,high
F-1263-2023,Produce,high
F-1263-2024,Prepared/Frozen,high
F-1264-2013,Seafood,high
F-1264-2014,Supplements,high
F-1264-2015,Dairy,high
F-1264-2016,Dairy,high
F-1264-2017,Snacks/Candy,high
F-1264-2018,Dairy,medium
F-1264-2019,Grains/Cereal,medium
F-1264-2020,Produce,high
F-1264-2022,Produce,high
F-1264-2023,Produce,high
F-1264-2024,Beverages,high
F-1265-2013,Nuts/Seeds,medium
F-1265-2014,Supplements,high
F-1265-2015,Dairy,high
F-1265-2016,Dairy,medium
F-1265-2017,Snacks/Candy,high
F-1265-2018,Produce,medium
F-1265-2019,Grains/Cereal,medium
F-1265-2020,Produce,high
F-1265-2022,Prepared/Frozen,medium
F-1265-2023,Produce,high
F-1265-2024,Snacks/Candy,low
F-1266-2013,Nuts/Seeds,high
F-1266-2014,Supplements,high
F-1266-2015,Dairy,high
F-1266-2016,Dairy,high
F-1266-2017,Nuts/Seeds,high
F-1266-2018,Dairy,high
F-1266-2019,Grains/Cereal,high
F-1266-2020,Produce,high
F-1266-2022,Produce,low
F-1266-2023,Produce,high
F-1266-2024,Snacks/Candy,medium
F-1267-2013,Nuts/Seeds,high
F-1267-2014,Supplements,high
F-1267-2015,Dairy,high
F-1267-2016,Dairy,high
F-1267-2017,Nuts/Seeds,medium
F-1267-2018,Produce,high
F-1267-2019,Grains/Cereal,medium
F-1267-2020,Produce,high
F-1267-2022,Snacks/Candy,medium
F-1267-2023,Produce,high
F-1267-2024,Snacks/Candy,medium
F-1268-2013,Plant Protein,low
F-1268-2014,Supplements,high
F-1268-2015,Dairy,high
F-1268-2016,Dairy,high
F-1268-2017,Nuts/Seeds,medium
F-1268-2018,Dairy,high
F-1268-2019,Grains/Cereal,medium
F-1268-2020,Produce,high
F-1268-2022,Prepared/Frozen,high
F-1268-2023,Produce,high
F-1268-2024,Snacks/Candy,medium
F-1269-2013,Snacks/Candy,high
F-1269-2014,Supplements,high
F-1269-2015,Dairy,high
F-1269-2016,Dairy,medium
F-1269-2017,Nuts/Seeds,high
F-1269-2018,Produce,high
F-1269-2019,Grains/Cereal,high
F-1269-2020,Produce,high
F-1269-2022,Produce,medium
F-1269-2023,Produce,high
F-1269-2024,Uncategorized,high
F-1270-2013,Snacks/Candy,medium
F-1270-2014,Supplements,medium
F-1270-2015,Dairy,high
F-1270-2016,Dairy,high
F-1270-2017,Spices/Condiments,high
F-1270-2018,Prepared/Frozen,medium
F-1270-2019,Grains/Cereal,high
F-1270-2020,Produce,high
F-1270-2022,Produce,high
F-1270-2023,Produce,high
F-1270-2024,Uncategorized,low
F-1271-2013,Non-Food Item,medium
F-1271-2014,Supplements,high
F-1271-2015,Dairy,high
F-1271-2016,Dairy,high
F-1271-2017,Spices/Condiments,high
F-1271-2018,Dairy,medium
F-1271-2019,Grains/Cereal,high
F-1271-2020,Produce,high
F-1271-2022,Supplements,medium
F-1271-2023,Produce,high
F-1271-2024,Snacks/Candy,low
F-1272-2013,Prepared/Frozen,high
F-1272-2014,Supplements,high
F-1272-2015,Prepared/Frozen,medium
F-1272-2016,Dairy,high
F-1272-2017,Bakery,high
F-1272-2018,Produce,high
F-1272-2019,Grains/Cereal,high
F-1272-2020,Produce,high
F-1272-2022,Supplements,low
F-1272-2023,Produce,high
F-1272-2024,Snacks/Candy,medium
F-1273-2013,Snacks/Candy,high
F-1273-2014,Supplements,high
F-1273-2015,Prepared/Frozen,high
F-1273-2016,Dairy,high
F-1273-2017,Bakery,high
F-1273-2018,Dairy,medium
F-1273-2019,Eggs,high
F-1273-2020,Produce,high
F-1273-2022,Supplements,medium
F-1273-2023,Produce,high
F-1273-2024,Snacks/Candy,medium
F-1274-2013,Seafood,high
F-1274-2014,Supplements,high
F-1274-2015,Dairy,high
F-1274-2016,Dairy,high
F-1274-2017,Bakery,high
F-1274-2018,Dairy,high
F-1274-2019,Plant Protein,high
F-1274-2020,Produce,high
F-1274-2022,Uncategorized,low
F-1274-2023,Produce,high
F-1274-2024,Nuts/Seeds,high
F-1275-2013,Seafood,high
F-1275-2014,Supplements,high
F-1275-2015,Prepared/Frozen,high
F-1275-2016,Dairy,high
F-1275-2017,Snacks/Candy,medium
F-1275-2018,Prepared/Frozen,high
F-1275-2019,Supplements,high
F-1275-2020,Produce,high
F-1275-2022,Bakery,high
F-1275-2023,Produce,high
F-1275-2024,Dairy,high
F-1276-2013,Spices/Condiments,high
F-1276-2014,Supplements,high
F-1276-2015,Dairy,high
F-1276-2016,Dairy,high
F-1276-2017,Beverages,medium
F-1276-2018,Prepared/Frozen,medium
F-1276-2019,Beverages,medium
F-1276-2020,Dairy,medium
F-1276-2022,Bakery,low
F-1276-2023,Snacks/Candy,medium
F-1276-2024,Prepared/Frozen,medium
F-1277-2014,Supplements,high
F-1277-2015,Prepared/Frozen,medium
F-1277-2016,Dairy,high
F-1277-2017,Beverages,medium
F-1277-2018,Dairy,medium
F-1277-2019,Bakery,high
F-1277-2020,Dairy,medium
F-1277-2022,Uncategorized,low
F-1277-2023,Snacks/Candy,high
F-1277-2024,Nuts/Seeds,medium
F-1278-2014,Supplements,high
F-1278-2015,Dairy,high
F-1278-2016,Dairy,high
F-1278-2017,Beverages,high
F-1278-2018,Dairy,medium
F-1278-2019,Bakery,high
F-1278-2020,Dairy,medium
F-1278-2022,Uncategorized,low
F-1278-2023,Snacks/Candy,medium
F-1278-2024,Nuts/Seeds,medium
F-1279-2013,Produce,medium
F-1279-2014,Supplements,medium
F-1279-2015,Dairy,high
F-1279-2016,Dairy,high
F-1279-2017,Beverages,high
F-1279-2018,Dairy,high
F-1279-2019,Bakery,high
F-1279-2020,Dairy,medium
F-1279-2022,Grains/Cereal,low
F-1279-2023,Snacks/Candy,high
F-1279-2024,Dairy,high
F-1280-2013,Bakery,high
F-1280-2014,Supplements,high
F-1280-2015,Dairy,high
F-1280-2016,Dairy,high
F-1280-2017,Bakery,high
F-1280-2018,Dairy,high
F-1280-2019,Bakery,high
F-1280-2020,Dairy,medium
F-1280-2022,Prepared/Frozen,medium
F-1280-2023,Snacks/Candy,high
F-1280-2024,Dairy,high
F-1281-2013,Bakery,high
F-1281-2014,Supplements,high
F-1281-2015,Dairy,high
F-1281-2016,Dairy,high
F-1281-2017,Bakery,high
F-1281-2018,Dairy,medium
F-1281-2019,Bakery,high
F-1281-2020,Dairy,high
F-1281-2022,Snacks/Candy,high
F-1281-2023,Snacks/Candy,high
F-1281-2024,Dairy,high
F-1282-2013,Bakery,high
F-1282-2014,Supplements,high
F-1282-2015,Dairy,high
F-1282-2016,Dairy,high
F-1282-2017,Bakery,high
F-1282-2018,Nuts/Seeds,medium
F-1282-2019,Bakery,high
F-1282-2020,Dairy,medium
F-1282-2022,Prepared/Frozen,low
F-1282-2023,Snacks/Candy,high
F-1282-2024,Baby/Toddler Food,medium
F-1283-2013,Bakery,high
F-1283-2014,Supplements,high
F-1283-2015,Prepared/Frozen,high
F-1283-2016,Dairy,high
F-1283-2017,Bakery,high
F-1283-2018,Uncategorized,low
F-1283-2019,Bakery,high
F-1283-2020,Dairy,medium
F-1283-2022,Dairy,high
F-1283-2023,Snacks/Candy,medium
F-1283-2024,Prepared/Frozen,high
F-1284-2014,Supplements,high
F-1284-2015,Dairy,high
F-1284-2016,Produce,medium
F-1284-2017,Bakery,high
F-1284-2018,Prepared/Frozen,high
F-1284-2019,Bakery,high
F-1284-2020,Dairy,medium
F-1284-2022,Prepared/Frozen,medium
F-1284-2023,Snacks/Candy,high
F-1284-2024,Beverages,high
F-1285-2013,Bakery,high
F-1285-2014,Supplements,high
F-1285-2015,Dairy,high
F-1285-2016,Nuts/Seeds,high
F-1285-2017,Bakery,high
F-1285-2018,Dairy,high
F-1285-2019,Bakery,high
F-1285-2020,Dairy,medium
F-1285-2022,Prepared/Frozen,medium
F-1285-2023,Snacks/Candy,high
F-1285-2024,Beverages,medium
F-1286-2013,Supplements,medium
F-1286-2014,Supplements,high
F-1286-2015,Dairy,high
F-1286-2016,Nuts/Seeds,high
F-1286-2017,Bakery,high
F-1286-2018,Dairy,low
F-1286-2019,Produce,high
F-1286-2020,Dairy,medium
F-1286-2022,Snacks/Candy,high
F-1286-2023,Beverages,high
F-1286-2024,Beverages,high
F-1287-2013,Supplements,medium
F-1287-2014,Supplements,high
F-1287-2015,Dairy,high
F-1287-2016,Nuts/Seeds,high
F-1287-2017,Bakery,high
F-1287-2018,Dairy,high
F-1287-2019,Beverages,high
F-1287-2020,Dairy,high
F-1287-2022,Snacks/Candy,high
F-1287-2023,Dairy,low
F-1287-2024,Nuts/Seeds,high
F-1288-2013,Seafood,high
F-1288-2014,Supplements,high
F-1288-2015,Prepared/Frozen,high
F-1288-2016,Nuts/Seeds,high
F-1288-2017,Bakery,low
F-1288-2018,Prepared/Frozen,medium
F-1288-2019,Prepared/Frozen,medium
F-1288-2020,Dairy,medium
F-1288-2022,Snacks/Candy,high
F-1288-2023,Bakery,high
F-1288-2024,Nuts/Seeds,high
F-1289-2013,Seafood,high
F-1289-2014,Supplements,high
F-1289-2015,Dairy,high
F-1289-2016,Nuts/Seeds,high
F-1289-2017,Snacks/Candy,low
F-1289-2018,Prepared/Frozen,medium
F-1289-2019,Plant Protein,high
F-1289-2020,Dairy,medium
F-1289-2022,Snacks/Candy,high
F-1289-2023,Produce,high
F-1289-2024,Dairy,high
F-1290-2013,Seafood,high
F-1290-2014,Supplements,high
F-1290-2015,Dairy,high
F-1290-2016,Nuts/Seeds,high
F-1290-2017,Bakery,medium
F-1290-2018,Dairy,high
F-1290-2019,Bakery,medium
F-1290-2020,Dairy,medium
F-1290-2022,Snacks/Candy,high
F-1290-2023,Seafood,medium
F-1290-2024,Dairy,high
F-1291-2013,Nuts/Seeds,high
F-1291-2014,Supplements,high
F-1291-2015,Dairy,high
F-1291-2016,Nuts/Seeds,high
F-1291-2017,Snacks/Candy,high
F-1291-2018,Prepared/Frozen,medium
F-1291-2019,Bakery,high
F-1291-2020,Dairy,medium
F-1291-2022,Snacks/Candy,high
F-1291-2023,Plant Protein,high
F-1291-2024,Dairy,high
F-1292-2013,Nuts/Seeds,high
F-1292-2014,Supplements,high
F-1292-2015,Dairy,high
F-1292-2016,Nuts/Seeds,high
F-1292-2017,Bakery,high
F-1292-2018,Prepared/Frozen,medium
F-1292-2019,Bakery,high
F-1292-2020,Dairy,medium
F-1292-2022,Snacks/Candy,high
F-1292-2023,Prepared/Frozen,high
F-1292-2024,Dairy,high
F-1293-2013,Nuts/Seeds,high
F-1293-2014,Supplements,high
F-1293-2015,Dairy,high
F-1293-2016,Nuts/Seeds,high
F-1293-2017,Seafood,high
F-1293-2018,Produce,high
F-1293-2019,Bakery,high
F-1293-2020,Beef/Pork/Poultry/Game Meats,high
F-1293-2022,Produce,medium
F-1293-2023,Produce,high
F-1293-2024,Dairy,high
F-1294-2013,Nuts/Seeds,high
F-1294-2014,Supplements,medium
F-1294-2015,Dairy,medium
F-1294-2016,Spices/Condiments,medium
F-1294-2017,Seafood,high
F-1294-2018,Dairy,high
F-1294-2019,Bakery,high
F-1294-2020,Beef/Pork/Poultry/Game Meats,low
F-1294-2022,Produce,medium
F-1294-2023,Prepared/Frozen,high
F-1294-2024,Dairy,high
F-1295-2013,Nuts/Seeds,high
F-1295-2014,Supplements,high
F-1295-2015,Produce,high
F-1295-2016,Seafood,high
F-1295-2017,Seafood,high
F-1295-2018,Bakery,high
F-1295-2019,Supplements,high
F-1295-2020,Seafood,medium
F-1295-2022,Produce,medium
F-1295-2023,Supplements,high
F-1295-2024,Dairy,high
F-1296-2013,Uncategorized,high
F-1296-2014,Supplements,high
F-1296-2015,Produce,high
F-1296-2016,Seafood,high
F-1296-2017,Spices/Condiments,high
F-1296-2018,Dairy,medium
F-1296-2019,Nuts/Seeds,high
F-1296-2020,Prepared/Frozen,medium
F-1296-2022,Dairy,high
F-1296-2023,Supplements,high
F-1296-2024,Dairy,high
F-1297-2013,Supplements,medium
F-1297-2014,Supplements,high
F-1297-2015,Prepared/Frozen,high
F-1297-2016,Seafood,high
F-1297-2017,Spices/Condiments,high
F-1297-2018,Prepared/Frozen,high
F-1297-2019,Nuts/Seeds,high
F-1297-2020,Seafood,high
F-1297-2022,Dairy,high
F-1297-2023,Food Additives/Ingredients,medium
F-1297-2024,Seafood,high
F-1298-2013,Supplements,medium
F-1298-2014,Supplements,high
F-1298-2015,Prepared/Frozen,medium
F-1298-2016,Seafood,high
F-1298-2017,Spices/Condiments,high
F-1298-2018,Prepared/Frozen,medium
F-1298-2019,Nuts/Seeds,high
F-1298-2020,Seafood,high
F-1298-2022,Produce,medium
F-1298-2023,Snacks/Candy,high
F-1298-2024,Bakery,medium
F-1299-2013,Supplements,high
F-1299-2014,Supplements,high
F-1299-2015,Spices/Condiments,high
F-1299-2016,Seafood,high
F-1299-2017,Spices/Condiments,high
F-1299-2018,Dairy,high
F-1299-2019,Nuts/Seeds,high
F-1299-2020,Seafood,high
F-1299-2022,Bakery,high
F-1299-2023,Snacks/Candy,medium
F-1299-2024,Bakery,low
F-1300-2013,Supplements,high
F-1300-2014,Supplements,high
F-1300-2015,Dairy,high
F-1300-2016,Seafood,high
F-1300-2017,Uncategorized,low
F-1300-2018,Dairy,high
F-1300-2019,Snacks/Candy,high
F-1300-2020,Seafood,high
F-1300-2022,Dairy,high
F-1300-2023,Snacks/Candy,high
F-1300-2024,Bakery,high
F-1301-2013,Spices/Condiments,medium
F-1301-2014,Supplements,high
F-1301-2015,Grains/Cereal,medium
F-1301-2016,Seafood,high
F-1301-2017,Spices/Condiments,high
F-1301-2018,Dairy,high
F-1301-2019,Produce,low
F-1301-2020,Seafood,high
F-1301-2022,Prepared/Frozen,medium
F-1301-2023,Snacks/Candy,medium
F-1301-2024,Bakery,high
F-1302-2013,Nuts/Seeds,high
F-1302-2014,Supplements,high
F-1302-2015,Grains/Cereal,medium
F-1302-2016,Seafood,high
F-1302-2017,Baking Supplies,low
F-1302-2018,Dairy,high
F-1302-2019,Produce,high
F-1302-2020,Seafood,high
F-1302-2022,Prepared/Frozen,medium
F-1302-2023,Snacks/Candy,medium
F-1302-2024,Bakery,high
F-1303-2013,Snacks/Candy,medium
F-1303-2014,Supplements,high
F-1303-2015,Spices/Condiments,high
F-1303-2016,Seafood,high
F-1303-2017,Spices/Condiments,medium
F-1303-2018,Dairy,medium
F-1303-2019,Spices/Condiments,high
F-1303-2020,Seafood,high
F-1303-2022,Bakery,medium
F-1303-2023,Snacks/Candy,medium
F-1303-2024,Bakery,high
F-1304-2013,Supplements,high
F-1304-2014,Supplements,high
F-1304-2015,Spices/Condiments,high
F-1304-2016,Seafood,high
F-1304-2017,Dairy,medium
F-1304-2018,Prepared/Frozen,high
F-1304-2019,Food Additives/Ingredients,medium
F-1304-2020,Seafood,high
F-1304-2022,Prepared/Frozen,medium
F-1304-2023,Snacks/Candy,medium
F-1304-2024,Snacks/Candy,low
F-1305-2013,Beverages,high
F-1305-2014,Supplements,high
F-1305-2015,Spices/Condiments,high
F-1305-2016,Seafood,high
F-1305-2017,Baking Supplies,low
F-1305-2018,Dairy,high
F-1305-2019,Supplements,high
F-1305-2020,Seafood,high
F-1305-2022,Seafood,high
F-1305-2023,Spices/Condiments,low
F-1305-2024,Food Additives/Ingredients,high
F-1306-2014,Supplements,high
F-1306-2015,Spices/Condiments,high
F-1306-2016,Bakery,high
F-1306-2017,Baking Supplies,low
F-1306-2018,Dairy,high
F-1306-2019,Plant Protein,high
F-1306-2020,Seafood,high
F-1306-2022,Spices/Condiments,medium
F-1306-2023,Grains/Cereal,high
F-1306-2024,Food Additives/Ingredients,high
F-1307-2013,Snacks/Candy,high
F-1307-2014,Supplements,high
F-1307-2015,Spices/Condiments,medium
F-1307-2016,Bakery,high
F-1307-2017,Beverages,high
F-1307-2018,Prepared/Frozen,medium
F-1307-2019,Spices/Condiments,high
F-1307-2020,Seafood,high
F-1307-2022,Food Additives/Ingredients,medium
F-1307-2023,Grains/Cereal,high
F-1307-2024,Food Additives/Ingredients,high
F-1308-2013,Bakery,medium
F-1308-2014,Supplements,medium
F-1308-2015,Spices/Condiments,high
F-1308-2016,Nuts/Seeds,high
F-1308-2017,Beverages,low
F-1308-2018,Dairy,high
F-1308-2019,Supplements,low
F-1308-2020,Seafood,high
F-1308-2022,Snacks/Candy,high
F-1308-2023,Prepared/Frozen,high
F-1308-2024,Food Additives/Ingredients,high
F-1309-2013,Bakery,low
F-1309-2014,Supplements,high
F-1309-2015,Spices/Condiments,medium
F-1309-2016,Seafood,high
F-1309-2017,Bakery,medium
F-1309-2018,Dairy,medium
F-1309-2019,Spices/Condiments,high
F-1309-2020,Seafood,high
F-1309-2022,Snacks/Candy,high
F-1309-2023,Produce,medium
F-1309-2024,Food Additives/Ingredients,high
F-1310-2013,Bakery,high
F-1310-2014,Supplements,high
F-1310-2015,Spices/Condiments,high
F-1310-2016,Produce,high
F-1310-2017,Bakery,medium
F-1310-2018,Prepared/Frozen,medium
F-1310-2019,Grains/Cereal,high
F-1310-2020,Seafood,high
F-1310-2022,Snacks/Candy,high
F-1310-2023,Prepared/Frozen,high
F-1310-2024,Food Additives/Ingredients,high
F-1311-2013,Bakery,high
F-1311-2014,Supplements,medium
F-1311-2015,Spices/Condiments,high
F-1311-2016,Snacks/Candy,high
F-1311-2017,Bakery,medium
F-1311-2018,Produce,medium
F-1311-2019,Grains/Cereal,high
F-1311-2020,Seafood,high
F-1311-2022,Snacks/Candy,medium
F-1311-2023,Prepared/Frozen,medium
F-1311-2024,Food Additives/Ingredients,low
F-1312-2013,Produce,high
F-1312-2014,Supplements,medium
F-1312-2015,Spices/Condiments,medium
F-1312-2016,Beverages,high
F-1312-2017,Bakery,medium
F-1312-2018,Dairy,medium
F-1312-2019,Prepared/Frozen,low
F-1312-2020,Seafood,high
F-1312-2022,Beverages,medium
F-1312-2023,Produce,medium
F-1312-2024,Food Additives/Ingredients,high
F-1313-2013,Produce,high
F-1313-2014,Supplements,medium
F-1313-2015,Spices/Condiments,medium
F-1313-2016,Grains/Cereal,high
F-1313-2017,Bakery,high
F-1313-2018,Dairy,high
F-1313-2019,Grains/Cereal,medium
F-1313-2020,Seafood,high
F-1313-2022,Beverages,high
F-1313-2023,Nuts/Seeds,high
F-1313-2024,Food Additives/Ingredients,high
F-1314-2013,Produce,high
F-1314-2014,Supplements,high
F-1314-2015,Spices/Condiments,medium
F-1314-2016,Produce,medium
F-1314-2017,Bakery,high
F-1314-2018,Prepared/Frozen,medium
F-1314-2019,Snacks/Candy,high
F-1314-2020,Seafood,high
F-1314-2022,Beverages,high
F-1314-2023,Nuts/Seeds,high
F-1314-2024,Food Additives/Ingredients,high
F-1315-2013,Prepared/Frozen,medium
F-1315-2014,Supplements,high
F-1315-2015,Spices/Condiments,high
F-1315-2016,Spices/Condiments,medium
F-1315-2017,Bakery,high
F-1315-2018,Prepared/Frozen,medium
F-1315-2019,Snacks/Candy,high
F-1315-2020,Prepared/Frozen,medium
F-1315-2022,Bakery,high
F-1315-2023,Nuts/Seeds,high
F-1315-2024,Food Additives/Ingredients,high
F-1316-2013,Seafood,high
F-1316-2014,Supplements,medium
F-1316-2015,Spices/Condiments,high
F-1316-2016,Prepared/Frozen,high
F-1316-2017,Bakery,high
F-1316-2018,Produce,medium
F-1316-2019,Seafood,high
F-1316-2020,Seafood,high
F-1316-2022,Snacks/Candy,high
F-1316-2023,Nuts/Seeds,high
F-1316-2024,Food Additives/Ingredients,high
F-1317-2013,Seafood,high
F-1317-2014,Supplements,high
F-1317-2015,Spices/Condiments,high
F-1317-2016,Seafood,high
F-1317-2017,Bakery,medium
F-1317-2018,Prepared/Frozen,medium
F-1317-2019,Plant Protein,medium
F-1317-2020,Seafood,high
F-1317-2022,Snacks/Candy,high
F-1317-2023,Nuts/Seeds,high
F-1317-2024,Food Additives/Ingredients,high
F-1318-2013,Dairy,high
F-1318-2014,Supplements,high
F-1318-2015,Spices/Condiments,low
F-1318-2016,Bakery,low
F-1318-2017,Bakery,medium
F-1318-2018,Dairy,medium
F-1318-2019,Prepared/Frozen,low
F-1318-2020,Bakery,high
F-1318-2022,Snacks/Candy,high
F-1318-2023,Nuts/Seeds,high
F-1318-2024,Food Additives/Ingredients,high
F-1319-2013,Snacks/Candy,low
F-1319-2014,Supplements,high
F-1319-2015,Spices/Condiments,medium
F-1319-2016,Plant Protein,medium
F-1319-2017,Bakery,high
F-1319-2018,Prepared/Frozen,high
F-1319-2019,Plant Protein,medium
F-1319-2020,Bakery,high
F-1319-2022,Prepared/Frozen,medium
F-1319-2023,Nuts/Seeds,high
F-1319-2024,Food Additives/Ingredients,high
F-1320-2013,Snacks/Candy,low
F-1320-2014,Supplements,high
F-1320-2015,Spices/Condiments,high
F-1320-2016,Nuts/Seeds,high
F-1320-2017,Bakery,high
F-1320-2018,Produce,high
F-1320-2019,Prepared/Frozen,low
F-1320-2020,Bakery,high
F-1320-2022,Prepared/Frozen,medium
F-1320-2023,Produce,medium
F-1320-2024,Food Additives/Ingredients,high
F-1321-2013,Grains/Cereal,high
F-1321-2014,Supplements,high
F-1321-2015,Spices/Condiments,medium
F-1321-2016,Produce,low
F-1321-2017,Bakery,medium
F-1321-2018,Prepared/Frozen,medium
F-1321-2019,Prepared/Frozen,medium
F-1321-2020,Bakery,high
F-1321-2022,Snacks/Candy,high
F-1321-2023,Nuts/Seeds,high
F-1321-2024,Food Additives/Ingredients,high
F-1322-2013,Produce,medium
F-1322-2014,Supplements,high
F-1322-2015,Spices/Condiments,high
F-1322-2016,Spices/Condiments,high
F-1322-2017,Bakery,high
F-1322-2018,Seafood,high
F-1322-2019,Grains/Cereal,high
F-1322-2020,Bakery,high
F-1322-2022,Produce,high
F-1322-2023,Nuts/Seeds,high
F-1322-2024,Food Additives/Ingredients,high
F-1323-2013,Plant Protein,high
F-1323-2014,Supplements,high
F-1323-2015,Spices/Condiments,high
F-1323-2016,Spices/Condiments,high
F-1323-2017,Bakery,high
F-1323-2018,Prepared/Frozen,medium
F-1323-2019,Snacks/Candy,medium
F-1323-2020,Bakery,high
F-1323-2022,Prepared/Frozen,high
F-1323-2023,Nuts/Seeds,high
F-1323-2024,Food Additives/Ingredients,high
F-1324-2013,Beverages,medium
F-1324-2014,Supplements,high
F-1324-2015,Uncategorized,low
F-1324-2016,Supplements,medium
F-1324-2017,Bakery,high
F-1324-2018,Prepared/Frozen,medium
F-1324-2019,Bakery,high
F-1324-2020,Bakery,high
F-1324-2022,Produce,low
F-1324-2023,Nuts/Seeds,high
F-1324-2024,Food Additives/Ingredients,high
F-1325-2013,Supplements,high
F-1325-2014,Supplements,high
F-1325-2015,Spices/Condiments,high
F-1325-2016,Beverages,high
F-1325-2017,Bakery,high
F-1325-2018,Prepared/Frozen,medium
F-1325-2019,Prepared/Frozen,low
F-1325-2020,Bakery,high
F-1325-2022,Bakery,high
F-1325-2023,Nuts/Seeds,high
F-1325-2024,Food Additives/Ingredients,high
F-1326-2013,Snacks/Candy,low
F-1326-2014,Supplements,high
F-1326-2015,Uncategorized,low
F-1326-2016,Prepared/Frozen,high
F-1326-2017,Bakery,high
F-1326-2018,Produce,high
F-1326-2019,Beverages,high
F-1326-2020,Bakery,high
F-1326-2022,Produce,medium
F-1326-2023,Produce,high
F-1326-2024,Food Additives/Ingredients,high
F-1327-2013,Produce,medium
F-1327-2014,Supplements,medium
F-1327-2015,Spices/Condiments,high
F-1327-2016,Plant Protein,medium
F-1327-2017,Bakery,high
F-1327-2018,Dairy,high
F-1327-2019,Spices/Condiments,high
F-1327-2020,Bakery,high
F-1327-2022,Prepared/Frozen,medium
F-1327-2023,Nuts/Seeds,high
F-1327-2024,Food Additives/Ingredients,high
F-1328-2012,Snacks/Candy,medium
F-1328-2013,Beverages,high
F-1328-2014,Supplements,high
F-1328-2015,Spices/Condiments,high
F-1328-2016,Plant Protein,medium
F-1328-2017,Bakery,medium
F-1328-2018,Dairy,high
F-1328-2019,Supplements,medium
F-1328-2020,Bakery,high
F-1328-2022,Snacks/Candy,high
F-1328-2023,Produce,medium
F-1328-2024,Food Additives/Ingredients,low
F-1329-2013,Plant Protein,high
F-1329-2014,Supplements,high
F-1329-2015,Spices/Condiments,high
F-1329-2016,Plant Protein,medium
F-1329-2017,Bakery,medium
F-1329-2018,Dairy,high
F-1329-2019,Seafood,high
F-1329-2020,Bakery,high
F-1329-2022,Nuts/Seeds,medium
F-1329-2023,Produce,medium
F-1329-2024,Food Additives/Ingredients,high
F-1330-2013,Plant Protein,high
F-1330-2014,Supplements,high
F-1330-2015,Spices/Condiments,high
F-1330-2016,Plant Protein,medium
F-1330-2017,Bakery,high
F-1330-2018,Seafood,high
F-1330-2019,Spices/Condiments,high
F-1330-2020,Bakery,high
F-1330-2022,Produce,medium
F-1330-2023,Produce,medium
F-1330-2024,Food Additives/Ingredients,medium
F-1331-2013,Plant Protein,high
F-1331-2014,Supplements,high
F-1331-2015,Grains/Cereal,medium
F-1331-2016,Beverages,medium
F-1331-2017,Bakery,high
F-1331-2018,Produce,high
F-1331-2019,Bakery,high
F-1331-2020,Bakery,high
F-1331-2022,Bakery,high
F-1331-2023,Produce,high
F-1331-2024,Food Additives/Ingredients,high
F-1332-2013,Plant Protein,high
F-1332-2014,Supplements,high
F-1332-2015,Spices/Condiments,high
F-1332-2016,Produce,medium
F-1332-2017,Bakery,high
F-1332-2018,Dairy,high
F-1332-2019,Bakery,medium
F-1332-2020,Bakery,high
F-1332-2022,Nuts/Seeds,medium
F-1332-2023,Produce,high
F-1332-2024,Food Additives/Ingredients,medium
F-1333-2013,Plant Protein,high
F-1333-2014,Supplements,high
F-1333-2015,Grains/Cereal,medium
F-1333-2016,Bakery,high
F-1333-2017,Beverages,high
F-1333-2018,Snacks/Candy,medium
F-1333-2019,Dairy,high
F-1333-2020,Bakery,high
F-1333-2022,Prepared/Frozen,medium
F-1333-2023,Produce,high
F-1333-2024,Food Additives/Ingredients,high
F-1334-2013,Plant Protein,high
F-1334-2014,Supplements,medium
F-1334-2015,Spices/Condiments,high
F-1334-2016,Dairy,high
F-1334-2017,Seafood,high
F-1334-2018,Prepared/Frozen,high
F-1334-2019,Dairy,high
F-1334-2020,Bakery,high
F-1334-2022,Prepared/Frozen,medium
F-1334-2023,Produce,high
F-1334-2024,Food Additives/Ingredients,high
F-1335-2013,Plant Protein,high
F-1335-2014,Prepared/Frozen,high
F-1335-2015,Spices/Condiments,high
F-1335-2016,Food Additives/Ingredients,high
F-1335-2017,Seafood,high
F-1335-2018,Produce,high
F-1335-2019,Dairy,high
F-1335-2020,Produce,high
F-1335-2022,Bakery,high
F-1335-2023,Produce,medium
F-1335-2024,Food Additives/Ingredients,high
F-1336-2013,Plant Protein,medium
F-1336-2014,Beverages,high
F-1336-2015,Spices/Condiments,medium
F-1336-2016,Oils/Fats,high
F-1336-2017,Grains/Cereal,low
F-1336-2018,Dairy,medium
F-1336-2019,Beverages,high
F-1336-2020,Produce,high
F-1336-2023,Produce,medium
F-1336-2024,Food Additives/Ingredients,high
F-1337-2013,Spices/Condiments,medium
F-1337-2014,Seafood,high
F-1337-2015,Spices/Condiments,high
F-1337-2016,Oils/Fats,high
F-1337-2017,Grains/Cereal,low
F-1337-2018,Plant Protein,high
F-1337-2019,Produce,high
F-1337-2020,Produce,high
F-1337-2022,Snacks/Candy,medium
F-1337-2023,Produce,high
F-1337-2024,Food Additives/Ingredients,high
F-1338-2013,Supplements,high
F-1338-2014,Seafood,high
F-1338-2015,Spices/Condiments,low
F-1338-2016,Oils/Fats,high
F-1338-2017,Nuts/Seeds,medium
F-1338-2018,Prepared/Frozen,high
F-1338-2019,Produce,high
F-1338-2020,Produce,high
F-1338-2022,Snacks/Candy,medium
F-1338-2023,Nuts/Seeds,medium
F-1338-2024,Food Additives/Ingredients,high
F-1339-2013,Supplements,high
F-1339-2014,Bakery,low
F-1339-2015,Spices/Condiments,high
F-1339-2016,Oils/Fats,high
F-1339-2017,Spices/Condiments,high
F-1339-2018,Dairy,high
F-1339-2019,Snacks/Candy,medium
F-1339-2020,Produce,high
F-1339-2022,Snacks/Candy,medium
F-1339-2023,Produce,high
F-1339-2024,Food Additives/Ingredients,high
F-1340-2013,Supplements,high
F-1340-2014,Prepared/Frozen,medium
F-1340-2015,Spices/Condiments,high
F-1340-2016,Oils/Fats,high
F-1340-2017,Prepared/Frozen,medium
F-1340-2018,Prepared/Frozen,medium
F-1340-2019,Spices/Condiments,high
F-1340-2020,Produce,high
F-1340-2022,Snacks/Candy,medium
F-1340-2023,Nuts/Seeds,medium
F-1340-2024,Food Additives/Ingredients,high
F-1341-2012,Beverages,high
F-1341-2013,Dairy,high
F-1341-2014,Grains/Cereal,medium
F-1341-2015,Spices/Condiments,high
F-1341-2016,Oils/Fats,high
F-1341-2017,Prepared/Frozen,medium
F-1341-2018,Produce,high
F-1341-2019,Seafood,high
F-1341-2020,Produce,high
F-1341-2022,Bakery,medium
F-1341-2023,Produce,medium
F-1341-2024,Seafood,high
F-1342-2012,Beverages,high
F-1342-2013,Prepared/Frozen,medium
F-1342-2014,Prepared/Frozen,medium
F-1342-2015,Spices/Condiments,high
F-1342-2016,Oils/Fats,high
F-1342-2017,Prepared/Frozen,medium
F-1342-2018,Prepared/Frozen,medium
F-1342-2019,Beverages,high
F-1342-2020,Produce,high
F-1342-2022,Bakery,medium
F-1342-2023,Produce,high
F-1342-2024,Seafood,high
F-1343-2012,Spices/Condiments,medium
F-1343-2013,Baking Supplies,medium
F-1343-2015,Spices/Condiments,high
F-1343-2016,Oils/Fats,high
F-1343-2017,Snacks/Candy,medium
F-1343-2018,Beverages,high
F-1343-2019,Seafood,high
F-1343-2020,Produce,high
F-1343-2022,Beverages,medium
F-1343-2023,Nuts/Seeds,high
F-1343-2024,Seafood,high
F-1344-2012,Spices/Condiments,high
F-1344-2013,Baking Supplies,low
F-1344-2015,Beef/Pork/Poultry/Game Meats,medium
F-1344-2016,Oils/Fats,high
F-1344-2017,Beverages,high
F-1344-2018,Dairy,high
F-1344-2019,Nuts/Seeds,high
F-1344-2020,Produce,medium
F-1344-2022,Beverages,medium
F-1344-2023,Bakery,high
F-1344-2024,Seafood,high
F-1345-2013,Baking Supplies,medium
F-1345-2015,Spices/Condiments,medium
F-1345-2016,Oils/Fats,high
F-1345-2017,Supplements,high
F-1345-2018,Prepared/Frozen,medium
F-1345-2019,Spices/Condiments,high
F-1345-2020,Prepared/Frozen,high
F-1345-2022,Dairy,high
F-1345-2023,Bakery,high
F-1345-2024,Spices/Condiments,high
F-1346-2013,Snacks/Candy,high
F-1346-2014,Bakery,high
F-1346-2015,Spices/Condiments,high
F-1346-2016,Oils/Fats,high
F-1346-2017,Supplements,high
F-1346-2018,Prepared/Frozen,medium
F-1346-2019,Spices/Condiments,medium
F-1346-2020,Prepared/Frozen,high
F-1346-2022,Supplements,high
F-1346-2023,Bakery,high
F-1346-2024,Grains/Cereal,medium
F-1347-2013,Grains/Cereal,high
F-1347-2014,Supplements,high
F-1347-2015,Spices/Condiments,medium
F-1347-2016,Oils/Fats,high
F-1347-2017,Supplements,high
F-1347-2018,Prepared/Frozen,medium
F-1347-2019,Snacks/Candy,medium
F-1347-2020,Prepared/Frozen,high
F-1347-2022,Supplements,high
F-1347-2023,Bakery,high
F-1347-2024,Baby/Toddler Food,medium
F-1348-2013,Uncategorized,low
F-1348-2014,Supplements,high
F-1348-2015,Prepared/Frozen,medium
F-1348-2016,Oils/Fats,high
F-1348-2017,Supplements,high
F-1348-2018,Prepared/Frozen,medium
F-1348-2019,Bakery,medium
F-1348-2020,Prepared/Frozen,medium
F-1348-2022,Supplements,high
F-1348-2023,Bakery,high
F-1348-2024,Snacks/Candy,high
F-1349-2013,Prepared/Frozen,medium
F-1349-2014,Supplements,high
F-1349-2015,Prepared/Frozen,high
F-1349-2016,Oils/Fats,high
F-1349-2017,Supplements,high
F-1349-2018,Prepared/Frozen,medium
F-1349-2019,Spices/Condiments,high
F-1349-2020,Bakery,high
F-1349-2022,Seafood,high
F-1349-2023,Bakery,high
F-1349-2024,Spices/Condiments,medium
F-1350-2013,Spices/Condiments,high
F-1350-2014,Supplements,high
F-1350-2015,Prepared/Frozen,medium
F-1350-2016,Oils/Fats,high
F-1350-2017,Supplements,high
F-1350-2018,Prepared/Frozen,medium
F-1350-2019,Grains/Cereal,high
F-1350-2022,Seafood,high
F-1350-2023,Bakery,high
F-1350-2024,Food Additives/Ingredients,medium
F-1351-2013,Beverages,high
F-1351-2014,Supplements,high
F-1351-2015,Snacks/Candy,medium
F-1351-2016,Oils/Fats,high
F-1351-2017,Supplements,high
F-1351-2018,Prepared/Frozen,medium
F-1351-2019,Grains/Cereal,medium
F-1351-2022,Seafood,high
F-1351-2023,Bakery,high
F-1351-2024,Grains/Cereal,high
F-1352-2013,Nuts/Seeds,high
F-1352-2014,Supplements,high
F-1352-2015,Snacks/Candy,medium
F-1352-2016,Oils/Fats,high
F-1352-2017,Supplements,high
F-1352-2018,Prepared/Frozen,high
F-1352-2019,Grains/Cereal,medium
F-1352-2020,Spices/Condiments,medium
F-1352-2022,Seafood,high
F-1352-2023,Bakery,high
F-1352-2024,Grains/Cereal,high
F-1353-2013,Prepared/Frozen,medium
F-1353-2014,Supplements,medium
F-1353-2015,Plant Protein,high
F-1353-2016,Oils/Fats,high
F-1353-2017,Supplements,high
F-1353-2018,Dairy,high
F-1353-2019,Grains/Cereal,high
F-1353-2022,Seafood,high
F-1353-2023,Bakery,medium
F-1353-2024,Spices/Condiments,low
F-1354-2013,Prepared/Frozen,medium
F-1354-2014,Dairy,medium
F-1354-2015,Prepared/Frozen,high
F-1354-2016,Oils/Fats,high
F-1354-2017,Bakery,high
F-1354-2018,Prepared/Frozen,medium
F-1354-2019,Grains/Cereal,high
F-1354-2020,Dairy,high
F-1354-2022,Seafood,high
F-1354-2023,Bakery,medium
F-1354-2024,Spices/Condiments,medium
F-1355-2013,Prepared/Frozen,medium
F-1355-2014,Seafood,high
F-1355-2015,Snacks/Candy,medium
F-1355-2016,Oils/Fats,high
F-1355-2017,Bakery,medium
F-1355-2018,Produce,high
F-1355-2019,Grains/Cereal,medium
F-1355-2020,Dairy,high
F-1355-2022,Seafood,high
F-1355-2023,Bakery,high
F-1355-2024,Spices/Condiments,medium
F-1356-2013,Prepared/Frozen,medium
F-1356-2014,Seafood,medium
F-1356-2015,Snacks/Candy,high
F-1356-2016,Oils/Fats,high
F-1356-2017,Spices/Condiments,high
F-1356-2018,Prepared/Frozen,low
F-1356-2019,Grains/Cereal,medium
F-1356-2020,Dairy,high
F-1356-2022,Seafood,high
F-1356-2023,Bakery,medium
F-1356-2024,Spices/Condiments,medium
F-1357-2013,Prepared/Frozen,medium
F-1357-2014,Seafood,high
F-1357-2015,Spices/Condiments,high
F-1357-2016,Oils/Fats,high
F-1357-2017,Spices/Condiments,high
F-1357-2018,Produce,high
F-1357-2019,Grains/Cereal,medium
F-1357-2020,Dairy,high
F-1357-2022,Snacks/Candy,high
F-1357-2023,Bakery,high
F-1357-2024,Spices/Condiments,medium
F-1358-2013,Prepared/Frozen,medium
F-1358-2014,Seafood,high
F-1358-2015,Grains/Cereal,medium
F-1358-2016,Oils/Fats,high
F-1358-2017,Spices/Condiments,high
F-1358-2018,Produce,high
F-1358-2019,Grains/Cereal,medium
F-1358-2020,Dairy,high
F-1358-2022,Snacks/Candy,high
F-1358-2023,Bakery,medium
F-1358-2024,Snacks/Candy,medium
F-1359-2013,Prepared/Frozen,medium
F-1359-2014,Seafood,high
F-1359-2015,Grains/Cereal,medium
F-1359-2016,Snacks/Candy,high
F-1359-2017,Spices/Condiments,high
F-1359-2018,Grains/Cereal,medium
F-1359-2019,Supplements,high
F-1359-2020,Spices/Condiments,medium
F-1359-2022,Snacks/Candy,high
F-1359-2023,Snacks/Candy,medium
F-1359-2024,Beverages,high
F-1360-2013,Prepared/Frozen,medium
F-1360-2014,Seafood,high
F-1360-2015,Grains/Cereal,medium
F-1360-2016,Oils/Fats,high
F-1360-2017,Spices/Condiments,high
F-1360-2018,Plant Protein,medium
F-1360-2019,Supplements,high
F-1360-2020,Dairy,high
F-1360-2022,Produce,low
F-1360-2023,Snacks/Candy,medium
F-1360-2024,Food Additives/Ingredients,high
F-1361-2013,Dairy,low
F-1361-2014,Seafood,high
F-1361-2015,Spices/Condiments,high
F-1361-2016,Nuts/Seeds,high
F-1361-2017,Grains/Cereal,medium
F-1361-2018,Plant Protein,medium
F-1361-2019,Supplements,high
F-1361-2020,Dairy,high
F-1361-2022,Prepared/Frozen,low
F-1361-2023,Snacks/Candy,medium
F-1361-2024,Food Additives/Ingredients,high
F-1362-2013,Prepared/Frozen,medium
F-1362-2014,Seafood,high
F-1362-2015,Spices/Condiments,high
F-1362-2016,Supplements,high
F-1362-2017,Grains/Cereal,medium
F-1362-2018,Produce,high
F-1362-2019,Supplements,high
F-1362-2020,Dairy,high
F-1362-2022,Prepared/Frozen,medium
F-1362-2023,Snacks/Candy,medium
F-1362-2024,Dairy,medium
F-1363-2013,Prepared/Frozen,medium
F-1363-2014,Seafood,high
F-1363-2015,Bakery,high
F-1363-2016,Grains/Cereal,high
F-1363-2017,Dairy,medium
F-1363-2018,Produce,high
F-1363-2019,Supplements,high
F-1363-2020,Eggs,high
F-1363-2022,Prepared/Frozen,low
F-1363-2023,Snacks/Candy,medium
F-1363-2024,Dairy,medium
F-1364-2013,Prepared/Frozen,medium
F-1364-2014,Grains/Cereal,high
F-1364-2015,Dairy,high
F-1364-2016,Beverages,high
F-1364-2017,Dairy,medium
F-1364-2018,Produce,high
F-1364-2019,Supplements,high
F-1364-2020,Beverages,high
F-1364-2022,Prepared/Frozen,low
F-1364-2023,Snacks/Candy,medium
F-1364-2024,Dairy,medium
F-1365-2013,Prepared/Frozen,medium
F-1365-2014,Grains/Cereal,high
F-1365-2015,Dairy,high
F-1365-2016,Bakery,medium
F-1365-2017,Dairy,medium
F-1365-2018,Produce,high
F-1365-2019,Supplements,high
F-1365-2020,Produce,high
F-1365-2022,Snacks/Candy,medium
F-1365-2023,Prepared/Frozen,medium
F-1365-2024,Dairy,medium
F-1366-2013,Spices/Condiments,medium
F-1366-2014,Grains/Cereal,high
F-1366-2015,Dairy,high
F-1366-2016,Supplements,high
F-1366-2017,Dairy,medium
F-1366-2018,Produce,high
F-1366-2019,Supplements,high
F-1366-2020,Produce,high
F-1366-2022,Snacks/Candy,medium
F-1366-2023,Snacks/Candy,medium
F-1366-2024,Dairy,medium
F-1367-2013,Prepared/Frozen,medium
F-1367-2014,Grains/Cereal,medium
F-1367-2015,Dairy,high
F-1367-2016,Supplements,low
F-1367-2017,Prepared/Frozen,high
F-1367-2018,Plant Protein,medium
F-1367-2019,Supplements,high
F-1367-2020,Produce,medium
F-1367-2022,Snacks/Candy,high
F-1367-2023,Grains/Cereal,high
F-1367-2024,Dairy,high
F-1368-2013,Prepared/Frozen,high
F-1368-2014,Grains/Cereal,high
F-1368-2015,Dairy,high
F-1368-2016,Grains/Cereal,medium
F-1368-2017,Bakery,high
F-1368-2018,Produce,high
F-1368-2019,Supplements,high
F-1368-2020,Produce,medium
F-1368-2022,Snacks/Candy,medium
F-1368-2023,Grains/Cereal,high
F-1368-2024,Dairy,high
F-1369-2013,Prepared/Frozen,high
F-1369-2014,Grains/Cereal,high
F-1369-2015,Nuts/Seeds,high
F-1369-2016,Grains/Cereal,medium
F-1369-2017,Bakery,medium
F-1369-2018,Dairy,high
F-1369-2019,Supplements,high
F-1369-2020,Produce,medium
F-1369-2022,Snacks/Candy,medium
F-1369-2023,Grains/Cereal,high
F-1369-2024,Dairy,medium
F-1370-2013,Prepared/Frozen,medium
F-1370-2014,Supplements,high
F-1370-2015,Nuts/Seeds,high
F-1370-2016,Prepared/Frozen,low
F-1370-2017,Bakery,high
F-1370-2018,Dairy,low
F-1370-2020,Produce,medium
F-1370-2022,Snacks/Candy,high
F-1370-2023,Grains/Cereal,high
F-1370-2024,Dairy,high
F-1371-2013,Produce,high
F-1371-2014,Supplements,high
F-1371-2015,Spices/Condiments,high
F-1371-2016,Produce,medium
F-1371-2017,Bakery,high
F-1371-2018,Dairy,high
F-1371-2019,Supplements,high
F-1371-2020,Beef/Pork/Poultry/Game Meats,low
F-1371-2022,Snacks/Candy,high
F-1371-2023,Grains/Cereal,high
F-1371-2024,Produce,high
F-1372-201,Produce,medium
F-1372-2013,Spices/Condiments,medium
F-1372-2014,Supplements,high
F-1372-2015,Spices/Condiments,high
F-1372-2017,Bakery,high
F-1372-2018,Dairy,high
F-1372-2020,Produce,medium
F-1372-2022,Nuts/Seeds,medium
F-1372-2023,Grains/Cereal,medium
F-1372-2024,Dairy,high
F-1373-2013,Spices/Condiments,medium
F-1373-2014,Supplements,high
F-1373-2015,Spices/Condiments,high
F-1373-2016,Beverages,high
F-1373-2017,Bakery,high
F-1373-2018,Prepared/Frozen,medium
F-1373-2020,Plant Protein,medium
F-1373-2022,Prepared/Frozen,high
F-1373-2023,Grains/Cereal,high
F-1373-2024,Dairy,high
F-1374-2013,Spices/Condiments,high
F-1374-2014,Supplements,high
F-1374-2015,Spices/Condiments,medium
F-1374-2016,Beverages,medium
F-1374-2017,Nuts/Seeds,high
F-1374-2018,Dairy,high
F-1374-2020,Produce,medium
F-1374-2022,Prepared/Frozen,medium
F-1374-2023,Grains/Cereal,high
F-1374-2024,Dairy,high
F-1375-2013,Spices/Condiments,high
F-1375-2014,Supplements,high
F-1375-2015,Spices/Condiments,medium
F-1375-2016,Beverages,high
F-1375-2017,Nuts/Seeds,high
F-1375-2018,Produce,high
F-1375-2020,Produce,high
F-1375-2022,Dairy,medium
F-1375-2023,Grains/Cereal,high
F-1375-2024,Bakery,high
F-1376-2013,Spices/Condiments,high
F-1376-2014,Supplements,high
F-1376-2015,Spices/Condiments,low
F-1376-2016,Beverages,high
F-1376-2017,Beverages,high
F-1376-2018,Prepared/Frozen,medium
F-1376-2020,Prepared/Frozen,high
F-1376-2022,Plant Protein,high
F-1376-2023,Grains/Cereal,high
F-1376-2024,Dairy,high
F-1377-2013,Dairy,high
F-1377-2014,Dairy,high
F-1377-2015,Spices/Condiments,high
F-1377-2016,Spices/Condiments,medium
F-1377-2017,Beverages,medium
F-1377-2018,Dairy,high
F-1377-2020,Produce,medium
F-1377-2022,Plant Protein,high
F-1377-2023,Grains/Cereal,high
F-1377-2024,Produce,medium
F-1378-2013,Dairy,high
F-1378-2014,Nuts/Seeds,high
F-1378-2015,Bakery,high
F-1378-2016,Spices/Condiments,medium
F-1378-2017,Bakery,medium
F-1378-2018,Plant Protein,medium
F-1378-2020,Produce,high
F-1378-2022,Prepared/Frozen,medium
F-1378-2023,Grains/Cereal,high
F-1378-2024,Snacks/Candy,low
F-1379-2013,Dairy,high
F-1379-2014,Supplements,high
F-1379-2015,Spices/Condiments,medium
F-1379-2016,Spices/Condiments,medium
F-1379-2017,Beef/Pork/Poultry/Game Meats,low
F-1379-2018,Supplements,high
F-1379-2020,Produce,medium
F-1379-2022,Produce,low
F-1379-2023,Grains/Cereal,high
F-1379-2024,Snacks/Candy,medium
F-1380-2013,Beverages,high
F-1380-2014,Supplements,high
F-1380-2015,Supplements,medium
F-1380-2016,Spices/Condiments,medium
F-1380-2018,Supplements,high
F-1380-2020,Produce,medium
F-1380-2022,Produce,low
F-1380-2023,Prepared/Frozen,medium
F-1380-2024,Snacks/Candy,medium
F-1381-2013,Snacks/Candy,medium
F-1381-2014,Supplements,high
F-1381-2015,Seafood,high
F-1381-2016,Spices/Condiments,medium
F-1381-2018,Supplements,high
F-1381-2020,Produce,low
F-1381-2023,Prepared/Frozen,medium
F-1381-2024,Baking Supplies,low
F-1382-2013,Bakery,high
F-1382-2014,Supplements,high
F-1382-2015,Bakery,high
F-1382-2016,Spices/Condiments,medium
F-1382-2018,Supplements,high
F-1382-2020,Produce,medium
F-1382-2022,Bakery,high
F-1382-2023,Prepared/Frozen,high
F-1382-2024,Baking Supplies,medium
F-1383-2013,Bakery,high
F-1383-2014,Plant Protein,high
F-1383-2015,Spices/Condiments,high
F-1383-2016,Beverages,high
F-1383-2017,Plant Protein,high
F-1383-2018,Supplements,high
F-1383-2019,Spices/Condiments,medium
F-1383-2020,Produce,high
F-1383-2022,Spices/Condiments,medium
F-1383-2023,Dairy,high
F-1383-2024,Food Additives/Ingredients,medium
F-1384-2013,Bakery,high
F-1384-2014,Supplements,high
F-1384-2015,Spices/Condiments,high
F-1384-2016,Seafood,high
F-1384-2017,Plant Protein,high
F-1384-2018,Supplements,high
F-1384-2019,Supplements,medium
F-1384-2020,Produce,medium
F-1384-2022,Baking Supplies,high
F-1384-2023,Dairy,high
F-1384-2024,Snacks/Candy,low
F-1385-2013,Bakery,medium
F-1385-2014,Spices/Condiments,medium
F-1385-2015,Grains/Cereal,high
F-1385-2016,Supplements,low
F-1385-2017,Plant Protein,medium
F-1385-2018,Supplements,high
F-1385-2019,Spices/Condiments,high
F-1385-2020,Produce,medium
F-1385-2022,Baking Supplies,high
F-1385-2023,Dairy,medium
F-1385-2024,Snacks/Candy,medium
F-1386-2013,Bakery,high
F-1386-2014,Prepared/Frozen,medium
F-1386-2015,Snacks/Candy,medium
F-1386-2016,Supplements,low
F-1386-2017,Spices/Condiments,high
F-1386-2018,Supplements,high
F-1386-2019,Spices/Condiments,low
F-1386-2020,Prepared/Frozen,medium
F-1386-2022,Spices/Condiments,high
F-1386-2023,Dairy,high
F-1386-2024,Snacks/Candy,medium
F-1387-2012,Spices/Condiments,high
F-1387-2013,Seafood,high
F-1387-2014,Seafood,high
F-1387-2015,Snacks/Candy,medium
F-1387-2016,Supplements,medium
F-1387-2017,Uncategorized,medium
F-1387-2018,Supplements,high
F-1387-2019,Spices/Condiments,medium
F-1387-2020,Prepared/Frozen,high
F-1387-2022,Beverages,medium
F-1387-2023,Dairy,high
F-1387-2024,Snacks/Candy,low
F-1388-2012,Prepared/Frozen,medium
F-1388-2013,Seafood,high
F-1388-2014,Seafood,high
F-1388-2015,Spices/Condiments,high
F-1388-2016,Supplements,medium
F-1388-2017,Uncategorized,medium
F-1388-2018,Supplements,high
F-1388-2019,Supplements,medium
F-1388-2020,Prepared/Frozen,high
F-1388-2022,Spices/Condiments,high
F-1388-2023,Dairy,high
F-1388-2024,Bakery,high
F-1389-2012,Prepared/Frozen,medium
F-1389-2013,Seafood,high
F-1389-2014,Seafood,high
F-1389-2015,Spices/Condiments,high
F-1389-2016,Supplements,medium
F-1389-2017,Uncategorized,medium
F-1389-2018,Bakery,high
F-1389-2019,Prepared/Frozen,medium
F-1389-2020,Dairy,low
F-1389-2022,Bakery,high
F-1389-2023,Dairy,high
F-1389-2024,Nuts/Seeds,high
F-1390-2012,Bakery,high
F-1390-2013,Seafood,high
F-1390-2014,Seafood,high
F-1390-2015,Spices/Condiments,high
F-1390-2016,Supplements,medium
F-1390-2017,Uncategorized,high
F-1390-2018,Seafood,high
F-1390-2020,Produce,medium
F-1390-2022,Bakery,high
F-1390-2023,Dairy,high
F-1390-2024,Supplements,high
F-1391-2012,Bakery,high
F-1391-2013,Seafood,high
F-1391-2014,Seafood,high
F-1391-2015,Spices/Condiments,high
F-1391-2016,Beverages,high
F-1391-2017,Uncategorized,high
F-1391-2018,Supplements,medium
F-1391-2019,Produce,medium
F-1391-2020,Prepared/Frozen,medium
F-1391-2022,Bakery,high
F-1391-2023,Dairy,high
F-1391-2024,Supplements,high
F-1392-2012,Bakery,high
F-1392-2013,Supplements,high
F-1392-2014,Seafood,high
F-1392-2015,Spices/Condiments,high
F-1392-2016,Beverages,high
F-1392-2017,Uncategorized,medium
F-1392-2018,Supplements,medium
F-1392-2019,Produce,medium
F-1392-2020,Prepared/Frozen,high
F-1392-2022,Bakery,medium
F-1392-2023,Dairy,high
F-1392-2024,Prepared/Frozen,high
F-1393-2013,Produce,high
F-1393-2014,Seafood,high
F-1393-2015,Spices/Condiments,high
F-1393-2016,Beverages,high
F-1393-2017,Snacks/Candy,medium
F-1393-2018,Supplements,medium
F-1393-2019,Seafood,high
F-1393-2020,Prepared/Frozen,high
F-1393-2022,Bakery,medium
F-1393-2023,Dairy,high
F-1393-2024,Prepared/Frozen,medium
F-1394-2013,Supplements,low
F-1394-2014,Seafood,high
F-1394-2015,Spices/Condiments,high
F-1394-2016,Beverages,high
F-1394-2017,Snacks/Candy,low
F-1394-2018,Snacks/Candy,medium
F-1394-2019,Supplements,high
F-1394-2020,Prepared/Frozen,medium
F-1394-2022,Bakery,high
F-1394-2023,Prepared/Frozen,medium
F-1394-2024,Prepared/Frozen,high
F-1395-2013,Snacks/Candy,medium
F-1395-2014,Seafood,high
F-1395-2015,Spices/Condiments,medium
F-1395-2016,Beverages,high
F-1395-2017,Non-Food Item,high
F-1395-2018,Snacks/Candy,medium
F-1395-2019,Supplements,high
F-1395-2020,Prepared/Frozen,medium
F-1395-2022,Bakery,high
F-1395-2023,Prepared/Frozen,medium
F-1395-2024,Beef/Pork/Poultry/Game Meats,medium
F-1396-2014,Seafood,high
F-1396-2015,Spices/Condiments,high
F-1396-2016,Beverages,high
F-1396-2017,Beverages,medium
F-1396-2018,Snacks/Candy,medium
F-1396-2019,Supplements,high
F-1396-2020,Prepared/Frozen,high
F-1396-2022,Bakery,high
F-1396-2023,Prepared/Frozen,medium
F-1396-2024,Prepared/Frozen,medium
F-1397-2013,Produce,high
F-1397-2014,Seafood,high
F-1397-2015,Spices/Condiments,high
F-1397-2016,Spices/Condiments,high
F-1397-2017,Uncategorized,high
F-1397-2018,Snacks/Candy,high
F-1397-2019,Produce,low
F-1397-2020,Prepared/Frozen,high
F-1397-2022,Bakery,high
F-1397-2023,Prepared/Frozen,medium
F-1397-2024,Prepared/Frozen,medium
F-1398-2012,Produce,high
F-1398-2013,Snacks/Candy,high
F-1398-2014,Seafood,high
F-1398-2015,Spices/Condiments,high
F-1398-2016,Prepared/Frozen,high
F-1398-2017,Beverages,medium
F-1398-2018,Prepared/Frozen,high
F-1398-2019,Prepared/Frozen,medium
F-1398-2020,Prepared/Frozen,medium
F-1398-2022,Bakery,high
F-1398-2023,Produce,high
F-1398-2024,Prepared/Frozen,medium
F-1399-2012,Spices/Condiments,medium
F-1399-2013,Snacks/Candy,high
F-1399-2014,Seafood,high
F-1399-2015,Spices/Condiments,high
F-1399-2016,Beverages,low
F-1399-2017,Uncategorized,medium
F-1399-2018,Prepared/Frozen,medium
F-1399-2019,Prepared/Frozen,high
F-1399-2020,Prepared/Frozen,high
F-1399-2022,Bakery,high
F-1399-2023,Bakery,high
F-1399-2024,Beef/Pork/Poultry/Game Meats,low
F-1400-2012,Dairy,high
F-1400-2013,Snacks/Candy,high
F-1400-2014,Seafood,high
F-1400-2015,Spices/Condiments,high
F-1400-2016,Supplements,medium
F-1400-2017,Uncategorized,medium
F-1400-2018,Supplements,high
F-1400-2019,Prepared/Frozen,high
F-1400-2020,Prepared/Frozen,high
F-1400-2022,Prepared/Frozen,medium
F-1400-2023,Produce,medium
F-1400-2024,Prepared/Frozen,medium
F-1401-2012,Dairy,high
F-1401-2013,Snacks/Candy,high
F-1401-2014,Seafood,high
F-1401-2015,Spices/Condiments,high
F-1401-2016,Supplements,medium
F-1401-2017,Uncategorized,medium
F-1401-2018,Supplements,high
F-1401-2019,Prepared/Frozen,high
F-1401-2020,Prepared/Frozen,medium
F-1401-2022,Produce,high
F-1401-2023,Plant Protein,high
F-1401-2024,Prepared/Frozen,medium
F-1402-2012,Bakery,high
F-1402-2014,Seafood,high
F-1402-2015,Spices/Condiments,high
F-1402-2016,Food Additives/Ingredients,low
F-1402-2017,Beverages,medium
F-1402-2018,Supplements,high
F-1402-2019,Prepared/Frozen,high
F-1402-2020,Prepared/Frozen,medium
F-1402-2022,Bakery,high
F-1402-2023,Plant Protein,low
F-1402-2024,Prepared/Frozen,medium
F-1403-2012,Bakery,high
F-1403-2013,Snacks/Candy,high
F-1403-2014,Snacks/Candy,high
F-1403-2015,Bakery,high
F-1403-2016,Snacks/Candy,medium
F-1403-2017,Uncategorized,high
F-1403-2018,Supplements,high
F-1403-2019,Prepared/Frozen,high
F-1403-2020,Prepared/Frozen,medium
F-1403-2022,Spices/Condiments,high
F-1403-2023,Nuts/Seeds,high
F-1403-2024,Prepared/Frozen,medium
F-1404-2012,Bakery,high
F-1404-2013,Nuts/Seeds,low
F-1404-2014,Snacks/Candy,high
F-1404-2015,Bakery,high
F-1404-2016,Supplements,high
F-1404-2017,Uncategorized,medium
F-1404-2018,Bakery,high
F-1404-2019,Prepared/Frozen,high
F-1404-2020,Beef/Pork/Poultry/Game Meats,medium
F-1404-2022,Baking Supplies,medium
F-1404-2023,Bakery,medium
F-1404-2024,Prepared/Frozen,high
F-1405-2012,Bakery,high
F-1405-2013,Prepared/Frozen,low
F-1405-2014,Seafood,high
F-1405-2015,Plant Protein,medium
F-1405-2016,Supplements,high
F-1405-2017,Uncategorized,medium
F-1405-2018,Spices/Condiments,high
F-1405-2019,Prepared/Frozen,high
F-1405-2020,Beef/Pork/Poultry/Game Meats,medium
F-1405-2022,Plant Protein,medium
F-1405-2023,Snacks/Candy,high
F-1405-2024,Prepared/Frozen,medium
F-1406-2012,Spices/Condiments,medium
F-1406-2013,Spices/Condiments,high
F-1406-2014,Seafood,high
F-1406-2015,Produce,medium
F-1406-2016,Supplements,high
F-1406-2017,Uncategorized,medium
F-1406-2018,Spices/Condiments,high
F-1406-2019,Dairy,high
F-1406-2020,Beef/Pork/Poultry/Game Meats,medium
F-1406-2022,Plant Protein,medium
F-1406-2023,Snacks/Candy,high
F-1406-2024,Prepared/Frozen,medium
F-1407-2012,Dairy,high
F-1407-2013,Spices/Condiments,high
F-1407-2014,Seafood,high
F-1407-2015,Snacks/Candy,high
F-1407-2016,Dairy,high
F-1407-2017,Uncategorized,medium
F-1407-2018,Spices/Condiments,high
F-1407-2019,Dairy,high
F-1407-2020,Prepared/Frozen,high
F-1407-2022,Plant Protein,medium
F-1407-2023,Snacks/Candy,high
F-1407-2024,Prepared/Frozen,medium
F-1408-2012,Dairy,high
F-1408-2013,Spices/Condiments,medium
F-1408-2014,Seafood,high
F-1408-2015,Snacks/Candy,high
F-1408-2016,Bakery,low
F-1408-2017,Uncategorized,medium
F-1408-2018,Snacks/Candy,high
F-1408-2019,Grains/Cereal,medium
F-1408-2020,Prepared/Frozen,high
F-1408-2022,Plant Protein,high
F-1408-2023,Snacks/Candy,high
F-1408-2024,Prepared/Frozen,medium
F-1409-2012,Spices/Condiments,high
F-1409-2013,Spices/Condiments,high
F-1409-2014,Seafood,high
F-1409-2015,Baby/Toddler Food,high
F-1409-2016,Bakery,medium
F-1409-2017,Uncategorized,medium
F-1409-2018,Snacks/Candy,high
F-1409-2019,Grains/Cereal,medium
F-1409-2020,Prepared/Frozen,high
F-1409-2022,Plant Protein,medium
F-1409-2023,Snacks/Candy,high
F-1409-2024,Prepared/Frozen,medium
F-1410-2012,Spices/Condiments,medium
F-1410-2013,Spices/Condiments,high
F-1410-2014,Seafood,high
F-1410-2015,Produce,medium
F-1410-2016,Bakery,high
F-1410-2017,Uncategorized,medium
F-1410-2018,Eggs,high
F-1410-2019,Snacks/Candy,medium
F-1410-2020,Spices/Condiments,medium
F-1410-2022,Plant Protein,medium
F-1410-2023,Snacks/Candy,high
F-1410-2024,Beef/Pork/Poultry/Game Meats,medium
F-1411-2012,Spices/Condiments,medium
F-1411-2013,Grains/Cereal,medium
F-1411-2014,Dairy,medium
F-1411-2015,Spices/Condiments,high
F-1411-2016,Grains/Cereal,high
F-1411-2017,Uncategorized,low
F-1411-2018,Eggs,high
F-1411-2019,Snacks/Candy,high
F-1411-2020,Spices/Condiments,medium
F-1411-2022,Snacks/Candy,high
F-1411-2023,Snacks/Candy,high
F-1411-2024,Prepared/Frozen,high
F-1412-2012,Spices/Condiments,medium
F-1412-2013,Beverages,high
F-1412-2014,Dairy,medium
F-1412-2015,Spices/Condiments,high
F-1412-2016,Prepared/Frozen,medium
F-1412-2017,Uncategorized,medium
F-1412-2018,Produce,high
F-1412-2019,Snacks/Candy,high
F-1412-2020,Produce,low
F-1412-2022,Spices/Condiments,medium
F-1412-2023,Snacks/Candy,high
F-1412-2024,Prepared/Frozen,medium
F-1413-2012,Spices/Condiments,high
F-1413-2013,Beverages,high
F-1413-2014,Seafood,high
F-1413-2015,Plant Protein,medium
F-1413-2016,Produce,high
F-1413-2017,Beverages,low
F-1413-2018,Supplements,high
F-1413-2019,Snacks/Candy,medium
F-1413-2020,Produce,high
F-1413-2022,Dairy,medium
F-1413-2023,Snacks/Candy,high
F-1413-2024,Bakery,medium
F-1414-2012,Spices/Condiments,high
F-1414-2013,Beverages,high
F-1414-2014,Seafood,high
F-1414-2015,Spices/Condiments,high
F-1414-2016,Nuts/Seeds,high
F-1414-2017,Uncategorized,medium
F-1414-2018,Supplements,high
F-1414-2019,Grains/Cereal,high
F-1414-2020,Produce,medium
F-1414-2022,Bakery,high
F-1414-2023,Snacks/Candy,high
F-1414-2024,Prepared/Frozen,medium
F-1415-2012,Spices/Condiments,medium
F-1415-2013,Beverages,medium
F-1415-2014,Seafood,high
F-1415-2015,Bakery,high
F-1415-2016,Nuts/Seeds,high
F-1415-2017,Uncategorized,medium
F-1415-2018,Supplements,high
F-1415-2019,Grains/Cereal,medium
F-1415-2020,Prepared/Frozen,medium
F-1415-2022,Baby/Toddler Food,high
F-1415-2023,Snacks/Candy,high
F-1415-2024,Prepared/Frozen,high
F-1416-2012,Spices/Condiments,medium
F-1416-2013,Beverages,high
F-1416-2014,Seafood,low
F-1416-2015,Bakery,high
F-1416-2016,Nuts/Seeds,high
F-1416-2017,Uncategorized,medium
F-1416-2018,Supplements,high
F-1416-2019,Nuts/Seeds,medium
F-1416-2020,Prepared/Frozen,high
F-1416-2022,Bakery,high
F-1416-2023,Snacks/Candy,high
F-1416-2024,Prepared/Frozen,medium
F-1417-2012,Seafood,high
F-1417-2013,Beverages,high
F-1417-2014,Seafood,high
F-1417-2015,Bakery,high
F-1417-2016,Nuts/Seeds,high
F-1417-2017,Non-Food Item,high
F-1417-2018,Supplements,high
F-1417-2019,Nuts/Seeds,medium
F-1417-2020,Prepared/Frozen,high
F-1417-2022,Seafood,medium
F-1417-2023,Snacks/Candy,high
F-1417-2024,Bakery,high
F-1418-2012,Seafood,high
F-1418-2013,Beverages,high
F-1418-2014,Prepared/Frozen,high
F-1418-2015,Bakery,high
F-1418-2016,Nuts/Seeds,medium
F-1418-2018,Supplements,high
F-1418-2019,Nuts/Seeds,high
F-1418-2020,Prepared/Frozen,medium
F-1418-2022,Supplements,high
F-1418-2023,Snacks/Candy,high
F-1418-2024,Dairy,high
F-1419-2012,Seafood,high
F-1419-2013,Beverages,high
F-1419-2014,Prepared/Frozen,medium
F-1419-2015,Bakery,high
F-1419-2016,Bakery,high
F-1419-2017,Supplements,medium
F-1419-2018,Supplements,high
F-1419-2019,Snacks/Candy,medium
F-1419-2020,Grains/Cereal,high
F-1419-2022,Snacks/Candy,high
F-1419-2023,Snacks/Candy,high
F-1419-2024,Bakery,medium
F-1420-2013,Beverages,high
F-1420-2014,Prepared/Frozen,high
F-1420-2015,Bakery,high
F-1420-2016,Bakery,medium
F-1420-2017,Supplements,high
F-1420-2018,Supplements,high
F-1420-2020,Spices/Condiments,high
F-1420-2022,Dairy,high
F-1420-2023,Snacks/Candy,high
F-1420-2024,Snacks/Candy,high
F-1421-2012,Prepared/Frozen,medium
F-1421-2013,Beverages,high
F-1421-2014,Produce,medium
F-1421-2015,Bakery,high
F-1421-2016,Snacks/Candy,high
F-1421-2017,Supplements,high
F-1421-2018,Supplements,high
F-1421-2020,Spices/Condiments,high
F-1421-2022,Dairy,high
F-1421-2023,Grains/Cereal,medium
F-1421-2024,Dairy,high
F-1422-2012,Seafood,high
F-1422-2013,Beverages,high
F-1422-2014,Prepared/Frozen,medium
F-1422-2015,Bakery,high
F-1422-2016,Snacks/Candy,high
F-1422-2017,Supplements,high
F-1422-2018,Supplements,high
F-1422-2019,Dairy,high
F-1422-2020,Spices/Condiments,high
F-1422-2022,Dairy,high
F-1422-2023,Beverages,high
F-1422-2024,Produce,high
F-1423-2012,Seafood,high
F-1423-2013,Beverages,high
F-1423-2014,Prepared/Frozen,medium
F-1423-2015,Bakery,high
F-1423-2016,Spices/Condiments,high
F-1423-2017,Supplements,low
F-1423-2018,Supplements,high
F-1423-2019,Bakery,high
F-1423-2020,Spices/Condiments,high
F-1423-2022,Dairy,high
F-1423-2023,Produce,high
F-1423-2024,Seafood,high
F-1424-2012,Seafood,high
F-1424-2013,Beverages,high
F-1424-2014,Prepared/Frozen,medium
F-1424-2015,Bakery,high
F-1424-2017,Supplements,medium
F-1424-2018,Supplements,high
F-1424-2019,Produce,high
F-1424-2020,Snacks/Candy,high
F-1424-2022,Dairy,high
F-1424-2023,Produce,high
F-1424-2024,Snacks/Candy,high
F-1425-2012,Seafood,high
F-1425-2013,Beverages,high
F-1425-2014,Prepared/Frozen,medium
F-1425-2015,Bakery,high
F-1425-2016,Snacks/Candy,medium
F-1425-2017,Prepared/Frozen,medium
F-1425-2018,Supplements,high
F-1425-2019,Produce,high
F-1425-2020,Snacks/Candy,high
F-1425-2022,Dairy,high
F-1425-2023,Produce,high
F-1425-2024,Snacks/Candy,high
F-1426-2012,Seafood,high
F-1426-2013,Beverages,high
F-1426-2014,Dairy,high
F-1426-2015,Bakery,high
F-1426-2016,Plant Protein,low
F-1426-2017,Produce,high
F-1426-2018,Supplements,high
F-1426-2019,Seafood,high
F-1426-2020,Spices/Condiments,high
F-1426-2022,Dairy,high
F-1426-2023,Produce,high
F-1426-2024,Bakery,medium
F-1427-2012,Seafood,high
F-1427-2013,Beverages,high
F-1427-2014,Produce,high
F-1427-2015,Bakery,high
F-1427-2016,Nuts/Seeds,high
F-1427-2017,Produce,medium
F-1427-2018,Supplements,high
F-1427-2019,Produce,medium
F-1427-2020,Spices/Condiments,high
F-1427-2022,Dairy,high
F-1427-2023,Produce,high
F-1427-2024,Bakery,high
F-1428-2012,Seafood,high
F-1428-2013,Beverages,high
F-1428-2014,Bakery,high
F-1428-2015,Snacks/Candy,high
F-1428-2016,Nuts/Seeds,high
F-1428-2017,Snacks/Candy,high
F-1428-2018,Supplements,high
F-1428-2019,Dairy,high
F-1428-2020,Prepared/Frozen,medium
F-1428-2022,Plant Protein,high
F-1428-2023,Produce,high
F-1428-2024,Bakery,high
F-1429-2012,Seafood,high
F-1429-2013,Beverages,medium
F-1429-2014,Bakery,high
F-1429-2015,Produce,medium
F-1429-2016,Bakery,high
F-1429-2017,Snacks/Candy,high
F-1429-2018,Supplements,high
F-1429-2019,Beverages,high
F-1429-2020,Snacks/Candy,high
F-1429-2022,Beverages,low
F-1429-2023,Produce,high
F-1429-2024,Bakery,high
F-1430-2012,Seafood,high
F-1430-2013,Snacks/Candy,high
F-1430-2014,Bakery,high
F-1430-2015,Plant Protein,medium
F-1430-2016,Bakery,medium
F-1430-2017,Supplements,medium
F-1430-2018,Supplements,high
F-1430-2019,Beverages,high
F-1430-2020,Bakery,high
F-1430-2022,Beverages,medium
F-1430-2023,Produce,high
F-1430-2024,Bakery,medium
F-1431-2012,Seafood,high
F-1431-2013,Snacks/Candy,high
F-1431-2014,Bakery,high
F-1431-2015,Spices/Condiments,medium
F-1431-2016,Supplements,high
F-1431-2017,Uncategorized,low
F-1431-2018,Supplements,high
F-1431-2019,Beverages,high
F-1431-2020,Seafood,high
F-1431-2022,Grains/Cereal,medium
F-1431-2023,Produce,high
F-1431-2024,Nuts/Seeds,high
F-1432-2012,Seafood,high
F-1432-2013,Snacks/Candy,high
F-1432-2014,Bakery,high
F-1432-2015,Prepared/Frozen,medium
F-1432-2017,Produce,medium
F-1432-2018,Supplements,high
F-1432-2019,Beverages,high
F-1432-2020,Seafood,high
F-1432-2022,Beverages,low
F-1432-2023,Produce,high
F-1432-2024,Supplements,high
F-1433-2012,Seafood,high
F-1433-2013,Snacks/Candy,high
F-1433-2014,Bakery,high
F-1433-2015,Plant Protein,medium
F-1433-2018,Supplements,high
F-1433-2019,Grains/Cereal,medium
F-1433-2020,Snacks/Candy,medium
F-1433-2022,Beverages,medium
F-1433-2023,Produce,high
F-1434-2012,Seafood,high
F-1434-2013,Snacks/Candy,high
F-1434-2014,Bakery,high
F-1434-2015,Prepared/Frozen,low
F-1434-2018,Supplements,high
F-1434-2019,Grains/Cereal,medium
F-1434-2020,Nuts/Seeds,high
F-1434-2022,Produce,medium
F-1434-2023,Snacks/Candy,high
F-1435-2012,Seafood,high
F-1435-2013,Snacks/Candy,high
F-1435-2014,Bakery,high
F-1435-2015,Plant Protein,medium
F-1435-2016,Bakery,high
F-1435-2017,Snacks/Candy,low
F-1435-2018,Supplements,high
F-1435-2019,Bakery,high
F-1435-2020,Food Additives/Ingredients,high
F-1435-2022,Beverages,medium
F-1435-2023,Snacks/Candy,high
F-1436-2012,Seafood,high
F-1436-2013,Snacks/Candy,high
F-1436-2014,Bakery,high
F-1436-2015,Prepared/Frozen,medium
F-1436-2016,Beverages,high
F-1436-2017,Baking Supplies,medium
F-1436-2018,Supplements,high
F-1436-2019,Prepared/Frozen,medium
F-1436-2020,Produce,high
F-1436-2022,Bakery,medium
F-1436-2023,Bakery,medium
F-1437-2012,Seafood,high
F-1437-2013,Seafood,high
F-1437-2014,Dairy,high
F-1437-2015,Snacks/Candy,medium
F-1437-2016,Bakery,high
F-1437-2017,Baking Supplies,low
F-1437-2018,Supplements,high
F-1437-2019,Grains/Cereal,medium
F-1437-2020,Snacks/Candy,medium
F-1437-2022,Bakery,medium
F-1437-2023,Bakery,medium
F-1438-2012,Seafood,high
F-1438-2013,Seafood,high
F-1438-2014,Snacks/Candy,high
F-1438-2015,Snacks/Candy,high
F-1438-2016,Beverages,high
F-1438-2017,Baking Supplies,low
F-1438-2018,Supplements,high
F-1438-2019,Grains/Cereal,medium
F-1438-2020,Produce,high
F-1438-2022,Bakery,medium
F-1438-2023,Snacks/Candy,medium
F-1439-2012,Seafood,high
F-1439-2013,Seafood,high
F-1439-2014,Produce,high
F-1439-2015,Snacks/Candy,medium
F-1439-2016,Produce,high
F-1439-2017,Baking Supplies,low
F-1439-2018,Supplements,high
F-1439-2019,Seafood,medium
F-1439-2020,Spices/Condiments,high
F-1439-2022,Bakery,medium
F-1439-2023,Snacks/Candy,medium
F-1440-2012,Seafood,high
F-1440-2013,Seafood,high
F-1440-2014,Bakery,high
F-1440-2015,Snacks/Candy,medium
F-1440-2016,Bakery,high
F-1440-2017,Dairy,medium
F-1440-2018,Spices/Condiments,high
F-1440-2019,Beverages,medium
F-1440-2020,Supplements,high
F-1440-2022,Bakery,medium
F-1440-2023,Snacks/Candy,medium
F-1441-2012,Seafood,high
F-1441-2013,Nuts/Seeds,high
F-1441-2014,Bakery,high
F-1441-2015,Uncategorized,low
F-1441-2016,Bakery,medium
F-1441-2018,Nuts/Seeds,high
F-1441-2020,Supplements,medium
F-1441-2022,Bakery,medium
F-1441-2023,Snacks/Candy,medium
F-1442-2012,Seafood,high
F-1442-2013,Dairy,high
F-1442-2014,Grains/Cereal,high
F-1442-2015,Uncategorized,low
F-1442-2016,Bakery,medium
F-1442-2017,Baking Supplies,low
F-1442-2018,Dairy,medium
F-1442-2019,Produce,high
F-1442-2020,Supplements,medium
F-1442-2022,Bakery,medium
F-1442-2023,Supplements,high
F-1443-2012,Spices/Condiments,high
F-1443-2013,Snacks/Candy,high
F-1443-2014,Produce,medium
F-1443-2015,Snacks/Candy,medium
F-1443-2016,Bakery,medium
F-1443-2017,Baking Supplies,medium
F-1443-2018,Snacks/Candy,high
F-1443-2019,Produce,high
F-1443-2020,Supplements,medium
F-1443-2022,Bakery,medium
F-1443-2023,Supplements,high
F-1444-2012,Seafood,high
F-1444-2013,Produce,medium
F-1444-2014,Produce,high
F-1444-2015,Uncategorized,low
F-1444-2016,Bakery,high
F-1444-2017,Prepared/Frozen,high
F-1444-2018,Snacks/Candy,high
F-1444-2019,Prepared/Frozen,high
F-1444-2020,Supplements,medium
F-1444-2022,Bakery,medium
F-1444-2023,Food Additives/Ingredients,medium
F-1445-2012,Seafood,high
F-1445-2013,Produce,medium
F-1445-2014,Spices/Condiments,medium
F-1445-2015,Nuts/Seeds,high
F-1445-2016,Bakery,high
F-1445-2017,Prepared/Frozen,high
F-1445-2018,Snacks/Candy,medium
F-1445-2019,Prepared/Frozen,medium
F-1445-2020,Supplements,medium
F-1445-2022,Bakery,medium
F-1445-2023,Spices/Condiments,medium
F-1446-2012,Produce,high
F-1446-2013,Prepared/Frozen,medium
F-1446-2014,Produce,high
F-1446-2015,Produce,high
F-1446-2016,Bakery,high
F-1446-2017,Spices/Condiments,medium
F-1446-2018,Snacks/Candy,medium
F-1446-2019,Produce,high
F-1446-2020,Supplements,medium
F-1446-2022,Bakery,medium
F-1446-2023,Food Additives/Ingredients,medium
F-1447-2012,Produce,high
F-1447-2013,Prepared/Frozen,medium
F-1447-2014,Produce,high
F-1447-2015,Uncategorized,low
F-1447-2016,Bakery,medium
F-1447-2017,Spices/Condiments,high
F-1447-2018,Snacks/Candy,medium
F-1447-2019,Bakery,high
F-1447-2020,Supplements,medium
F-1447-2022,Bakery,medium
F-1447-2023,Food Additives/Ingredients,medium
F-1448-2012,Seafood,high
F-1448-2013,Nuts/Seeds,medium
F-1448-2014,Produce,high
F-1448-2015,Snacks/Candy,medium
F-1448-2016,Bakery,medium
F-1448-2017,Spices/Condiments,high
F-1448-2018,Snacks/Candy,medium
F-1448-2020,Spices/Condiments,medium
F-1448-2022,Bakery,medium
F-1448-2023,Bakery,medium
F-1449-2012,Seafood,high
F-1449-2013,Snacks/Candy,medium
F-1449-2014,Produce,high
F-1449-2015,Snacks/Candy,high
F-1449-2016,Bakery,medium
F-1449-2017,Spices/Condiments,high
F-1449-2018,Snacks/Candy,medium
F-1449-2019,Snacks/Candy,high
F-1449-2020,Supplements,high
F-1449-2022,Bakery,medium
F-1449-2023,Uncategorized,high
F-1450-2012,Seafood,high
F-1450-2013,Food Additives/Ingredients,low
F-1450-2014,Produce,high
F-1450-2015,Spices/Condiments,low
F-1450-2016,Bakery,high
F-1450-2017,Spices/Condiments,medium
F-1450-2018,Snacks/Candy,medium
F-1450-2019,Snacks/Candy,high
F-1450-2020,Supplements,high
F-1450-2022,Bakery,medium
F-1450-2023,Produce,high
F-1451-2012,Seafood,high
F-1451-2013,Nuts/Seeds,medium
F-1451-2014,Grains/Cereal,high
F-1451-2015,Plant Protein,low
F-1451-2017,Snacks/Candy,high
F-1451-2018,Snacks/Candy,medium
F-1451-2019,Snacks/Candy,high
F-1451-2020,Supplements,high
F-1451-2022,Snacks/Candy,high
F-1451-2023,Produce,high
F-1452-2012,Seafood,high
F-1452-2013,Nuts/Seeds,medium
F-1452-2014,Snacks/Candy,low
F-1452-2015,Seafood,medium
F-1452-2017,Prepared/Frozen,medium
F-1452-2018,Snacks/Candy,medium
F-1452-2019,Snacks/Candy,high
F-1452-2020,Supplements,medium
F-1452-2022,Snacks/Candy,high
F-1452-2023,Produce,high
F-1453-2012,Grains/Cereal,low
F-1453-2013,Bakery,high
F-1453-2014,Supplements,high
F-1453-2015,Seafood,high
F-1453-2017,Snacks/Candy,high
F-1453-2018,Snacks/Candy,medium
F-1453-2019,Snacks/Candy,high
F-1453-2020,Supplements,high
F-1453-2022,Snacks/Candy,high
F-1453-2023,Produce,high
F-1454-2012,Seafood,high
F-1454-2013,Produce,high
F-1454-2014,Supplements,high
F-1454-2015,Dairy,medium
F-1454-2016,Bakery,high
F-1454-2017,Snacks/Candy,high
F-1454-2018,Snacks/Candy,medium
F-1454-2019,Snacks/Candy,high
F-1454-2020,Supplements,medium
F-1454-2022,Snacks/Candy,high
F-1454-2023,Nuts/Seeds,high
F-1455-2012,Seafood,high
F-1455-2013,Produce,high
F-1455-2014,Supplements,high
F-1455-2015,Dairy,high
F-1455-2016,Bakery,medium
F-1455-2017,Snacks/Candy,high
F-1455-2018,Snacks/Candy,medium
F-1455-2019,Snacks/Candy,high
F-1455-2020,Supplements,high
F-1455-2022,Snacks/Candy,high
F-1455-2023,Bakery,high
F-1456-2012,Seafood,high
F-1456-2013,Produce,high
F-1456-2014,Supplements,high
F-1456-2015,Dairy,medium
F-1456-2016,Bakery,high
F-1456-2017,Snacks/Candy,high
F-1456-2018,Snacks/Candy,medium
F-1456-2019,Supplements,medium
F-1456-2020,Supplements,medium
F-1456-2022,Snacks/Candy,high
F-1456-2023,Beverages,high
F-1456-2024,Snacks/Candy,high
F-1457-2012,Dairy,high
F-1457-2013,Produce,medium
F-1457-2014,Supplements,high
F-1457-2015,Dairy,medium
F-1457-2016,Bakery,medium
F-1457-2017,Snacks/Candy,high
F-1457-2018,Dairy,high
F-1457-2019,Plant Protein,medium
F-1457-2020,Supplements,high
F-1457-2022,Snacks/Candy,high
F-1457-2023,Snacks/Candy,high
F-1457-2024,Prepared/Frozen,medium
F-1458-2012,Dairy,medium
F-1458-2013,Snacks/Candy,medium
F-1458-2014,Supplements,high
F-1458-2015,Dairy,medium
F-1458-2016,Bakery,high
F-1458-2017,Snacks/Candy,high
F-1458-2018,Supplements,high
F-1458-2019,Bakery,medium
F-1458-2020,Supplements,high
F-1458-2022,Snacks/Candy,high
F-1458-2023,Snacks/Candy,high
F-1458-2024,Supplements,high
F-1459-2012,Dairy,medium
F-1459-2013,Nuts/Seeds,high
F-1459-2014,Supplements,high
F-1459-2015,Dairy,medium
F-1459-2016,Bakery,high
F-1459-2017,Snacks/Candy,high
F-1459-2018,Supplements,high
F-1459-2019,Bakery,high
F-1459-2020,Supplements,high
F-1459-2022,Snacks/Candy,high
F-1459-2023,Nuts/Seeds,high
F-1459-2024,Supplements,high
F-1460-2012,Seafood,high
F-1460-2013,Bakery,medium
F-1460-2014,Supplements,high
F-1460-2015,Dairy,medium
F-1460-2016,Bakery,high
F-1460-2017,Dairy,medium
F-1460-2018,Supplements,high
F-1460-2019,Bakery,high
F-1460-2020,Supplements,medium
F-1460-2022,Snacks/Candy,high
F-1460-2023,Spices/Condiments,high
F-1460-2024,Bakery,high
F-1461-2012,Grains/Cereal,high
F-1461-2013,Bakery,medium
F-1461-2014,Supplements,high
F-1461-2015,Dairy,high
F-1461-2016,Bakery,high
F-1461-2017,Dairy,medium
F-1461-2018,Supplements,high
F-1461-2019,Produce,high
F-1461-2020,Supplements,medium
F-1461-2022,Snacks/Candy,high
F-1461-2023,Beverages,high
F-1461-2024,Bakery,high
F-1462-2012,Grains/Cereal,high
F-1462-2013,Bakery,high
F-1462-2015,Dairy,high
F-1462-2016,Bakery,high
F-1462-2017,Dairy,medium
F-1462-2018,Supplements,high
F-1462-2019,Produce,high
F-1462-2020,Supplements,high
F-1462-2022,Snacks/Candy,high
F-1462-2023,Spices/Condiments,low
F-1462-2024,Bakery,high
F-1463-2012,Spices/Condiments,high
F-1463-2013,Spices/Condiments,high
F-1463-2014,Snacks/Candy,high
F-1463-2015,Dairy,medium
F-1463-2016,Bakery,high
F-1463-2017,Baking Supplies,low
F-1463-2018,Supplements,high
F-1463-2019,Grains/Cereal,high
F-1463-2020,Supplements,high
F-1463-2022,Snacks/Candy,high
F-1463-2023,Produce,medium
F-1463-2024,Baby/Toddler Food,high
F-1464-2012,Spices/Condiments,high
F-1464-2013,Prepared/Frozen,medium
F-1464-2014,Nuts/Seeds,high
F-1464-2015,Dairy,medium
F-1464-2016,Bakery,medium
F-1464-2017,Snacks/Candy,medium
F-1464-2018,Supplements,high
F-1464-2019,Snacks/Candy,high
F-1464-2020,Supplements,medium
F-1464-2022,Snacks/Candy,medium
F-1464-2023,Plant Protein,medium
F-1464-2024,Baby/Toddler Food,high
F-1465-2012,Spices/Condiments,high
F-1465-2013,Dairy,high
F-1465-2014,Bakery,high
F-1465-2015,Dairy,medium
F-1465-2016,Bakery,high
F-1465-2017,Snacks/Candy,high
F-1465-2018,Supplements,high
F-1465-2019,Snacks/Candy,medium
F-1465-2020,Supplements,high
F-1465-2022,Snacks/Candy,high
F-1465-2023,Grains/Cereal,low
F-1465-2024,Baby/Toddler Food,high
F-1466-2012,Spices/Condiments,high
F-1466-2013,Beverages,high
F-1466-2014,Dairy,high
F-1466-2015,Dairy,high
F-1466-2016,Bakery,high
F-1466-2017,Baking Supplies,medium
F-1466-2018,Produce,high
F-1466-2019,Snacks/Candy,high
F-1466-2020,Supplements,medium
F-1466-2022,Snacks/Candy,medium
F-1466-2023,Produce,medium
F-1466-2024,Dairy,high
F-1467-2012,Spices/Condiments,high
F-1467-2014,Dairy,high
F-1467-2015,Dairy,high
F-1467-2016,Bakery,medium
F-1467-2017,Plant Protein,medium
F-1467-2018,Produce,high
F-1467-2019,Snacks/Candy,high
F-1467-2020,Supplements,medium
F-1467-2022,Snacks/Candy,high
F-1467-2023,Plant Protein,medium
F-1467-2024,Prepared/Frozen,high
F-1468-2012,Spices/Condiments,high
F-1468-2013,Prepared/Frozen,high
F-1468-2014,Food Additives/Ingredients,medium
F-1468-2015,Dairy,high
F-1468-2016,Bakery,medium
F-1468-2017,Produce,medium
F-1468-2018,Produce,high
F-1468-2019,Prepared/Frozen,medium
F-1468-2020,Supplements,high
F-1468-2022,Snacks/Candy,high
F-1468-2023,Produce,medium
F-1468-2024,Prepared/Frozen,medium
F-1469-2012,Spices/Condiments,high
F-1469-2013,Beef/Pork/Poultry/Game Meats,medium
F-1469-2014,Food Additives/Ingredients,medium
F-1469-2015,Dairy,medium
F-1469-2016,Bakery,high
F-1469-2017,Bakery,high
F-1469-2018,Produce,high
F-1469-2019,Prepared/Frozen,medium
F-1469-2020,Supplements,high
F-1469-2022,Snacks/Candy,high
F-1469-2023,Snacks/Candy,medium
F-1469-2024,Bakery,high
F-1470-2012,Spices/Condiments,high
F-1470-2013,Plant Protein,low
F-1470-2014,Food Additives/Ingredients,low
F-1470-2015,Dairy,high
F-1470-2016,Bakery,high
F-1470-2017,Bakery,medium
F-1470-2018,Produce,high
F-1470-2019,Prepared/Frozen,medium
F-1470-2020,Supplements,high
F-1470-2022,Snacks/Candy,high
F-1470-2023,Snacks/Candy,medium
F-1470-2024,Bakery,high
F-1471-2012,Spices/Condiments,high
F-1471-2013,Dairy,high
F-1471-2014,Food Additives/Ingredients,low
F-1471-2015,Dairy,high
F-1471-2016,Bakery,medium
F-1471-2017,Bakery,medium
F-1471-2018,Produce,high
F-1471-2019,Eggs,high
F-1471-2020,Supplements,high
F-1471-2022,Snacks/Candy,high
F-1471-2023,Snacks/Candy,medium
F-1471-2024,Dairy,high
F-1472-2012,Plant Protein,high
F-1472-2013,Dairy,high
F-1472-2014,Bakery,high
F-1472-2015,Dairy,high
F-1472-2016,Bakery,high
F-1472-2017,Bakery,high
F-1472-2018,Produce,high
F-1472-2019,Seafood,high
F-1472-2020,Supplements,high
F-1472-2022,Snacks/Candy,high
F-1472-2023,Dairy,high
F-1472-2024,Bakery,medium
F-1473-2012,Grains/Cereal,high
F-1473-2013,Dairy,high
F-1473-2014,Supplements,high
F-1473-2015,Dairy,medium
F-1473-2016,Bakery,high
F-1473-2017,Bakery,high
F-1473-2018,Nuts/Seeds,high
F-1473-2019,Produce,high
F-1473-2020,Supplements,high
F-1473-2022,Snacks/Candy,medium
F-1473-2023,Dairy,high
F-1473-2024,Dairy,medium
F-1474-2012,Plant Protein,high
F-1474-2013,Bakery,high
F-1474-2014,Snacks/Candy,high
F-1474-2015,Dairy,high
F-1474-2016,Bakery,medium
F-1474-2017,Bakery,medium
F-1474-2018,Spices/Condiments,high
F-1474-2019,Produce,high
F-1474-2020,Supplements,high
F-1474-2022,Snacks/Candy,high
F-1474-2023,Dairy,high
F-1474-2024,Spices/Condiments,high
F-1475-2012,Food Additives/Ingredients,low
F-1475-2013,Bakery,high
F-1475-2014,Bakery,high
F-1475-2015,Dairy,high
F-1475-2016,Bakery,medium
F-1475-2017,Bakery,medium
F-1475-2018,Prepared/Frozen,medium
F-1475-2019,Dairy,high
F-1475-2020,Supplements,high
F-1475-2022,Snacks/Candy,medium
F-1475-2023,Dairy,medium
F-1475-2024,Bakery,high
F-1476-2012,Food Additives/Ingredients,medium
F-1476-2013,Bakery,high
F-1476-2014,Snacks/Candy,high
F-1476-2015,Dairy,high
F-1476-2016,Bakery,medium
F-1476-2017,Bakery,medium
F-1476-2018,Supplements,high
F-1476-2019,Dairy,high
F-1476-2020,Supplements,medium
F-1476-2022,Snacks/Candy,high
F-1476-2023,Snacks/Candy,high
F-1476-2024,Produce,high
F-1477-2012,Spices/Condiments,high
F-1477-2013,Dairy,high
F-1477-2014,Supplements,medium
F-1477-2015,Dairy,medium
F-1477-2016,Bakery,medium
F-1477-2017,Bakery,medium
F-1477-2018,Supplements,high
F-1477-2019,Dairy,high
F-1477-2020,Supplements,medium
F-1477-2022,Snacks/Candy,medium
F-1477-2023,Dairy,medium
F-1477-2024,Produce,high
F-1478-2012,Spices/Condiments,high
F-1478-2013,Supplements,high
F-1478-2014,Grains/Cereal,high
F-1478-2015,Dairy,high
F-1478-2016,Bakery,high
F-1478-2017,Spices/Condiments,high
F-1478-2018,Supplements,high
F-1478-2019,Supplements,high
F-1478-2020,Supplements,high
F-1478-2022,Snacks/Candy,medium
F-1478-2023,Dairy,medium
F-1478-2024,Produce,high
F-1479-2012,Spices/Condiments,high
F-1479-2013,Supplements,medium
F-1479-2014,Grains/Cereal,medium
F-1479-2015,Dairy,high
F-1479-2016,Uncategorized,low
F-1479-2017,Plant Protein,high
F-1479-2018,Prepared/Frozen,medium
F-1479-2019,Supplements,high
F-1479-2020,Supplements,high
F-1479-2022,Snacks/Candy,medium
F-1479-2023,Dairy,medium
F-1479-2024,Produce,high
F-148-2016,Plant Protein,medium
F-1480-2012,Spices/Condiments,medium
F-1480-2013,Supplements,medium
F-1480-2014,Produce,medium
F-1480-2015,Dairy,high
F-1480-2016,Bakery,high
F-1480-2017,Snacks/Candy,high
F-1480-2018,Supplements,high
F-1480-2019,Supplements,high
F-1480-2020,Supplements,medium
F-1480-2022,Snacks/Candy,high
F-1480-2023,Prepared/Frozen,medium
F-1480-2024,Produce,high
F-1481-2012,Spices/Condiments,high
F-1481-2013,Supplements,medium
F-1481-2014,Snacks/Candy,high
F-1481-2015,Dairy,high
F-1481-2016,Bakery,high
F-1481-2017,Snacks/Candy,high
F-1481-2018,Seafood,high
F-1481-2019,Supplements,high
F-1481-2020,Supplements,high
F-1481-2022,Snacks/Candy,high
F-1481-2023,Prepared/Frozen,low
F-1481-2024,Produce,high
F-1482-2012,Dairy,medium
F-1482-2013,Supplements,medium
F-1482-2014,Snacks/Candy,high
F-1482-2015,Dairy,high
F-1482-2016,Bakery,high
F-1482-2017,Produce,medium
F-1482-2018,Seafood,high
F-1482-2019,Seafood,high
F-1482-2020,Supplements,high
F-1482-2022,Snacks/Candy,medium
F-1482-2023,Spices/Condiments,high
F-1482-2024,Oils/Fats,high
F-1483-2012,Spices/Condiments,low
F-1483-2013,Supplements,medium
F-1483-2014,Snacks/Candy,medium
F-1483-2015,Dairy,high
F-1483-2016,Bakery,medium
F-1483-2017,Beverages,high
F-1483-2018,Seafood,high
F-1483-2019,Seafood,high
F-1483-2020,Supplements,medium
F-1483-2022,Snacks/Candy,high
F-1483-2023,Snacks/Candy,high
F-1483-2024,Nuts/Seeds,high
F-1484-2012,Spices/Condiments,high
F-1484-2013,Supplements,medium
F-1484-2014,Snacks/Candy,medium
F-1484-2015,Dairy,high
F-1484-2016,Bakery,medium
F-1484-2017,Supplements,high
F-1484-2018,Seafood,high
F-1484-2019,Dairy,low
F-1484-2020,Supplements,medium
F-1484-2022,Snacks/Candy,high
F-1484-2023,Beverages,high
F-1484-2024,Produce,high
F-1485-2012,Spices/Condiments,medium
F-1485-2013,Supplements,high
F-1485-2014,Snacks/Candy,medium
F-1485-2015,Dairy,medium
F-1485-2016,Produce,medium
F-1485-2017,Prepared/Frozen,medium
F-1485-2018,Seafood,high
F-1485-2019,Produce,high
F-1485-2020,Supplements,low
F-1485-2022,Snacks/Candy,medium
F-1485-2023,Beverages,high
F-1485-2024,Nuts/Seeds,high
F-1486-2012,Grains/Cereal,medium
F-1486-2013,Supplements,high
F-1486-2014,Grains/Cereal,medium
F-1486-2015,Dairy,medium
F-1486-2016,Non-Food Item,low
F-1486-2017,Produce,low
F-1486-2018,Seafood,high
F-1486-2019,Baby/Toddler Food,low
F-1486-2020,Supplements,medium
F-1486-2022,Snacks/Candy,medium
F-1486-2023,Beverages,high
F-1486-2024,Snacks/Candy,high
F-1487-2012,Spices/Condiments,medium
F-1487-2013,Supplements,medium
F-1487-2014,Bakery,medium
F-1487-2015,Dairy,high
F-1487-2016,Bakery,high
F-1487-2017,Snacks/Candy,medium
F-1487-2018,Seafood,high
F-1487-2019,Supplements,high
F-1487-2020,Supplements,medium
F-1487-2022,Snacks/Candy,medium
F-1487-2023,Snacks/Candy,high
F-1487-2024,Grains/Cereal,high
F-1488-2012,Spices/Condiments,medium
F-1488-2013,Supplements,medium
F-1488-2014,Prepared/Frozen,high
F-1488-2015,Dairy,high
F-1488-2016,Oils/Fats,high
F-1488-2017,Snacks/Candy,medium
F-1488-2018,Bakery,high
F-1488-2019,Produce,high
F-1488-2020,Supplements,medium
F-1488-2022,Snacks/Candy,medium
F-1488-2023,Snacks/Candy,high
F-1488-2024,Bakery,high
F-1489-2012,Spices/Condiments,medium
F-1489-2013,Supplements,medium
F-1489-2014,Prepared/Frozen,high
F-1489-2015,Prepared/Frozen,medium
F-1489-2016,Oils/Fats,high
F-1489-2017,Snacks/Candy,medium
F-1489-2018,Dairy,high
F-1489-2019,Spices/Condiments,medium
F-1489-2020,Supplements,medium
F-1489-2022,Snacks/Candy,medium
F-1489-2023,Snacks/Candy,high
F-1489-2024,Nuts/Seeds,high
F-1490-2012,Food Additives/Ingredients,low
F-1490-2013,Supplements,high
F-1490-2014,Spices/Condiments,medium
F-1490-2015,Prepared/Frozen,medium
F-1490-2016,Oils/Fats,high
F-1490-2017,Snacks/Candy,medium
F-1490-2018,Grains/Cereal,high
F-1490-2019,Spices/Condiments,high
F-1490-2020,Supplements,high
F-1490-2022,Snacks/Candy,medium
F-1490-2023,Dairy,high
F-1490-2024,Bakery,medium
F-1491-2012,Spices/Condiments,medium
F-1491-2013,Supplements,high
F-1491-2014,Spices/Condiments,medium
F-1491-2015,Prepared/Frozen,medium
F-1491-2016,Oils/Fats,high
F-1491-2017,Snacks/Candy,high
F-1491-2018,Bakery,high
F-1491-2020,Supplements,high
F-1491-2022,Snacks/Candy,medium
F-1491-2023,Bakery,high
F-1491-2024,Snacks/Candy,medium
F-1492-2012,Spices/Condiments,medium
F-1492-2013,Supplements,medium
F-1492-2014,Grains/Cereal,medium
F-1492-2015,Prepared/Frozen,medium
F-1492-2016,Oils/Fats,high
F-1492-2017,Snacks/Candy,high
F-1492-2018,Bakery,medium
F-1492-2020,Supplements,high
F-1492-2022,Snacks/Candy,medium
F-1492-2023,Beverages,high
F-1492-2024,Produce,high
F-1493-2012,Spices/Condiments,high
F-1493-2013,Supplements,medium
F-1493-2014,Bakery,medium
F-1493-2015,Prepared/Frozen,medium
F-1493-2016,Oils/Fats,high
F-1493-2017,Snacks/Candy,high
F-1493-2018,Snacks/Candy,high
F-1493-2019,Bakery,medium
F-1493-2020,Supplements,high
F-1493-2022,Snacks/Candy,high
F-1493-2023,Baby/Toddler Food,high
F-1493-2024,Produce,medium
F-1494-2012,Spices/Condiments,high
F-1494-2013,Supplements,medium
F-1494-2014,Prepared/Frozen,medium
F-1494-2015,Prepared/Frozen,medium
F-1494-2016,Oils/Fats,high
F-1494-2017,Bakery,medium
F-1494-2018,Snacks/Candy,high
F-1494-2019,Bakery,medium
F-1494-2020,Supplements,high
F-1494-2022,Snacks/Candy,medium
F-1494-2023,Produce,high
F-1494-2024,Seafood,high
F-1495-2012,Spices/Condiments,high
F-1495-2013,Supplements,high
F-1495-2014,Prepared/Frozen,high
F-1495-2015,Prepared/Frozen,medium
F-1495-2016,Oils/Fats,high
F-1495-2017,Snacks/Candy,high
F-1495-2018,Nuts/Seeds,medium
F-1495-2019,Bakery,medium
F-1495-2020,Supplements,high
F-1495-2022,Snacks/Candy,medium
F-1495-2023,Produce,high
F-1495-2024,Beverages,high
F-1496-2012,Spices/Condiments,low
F-1496-2013,Supplements,high
F-1496-2014,Bakery,medium
F-1496-2015,Prepared/Frozen,medium
F-1496-2016,Oils/Fats,high
F-1496-2017,Snacks/Candy,high
F-1496-2018,Nuts/Seeds,high
F-1496-2019,Bakery,high
F-1496-2020,Supplements,high
F-1496-2022,Snacks/Candy,medium
F-1496-2023,Spices/Condiments,high
F-1496-2024,Beverages,high
F-1497-2012,Spices/Condiments,medium
F-1497-2013,Supplements,high
F-1497-2014,Spices/Condiments,medium
F-1497-2015,Prepared/Frozen,medium
F-1497-2016,Oils/Fats,high
F-1497-2017,Snacks/Candy,high
F-1497-2018,Nuts/Seeds,low
F-1497-2019,Bakery,high
F-1497-2020,Supplements,high
F-1497-2022,Snacks/Candy,low
F-1497-2023,Spices/Condiments,high
F-1497-2024,Beverages,high
F-1498-2012,Spices/Condiments,medium
F-1498-2013,Supplements,high
F-1498-2014,Spices/Condiments,low
F-1498-2015,Prepared/Frozen,medium
F-1498-2016,Oils/Fats,high
F-1498-2017,Snacks/Candy,high
F-1498-2018,Nuts/Seeds,high
F-1498-2019,Bakery,high
F-1498-2020,Supplements,high
F-1498-2022,Snacks/Candy,medium
F-1498-2023,Produce,high
F-1498-2024,Beverages,high
F-1499-2012,Spices/Condiments,medium
F-1499-2013,Supplements,high
F-1499-2014,Spices/Condiments,medium
F-1499-2015,Prepared/Frozen,medium
F-1499-2016,Oils/Fats,high
F-1499-2017,Snacks/Candy,medium
F-1499-2018,Nuts/Seeds,high
F-1499-2019,Bakery,high
F-1499-2020,Beverages,low
F-1499-2022,Snacks/Candy,medium
F-1499-2023,Spices/Condiments,high
F-1499-2024,Beverages,high
F-1500-2012,Spices/Condiments,high
F-1500-2013,Supplements,high
F-1500-2014,Spices/Condiments,medium
F-1500-2015,Prepared/Frozen,medium
F-1500-2016,Oils/Fats,high
F-1500-2017,Snacks/Candy,medium
F-1500-2018,Nuts/Seeds,high
F-1500-2019,Bakery,high
F-1500-2020,Grains/Cereal,medium
F-1500-2022,Bakery,high
F-1500-2023,Dairy,high
F-1500-2024,Beverages,high
F-1501-2012,Spices/Condiments,medium
F-1501-2013,Supplements,medium
F-1501-2014,Spices/Condiments,low
F-1501-2015,Prepared/Frozen,medium
F-1501-2016,Oils/Fats,high
F-1501-2017,Snacks/Candy,medium
F-1501-2018,Nuts/Seeds,high
F-1501-2019,Bakery,high
F-1501-2020,Beverages,low
F-1501-2022,Bakery,medium
F-1501-2023,Prepared/Frozen,medium
F-1501-2024,Beverages,high
F-1502-2012,Spices/Condiments,high
F-1502-2013,Supplements,high
F-1502-2014,Spices/Condiments,medium
F-1502-2015,Prepared/Frozen,medium
F-1502-2016,Oils/Fats,high
F-1502-2017,Snacks/Candy,high
F-1502-2019,Bakery,medium
F-1502-2020,Spices/Condiments,medium
F-1502-2022,Prepared/Frozen,high
F-1502-2023,Food Additives/Ingredients,high
F-1502-2024,Beverages,high
F-1503-2012,Dairy,high
F-1503-2013,Supplements,medium
F-1503-2014,Spices/Condiments,medium
F-1503-2015,Prepared/Frozen,medium
F-1503-2016,Oils/Fats,high
F-1503-2017,Snacks/Candy,medium
F-1503-2019,Bakery,medium
F-1503-2020,Grains/Cereal,medium
F-1503-2022,Grains/Cereal,medium
F-1503-2023,Produce,high
F-1503-2024,Beverages,high
F-1504-2012,Food Additives/Ingredients,low
F-1504-2013,Spices/Condiments,medium
F-1504-2014,Spices/Condiments,medium
F-1504-2015,Prepared/Frozen,high
F-1504-2016,Oils/Fats,high
F-1504-2017,Snacks/Candy,high
F-1504-2019,Bakery,high
F-1504-2020,Spices/Condiments,medium
F-1504-2022,Bakery,medium
F-1504-2023,Produce,high
F-1504-2024,Beverages,high
F-1505-2012,Dairy,medium
F-1505-2013,Supplements,high
F-1505-2014,Spices/Condiments,medium
F-1505-2015,Prepared/Frozen,medium
F-1505-2016,Oils/Fats,high
F-1505-2017,Snacks/Candy,medium
F-1505-2019,Bakery,medium
F-1505-2020,Supplements,medium
F-1505-2022,Grains/Cereal,medium
F-1505-2023,Produce,high
F-1505-2024,Beverages,high
F-1506-2012,Spices/Condiments,high
F-1506-2013,Grains/Cereal,low
F-1506-2014,Spices/Condiments,low
F-1506-2015,Prepared/Frozen,medium
F-1506-2016,Oils/Fats,high
F-1506-2017,Snacks/Candy,high
F-1506-2019,Bakery,high
F-1506-2020,Non-Food Item,high
F-1506-2022,Grains/Cereal,medium
F-1506-2023,Produce,high
F-1506-2024,Beverages,high
F-1507-2012,Spices/Condiments,medium
F-1507-2013,Grains/Cereal,medium
F-1507-2014,Spices/Condiments,medium
F-1507-2015,Prepared/Frozen,medium
F-1507-2016,Oils/Fats,high
F-1507-2017,Snacks/Candy,high
F-1507-2019,Bakery,high
F-1507-2020,Beverages,high
F-1507-2022,Spices/Condiments,high
F-1507-2023,Seafood,medium
F-1507-2024,Beverages,high
F-1508-2012,Spices/Condiments,high
F-1508-2013,Grains/Cereal,medium
F-1508-2014,Spices/Condiments,low
F-1508-2015,Prepared/Frozen,medium
F-1508-2016,Oils/Fats,high
F-1508-2017,Snacks/Candy,high
F-1508-2019,Bakery,medium
F-1508-2020,Dairy,high
F-1508-2022,Seafood,high
F-1508-2023,Bakery,high
F-1508-2024,Beverages,high
F-1509-2012,Spices/Condiments,medium
F-1509-2013,Grains/Cereal,medium
F-1509-2014,Spices/Condiments,low
F-1509-2015,Prepared/Frozen,medium
F-1509-2016,Oils/Fats,high
F-1509-2017,Snacks/Candy,high
F-1509-2019,Bakery,medium
F-1509-2020,Prepared/Frozen,medium
F-1509-2022,Spices/Condiments,high
F-1509-2023,Snacks/Candy,medium
F-1509-2024,Beverages,high
F-1510-2012,Spices/Condiments,medium
F-1510-2013,Grains/Cereal,high
F-1510-2014,Spices/Condiments,low
F-1510-2015,Prepared/Frozen,medium
F-1510-2016,Beverages,high
F-1510-2017,Snacks/Candy,high
F-1510-2019,Bakery,high
F-1510-2020,Bakery,low
F-1510-2022,Plant Protein,medium
F-1510-2023,Bakery,high
F-1510-2024,Beverages,high
F-1511-2012,Spices/Condiments,medium
F-1511-2013,Spices/Condiments,low
F-1511-2014,Uncategorized,low
F-1511-2015,Prepared/Frozen,medium
F-1511-2016,Beverages,high
F-1511-2017,Snacks/Candy,high
F-1511-2019,Bakery,medium
F-1511-2020,Bakery,medium
F-1511-2022,Grains/Cereal,high
F-1511-2023,Bakery,high
F-1511-2024,Beverages,high
F-1512-2012,Spices/Condiments,high
F-1512-2013,Plant Protein,low
F-1512-2014,Spices/Condiments,medium
F-1512-2015,Prepared/Frozen,medium
F-1512-2016,Beverages,high
F-1512-2017,Snacks/Candy,high
F-1512-2019,Bakery,medium
F-1512-2020,Bakery,high
F-1512-2022,Produce,high
F-1512-2023,Snacks/Candy,high
F-1512-2024,Beverages,high
F-1513-2012,Spices/Condiments,medium
F-1513-2013,Bakery,medium
F-1513-2014,Spices/Condiments,low
F-1513-2015,Prepared/Frozen,medium
F-1513-2016,Beverages,high
F-1513-2017,Seafood,high
F-1513-2019,Bakery,medium
F-1513-2020,Bakery,high
F-1513-2022,Uncategorized,low
F-1513-2023,Nuts/Seeds,medium
F-1513-2024,Beverages,high
F-1514-2012,Spices/Condiments,medium
F-1514-2013,Bakery,medium
F-1514-2014,Spices/Condiments,medium
F-1514-2015,Prepared/Frozen,high
F-1514-2016,Bakery,high
F-1514-2017,Bakery,medium
F-1514-2019,Bakery,medium
F-1514-2020,Bakery,high
F-1514-2022,Supplements,high
F-1514-2023,Spices/Condiments,medium
F-1514-2024,Beverages,high
F-1515-2012,Spices/Condiments,high
F-1515-2013,Bakery,high
F-1515-2014,Spices/Condiments,medium
F-1515-2015,Prepared/Frozen,medium
F-1515-2016,Bakery,high
F-1515-2017,Snacks/Candy,high
F-1515-2019,Bakery,high
F-1515-2020,Bakery,high
F-1515-2022,Supplements,high
F-1515-2023,Spices/Condiments,medium
F-1515-2024,Non-Food Item,high
F-1516-2012,Spices/Condiments,high
F-1516-2013,Bakery,high
F-1516-2014,Spices/Condiments,medium
F-1516-2015,Prepared/Frozen,medium
F-1516-2016,Bakery,high
F-1516-2017,Snacks/Candy,high
F-1516-2019,Spices/Condiments,high
F-1516-2020,Bakery,high
F-1516-2022,Prepared/Frozen,low
F-1516-2023,Spices/Condiments,medium
F-1516-2024,Non-Food Item,high
F-1517-2012,Spices/Condiments,medium
F-1517-2013,Produce,medium
F-1517-2014,Uncategorized,low
F-1517-2015,Prepared/Frozen,medium
F-1517-2016,Bakery,high
F-1517-2017,Snacks/Candy,high
F-1517-2019,Spices/Condiments,high
F-1517-2020,Bakery,high
F-1517-2022,Beverages,high
F-1517-2023,Nuts/Seeds,high
F-1517-2024,Grains/Cereal,high
F-1518-2012,Spices/Condiments,medium
F-1518-2014,Uncategorized,low
F-1518-2015,Prepared/Frozen,medium
F-1518-2016,Prepared/Frozen,medium
F-1518-2017,Snacks/Candy,high
F-1518-2019,Nuts/Seeds,high
F-1518-2020,Bakery,high
F-1518-2022,Prepared/Frozen,medium
F-1518-2023,Nuts/Seeds,low
F-1518-2024,Grains/Cereal,high
F-1519-2012,Spices/Condiments,high
F-1519-2014,Spices/Condiments,low
F-1519-2015,Prepared/Frozen,medium
F-1519-2016,Bakery,high
F-1519-2017,Snacks/Candy,medium
F-1519-2019,Nuts/Seeds,high
F-1519-2020,Bakery,medium
F-1519-2022,Uncategorized,low
F-1519-2023,Nuts/Seeds,high
F-1519-2024,Supplements,high
F-1520-2012,Uncategorized,low
F-1520-2014,Spices/Condiments,medium
F-1520-2015,Prepared/Frozen,medium
F-1520-2016,Bakery,medium
F-1520-2017,Snacks/Candy,high
F-1520-2019,Nuts/Seeds,high
F-1520-2020,Bakery,high
F-1520-2022,Eggs,medium
F-1520-2023,Nuts/Seeds,high
F-1520-2024,Supplements,high
F-1521-2012,Uncategorized,low
F-1521-2014,Spices/Condiments,medium
F-1521-2015,Prepared/Frozen,low
F-1521-2016,Bakery,medium
F-1521-2017,Snacks/Candy,high
F-1521-2018,Snacks/Candy,high
F-1521-2019,Nuts/Seeds,high
F-1521-2020,Spices/Condiments,high
F-1521-2022,Seafood,high
F-1521-2023,Nuts/Seeds,high
F-1521-2024,Snacks/Candy,low
F-1522-2012,Uncategorized,low
F-1522-2014,Spices/Condiments,low
F-1522-2015,Prepared/Frozen,medium
F-1522-2016,Bakery,high
F-1522-2017,Snacks/Candy,high
F-1522-2018,Snacks/Candy,low
F-1522-2019,Snacks/Candy,medium
F-1522-2020,Snacks/Candy,high
F-1522-2022,Uncategorized,low
F-1522-2023,Prepared/Frozen,medium
F-1522-2024,Snacks/Candy,medium
F-1523-2012,Spices/Condiments,low
F-1523-2013,Supplements,high
F-1523-2014,Uncategorized,low
F-1523-2015,Prepared/Frozen,medium
F-1523-2016,Bakery,high
F-1523-2017,Nuts/Seeds,high
F-1523-2018,Supplements,high
F-1523-2020,Prepared/Frozen,medium
F-1523-2022,Produce,medium
F-1523-2023,Dairy,high
F-1523-2024,Snacks/Candy,low
F-1524-2012,Grains/Cereal,medium
F-1524-2013,Produce,high
F-1524-2014,Spices/Condiments,medium
F-1524-2015,Prepared/Frozen,medium
F-1524-2016,Produce,medium
F-1524-2017,Bakery,high
F-1524-2018,Supplements,high
F-1524-2020,Prepared/Frozen,medium
F-1524-2022,Uncategorized,low
F-1524-2023,Dairy,high
F-1524-2024,Snacks/Candy,medium
F-1525-2012,Spices/Condiments,high
F-1525-2013,Bakery,high
F-1525-2014,Spices/Condiments,medium
F-1525-2015,Prepared/Frozen,medium
F-1525-2016,Nuts/Seeds,high
F-1525-2017,Bakery,high
F-1525-2018,Supplements,high
F-1525-2019,Prepared/Frozen,high
F-1525-2020,Prepared/Frozen,medium
F-1525-2022,Bakery,high
F-1525-2023,Dairy,high
F-1525-2024,Snacks/Candy,medium
F-1526-2012,Spices/Condiments,high
F-1526-2013,Dairy,high
F-1526-2014,Spices/Condiments,medium
F-1526-2015,Prepared/Frozen,medium
F-1526-2016,Prepared/Frozen,medium
F-1526-2017,Snacks/Candy,high
F-1526-2018,Supplements,high
F-1526-2019,Food Additives/Ingredients,high
F-1526-2020,Snacks/Candy,high
F-1526-2022,Prepared/Frozen,low
F-1526-2023,Dairy,high
F-1526-2024,Snacks/Candy,medium
F-1527-2012,Dairy,low
F-1527-2013,Dairy,high
F-1527-2015,Prepared/Frozen,high
F-1527-2016,Spices/Condiments,medium
F-1527-2017,Spices/Condiments,medium
F-1527-2018,Supplements,high
F-1527-2019,Produce,high
F-1527-2020,Snacks/Candy,high
F-1527-2022,Beef/Pork/Poultry/Game Meats,low
F-1527-2023,Dairy,high
F-1527-2024,Snacks/Candy,medium
F-1527-2104,Spices/Condiments,medium
F-1528-2012,Spices/Condiments,medium
F-1528-2013,Seafood,high
F-1528-2014,Spices/Condiments,medium
F-1528-2015,Prepared/Frozen,medium
F-1528-2016,Seafood,high
F-1528-2017,Supplements,high
F-1528-2018,Supplements,high
F-1528-2019,Produce,high
F-1528-2020,Snacks/Candy,high
F-1528-2022,Dairy,high
F-1528-2023,Dairy,high
F-1528-2024,Snacks/Candy,medium
F-1529-2012,Spices/Condiments,medium
F-1529-2013,Nuts/Seeds,high
F-1529-2014,Spices/Condiments,low
F-1529-2015,Prepared/Frozen,medium
F-1529-2016,Seafood,high
F-1529-2017,Grains/Cereal,medium
F-1529-2018,Produce,high
F-1529-2019,Baby/Toddler Food,low
F-1529-2020,Snacks/Candy,high
F-1529-2022,Plant Protein,medium
F-1529-2023,Dairy,high
F-1529-2024,Snacks/Candy,high
F-1530-2012,Spices/Condiments,medium
F-1530-2013,Dairy,high
F-1530-2014,Spices/Condiments,low
F-1530-2015,Prepared/Frozen,medium
F-1530-2016,Seafood,high
F-1530-2017,Grains/Cereal,medium
F-1530-2018,Spices/Condiments,high
F-1530-2019,Seafood,medium
F-1530-2020,Snacks/Candy,high
F-1530-2022,Bakery,high
F-1530-2023,Dairy,high
F-1530-2024,Snacks/Candy,medium
F-1531-2012,Dairy,low
F-1531-2013,Grains/Cereal,high
F-1531-2014,Spices/Condiments,low
F-1531-2015,Prepared/Frozen,medium
F-1531-2016,Snacks/Candy,high
F-1531-2017,Grains/Cereal,high
F-1531-2018,Spices/Condiments,high
F-1531-2019,Seafood,high
F-1531-2020,Snacks/Candy,high
F-1531-2022,Spices/Condiments,high
F-1531-2023,Dairy,high
F-1531-2024,Snacks/Candy,medium
F-1532-2012,Food Additives/Ingredients,low
F-1532-2013,Nuts/Seeds,high
F-1532-2014,Spices/Condiments,low
F-1532-2015,Prepared/Frozen,high
F-1532-2016,Snacks/Candy,medium
F-1532-2017,Plant Protein,medium
F-1532-2018,Spices/Condiments,high
F-1532-2019,Produce,high
F-1532-2020,Snacks/Candy,high
F-1532-2022,Bakery,high
F-1532-2023,Dairy,high
F-1532-2024,Supplements,low
F-1533-2012,Spices/Condiments,medium
F-1533-2013,Plant Protein,high
F-1533-2014,Spices/Condiments,low
F-1533-2015,Prepared/Frozen,medium
F-1533-2016,Snacks/Candy,medium
F-1533-2017,Dairy,high
F-1533-2018,Spices/Condiments,high
F-1533-2019,Spices/Condiments,medium
F-1533-2020,Snacks/Candy,high
F-1533-2022,Supplements,medium
F-1533-2023,Dairy,medium
F-1533-2024,Snacks/Candy,medium
F-1534-2012,Food Additives/Ingredients,low
F-1534-2013,Beverages,high
F-1534-2014,Prepared/Frozen,high
F-1534-2015,Prepared/Frozen,medium
F-1534-2016,Snacks/Candy,medium
F-1534-2017,Dairy,high
F-1534-2018,Spices/Condiments,high
F-1534-2019,Spices/Condiments,high
F-1534-2020,Produce,high
F-1534-2022,Supplements,medium
F-1534-2023,Snacks/Candy,medium
F-1534-2024,Supplements,medium
F-1535-2012,Spices/Condiments,high
F-1535-2013,Beverages,high
F-1535-2014,Prepared/Frozen,high
F-1535-2015,Prepared/Frozen,medium
F-1535-2016,Snacks/Candy,medium
F-1535-2017,Produce,high
F-1535-2018,Produce,high
F-1535-2019,Seafood,high
F-1535-2020,Produce,high
F-1535-2022,Supplements,medium
F-1535-2023,Snacks/Candy,high
F-1535-2024,Snacks/Candy,low
F-1536-2012,Spices/Condiments,medium
F-1536-2013,Beverages,high
F-1536-2014,Supplements,high
F-1536-2015,Prepared/Frozen,medium
F-1536-2016,Snacks/Candy,high
F-1536-2017,Bakery,high
F-1536-2018,Beverages,low
F-1536-2019,Bakery,high
F-1536-2020,Produce,high
F-1536-2022,Supplements,high
F-1536-2023,Snacks/Candy,high
F-1536-2024,Snacks/Candy,medium
F-1537-2012,Spices/Condiments,medium
F-1537-2013,Beverages,high
F-1537-2014,Supplements,high
F-1537-2015,Prepared/Frozen,high
F-1537-2016,Snacks/Candy,high
F-1537-2017,Produce,high
F-1537-2018,Bakery,high
F-1537-2019,Bakery,high
F-1537-2020,Produce,high
F-1537-2022,Supplements,high
F-1537-2023,Snacks/Candy,medium
F-1537-2024,Snacks/Candy,medium
F-1538-2012,Spices/Condiments,high
F-1538-2013,Beverages,high
F-1538-2014,Prepared/Frozen,medium
F-1538-2015,Prepared/Frozen,medium
F-1538-2016,Snacks/Candy,medium
F-1538-2017,Dairy,low
F-1538-2018,Seafood,high
F-1538-2019,Bakery,high
F-1538-2020,Produce,high
F-1538-2022,Beverages,high
F-1538-2023,Snacks/Candy,high
F-1538-2024,Supplements,medium
F-1539-2012,Produce,high
F-1539-2013,Beverages,high
F-1539-2014,Spices/Condiments,high
F-1539-2015,Prepared/Frozen,medium
F-1539-2016,Snacks/Candy,high
F-1539-2017,Dairy,low
F-1539-2018,Bakery,high
F-1539-2019,Bakery,high
F-1539-2020,Dairy,medium
F-1539-2022,Produce,high
F-1539-2023,Snacks/Candy,high
F-1539-2024,Supplements,low
F-1540-2012,Produce,high
F-1540-2013,Snacks/Candy,medium
F-1540-2014,Baby/Toddler Food,medium
F-1540-2015,Prepared/Frozen,medium
F-1540-2016,Snacks/Candy,medium
F-1540-2017,Dairy,low
F-1540-2018,Bakery,high
F-1540-2019,Bakery,high
F-1540-2020,Prepared/Frozen,high
F-1540-2022,Supplements,high
F-1540-2023,Snacks/Candy,high
F-1540-2024,Supplements,medium
F-1541-2012,Produce,high
F-1541-2013,Seafood,high
F-1541-2014,Supplements,high
F-1541-2015,Prepared/Frozen,medium
F-1541-2016,Snacks/Candy,medium
F-1541-2017,Dairy,medium
F-1541-2018,Snacks/Candy,high
F-1541-2019,Bakery,high
F-1541-2020,Snacks/Candy,high
F-1541-2022,Supplements,high
F-1541-2023,Snacks/Candy,high
F-1541-2024,Snacks/Candy,medium
F-1542-2012,Seafood,high
F-1542-2013,Spices/Condiments,low
F-1542-2014,Plant Protein,medium
F-1542-2015,Prepared/Frozen,medium
F-1542-2016,Snacks/Candy,high
F-1542-2017,Dairy,low
F-1542-2018,Snacks/Candy,high
F-1542-2019,Bakery,high
F-1542-2020,Snacks/Candy,high
F-1542-2022,Dairy,high
F-1542-2023,Spices/Condiments,high
F-1542-2024,Snacks/Candy,medium
F-1543-2012,Grains/Cereal,medium
F-1543-2013,Supplements,low
F-1543-2014,Plant Protein,medium
F-1543-2015,Prepared/Frozen,medium
F-1543-2016,Snacks/Candy,high
F-1543-2017,Dairy,low
F-1543-2018,Nuts/Seeds,high
F-1543-2019,Bakery,high
F-1543-2020,Snacks/Candy,high
F-1543-2022,Grains/Cereal,high
F-1543-2023,Nuts/Seeds,medium
F-1543-2024,Prepared/Frozen,medium
F-1544-2012,Produce,high
F-1544-2013,Bakery,high
F-1544-2014,Plant Protein,medium
F-1544-2015,Prepared/Frozen,medium
F-1544-2016,Snacks/Candy,high
F-1544-2017,Supplements,high
F-1544-2018,Snacks/Candy,high
F-1544-2019,Bakery,high
F-1544-2020,Snacks/Candy,high
F-1544-2022,Dairy,high
F-1544-2023,Supplements,high
F-1544-2024,Spices/Condiments,high
F-1545-2012,Produce,high
F-1545-2013,Snacks/Candy,medium
F-1545-2014,Plant Protein,medium
F-1545-2015,Prepared/Frozen,low
F-1545-2016,Snacks/Candy,low
F-1545-2017,Snacks/Candy,high
F-1545-2018,Dairy,high
F-1545-2019,Bakery,high
F-1545-2020,Snacks/Candy,high
F-1545-2022,Prepared/Frozen,high
F-1545-2023,Prepared/Frozen,medium
F-1545-2024,Dairy,high
F-1546-2012,Produce,medium
F-1546-2013,Snacks/Candy,medium
F-1546-2014,Plant Protein,medium
F-1546-2015,Prepared/Frozen,medium
F-1546-2016,Snacks/Candy,medium
F-1546-2017,Snacks/Candy,high
F-1546-2018,Supplements,high
F-1546-2019,Spices/Condiments,high
F-1546-2022,Prepared/Frozen,high
F-1546-2023,Food Additives/Ingredients,low
F-1546-2024,Dairy,high
F-1547-2012,Produce,high
F-1547-2013,Snacks/Candy,medium
F-1547-2014,Plant Protein,medium
F-1547-2015,Prepared/Frozen,medium
F-1547-2016,Uncategorized,low
F-1547-2017,Snacks/Candy,high
F-1547-2018,Supplements,high
F-1547-2019,Produce,high
F-1547-2020,Produce,medium
F-1547-2022,Prepared/Frozen,high
F-1547-2023,Supplements,high
F-1547-2024,Dairy,medium
F-1548-2012,Produce,high
F-1548-2013,Snacks/Candy,high
F-1548-2014,Prepared/Frozen,high
F-1548-2015,Prepared/Frozen,medium
F-1548-2016,Snacks/Candy,low
F-1548-2017,Snacks/Candy,high
F-1548-2018,Spices/Condiments,high
F-1548-2019,Produce,high
F-1548-2020,Prepared/Frozen,medium
F-1548-2022,Prepared/Frozen,high
F-1548-2023,Supplements,high
F-1548-2024,Dairy,medium
F-1549-2012,Produce,high
F-1549-2013,Snacks/Candy,medium
F-1549-2014,Prepared/Frozen,medium
F-1549-2015,Prepared/Frozen,medium
F-1549-2016,Snacks/Candy,medium
F-1549-2017,Snacks/Candy,high
F-1549-2018,Snacks/Candy,high
F-1549-2019,Plant Protein,low
F-1549-2020,Produce,medium
F-1549-2022,Prepared/Frozen,high
F-1549-2023,Supplements,high
F-1549-2024,Dairy,medium
F-1550-2012,Produce,high
F-1550-2013,Produce,high
F-1550-2014,Bakery,high
F-1550-2015,Prepared/Frozen,medium
F-1550-2016,Snacks/Candy,medium
F-1550-2017,Snacks/Candy,high
F-1550-2018,Dairy,medium
F-1550-2019,Produce,high
F-1550-2020,Produce,low
F-1550-2022,Prepared/Frozen,medium
F-1550-2023,Supplements,high
F-1550-2024,Dairy,high
F-1551-2012,Produce,high
F-1551-2013,Supplements,high
F-1551-2014,Bakery,medium
F-1551-2015,Prepared/Frozen,medium
F-1551-2016,Snacks/Candy,high
F-1551-2017,Snacks/Candy,high
F-1551-2018,Dairy,medium
F-1551-2019,Baking Supplies,low
F-1551-2020,Prepared/Frozen,high
F-1551-2022,Seafood,high
F-1551-2023,Supplements,high
F-1551-2024,Dairy,medium
F-1552-2012,Produce,high
F-1552-2014,Grains/Cereal,medium
F-1552-2015,Dairy,high
F-1552-2016,Bakery,high
F-1552-2017,Snacks/Candy,high
F-1552-2018,Dairy,medium
F-1552-2019,Snacks/Candy,high
F-1552-2020,Prepared/Frozen,medium
F-1552-2022,Prepared/Frozen,medium
F-1552-2023,Supplements,high
F-1552-2024,Dairy,high
F-1553-2012,Produce,high
F-1553-2014,Snacks/Candy,high
F-1553-2015,Dairy,high
F-1553-2016,Bakery,high
F-1553-2017,Snacks/Candy,high
F-1553-2018,Dairy,medium
F-1553-2019,Produce,high
F-1553-2020,Produce,high
F-1553-2022,Prepared/Frozen,medium
F-1553-2023,Supplements,high
F-1553-2024,Dairy,high
F-1554-2012,Produce,high
F-1554-2013,Bakery,high
F-1554-2014,Bakery,medium
F-1554-2015,Dairy,high
F-1554-2016,Bakery,high
F-1554-2017,Nuts/Seeds,high
F-1554-2018,Dairy,medium
F-1554-2019,Produce,high
F-1554-2020,Produce,medium
F-1554-2022,Snacks/Candy,medium
F-1554-2023,Supplements,high
F-1554-2024,Dairy,medium
F-1555-2012,Produce,high
F-1555-2013,Bakery,high
F-1555-2014,Grains/Cereal,medium
F-1555-2015,Dairy,high
F-1555-2016,Bakery,medium
F-1555-2017,Dairy,high
F-1555-2018,Dairy,medium
F-1555-2019,Produce,high
F-1555-2020,Plant Protein,low
F-1555-2022,Spices/Condiments,medium
F-1555-2023,Supplements,high
F-1555-2024,Dairy,high
F-1556-2012,Produce,high
F-1556-2013,Bakery,high
F-1556-2014,Bakery,medium
F-1556-2015,Dairy,high
F-1556-2016,Baking Supplies,low
F-1556-2017,Dairy,high
F-1556-2018,Dairy,medium
F-1556-2019,Snacks/Candy,high
F-1556-2020,Prepared/Frozen,medium
F-1556-2022,Seafood,high
F-1556-2023,Supplements,high
F-1556-2024,Dairy,high
F-1557-2012,Produce,high
F-1557-2013,Bakery,high
F-1557-2014,Produce,high
F-1557-2015,Dairy,high
F-1557-2016,Snacks/Candy,high
F-1557-2017,Dairy,high
F-1557-2018,Dairy,medium
F-1557-2019,Dairy,medium
F-1557-2020,Prepared/Frozen,high
F-1557-2022,Seafood,medium
F-1557-2023,Supplements,high
F-1557-2024,Dairy,medium
F-1558-2012,Produce,high
F-1558-2013,Bakery,high
F-1558-2014,Produce,high
F-1558-2015,Dairy,medium
F-1558-2016,Supplements,low
F-1558-2017,Dairy,high
F-1558-2018,Dairy,high
F-1558-2019,Baby/Toddler Food,high
F-1558-2020,Prepared/Frozen,medium
F-1558-2022,Seafood,medium
F-1558-2023,Supplements,high
F-1558-2024,Dairy,high
F-1559-2012,Produce,high
F-1559-2013,Bakery,high
F-1559-2014,Grains/Cereal,high
F-1559-2015,Dairy,high
F-1559-2016,Beverages,low
F-1559-2017,Spices/Condiments,medium
F-1559-2018,Dairy,high
F-1559-2019,Spices/Condiments,high
F-1559-2020,Prepared/Frozen,medium
F-1559-2022,Nuts/Seeds,high
F-1559-2023,Supplements,high
F-1559-2024,Dairy,medium
F-1560-2012,Produce,medium
F-1560-2013,Bakery,medium
F-1560-2014,Nuts/Seeds,low
F-1560-2015,Dairy,high
F-1560-2016,Beverages,medium
F-1560-2017,Spices/Condiments,medium
F-1560-2018,Dairy,high
F-1560-2019,Spices/Condiments,high
F-1560-2020,Produce,medium
F-1560-2022,Bakery,high
F-1560-2023,Supplements,high
F-1560-2024,Dairy,high
F-1561-2012,Produce,high
F-1561-2013,Bakery,high
F-1561-2014,Nuts/Seeds,medium
F-1561-2015,Dairy,high
F-1561-2016,Supplements,high
F-1561-2017,Bakery,high
F-1561-2018,Dairy,high
F-1561-2019,Grains/Cereal,high
F-1561-2020,Produce,medium
F-1561-2022,Grains/Cereal,high
F-1561-2023,Supplements,high
F-1561-2024,Prepared/Frozen,medium
F-1562-2012,Produce,high
F-1562-2013,Bakery,high
F-1562-2014,Dairy,medium
F-1562-2015,Dairy,high
F-1562-2016,Supplements,high
F-1562-2017,Produce,high
F-1562-2018,Dairy,high
F-1562-2019,Grains/Cereal,medium
F-1562-2020,Produce,medium
F-1562-2022,Snacks/Candy,medium
F-1562-2023,Supplements,high
F-1562-2024,Dairy,high
F-1563-2012,Produce,high
F-1563-2013,Bakery,high
F-1563-2014,Grains/Cereal,high
F-1563-2015,Dairy,high
F-1563-2016,Supplements,medium
F-1563-2017,Dairy,high
F-1563-2018,Dairy,high
F-1563-2019,Grains/Cereal,high
F-1563-2020,Prepared/Frozen,medium
F-1563-2022,Snacks/Candy,medium
F-1563-2023,Supplements,high
F-1563-2024,Dairy,medium
F-1564-2012,Produce,high
F-1564-2013,Bakery,high
F-1564-2014,Grains/Cereal,high
F-1564-2015,Dairy,high
F-1564-2016,Nuts/Seeds,high
F-1564-2017,Dairy,high
F-1564-2018,Dairy,high
F-1564-2019,Grains/Cereal,high
F-1564-2020,Produce,low
F-1564-2022,Bakery,medium
F-1564-2023,Supplements,high
F-1564-2024,Dairy,high
F-1565-2012,Produce,high
F-1565-2013,Bakery,high
F-1565-2014,Grains/Cereal,high
F-1565-2015,Dairy,high
F-1565-2016,Nuts/Seeds,high
F-1565-2017,Dairy,high
F-1565-2018,Produce,high
F-1565-2019,Grains/Cereal,high
F-1565-2020,Produce,low
F-1565-2022,Bakery,medium
F-1565-2023,Supplements,high
F-1565-2024,Dairy,high
F-1566-2012,Produce,high
F-1566-2013,Bakery,high
F-1566-2014,Grains/Cereal,high
F-1566-2015,Dairy,high
F-1566-2016,Beverages,high
F-1566-2017,Bakery,high
F-1566-2018,Nuts/Seeds,medium
F-1566-2019,Grains/Cereal,high
F-1566-2020,Prepared/Frozen,low
F-1566-2022,Snacks/Candy,medium
F-1566-2023,Supplements,high
F-1566-2024,Dairy,high
F-1567-2012,Produce,high
F-1567-2013,Bakery,high
F-1567-2014,Grains/Cereal,high
F-1567-2015,Dairy,high
F-1567-2016,Nuts/Seeds,high
F-1567-2017,Beverages,high
F-1567-2018,Prepared/Frozen,medium
F-1567-2019,Grains/Cereal,high
F-1567-2020,Produce,medium
F-1567-2022,Snacks/Candy,medium
F-1567-2023,Supplements,high
F-1567-2024,Dairy,high
F-1568-2012,Produce,high
F-1568-2013,Bakery,high
F-1568-2014,Grains/Cereal,high
F-1568-2015,Dairy,high
F-1568-2016,Nuts/Seeds,medium
F-1568-2017,Supplements,medium
F-1568-2018,Prepared/Frozen,high
F-1568-2019,Grains/Cereal,high
F-1568-2020,Prepared/Frozen,medium
F-1568-2022,Snacks/Candy,medium
F-1568-2023,Supplements,high
F-1568-2024,Dairy,high
F-1569-2012,Produce,high
F-1569-2013,Bakery,high
F-1569-2014,Supplements,high
F-1569-2015,Dairy,high
F-1569-2016,Nuts/Seeds,high
F-1569-2017,Supplements,medium
F-1569-2018,Prepared/Frozen,medium
F-1569-2019,Grains/Cereal,high
F-1569-2020,Produce,high
F-1569-2022,Snacks/Candy,medium
F-1569-2023,Supplements,high
F-1569-2024,Dairy,high
F-1570-2012,Produce,high
F-1570-2013,Bakery,high
F-1570-2014,Bakery,high
F-1570-2015,Dairy,high
F-1570-2016,Nuts/Seeds,high
F-1570-2017,Supplements,medium
F-1570-2018,Prepared/Frozen,medium
F-1570-2019,Grains/Cereal,high
F-1570-2020,Prepared/Frozen,high
F-1570-2022,Snacks/Candy,low
F-1570-2023,Supplements,high
F-1570-2024,Dairy,high
F-1571-2012,Produce,high
F-1571-2013,Bakery,high
F-1571-2014,Bakery,high
F-1571-2015,Produce,medium
F-1571-2016,Plant Protein,high
F-1571-2017,Supplements,medium
F-1571-2019,Grains/Cereal,high
F-1571-2020,Prepared/Frozen,medium
F-1571-2022,Snacks/Candy,low
F-1571-2023,Supplements,high
F-1571-2024,Produce,medium
F-1572-2012,Produce,high
F-1572-2013,Bakery,high
F-1572-2014,Bakery,high
F-1572-2015,Produce,medium
F-1572-2016,Dairy,high
F-1572-2017,Supplements,medium
F-1572-2018,Nuts/Seeds,high
F-1572-2019,Grains/Cereal,high
F-1572-2020,Prepared/Frozen,high
F-1572-2022,Bakery,high
F-1572-2023,Supplements,high
F-1572-2024,Produce,high
F-1573-2012,Produce,high
F-1573-2013,Bakery,high
F-1573-2014,Bakery,high
F-1573-2015,Bakery,high
F-1573-2016,Dairy,high
F-1573-2017,Supplements,medium
F-1573-2019,Grains/Cereal,high
F-1573-2020,Prepared/Frozen,high
F-1573-2022,Bakery,high
F-1573-2023,Supplements,high
F-1573-2024,Prepared/Frozen,medium
F-1574-2012,Produce,high
F-1574-2013,Prepared/Frozen,medium
F-1574-2014,Bakery,high
F-1574-2015,Bakery,high
F-1574-2016,Prepared/Frozen,medium
F-1574-2017,Snacks/Candy,low
F-1574-2019,Grains/Cereal,high
F-1574-2020,Plant Protein,medium
F-1574-2022,Snacks/Candy,medium
F-1574-2023,Supplements,high
F-1574-2024,Prepared/Frozen,medium
F-1575-2012,Produce,high
F-1575-2013,Snacks/Candy,high
F-1575-2014,Bakery,high
F-1575-2015,Grains/Cereal,medium
F-1575-2016,Prepared/Frozen,high
F-1575-2017,Snacks/Candy,low
F-1575-2018,Snacks/Candy,medium
F-1575-2019,Grains/Cereal,high
F-1575-2020,Spices/Condiments,medium
F-1575-2022,Supplements,high
F-1575-2023,Supplements,high
F-1575-2024,Prepared/Frozen,medium
F-1576-2012,Produce,high
F-1576-2013,Snacks/Candy,medium
F-1576-2014,Bakery,high
F-1576-2015,Grains/Cereal,high
F-1576-2016,Prepared/Frozen,high
F-1576-2017,Spices/Condiments,high
F-1576-2018,Snacks/Candy,high
F-1576-2019,Grains/Cereal,high
F-1576-2020,Spices/Condiments,high
F-1576-2022,Prepared/Frozen,medium
F-1576-2023,Supplements,high
F-1576-2024,Dairy,high
F-1577-2012,Produce,high
F-1577-2013,Bakery,high
F-1577-2014,Bakery,high
F-1577-2015,Grains/Cereal,medium
F-1577-2016,Prepared/Frozen,medium
F-1577-2017,Supplements,high
F-1577-2018,Snacks/Candy,high
F-1577-2019,Grains/Cereal,high
F-1577-2020,Spices/Condiments,high
F-1577-2022,Prepared/Frozen,high
F-1577-2023,Supplements,high
F-1577-2024,Dairy,high
F-1578-2012,Produce,high
F-1578-2013,Grains/Cereal,high
F-1578-2014,Bakery,high
F-1578-2015,Grains/Cereal,medium
F-1578-2016,Prepared/Frozen,medium
F-1578-2017,Supplements,high
F-1578-2018,Snacks/Candy,high
F-1578-2019,Grains/Cereal,high
F-1578-2020,Spices/Condiments,high
F-1578-2022,Spices/Condiments,high
F-1578-2023,Supplements,high
F-1578-2024,Dairy,high
F-1579-2012,Produce,high
F-1579-2013,Grains/Cereal,high
F-1579-2014,Bakery,high
F-1579-2015,Grains/Cereal,high
F-1579-2016,Seafood,high
F-1579-2017,Supplements,high
F-1579-2018,Grains/Cereal,high
F-1579-2019,Grains/Cereal,high
F-1579-2020,Spices/Condiments,high
F-1579-2022,Dairy,high
F-1579-2023,Supplements,high
F-1579-2024,Dairy,high
F-1580-2012,Produce,high
F-1580-2013,Grains/Cereal,high
F-1580-2014,Bakery,high
F-1580-2015,Spices/Condiments,high
F-1580-2016,Prepared/Frozen,medium
F-1580-2017,Supplements,high
F-1580-2019,Grains/Cereal,high
F-1580-2020,Produce,medium
F-1580-2022,Grains/Cereal,high
F-1580-2023,Supplements,high
F-1580-2024,Dairy,high
F-1581-2012,Produce,high
F-1581-2013,Baking Supplies,medium
F-1581-2014,Bakery,high
F-1581-2015,Snacks/Candy,medium
F-1581-2016,Prepared/Frozen,medium
F-1581-2017,Produce,high
F-1581-2018,Snacks/Candy,high
F-1581-2019,Beverages,high
F-1581-2020,Produce,high
F-1581-2022,Grains/Cereal,high
F-1581-2023,Supplements,high
F-1581-2024,Dairy,high
F-1582-2012,Produce,high
F-1582-2014,Bakery,high
F-1582-2015,Nuts/Seeds,high
F-1582-2016,Spices/Condiments,medium
F-1582-2017,Produce,high
F-1582-2019,Bakery,medium
F-1582-2020,Prepared/Frozen,low
F-1582-2022,Bakery,medium
F-1582-2023,Supplements,high
F-1582-2024,Dairy,high
F-1583-2012,Produce,high
F-1583-2014,Bakery,high
F-1583-2015,Nuts/Seeds,high
F-1583-2016,Plant Protein,high
F-1583-2017,Produce,high
F-1583-2018,Plant Protein,low
F-1583-2019,Bakery,medium
F-1583-2020,Spices/Condiments,medium
F-1583-2022,Dairy,medium
F-1583-2023,Supplements,high
F-1583-2024,Dairy,high
F-1584-2012,Produce,high
F-1584-2013,Beverages,high
F-1584-2014,Bakery,high
F-1584-2015,Dairy,high
F-1584-2016,Plant Protein,medium
F-1584-2017,Spices/Condiments,medium
F-1584-2018,Bakery,high
F-1584-2019,Bakery,medium
F-1584-2020,Spices/Condiments,high
F-1584-2022,Dairy,medium
F-1584-2023,Supplements,high
F-1584-2024,Dairy,high
F-1585-2012,Produce,high
F-1585-2013,Plant Protein,low
F-1585-2014,Bakery,high
F-1585-2015,Bakery,high
F-1585-2016,Plant Protein,medium
F-1585-2017,Produce,medium
F-1585-2018,Bakery,high
F-1585-2019,Bakery,medium
F-1585-2020,Produce,medium
F-1585-2022,Produce,medium
F-1585-2023,Supplements,high
F-1585-2024,Dairy,high
F-1586-2012,Produce,high
F-1586-2013,Bakery,high
F-1586-2014,Bakery,high
F-1586-2015,Nuts/Seeds,medium
F-1586-2016,Dairy,high
F-1586-2017,Bakery,high
F-1586-2018,Bakery,high
F-1586-2019,Bakery,medium
F-1586-2020,Produce,medium
F-1586-2022,Dairy,high
F-1586-2023,Supplements,high
F-1586-2024,Dairy,high
F-1587-2012,Produce,high
F-1587-2013,Bakery,medium
F-1587-2014,Bakery,high
F-1587-2015,Plant Protein,low
F-1587-2016,Produce,high
F-1587-2017,Bakery,high
F-1587-2018,Bakery,high
F-1587-2019,Bakery,medium
F-1587-2020,Spices/Condiments,medium
F-1587-2022,Dairy,medium
F-1587-2023,Supplements,high
F-1587-2024,Dairy,high
F-1588-2012,Produce,high
F-1588-2013,Bakery,medium
F-1588-2014,Bakery,high
F-1588-2015,Supplements,low
F-1588-2016,Snacks/Candy,high
F-1588-2017,Bakery,high
F-1588-2018,Bakery,high
F-1588-2019,Spices/Condiments,medium
F-1588-2020,Produce,medium
F-1588-2022,Dairy,medium
F-1588-2023,Supplements,high
F-1588-2024,Dairy,high
F-1589-2012,Produce,high
F-1589-2013,Grains/Cereal,high
F-1589-2014,Nuts/Seeds,medium
F-1589-2015,Plant Protein,low
F-1589-2016,Spices/Condiments,medium
F-1589-2017,Bakery,high
F-1589-2018,Bakery,high
F-1589-2019,Bakery,high
F-1589-2020,Spices/Condiments,medium
F-1589-2022,Dairy,medium
F-1589-2023,Supplements,high
F-1589-2024,Dairy,high
F-1590-2012,Produce,high
F-1590-2013,Plant Protein,high
F-1590-2014,Grains/Cereal,high
F-1590-2015,Plant Protein,medium
F-1590-2016,Spices/Condiments,high
F-1590-2017,Bakery,high
F-1590-2018,Supplements,high
F-1590-2019,Bakery,high
F-1590-2020,Produce,medium
F-1590-2022,Dairy,medium
F-1590-2023,Supplements,high
F-1590-2024,Dairy,high
F-1591-2012,Produce,high
F-1591-2013,Prepared/Frozen,low
F-1591-2014,Supplements,high
F-1591-2015,Prepared/Frozen,low
F-1591-2016,Bakery,high
F-1591-2017,Bakery,high
F-1591-2018,Supplements,high
F-1591-2019,Bakery,high
F-1591-2020,Produce,high
F-1591-2022,Dairy,medium
F-1591-2023,Supplements,high
F-1591-2024,Dairy,high
F-1592-2012,Produce,high
F-1592-2013,Uncategorized,low
F-1592-2014,Beverages,high
F-1592-2015,Prepared/Frozen,low
F-1592-2016,Produce,high
F-1592-2017,Baking Supplies,medium
F-1592-2018,Supplements,high
F-1592-2019,Bakery,high
F-1592-2020,Produce,low
F-1592-2022,Uncategorized,low
F-1592-2023,Supplements,high
F-1592-2024,Dairy,high
F-1593-2012,Produce,high
F-1593-2013,Spices/Condiments,low
F-1593-2014,Bakery,high
F-1593-2015,Prepared/Frozen,low
F-1593-2016,Produce,high
F-1593-2017,Snacks/Candy,high
F-1593-2018,Produce,high
F-1593-2019,Bakery,high
F-1593-2020,Produce,low
F-1593-2022,Dairy,medium
F-1593-2023,Supplements,high
F-1593-2024,Dairy,high
F-1594-2012,Produce,high
F-1594-2013,Plant Protein,medium
F-1594-2014,Bakery,high
F-1594-2015,Spices/Condiments,high
F-1594-2016,Baking Supplies,low
F-1594-2017,Beverages,high
F-1594-2018,Bakery,medium
F-1594-2019,Snacks/Candy,high
F-1594-2020,Prepared/Frozen,medium
F-1594-2022,Dairy,medium
F-1594-2023,Supplements,high
F-1594-2024,Dairy,high
F-1595-2012,Produce,high
F-1595-2013,Prepared/Frozen,low
F-1595-2014,Bakery,high
F-1595-2015,Spices/Condiments,high
F-1595-2016,Dairy,high
F-1595-2017,Snacks/Candy,high
F-1595-2018,Bakery,medium
F-1595-2019,Supplements,high
F-1595-2020,Prepared/Frozen,low
F-1595-2022,Snacks/Candy,low
F-1595-2023,Supplements,high
F-1595-2024,Dairy,high
F-1596-2012,Produce,high
F-1596-2013,Produce,high
F-1596-2014,Bakery,high
F-1596-2015,Spices/Condiments,high
F-1596-2016,Spices/Condiments,high
F-1596-2017,Seafood,high
F-1596-2018,Seafood,high
F-1596-2019,Bakery,high
F-1596-2020,Produce,medium
F-1596-2022,Dairy,medium
F-1596-2023,Supplements,high
F-1596-2024,Dairy,high
F-1597-2012,Produce,high
F-1597-2013,Seafood,high
F-1597-2014,Bakery,high
F-1597-2015,Spices/Condiments,high
F-1597-2016,Produce,high
F-1597-2017,Snacks/Candy,high
F-1597-2018,Produce,high
F-1597-2019,Bakery,high
F-1597-2020,Produce,high
F-1597-2022,Dairy,medium
F-1597-2023,Supplements,high
F-1597-2024,Dairy,high
F-1598-2012,Produce,high
F-1598-2013,Seafood,high
F-1598-2014,Bakery,high
F-1598-2015,Spices/Condiments,high
F-1598-2016,Grains/Cereal,high
F-1598-2017,Bakery,medium
F-1598-2018,Snacks/Candy,high
F-1598-2019,Bakery,high
F-1598-2020,Produce,high
F-1598-2022,Prepared/Frozen,high
F-1598-2023,Supplements,high
F-1598-2024,Dairy,high
F-1599-2012,Produce,high
F-1599-2013,Seafood,high
F-1599-2014,Bakery,high
F-1599-2015,Spices/Condiments,high
F-1599-2016,Grains/Cereal,high
F-1599-2017,Bakery,medium
F-1599-2018,Snacks/Candy,medium
F-1599-2019,Bakery,high
F-1599-2020,Produce,high
F-1599-2022,Dairy,medium
F-1599-2023,Supplements,high
F-1599-2024,Dairy,high
F-1600-2012,Produce,high
F-1600-2013,Seafood,high
F-1600-2014,Bakery,high
F-1600-2015,Spices/Condiments,high
F-1600-2016,Grains/Cereal,high
F-1600-2017,Bakery,medium
F-1600-2018,Bakery,medium
F-1600-2019,Bakery,high
F-1600-2020,Produce,high
F-1600-2022,Supplements,high
F-1600-2023,Supplements,high
F-1600-2024,Dairy,high
F-1601-2012,Produce,high
F-1601-2013,Seafood,high
F-1601-2014,Nuts/Seeds,high
F-1601-2015,Nuts/Seeds,high
F-1601-2016,Grains/Cereal,medium
F-1601-2017,Bakery,medium
F-1601-2018,Snacks/Candy,high
F-1601-2019,Bakery,high
F-1601-2020,Produce,high
F-1601-2022,Supplements,high
F-1601-2023,Bakery,high
F-1601-2024,Dairy,high
F-1602-2012,Produce,high
F-1602-2013,Seafood,high
F-1602-2014,Nuts/Seeds,high
F-1602-2015,Bakery,high
F-1602-2016,Grains/Cereal,medium
F-1602-2017,Bakery,medium
F-1602-2018,Snacks/Candy,high
F-1602-2019,Bakery,high
F-1602-2020,Produce,high
F-1602-2022,Supplements,high
F-1602-2023,Produce,high
F-1602-2024,Dairy,high
F-1603-2012,Produce,high
F-1603-2013,Dairy,high
F-1603-2014,Produce,high
F-1603-2015,Bakery,high
F-1603-2016,Grains/Cereal,medium
F-1603-2017,Bakery,high
F-1603-2018,Snacks/Candy,medium
F-1603-2019,Bakery,high
F-1603-2020,Produce,high
F-1603-2022,Plant Protein,medium
F-1603-2023,Dairy,medium
F-1603-2024,Dairy,high
F-1604-2012,Produce,high
F-1604-2013,Dairy,high
F-1604-2014,Produce,high
F-1604-2015,Bakery,high
F-1604-2016,Grains/Cereal,high
F-1604-2017,Bakery,high
F-1604-2018,Supplements,high
F-1604-2019,Bakery,high
F-1604-2020,Produce,high
F-1604-2022,Plant Protein,medium
F-1604-2023,Snacks/Candy,low
F-1604-2024,Dairy,high
F-1605-2012,Produce,high
F-1605-2013,Produce,high
F-1605-2014,Beef/Pork/Poultry/Game Meats,low
F-1605-2015,Spices/Condiments,high
F-1605-2016,Grains/Cereal,high
F-1605-2017,Produce,medium
F-1605-2018,Supplements,high
F-1605-2019,Bakery,high
F-1605-2020,Produce,high
F-1605-2022,Plant Protein,high
F-1605-2023,Produce,high
F-1605-2024,Dairy,high
F-1606-2012,Produce,high
F-1606-2013,Produce,high
F-1606-2015,Spices/Condiments,high
F-1606-2016,Grains/Cereal,high
F-1606-2017,Produce,high
F-1606-2018,Dairy,high
F-1606-2019,Bakery,high
F-1606-2020,Produce,medium
F-1606-2022,Plant Protein,medium
F-1606-2023,Seafood,high
F-1606-2024,Dairy,high
F-1607-2012,Produce,high
F-1607-2013,Produce,high
F-1607-2015,Spices/Condiments,high
F-1607-2016,Grains/Cereal,high
F-1607-2017,Prepared/Frozen,medium
F-1607-2019,Bakery,high
F-1607-2020,Produce,high
F-1607-2022,Beverages,high
F-1607-2023,Spices/Condiments,high
F-1607-2024,Dairy,high
F-1608-2012,Produce,high
F-1608-2013,Produce,high
F-1608-2014,Eggs,high
F-1608-2015,Spices/Condiments,high
F-1608-2016,Grains/Cereal,high
F-1608-2017,Bakery,high
F-1608-2019,Prepared/Frozen,medium
F-1608-2020,Produce,high
F-1608-2022,Beverages,high
F-1608-2023,Spices/Condiments,high
F-1608-2024,Dairy,high
F-1609-2012,Produce,high
F-1609-2013,Produce,high
F-1609-2014,Snacks/Candy,high
F-1609-2015,Spices/Condiments,medium
F-1609-2016,Grains/Cereal,high
F-1609-2017,Bakery,high
F-1609-2018,Supplements,medium
F-1609-2019,Produce,high
F-1609-2020,Produce,medium
F-1609-2022,Supplements,medium
F-1609-2023,Spices/Condiments,high
F-1609-2024,Dairy,high
F-1610-2012,Produce,high
F-1610-2013,Produce,high
F-1610-2014,Dairy,high
F-1610-2015,Spices/Condiments,high
F-1610-2016,Grains/Cereal,high
F-1610-2017,Bakery,high
F-1610-2018,Snacks/Candy,medium
F-1610-2019,Produce,high
F-1610-2020,Produce,medium
F-1610-2022,Supplements,medium
F-1610-2023,Spices/Condiments,medium
F-1610-2024,Dairy,medium
F-1611-2012,Produce,high
F-1611-2013,Produce,high
F-1611-2014,Bakery,high
F-1611-2015,Spices/Condiments,medium
F-1611-2016,Grains/Cereal,high
F-1611-2017,Bakery,high
F-1611-2018,Seafood,high
F-1611-2019,Produce,high
F-1611-2020,Produce,medium
F-1611-2022,Supplements,high
F-1611-2023,Spices/Condiments,high
F-1611-2024,Dairy,high
F-1612-2012,Produce,high
F-1612-2013,Produce,medium
F-1612-2014,Bakery,high
F-1612-2015,Spices/Condiments,high
F-1612-2016,Grains/Cereal,high
F-1612-2017,Spices/Condiments,high
F-1612-2018,Produce,medium
F-1612-2019,Produce,high
F-1612-2020,Produce,low
F-1612-2022,Supplements,medium
F-1612-2023,Spices/Condiments,high
F-1612-2024,Dairy,high
F-1613-2012,Produce,high
F-1613-2013,Produce,medium
F-1613-2014,Bakery,high
F-1613-2015,Spices/Condiments,medium
F-1613-2016,Bakery,high
F-1613-2017,Spices/Condiments,high
F-1613-2018,Produce,high
F-1613-2019,Produce,high
F-1613-2020,Produce,medium
F-1613-2022,Supplements,high
F-1613-2023,Grains/Cereal,medium
F-1613-2024,Bakery,high
F-1614-2012,Produce,high
F-1614-2013,Produce,medium
F-1614-2014,Bakery,high
F-1614-2015,Plant Protein,high
F-1614-2016,Bakery,high
F-1614-2017,Spices/Condiments,high
F-1614-2018,Dairy,high
F-1614-2019,Produce,high
F-1614-2020,Produce,medium
F-1614-2022,Supplements,medium
F-1614-2023,Spices/Condiments,high
F-1614-2024,Prepared/Frozen,medium
F-1615-2012,Produce,high
F-1615-2013,Produce,high
F-1615-2014,Bakery,high
F-1615-2015,Plant Protein,low
F-1615-2016,Produce,high
F-1615-2017,Spices/Condiments,high
F-1615-2018,Beverages,medium
F-1615-2019,Produce,medium
F-1615-2020,Produce,medium
F-1615-2022,Plant Protein,medium
F-1615-2023,Supplements,high
F-1615-2024,Beverages,high
F-1616-2012,Produce,high
F-1616-2013,Produce,low
F-1616-2014,Bakery,high
F-1616-2015,Plant Protein,high
F-1616-2016,Produce,high
F-1616-2017,Spices/Condiments,high
F-1616-2018,Beverages,medium
F-1616-2019,Dairy,high
F-1616-2020,Produce,low
F-1616-2022,Plant Protein,medium
F-1616-2023,Supplements,high
F-1616-2024,Beverages,high
F-1617-2012,Produce,high
F-1617-2013,Produce,medium
F-1617-2014,Snacks/Candy,medium
F-1617-2015,Bakery,high
F-1617-2016,Supplements,medium
F-1617-2017,Spices/Condiments,high
F-1617-2018,Beverages,medium
F-1617-2019,Dairy,high
F-1617-2020,Produce,medium
F-1617-2022,Plant Protein,medium
F-1617-2023,Dairy,high
F-1617-2024,Beverages,high
F-1618-2012,Produce,high
F-1618-2013,Produce,high
F-1618-2014,Bakery,high
F-1618-2015,Food Additives/Ingredients,low
F-1618-2016,Supplements,high
F-1618-2017,Seafood,high
F-1618-2018,Beverages,medium
F-1618-2019,Dairy,high
F-1618-2020,Snacks/Candy,high
F-1618-2022,Plant Protein,high
F-1618-2023,Nuts/Seeds,high
F-1618-2024,Beverages,high
F-1619-2012,Produce,high
F-1619-2013,Prepared/Frozen,high
F-1619-2014,Bakery,high
F-1619-2015,Spices/Condiments,high
F-1619-2017,Produce,high
F-1619-2018,Beverages,high
F-1619-2019,Dairy,high
F-1619-2020,Snacks/Candy,high
F-1619-2022,Plant Protein,medium
F-1619-2023,Prepared/Frozen,medium
F-1619-2024,Beverages,high
F-1620-2012,Produce,high
F-1620-2013,Bakery,medium
F-1620-2014,Bakery,high
F-1620-2015,Spices/Condiments,high
F-1620-2017,Produce,high
F-1620-2018,Food Additives/Ingredients,low
F-1620-2019,Beverages,high
F-1620-2020,Snacks/Candy,high
F-1620-2022,Plant Protein,high
F-1620-2023,Dairy,high
F-1620-2024,Beverages,high
F-1621-2012,Produce,high
F-1621-2013,Bakery,high
F-1621-2014,Bakery,high
F-1621-2015,Spices/Condiments,medium
F-1621-2016,Bakery,high
F-1621-2017,Produce,high
F-1621-2018,Oils/Fats,high
F-1621-2019,Eggs,high
F-1621-2020,Snacks/Candy,high
F-1621-2022,Plant Protein,medium
F-1621-2023,Dairy,high
F-1621-2024,Beverages,high
F-1622-2012,Produce,high
F-1622-2013,Plant Protein,medium
F-1622-2014,Plant Protein,high
F-1622-2015,Spices/Condiments,high
F-1622-2016,Bakery,high
F-1622-2017,Spices/Condiments,high
F-1622-2018,Beverages,high
F-1622-2019,Eggs,high
F-1622-2020,Snacks/Candy,high
F-1622-2022,Plant Protein,medium
F-1622-2023,Prepared/Frozen,low
F-1622-2024,Beverages,high
F-1623-2012,Produce,high
F-1623-2013,Plant Protein,low
F-1623-2014,Prepared/Frozen,medium
F-1623-2015,Spices/Condiments,high
F-1623-2016,Bakery,high
F-1623-2017,Supplements,high
F-1623-2018,Produce,high
F-1623-2019,Eggs,high
F-1623-2020,Snacks/Candy,high
F-1623-2022,Supplements,medium
F-1623-2023,Prepared/Frozen,medium
F-1623-2024,Beverages,high
F-1624-2012,Produce,high
F-1624-2013,Bakery,high
F-1624-2014,Produce,high
F-1624-2015,Spices/Condiments,high
F-1624-2016,Bakery,high
F-1624-2017,Supplements,high
F-1624-2018,Produce,high
F-1624-2019,Eggs,high
F-1624-2022,Supplements,medium
F-1624-2023,Dairy,high
F-1624-2024,Beverages,high
F-1625-2012,Produce,high
F-1625-2013,Bakery,medium
F-1625-2014,Baking Supplies,low
F-1625-2015,Spices/Condiments,high
F-1625-2016,Bakery,high
F-1625-2017,Baking Supplies,high
F-1625-2018,Produce,high
F-1625-2019,Eggs,high
F-1625-2022,Supplements,medium
F-1625-2023,Prepared/Frozen,low
F-1625-2024,Beverages,high
F-1626-2012,Produce,high
F-1626-2013,Bakery,high
F-1626-2014,Baking Supplies,low
F-1626-2015,Spices/Condiments,high
F-1626-2016,Bakery,high
F-1626-2017,Spices/Condiments,low
F-1626-2018,Produce,high
F-1626-2019,Eggs,high
F-1626-2022,Supplements,medium
F-1626-2023,Dairy,high
F-1626-2024,Beverages,high
F-1627-2012,Produce,high
F-1627-2013,Bakery,high
F-1627-2014,Produce,medium
F-1627-2015,Spices/Condiments,high
F-1627-2016,Bakery,high
F-1627-2017,Baking Supplies,low
F-1627-2018,Produce,medium
F-1627-2019,Dairy,high
F-1627-2022,Supplements,medium
F-1627-2023,Dairy,high
F-1627-2024,Beverages,high
F-1628-2012,Produce,high
F-1628-2013,Bakery,medium
F-1628-2014,Spices/Condiments,high
F-1628-2015,Spices/Condiments,medium
F-1628-2016,Seafood,high
F-1628-2017,Produce,medium
F-1628-2018,Produce,high
F-1628-2019,Dairy,high
F-1628-2022,Supplements,medium
F-1628-2023,Prepared/Frozen,medium
F-1628-2024,Beverages,high
F-1629-2012,Produce,high
F-1629-2013,Bakery,medium
F-1629-2014,Spices/Condiments,high
F-1629-2015,Plant Protein,low
F-1629-2016,Seafood,high
F-1629-2017,Produce,medium
F-1629-2018,Produce,high
F-1629-2019,Dairy,high
F-1629-2022,Supplements,medium
F-1629-2023,Prepared/Frozen,medium
F-1629-2024,Beverages,high
F-1630-2012,Produce,high
F-1630-2013,Bakery,medium
F-1630-2014,Spices/Condiments,high
F-1630-2015,Supplements,medium
F-1630-2016,Plant Protein,high
F-1630-2017,Produce,high
F-1630-2018,Produce,high
F-1630-2019,Bakery,high
F-1630-2022,Supplements,medium
F-1630-2023,Prepared/Frozen,medium
F-1630-2024,Beverages,high
F-1631-2013,Plant Protein,low
F-1631-2014,Spices/Condiments,high
F-1631-2015,Supplements,high
F-1631-2016,Plant Protein,high
F-1631-2017,Beverages,high
F-1631-2018,Produce,high
F-1631-2019,Bakery,high
F-1631-2022,Supplements,medium
F-1631-2023,Bakery,high
F-1631-2024,Beverages,high
F-1632-2013,Nuts/Seeds,high
F-1632-2014,Spices/Condiments,medium
F-1632-2015,Supplements,high
F-1632-2016,Plant Protein,high
F-1632-2017,Beverages,high
F-1632-2018,Produce,high
F-1632-2019,Dairy,high
F-1632-2022,Supplements,high
F-1632-2023,Bakery,high
F-1632-2024,Beverages,high
F-1633-2013,Nuts/Seeds,high
F-1633-2014,Spices/Condiments,medium
F-1633-2015,Supplements,high
F-1633-2016,Plant Protein,medium
F-1633-2017,Beverages,high
F-1633-2018,Produce,high
F-1633-2019,Dairy,high
F-1633-2022,Supplements,high
F-1633-2023,Bakery,medium
F-1633-2024,Beverages,high
F-1634-2012,Produce,high
F-1634-2013,Nuts/Seeds,high
F-1634-2014,Nuts/Seeds,low
F-1634-2015,Supplements,high
F-1634-2016,Plant Protein,medium
F-1634-2017,Beverages,high
F-1634-2018,Produce,high
F-1634-2019,Plant Protein,high
F-1634-2022,Supplements,high
F-1634-2023,Prepared/Frozen,medium
F-1634-2024,Beverages,high
F-1635-2012,Spices/Condiments,high
F-1635-2013,Nuts/Seeds,high
F-1635-2014,Supplements,high
F-1635-2015,Supplements,high
F-1635-2016,Plant Protein,medium
F-1635-2017,Beverages,high
F-1635-2018,Produce,high
F-1635-2019,Plant Protein,medium
F-1635-2022,Beverages,low
F-1635-2023,Bakery,medium
F-1635-2024,Beverages,high
F-1636-2012,Seafood,high
F-1636-2013,Supplements,high
F-1636-2014,Food Additives/Ingredients,low
F-1636-2015,Supplements,high
F-1636-2016,Plant Protein,medium
F-1636-2017,Beverages,high
F-1636-2018,Produce,high
F-1636-2019,Plant Protein,medium
F-1636-2022,Beverages,medium
F-1636-2023,Prepared/Frozen,medium
F-1636-2024,Beverages,high
F-1637-2012,Spices/Condiments,high
F-1637-2013,Nuts/Seeds,high
F-1637-2014,Supplements,medium
F-1637-2015,Supplements,high
F-1637-2016,Plant Protein,high
F-1637-2017,Beverages,high
F-1637-2018,Produce,high
F-1637-2019,Plant Protein,medium
F-1637-2022,Food Additives/Ingredients,medium
F-1637-2023,Bakery,medium
F-1637-2024,Beverages,high
F-1638-2012,Dairy,high
F-1638-2013,Plant Protein,high
F-1638-2014,Uncategorized,low
F-1638-2015,Uncategorized,low
F-1638-2016,Plant Protein,high
F-1638-2017,Beverages,high
F-1638-2018,Produce,high
F-1638-2019,Grains/Cereal,medium
F-1638-2022,Food Additives/Ingredients,low
F-1638-2023,Bakery,low
F-1638-2024,Beverages,high
F-1639-2012,Dairy,high
F-1639-2013,Plant Protein,high
F-1639-2014,Supplements,medium
F-1639-2015,Supplements,medium
F-1639-2016,Plant Protein,high
F-1639-2017,Beverages,high
F-1639-2018,Produce,high
F-1639-2019,Grains/Cereal,medium
F-1639-2022,Spices/Condiments,low
F-1639-2023,Produce,low
F-1639-2024,Dairy,high
F-1640-2012,Beverages,high
F-1640-2013,Plant Protein,high
F-1640-2014,Supplements,low
F-1640-2015,Supplements,medium
F-1640-2016,Plant Protein,high
F-1640-2017,Spices/Condiments,high
F-1640-2018,Produce,high
F-1640-2019,Eggs,high
F-1640-2022,Beverages,high
F-1640-2023,Bakery,low
F-1640-2024,Prepared/Frozen,medium
F-1641-2012,Grains/Cereal,medium
F-1641-2013,Plant Protein,high
F-1641-2014,Supplements,high
F-1641-2015,Supplements,high
F-1641-2016,Plant Protein,high
F-1641-2017,Produce,medium
F-1641-2018,Produce,high
F-1641-2019,Beverages,high
F-1641-2022,Beverages,high
F-1641-2023,Prepared/Frozen,medium
F-1641-2024,Non-Food Item,high
F-1642-2012,Grains/Cereal,medium
F-1642-2013,Snacks/Candy,medium
F-1642-2014,Supplements,high
F-1642-2015,Supplements,high
F-1642-2016,Plant Protein,high
F-1642-2017,Produce,medium
F-1642-2018,Produce,high
F-1642-2019,Dairy,high
F-1642-2022,Beverages,high
F-1642-2023,Prepared/Frozen,medium
F-1642-2024,Bakery,high
F-1643-2012,Prepared/Frozen,medium
F-1643-2013,Produce,high
F-1643-2014,Supplements,high
F-1643-2015,Supplements,medium
F-1643-2016,Plant Protein,high
F-1643-2017,Produce,medium
F-1643-2018,Produce,high
F-1643-2019,Dairy,high
F-1643-2022,Beverages,high
F-1643-2023,Bakery,high
F-1643-2024,Bakery,high
F-1644-2012,Grains/Cereal,medium
F-1644-2013,Grains/Cereal,medium
F-1644-2014,Bakery,medium
F-1644-2015,Supplements,medium
F-1644-2016,Plant Protein,medium
F-1644-2017,Dairy,high
F-1644-2018,Produce,high
F-1644-2019,Dairy,high
F-1644-2022,Beverages,high
F-1644-2023,Prepared/Frozen,low
F-1644-2024,Bakery,high
F-1645-2012,Prepared/Frozen,medium
F-1645-2013,Spices/Condiments,low
F-1645-2014,Bakery,high
F-1645-2015,Supplements,low
F-1645-2016,Plant Protein,high
F-1645-2017,Dairy,high
F-1645-2018,Produce,high
F-1645-2019,Dairy,high
F-1645-2022,Plant Protein,medium
F-1645-2023,Dairy,low
F-1645-2024,Nuts/Seeds,high
F-1646-2012,Prepared/Frozen,medium
F-1646-2013,Seafood,low
F-1646-2014,Bakery,high
F-1646-2015,Supplements,high
F-1646-2016,Plant Protein,low
F-1646-2017,Dairy,high
F-1646-2018,Produce,high
F-1646-2019,Dairy,high
F-1646-2022,Supplements,high
F-1646-2023,Dairy,medium
F-1646-2024,Snacks/Candy,low
F-1647-2012,Prepared/Frozen,medium
F-1647-2013,Dairy,high
F-1647-2014,Seafood,high
F-1647-2015,Supplements,high
F-1647-2016,Plant Protein,high
F-1647-2017,Dairy,high
F-1647-2018,Produce,high
F-1647-2019,Dairy,high
F-1647-2022,Plant Protein,medium
F-1647-2023,Prepared/Frozen,medium
F-1647-2024,Snacks/Candy,medium
F-1648-2012,Prepared/Frozen,medium
F-1648-2013,Dairy,high
F-1648-2014,Spices/Condiments,medium
F-1648-2015,Supplements,high
F-1648-2016,Plant Protein,high
F-1648-2017,Dairy,high
F-1648-2018,Produce,high
F-1648-2019,Dairy,high
F-1648-2022,Plant Protein,medium
F-1648-2023,Bakery,medium
F-1648-2024,Prepared/Frozen,medium
F-1649-2012,Grains/Cereal,medium
F-1649-2013,Dairy,high
F-1649-2014,Spices/Condiments,medium
F-1649-2015,Supplements,high
F-1649-2016,Plant Protein,high
F-1649-2017,Dairy,high
F-1649-2019,Dairy,high
F-1649-2022,Beverages,high
F-1649-2023,Prepared/Frozen,low
F-1649-2024,Prepared/Frozen,low
F-1650-2012,Prepared/Frozen,medium
F-1650-2013,Dairy,high
F-1650-2014,Spices/Condiments,high
F-1650-2015,Supplements,high
F-1650-2016,Plant Protein,high
F-1650-2017,Dairy,high
F-1650-2018,Grains/Cereal,high
F-1650-2019,Dairy,high
F-1650-2022,Plant Protein,high
F-1650-2023,Uncategorized,low
F-1650-2024,Prepared/Frozen,low
F-1651-2012,Seafood,high
F-1651-2013,Dairy,high
F-1651-2014,Spices/Condiments,high
F-1651-2015,Supplements,low
F-1651-2016,Plant Protein,medium
F-1651-2017,Dairy,high
F-1651-2018,Snacks/Candy,medium
F-1651-2019,Dairy,high
F-1651-2022,Plant Protein,high
F-1651-2023,Prepared/Frozen,medium
F-1651-2024,Nuts/Seeds,high
F-1652-2012,Seafood,high
F-1652-2013,Dairy,high
F-1652-2014,Snacks/Candy,high
F-1652-2015,Supplements,high
F-1652-2016,Plant Protein,high
F-1652-2017,Dairy,high
F-1652-2018,Nuts/Seeds,high
F-1652-2019,Dairy,high
F-1652-2022,Plant Protein,medium
F-1652-2023,Prepared/Frozen,medium
F-1652-2024,Bakery,high
F-1653-2012,Seafood,high
F-1653-2013,Nuts/Seeds,high
F-1653-2014,Snacks/Candy,high
F-1653-2015,Supplements,high
F-1653-2016,Produce,high
F-1653-2017,Dairy,high
F-1653-2018,Nuts/Seeds,high
F-1653-2019,Dairy,high
F-1653-2022,Plant Protein,medium
F-1653-2023,Dairy,low
F-1653-2024,Bakery,high
F-1654-2012,Supplements,medium
F-1654-2013,Nuts/Seeds,high
F-1654-2014,Snacks/Candy,high
F-1654-2015,Uncategorized,low
F-1654-2016,Produce,high
F-1654-2017,Dairy,high
F-1654-2018,Snacks/Candy,medium
F-1654-2019,Dairy,high
F-1654-2022,Dairy,high
F-1654-2023,Bakery,medium
F-1654-2024,Nuts/Seeds,high
F-1655-2012,Grains/Cereal,medium
F-1655-2013,Nuts/Seeds,high
F-1655-2014,Snacks/Candy,high
F-1655-2015,Supplements,high
F-1655-2016,Produce,high
F-1655-2017,Dairy,high
F-1655-2018,Spices/Condiments,high
F-1655-2019,Dairy,high
F-1655-2022,Dairy,high
F-1655-2023,Prepared/Frozen,medium
F-1655-2024,Snacks/Candy,medium
F-1656-2012,Seafood,high
F-1656-2013,Nuts/Seeds,high
F-1656-2014,Snacks/Candy,high
F-1656-2015,Supplements,high
F-1656-2016,Produce,high
F-1656-2017,Dairy,high
F-1656-2018,Beverages,high
F-1656-2019,Dairy,high
F-1656-2022,Dairy,high
F-1656-2023,Dairy,low
F-1656-2024,Snacks/Candy,high
F-1657-2012,Bakery,high
F-1657-2013,Nuts/Seeds,high
F-1657-2014,Snacks/Candy,medium
F-1657-2015,Uncategorized,low
F-1657-2016,Prepared/Frozen,medium
F-1657-2017,Dairy,high
F-1657-2018,Food Additives/Ingredients,medium
F-1657-2019,Dairy,high
F-1657-2022,Supplements,medium
F-1657-2023,Dairy,low
F-1657-2024,Snacks/Candy,low
F-1658-2012,Bakery,medium
F-1658-2013,Nuts/Seeds,high
F-1658-2014,Snacks/Candy,high
F-1658-2015,Supplements,low
F-1658-2016,Produce,high
F-1658-2017,Dairy,high
F-1658-2018,Supplements,medium
F-1658-2019,Dairy,high
F-1658-2022,Supplements,medium
F-1658-2023,Bakery,low
F-1658-2024,Snacks/Candy,high
F-1659-2012,Bakery,high
F-1659-2013,Snacks/Candy,medium
F-1659-2014,Snacks/Candy,high
F-1659-2015,Supplements,medium
F-1659-2016,Produce,high
F-1659-2017,Dairy,high
F-1659-2018,Food Additives/Ingredients,low
F-1659-2019,Dairy,high
F-1659-2022,Supplements,medium
F-1659-2023,Dairy,medium
F-1659-2024,Snacks/Candy,high
F-1660-2012,Bakery,high
F-1660-2013,Nuts/Seeds,high
F-1660-2014,Snacks/Candy,high
F-1660-2015,Supplements,medium
F-1660-2016,Produce,medium
F-1660-2017,Dairy,high
F-1660-2018,Food Additives/Ingredients,low
F-1660-2019,Dairy,high
F-1660-2022,Beverages,medium
F-1660-2023,Dairy,medium
F-1660-2024,Snacks/Candy,high
F-1661-2012,Bakery,medium
F-1661-2013,Nuts/Seeds,high
F-1661-2014,Snacks/Candy,high
F-1661-2015,Supplements,high
F-1661-2016,Produce,high
F-1661-2017,Dairy,high
F-1661-2018,Spices/Condiments,high
F-1661-2019,Dairy,high
F-1661-2022,Supplements,high
F-1661-2023,Prepared/Frozen,medium
F-1661-2024,Snacks/Candy,high
F-1662-2012,Bakery,high
F-1662-2013,Nuts/Seeds,high
F-1662-2014,Snacks/Candy,high
F-1662-2015,Supplements,medium
F-1662-2016,Produce,high
F-1662-2017,Dairy,high
F-1662-2018,Supplements,high
F-1662-2019,Dairy,high
F-1662-2022,Supplements,high
F-1662-2023,Uncategorized,low
F-1662-2024,Snacks/Candy,high
F-1663-2012,Bakery,medium
F-1663-2013,Nuts/Seeds,high
F-1663-2014,Snacks/Candy,high
F-1663-2015,Supplements,medium
F-1663-2016,Produce,medium
F-1663-2017,Dairy,high
F-1663-2018,Bakery,high
F-1663-2019,Dairy,high
F-1663-2022,Supplements,medium
F-1663-2023,Uncategorized,low
F-1663-2024,Snacks/Candy,low
F-1664-2012,Bakery,medium
F-1664-2013,Nuts/Seeds,high
F-1664-2014,Snacks/Candy,high
F-1664-2015,Supplements,medium
F-1664-2016,Produce,medium
F-1664-2017,Dairy,high
F-1664-2018,Seafood,high
F-1664-2019,Dairy,high
F-1664-2022,Supplements,medium
F-1664-2023,Dairy,low
F-1664-2024,Snacks/Candy,medium
F-1665-2012,Bakery,medium
F-1665-2013,Snacks/Candy,medium
F-1665-2014,Snacks/Candy,high
F-1665-2015,Uncategorized,low
F-1665-2016,Snacks/Candy,high
F-1665-2017,Dairy,high
F-1665-2018,Produce,high
F-1665-2019,Dairy,high
F-1665-2022,Supplements,medium
F-1665-2023,Prepared/Frozen,low
F-1665-2024,Nuts/Seeds,medium
F-1666-2012,Bakery,high
F-1666-2013,Nuts/Seeds,high
F-1666-2014,Snacks/Candy,high
F-1666-2015,Uncategorized,low
F-1666-2016,Snacks/Candy,medium
F-1666-2017,Dairy,high
F-1666-2018,Produce,high
F-1666-2019,Dairy,high
F-1666-2022,Supplements,medium
F-1666-2023,Dairy,low
F-1666-2024,Snacks/Candy,low
F-1667-2012,Bakery,medium
F-1667-2013,Nuts/Seeds,high
F-1667-2014,Nuts/Seeds,medium
F-1667-2015,Supplements,high
F-1667-2016,Spices/Condiments,high
F-1667-2017,Spices/Condiments,high
F-1667-2018,Produce,high
F-1667-2019,Dairy,high
F-1667-2022,Supplements,medium
F-1667-2023,Prepared/Frozen,medium
F-1667-2024,Snacks/Candy,medium
F-1668-2013,Nuts/Seeds,high
F-1668-2014,Nuts/Seeds,medium
F-1668-2015,Supplements,medium
F-1668-2017,Spices/Condiments,high
F-1668-2018,Dairy,high
F-1668-2019,Dairy,high
F-1668-2022,Supplements,medium
F-1668-2023,Prepared/Frozen,low
F-1668-2024,Snacks/Candy,medium
F-1669-2012,Snacks/Candy,high
F-1669-2013,Nuts/Seeds,high
F-1669-2014,Nuts/Seeds,high
F-1669-2015,Supplements,medium
F-1669-2016,Produce,high
F-1669-2017,Spices/Condiments,high
F-1669-2018,Dairy,high
F-1669-2019,Dairy,high
F-1669-2022,Supplements,medium
F-1669-2023,Prepared/Frozen,low
F-1669-2024,Bakery,medium
F-1670-2012,Beverages,high
F-1670-2013,Snacks/Candy,medium
F-1670-2014,Nuts/Seeds,high
F-1670-2015,Supplements,high
F-1670-2016,Produce,high
F-1670-2017,Spices/Condiments,high
F-1670-2018,Seafood,high
F-1670-2019,Dairy,high
F-1670-2022,Supplements,high
F-1670-2023,Prepared/Frozen,low
F-1670-2024,Nuts/Seeds,medium
F-1671-2013,Nuts/Seeds,high
F-1671-2014,Snacks/Candy,low
F-1671-2015,Supplements,high
F-1671-2016,Snacks/Candy,medium
F-1671-2017,Dairy,high
F-1671-2018,Seafood,low
F-1671-2019,Dairy,high
F-1671-2022,Supplements,medium
F-1671-2023,Uncategorized,low
F-1671-2024,Snacks/Candy,high
F-1672-2012,Seafood,high
F-1672-2013,Nuts/Seeds,high
F-1672-2014,Snacks/Candy,medium
F-1672-2015,Supplements,high
F-1672-2016,Snacks/Candy,medium
F-1672-2017,Spices/Condiments,medium
F-1672-2018,Snacks/Candy,medium
F-1672-2019,Dairy,high
F-1672-2022,Supplements,medium
F-1672-2023,Dairy,low
F-1672-2024,Snacks/Candy,high
F-1673-2012,Seafood,high
F-1673-2013,Nuts/Seeds,high
F-1673-2014,Produce,high
F-1673-2015,Supplements,high
F-1673-2016,Snacks/Candy,high
F-1673-2017,Spices/Condiments,low
F-1673-2018,Snacks/Candy,medium
F-1673-2019,Dairy,high
F-1673-2022,Plant Protein,medium
F-1673-2023,Prepared/Frozen,medium
F-1673-2024,Prepared/Frozen,medium
F-1674-2012,Seafood,high
F-1674-2013,Nuts/Seeds,high
F-1674-2014,Nuts/Seeds,high
F-1674-2015,Supplements,high
F-1674-2016,Snacks/Candy,medium
F-1674-2017,Nuts/Seeds,medium
F-1674-2018,Produce,medium
F-1674-2019,Dairy,high
F-1674-2022,Plant Protein,medium
F-1674-2023,Prepared/Frozen,low
F-1674-2024,Spices/Condiments,high
F-1675-2012,Bakery,high
F-1675-2013,Nuts/Seeds,high
F-1675-2014,Prepared/Frozen,medium
F-1675-2015,Supplements,high
F-1675-2016,Snacks/Candy,high
F-1675-2017,Prepared/Frozen,medium
F-1675-2018,Supplements,high
F-1675-2019,Dairy,high
F-1675-2022,Plant Protein,medium
F-1675-2023,Snacks/Candy,low
F-1675-2024,Produce,high
F-1676-2012,Bakery,high
F-1676-2013,Nuts/Seeds,high
F-1676-2014,Spices/Condiments,high
F-1676-2015,Supplements,high
F-1676-2016,Nuts/Seeds,high
F-1676-2017,Bakery,high
F-1676-2018,Snacks/Candy,high
F-1676-2019,Dairy,high
F-1676-2022,Plant Protein,medium
F-1676-2023,Bakery,high
F-1676-2024,Produce,high
F-1677-2012,Bakery,medium
F-1677-2013,Nuts/Seeds,high
F-1677-2014,Dairy,medium
F-1677-2015,Supplements,high
F-1677-2016,Nuts/Seeds,high
F-1677-2017,Prepared/Frozen,medium
F-1677-2018,Bakery,medium
F-1677-2019,Dairy,high
F-1677-2022,Snacks/Candy,medium
F-1677-2023,Bakery,medium
F-1677-2024,Produce,high
F-1678-2012,Bakery,high
F-1678-2013,Nuts/Seeds,high
F-1678-2014,Bakery,high
F-1678-2015,Supplements,low
F-1678-2016,Bakery,high
F-1678-2017,Dairy,high
F-1678-2018,Beverages,high
F-1678-2019,Dairy,high
F-1678-2022,Plant Protein,low
F-1678-2023,Prepared/Frozen,medium
F-1678-2024,Produce,high
F-1679-2012,Bakery,high
F-1679-2013,Nuts/Seeds,high
F-1679-2014,Bakery,high
F-1679-2015,Supplements,high
F-1679-2016,Grains/Cereal,medium
F-1679-2017,Dairy,high
F-1679-2018,Grains/Cereal,high
F-1679-2019,Dairy,high
F-1679-2022,Plant Protein,medium
F-1679-2023,Bakery,medium
F-1679-2024,Produce,high
F-1680-2012,Bakery,high
F-1680-2013,Nuts/Seeds,high
F-1680-2014,Bakery,high
F-1680-2015,Supplements,high
F-1680-2016,Grains/Cereal,medium
F-1680-2017,Dairy,high
F-1680-2018,Bakery,medium
F-1680-2019,Dairy,high
F-1680-2022,Spices/Condiments,medium
F-1680-2023,Prepared/Frozen,low
F-1680-2024,Produce,high
F-1681-2012,Bakery,medium
F-1681-2013,Nuts/Seeds,high
F-1681-2014,Bakery,high
F-1681-2015,Supplements,medium
F-1681-2016,Grains/Cereal,medium
F-1681-2017,Prepared/Frozen,medium
F-1681-2018,Supplements,high
F-1681-2019,Dairy,high
F-1681-2022,Produce,medium
F-1681-2023,Prepared/Frozen,low
F-1681-2024,Produce,high
F-1682-2012,Bakery,medium
F-1682-2013,Nuts/Seeds,high
F-1682-2014,Snacks/Candy,high
F-1682-2015,Supplements,high
F-1682-2016,Grains/Cereal,medium
F-1682-2017,Dairy,high
F-1682-2018,Supplements,high
F-1682-2019,Dairy,high
F-1682-2022,Supplements,low
F-1682-2023,Bakery,low
F-1682-2024,Produce,high
F-1683-2012,Beverages,medium
F-1683-2013,Nuts/Seeds,high
F-1683-2014,Prepared/Frozen,medium
F-1683-2015,Supplements,medium
F-1683-2016,Grains/Cereal,medium
F-1683-2017,Dairy,high
F-1683-2018,Supplements,high
F-1683-2019,Dairy,high
F-1683-2022,Nuts/Seeds,high
F-1683-2023,Prepared/Frozen,medium
F-1683-2024,Produce,high
F-1684-2012,Spices/Condiments,medium
F-1684-2013,Nuts/Seeds,high
F-1684-2014,Spices/Condiments,high
F-1684-2015,Supplements,high
F-1684-2016,Grains/Cereal,medium
F-1684-2017,Prepared/Frozen,medium
F-1684-2018,Supplements,high
F-1684-2019,Dairy,high
F-1684-2022,Supplements,low
F-1684-2023,Prepared/Frozen,medium
F-1684-2024,Produce,high
F-1685-2012,Spices/Condiments,high
F-1685-2013,Nuts/Seeds,high
F-1685-2014,Food Additives/Ingredients,medium
F-1685-2015,Supplements,high
F-1685-2016,Snacks/Candy,medium
F-1685-2017,Dairy,high
F-1685-2018,Supplements,high
F-1685-2019,Dairy,high
F-1685-2022,Non-Food Item,low
F-1685-2023,Prepared/Frozen,low
F-1685-2024,Produce,high
F-1686-2012,Grains/Cereal,medium
F-1686-2013,Uncategorized,low
F-1686-2014,Grains/Cereal,high
F-1686-2015,Supplements,medium
F-1686-2016,Snacks/Candy,medium
F-1686-2017,Dairy,high
F-1686-2018,Supplements,high
F-1686-2019,Produce,medium
F-1686-2022,Bakery,high
F-1686-2023,Uncategorized,low
F-1686-2024,Produce,high
F-1687-2012,Bakery,high
F-1687-2013,Nuts/Seeds,high
F-1687-2014,Baby/Toddler Food,high
F-1687-2015,Uncategorized,low
F-1687-2016,Snacks/Candy,medium
F-1687-2017,Prepared/Frozen,medium
F-1687-2018,Supplements,high
F-1687-2019,Beverages,medium
F-1687-2022,Produce,medium
F-1687-2023,Prepared/Frozen,low
F-1687-2024,Produce,high
F-1688-2012,Beverages,high
F-1688-2013,Nuts/Seeds,high
F-1688-2014,Baby/Toddler Food,high
F-1688-2015,Supplements,high
F-1688-2016,Snacks/Candy,medium
F-1688-2017,Prepared/Frozen,high
F-1688-2018,Supplements,high
F-1688-2019,Beverages,medium
F-1688-2022,Supplements,medium
F-1688-2023,Dairy,low
F-1688-2024,Produce,high
F-1689-2012,Bakery,high
F-1689-2013,Nuts/Seeds,high
F-1689-2014,Prepared/Frozen,medium
F-1689-2015,Supplements,high
F-1689-2016,Produce,medium
F-1689-2017,Produce,high
F-1689-2018,Supplements,high
F-1689-2019,Beverages,medium
F-1689-2022,Bakery,medium
F-1689-2023,Dairy,low
F-1689-2024,Produce,high
F-1690-2012,Bakery,high
F-1690-2013,Nuts/Seeds,high
F-1690-2014,Dairy,high
F-1690-2015,Supplements,high
F-1690-2016,Prepared/Frozen,medium
F-1690-2017,Produce,high
F-1690-2018,Supplements,high
F-1690-2019,Beverages,medium
F-1690-2022,Bakery,high
F-1690-2023,Dairy,medium
F-1690-2024,Produce,high
F-1691-2012,Bakery,high
F-1691-2013,Snacks/Candy,low
F-1691-2014,Produce,medium
F-1691-2015,Supplements,high
F-1691-2016,Produce,medium
F-1691-2017,Produce,high
F-1691-2018,Supplements,high
F-1691-2019,Beverages,medium
F-1691-2022,Bakery,high
F-1691-2023,Dairy,high
F-1691-2024,Produce,high
F-1692-2012,Bakery,high
F-1692-2013,Snacks/Candy,high
F-1692-2014,Produce,high
F-1692-2015,Supplements,high
F-1692-2016,Produce,medium
F-1692-2017,Dairy,high
F-1692-2018,Supplements,high
F-1692-2019,Beverages,medium
F-1692-2022,Bakery,high
F-1692-2023,Dairy,high
F-1692-2024,Produce,high
F-1693-2012,Bakery,high
F-1693-2013,Snacks/Candy,low
F-1693-2014,Spices/Condiments,high
F-1693-2015,Supplements,medium
F-1693-2016,Snacks/Candy,high
F-1693-2017,Prepared/Frozen,medium
F-1693-2018,Supplements,high
F-1693-2019,Beverages,medium
F-1693-2022,Bakery,high
F-1693-2023,Prepared/Frozen,medium
F-1693-2024,Produce,high
F-1694-2012,Bakery,high
F-1694-2013,Nuts/Seeds,medium
F-1694-2014,Prepared/Frozen,high
F-1694-2015,Supplements,low
F-1694-2016,Snacks/Candy,high
F-1694-2017,Dairy,high
F-1694-2018,Supplements,high
F-1694-2019,Beverages,medium
F-1694-2022,Bakery,high
F-1694-2023,Prepared/Frozen,medium
F-1694-2024,Produce,high
F-1695-2012,Bakery,high
F-1695-2013,Nuts/Seeds,medium
F-1695-2014,Prepared/Frozen,high
F-1695-2015,Supplements,low
F-1695-2016,Snacks/Candy,medium
F-1695-2017,Dairy,high
F-1695-2018,Supplements,high
F-1695-2019,Dairy,medium
F-1695-2022,Bakery,high
F-1695-2023,Prepared/Frozen,medium
F-1695-2024,Produce,high
F-1696-2012,Bakery,high
F-1696-2013,Snacks/Candy,medium
F-1696-2014,Grains/Cereal,medium
F-1696-2015,Supplements,medium
F-1696-2016,Snacks/Candy,high
F-1696-2017,Dairy,high
F-1696-2018,Supplements,high
F-1696-2019,Beverages,medium
F-1696-2022,Bakery,high
F-1696-2023,Prepared/Frozen,medium
F-1696-2024,Produce,high
F-1697-2012,Bakery,high
F-1697-2013,Nuts/Seeds,high
F-1697-2014,Spices/Condiments,medium
F-1697-2015,Supplements,low
F-1697-2016,Nuts/Seeds,high
F-1697-2017,Dairy,high
F-1697-2018,Supplements,high
F-1697-2019,Dairy,medium
F-1697-2022,Bakery,high
F-1697-2023,Prepared/Frozen,medium
F-1697-2024,Produce,high
F-1698-2012,Bakery,high
F-1698-2013,Nuts/Seeds,high
F-1698-2014,Prepared/Frozen,high
F-1698-2015,Supplements,high
F-1698-2016,Nuts/Seeds,high
F-1698-2017,Dairy,high
F-1698-2018,Supplements,high
F-1698-2019,Beverages,medium
F-1698-2022,Bakery,high
F-1698-2023,Dairy,medium
F-1698-2024,Produce,high
F-1699-2012,Bakery,high
F-1699-2013,Nuts/Seeds,high
F-1699-2014,Supplements,high
F-1699-2015,Supplements,high
F-1699-2016,Snacks/Candy,low
F-1699-2017,Dairy,high
F-1699-2018,Supplements,high
F-1699-2019,Beverages,medium
F-1699-2022,Bakery,high
F-1699-2023,Supplements,low
F-1699-2024,Produce,high
F-1700,Supplements,medium
F-1700-2012,Bakery,high
F-1700-2013,Nuts/Seeds,high
F-1700-2015,Uncategorized,low
F-1700-2016,Snacks/Candy,medium
F-1700-2017,Dairy,high
F-1700-2018,Supplements,high
F-1700-2019,Beverages,medium
F-1700-2022,Bakery,high
F-1700-2023,Spices/Condiments,high
F-1700-2024,Produce,high
F-1701-2012,Bakery,high
F-1701-2013,Nuts/Seeds,high
F-1701-2014,Uncategorized,low
F-1701-2015,Supplements,medium
F-1701-2016,Beverages,low
F-1701-2017,Dairy,high
F-1701-2018,Supplements,high
F-1701-2019,Beverages,medium
F-1701-2022,Bakery,high
F-1701-2023,Spices/Condiments,high
F-1701-2024,Produce,high
F-1702-2012,Bakery,high
F-1702-2013,Nuts/Seeds,high
F-1702-2014,Produce,high
F-1702-2015,Supplements,high
F-1702-2016,Supplements,medium
F-1702-2017,Dairy,high
F-1702-2018,Supplements,high
F-1702-2019,Dairy,high
F-1702-2022,Bakery,high
F-1702-2024,Prepared/Frozen,medium
F-1703-2012,Bakery,high
F-1703-2013,Nuts/Seeds,high
F-1703-2014,Spices/Condiments,high
F-1703-2015,Supplements,medium
F-1703-2016,Beverages,low
F-1703-2017,Dairy,high
F-1703-2018,Supplements,high
F-1703-2019,Dairy,high
F-1703-2022,Bakery,medium
F-1703-2024,Prepared/Frozen,medium
F-1704-2012,Bakery,high
F-1704-2013,Nuts/Seeds,high
F-1704-2014,Spices/Condiments,high
F-1704-2015,Supplements,high
F-1704-2016,Supplements,medium
F-1704-2017,Dairy,high
F-1704-2018,Supplements,high
F-1704-2019,Dairy,high
F-1704-2022,Bakery,high
F-1704-2024,Spices/Condiments,low
F-1705-2012,Bakery,high
F-1705-2013,Nuts/Seeds,high
F-1705-2014,Spices/Condiments,high
F-1705-2015,Supplements,medium
F-1705-2016,Beverages,low
F-1705-2017,Dairy,high
F-1705-2018,Supplements,high
F-1705-2019,Dairy,high
F-1705-2022,Baby/Toddler Food,high
F-1705-2024,Beverages,medium
F-1706-2012,Bakery,high
F-1706-2013,Uncategorized,low
F-1706-2014,Dairy,high
F-1706-2015,Supplements,low
F-1706-2016,Supplements,medium
F-1706-2017,Dairy,high
F-1706-2018,Supplements,high
F-1706-2019,Dairy,high
F-1706-2022,Bakery,high
F-1706-2024,Bakery,medium
F-1707-2012,Beverages,high
F-1707-2013,Snacks/Candy,low
F-1707-2014,Dairy,high
F-1707-2015,Supplements,high
F-1707-2016,Supplements,medium
F-1707-2017,Dairy,medium
F-1707-2018,Supplements,high
F-1707-2019,Dairy,high
F-1707-2022,Bakery,high
F-1707-2024,Produce,high
F-1708-2012,Snacks/Candy,medium
F-1708-2013,Nuts/Seeds,medium
F-1708-2014,Dairy,high
F-1708-2015,Supplements,high
F-1708-2016,Nuts/Seeds,high
F-1708-2017,Dairy,high
F-1708-2018,Supplements,high
F-1708-2019,Dairy,high
F-1708-2022,Bakery,high
F-1708-2024,Produce,high
F-1709-2012,Non-Food Item,low
F-1709-2013,Nuts/Seeds,high
F-1709-2014,Dairy,high
F-1709-2015,Supplements,medium
F-1709-2016,Dairy,high
F-1709-2017,Dairy,high
F-1709-2018,Supplements,high
F-1709-2019,Dairy,high
F-1709-2022,Bakery,high
F-1709-2024,Produce,high
F-1710-2012,Snacks/Candy,medium
F-1710-2013,Nuts/Seeds,high
F-1710-2014,Dairy,high
F-1710-2015,Supplements,high
F-1710-2016,Snacks/Candy,medium
F-1710-2017,Dairy,high
F-1710-2018,Supplements,high
F-1710-2019,Dairy,high
F-1710-2022,Bakery,medium
F-1710-2024,Produce,medium
F-1711-2012,Bakery,high
F-1711-2013,Produce,medium
F-1711-2014,Dairy,high
F-1711-2015,Supplements,high
F-1711-2016,Snacks/Candy,medium
F-1711-2017,Produce,high
F-1711-2018,Supplements,medium
F-1711-2019,Dairy,high
F-1711-2022,Bakery,medium
F-1711-2024,Produce,medium
F-1712-2012,Prepared/Frozen,high
F-1712-2013,Produce,medium
F-1712-2014,Dairy,high
F-1712-2015,Supplements,low
F-1712-2016,Snacks/Candy,medium
F-1712-2017,Prepared/Frozen,medium
F-1712-2018,Supplements,medium
F-1712-2019,Dairy,high
F-1712-2022,Bakery,high
F-1712-2024,Produce,high
F-1713-2012,Seafood,high
F-1713-2013,Produce,high
F-1713-2014,Dairy,high
F-1713-2015,Supplements,low
F-1713-2016,Snacks/Candy,medium
F-1713-2017,Prepared/Frozen,medium
F-1713-2018,Supplements,high
F-1713-2019,Dairy,high
F-1713-2022,Bakery,high
F-1713-2024,Bakery,medium
F-1714-2012,Seafood,high
F-1714-2013,Produce,medium
F-1714-2014,Dairy,high
F-1714-2015,Supplements,low
F-1714-2016,Snacks/Candy,medium
F-1714-2017,Prepared/Frozen,medium
F-1714-2018,Supplements,high
F-1714-2019,Dairy,high
F-1714-2022,Bakery,high
F-1714-2024,Bakery,medium
F-1715-2012,Seafood,high
F-1715-2013,Snacks/Candy,medium
F-1715-2014,Dairy,high
F-1715-2015,Supplements,high
F-1715-2016,Snacks/Candy,high
F-1715-2017,Produce,low
F-1715-2018,Snacks/Candy,medium
F-1715-2019,Dairy,high
F-1715-2022,Bakery,medium
F-1715-2024,Bakery,high
F-1716-2012,Seafood,high
F-1716-2013,Dairy,high
F-1716-2014,Dairy,high
F-1716-2015,Supplements,medium
F-1716-2016,Snacks/Candy,medium
F-1716-2017,Bakery,medium
F-1716-2018,Snacks/Candy,medium
F-1716-2019,Dairy,medium
F-1716-2022,Bakery,high
F-1716-2024,Bakery,medium
F-1717-2012,Seafood,high
F-1717-2013,Dairy,high
F-1717-2014,Dairy,high
F-1717-2015,Supplements,high
F-1717-2016,Snacks/Candy,high
F-1717-2017,Bakery,medium
F-1717-2018,Snacks/Candy,medium
F-1717-2019,Dairy,high
F-1717-2022,Bakery,high
F-1717-2024,Bakery,medium
F-1718-2012,Prepared/Frozen,medium
F-1718-2013,Prepared/Frozen,high
F-1718-2014,Dairy,high
F-1718-2015,Supplements,medium
F-1718-2016,Snacks/Candy,medium
F-1718-2017,Dairy,medium
F-1718-2018,Supplements,medium
F-1718-2019,Dairy,high
F-1718-2022,Bakery,high
F-1718-2024,Bakery,medium
F-1719-2012,Seafood,high
F-1719-2013,Nuts/Seeds,high
F-1719-2014,Dairy,high
F-1719-2015,Supplements,high
F-1719-2016,Snacks/Candy,high
F-1719-2017,Dairy,medium
F-1719-2018,Snacks/Candy,medium
F-1719-2019,Dairy,high
F-1719-2022,Bakery,high
F-1719-2024,Bakery,medium
F-1720-2012,Bakery,high
F-1720-2013,Nuts/Seeds,high
F-1720-2014,Dairy,high
F-1720-2015,Supplements,low
F-1720-2016,Snacks/Candy,high
F-1720-2017,Dairy,medium
F-1720-2018,Snacks/Candy,medium
F-1720-2019,Dairy,high
F-1720-2022,Bakery,high
F-1720-2024,Bakery,high
F-1721-2012,Bakery,high
F-1721-2013,Produce,high
F-1721-2014,Dairy,high
F-1721-2015,Supplements,high
F-1721-2016,Bakery,medium
F-1721-2017,Dairy,medium
F-1721-2018,Snacks/Candy,medium
F-1721-2019,Dairy,high
F-1721-2022,Bakery,medium
F-1721-2024,Bakery,medium
F-1722-2012,Bakery,high
F-1722-2013,Produce,high
F-1722-2014,Dairy,high
F-1722-2015,Supplements,medium
F-1722-2016,Snacks/Candy,medium
F-1722-2017,Dairy,high
F-1722-2018,Supplements,medium
F-1722-2019,Dairy,high
F-1722-2022,Bakery,high
F-1722-2024,Bakery,medium
F-1723-2012,Bakery,high
F-1723-2013,Produce,high
F-1723-2014,Dairy,high
F-1723-2015,Supplements,low
F-1723-2016,Snacks/Candy,medium
F-1723-2017,Produce,medium
F-1723-2018,Snacks/Candy,medium
F-1723-2019,Dairy,high
F-1723-2022,Bakery,high
F-1723-2024,Bakery,medium
F-1724-2012,Seafood,high
F-1724-2013,Bakery,high
F-1724-2014,Prepared/Frozen,high
F-1724-2015,Supplements,high
F-1724-2016,Snacks/Candy,medium
F-1724-2017,Baby/Toddler Food,low
F-1724-2018,Nuts/Seeds,high
F-1724-2019,Dairy,high
F-1724-2022,Beverages,high
F-1724-2024,Bakery,medium
F-1725-2012,Seafood,high
F-1725-2013,Beverages,high
F-1725-2014,Prepared/Frozen,high
F-1725-2015,Supplements,low
F-1725-2016,Snacks/Candy,medium
F-1725-2017,Supplements,high
F-1725-2018,Nuts/Seeds,high
F-1725-2019,Dairy,high
F-1725-2022,Seafood,high
F-1725-2024,Bakery,high
F-1726-2012,Seafood,high
F-1726-2013,Supplements,high
F-1726-2014,Dairy,high
F-1726-2015,Supplements,medium
F-1726-2016,Bakery,high
F-1726-2017,Snacks/Candy,high
F-1726-2019,Dairy,high
F-1726-2022,Seafood,high
F-1726-2024,Bakery,medium
F-1727-2012,Seafood,high
F-1727-2013,Grains/Cereal,high
F-1727-2014,Beverages,high
F-1727-2015,Supplements,medium
F-1727-2016,Snacks/Candy,medium
F-1727-2017,Seafood,high
F-1727-2019,Dairy,high
F-1727-2022,Seafood,high
F-1727-2024,Bakery,high
F-1728-2012,Seafood,high
F-1728-2013,Nuts/Seeds,low
F-1728-2014,Bakery,high
F-1728-2015,Supplements,low
F-1728-2016,Bakery,medium
F-1728-2017,Seafood,high
F-1728-2018,Produce,high
F-1728-2019,Dairy,high
F-1728-2022,Seafood,high
F-1728-2024,Seafood,high
F-1729-2012,Supplements,high
F-1729-2013,Nuts/Seeds,high
F-1729-2014,Bakery,medium
F-1729-2015,Supplements,medium
F-1729-2016,Bakery,medium
F-1729-2017,Seafood,high
F-1729-2018,Snacks/Candy,high
F-1729-2019,Dairy,high
F-1729-2022,Seafood,low
F-1729-2024,Dairy,medium
F-1730-2012,Supplements,high
F-1730-2013,Nuts/Seeds,high
F-1730-2014,Bakery,medium
F-1730-2015,Supplements,medium
F-1730-2016,Snacks/Candy,high
F-1730-2017,Seafood,high
F-1730-2018,Snacks/Candy,high
F-1730-2019,Dairy,high
F-1730-2022,Seafood,medium
F-1730-2024,Dairy,high
F-1731-2012,Supplements,high
F-1731-2013,Nuts/Seeds,medium
F-1731-2014,Bakery,high
F-1731-2015,Supplements,medium
F-1731-2016,Bakery,medium
F-1731-2017,Seafood,high
F-1731-2018,Beverages,high
F-1731-2019,Dairy,high
F-1731-2022,Seafood,medium
F-1731-2024,Dairy,high
F-1732-2012,Supplements,high
F-1732-2013,Nuts/Seeds,high
F-1732-2014,Bakery,high
F-1732-2015,Supplements,medium
F-1732-2016,Snacks/Candy,medium
F-1732-2017,Seafood,high
F-1732-2018,Snacks/Candy,high
F-1732-2019,Dairy,high
F-1732-2022,Seafood,medium
F-1732-2024,Produce,high
F-1733-2012,Beverages,high
F-1733-2013,Nuts/Seeds,high
F-1733-2014,Bakery,high
F-1733-2015,Supplements,medium
F-1733-2016,Snacks/Candy,medium
F-1733-2017,Spices/Condiments,high
F-1733-2019,Dairy,high
F-1733-2022,Snacks/Candy,medium
F-1733-2024,Produce,medium
F-1734-2012,Produce,high
F-1734-2013,Nuts/Seeds,medium
F-1734-2014,Bakery,high
F-1734-2015,Supplements,low
F-1734-2018,Prepared/Frozen,low
F-1734-2019,Dairy,high
F-1734-2022,Supplements,high
F-1734-2024,Produce,medium
F-1734-2107,Snacks/Candy,high
F-1735-2012,Produce,high
F-1735-2013,Nuts/Seeds,medium
F-1735-2014,Bakery,medium
F-1735-2015,Supplements,high
F-1735-2016,Snacks/Candy,high
F-1735-2017,Bakery,high
F-1735-2018,Bakery,high
F-1735-2019,Dairy,high
F-1735-2022,Beverages,high
F-1735-2024,Produce,medium
F-1736-2012,Prepared/Frozen,medium
F-1736-2013,Grains/Cereal,high
F-1736-2014,Bakery,high
F-1736-2015,Supplements,low
F-1736-2016,Snacks/Candy,medium
F-1736-2017,Bakery,high
F-1736-2018,Bakery,high
F-1736-2019,Dairy,high
F-1736-2022,Bakery,high
F-1736-2024,Produce,high
F-1737-2012,Produce,medium
F-1737-2013,Nuts/Seeds,low
F-1737-2014,Bakery,high
F-1737-2015,Supplements,low
F-1737-2016,Snacks/Candy,medium
F-1737-2017,Bakery,high
F-1737-2018,Bakery,high
F-1737-2019,Dairy,high
F-1737-2022,Bakery,high
F-1737-2024,Food Additives/Ingredients,low
F-1738-2012,Plant Protein,low
F-1738-2013,Nuts/Seeds,low
F-1738-2014,Bakery,medium
F-1738-2015,Supplements,low
F-1738-2016,Snacks/Candy,low
F-1738-2017,Bakery,high
F-1738-2018,Bakery,high
F-1738-2019,Beverages,high
F-1738-2022,Beverages,high
F-1738-2024,Non-Food Item,high
F-1739-2012,Seafood,high
F-1739-2013,Nuts/Seeds,high
F-1739-2014,Produce,high
F-1739-2015,Supplements,high
F-1739-2016,Snacks/Candy,high
F-1739-2017,Spices/Condiments,high
F-1739-2018,Bakery,high
F-1739-2019,Beverages,high
F-1739-2022,Produce,high
F-1739-2024,Prepared/Frozen,medium
F-1740-2012,Snacks/Candy,high
F-1740-2013,Nuts/Seeds,high
F-1740-2014,Prepared/Frozen,medium
F-1740-2015,Supplements,high
F-1740-2016,Snacks/Candy,medium
F-1740-2017,Spices/Condiments,high
F-1740-2018,Snacks/Candy,low
F-1740-2019,Beverages,medium
F-1740-2022,Snacks/Candy,medium
F-1740-2024,Seafood,high
F-1741-2012,Beverages,high
F-1741-2013,Nuts/Seeds,high
F-1741-2014,Snacks/Candy,medium
F-1741-2015,Supplements,high
F-1741-2016,Snacks/Candy,medium
F-1741-2017,Spices/Condiments,high
F-1741-2018,Bakery,high
F-1741-2019,Dairy,high
F-1741-2022,Snacks/Candy,medium
F-1741-2024,Bakery,high
F-1742-2012,Seafood,high
F-1742-2013,Nuts/Seeds,high
F-1742-2014,Beverages,high
F-1742-2015,Supplements,low
F-1742-2016,Nuts/Seeds,medium
F-1742-2017,Spices/Condiments,high
F-1742-2018,Bakery,high
F-1742-2019,Dairy,high
F-1742-2022,Snacks/Candy,medium
F-1742-2024,Spices/Condiments,high
F-1743-2012,Prepared/Frozen,high
F-1743-2013,Nuts/Seeds,high
F-1743-2014,Prepared/Frozen,high
F-1743-2015,Supplements,high
F-1743-2016,Nuts/Seeds,medium
F-1743-2017,Seafood,high
F-1743-2018,Bakery,high
F-1743-2019,Dairy,high
F-1743-2022,Snacks/Candy,medium
F-1743-2024,Spices/Condiments,high
F-1744-2012,Prepared/Frozen,medium
F-1744-2013,Spices/Condiments,high
F-1744-2014,Produce,high
F-1744-2015,Supplements,low
F-1744-2016,Snacks/Candy,medium
F-1744-2017,Dairy,high
F-1744-2018,Bakery,high
F-1744-2019,Dairy,high
F-1744-2022,Snacks/Candy,medium
F-1744-2024,Bakery,high
F-1745-2012,Prepared/Frozen,medium
F-1745-2013,Produce,medium
F-1745-2014,Snacks/Candy,high
F-1745-2015,Uncategorized,low
F-1745-2016,Nuts/Seeds,medium
F-1745-2017,Dairy,high
F-1745-2018,Bakery,high
F-1745-2019,Dairy,high
F-1745-2022,Dairy,high
F-1745-2024,Spices/Condiments,high
F-1746-2012,Prepared/Frozen,high
F-1746-2013,Dairy,high
F-1746-2014,Nuts/Seeds,high
F-1746-2015,Supplements,low
F-1746-2016,Nuts/Seeds,high
F-1746-2017,Dairy,high
F-1746-2018,Bakery,high
F-1746-2019,Dairy,high
F-1746-2022,Nuts/Seeds,high
F-1746-2024,Beverages,high
F-1747-2012,Grains/Cereal,medium
F-1747-2013,Bakery,high
F-1747-2014,Bakery,high
F-1747-2015,Supplements,low
F-1747-2016,Nuts/Seeds,high
F-1747-2017,Dairy,high
F-1747-2018,Bakery,high
F-1747-2019,Dairy,high
F-1747-2022,Nuts/Seeds,high
F-1747-2024,Bakery,high
F-1748-2013,Bakery,high
F-1748-2014,Spices/Condiments,high
F-1748-2015,Supplements,high
F-1748-2016,Snacks/Candy,medium
F-1748-2017,Dairy,high
F-1748-2018,Bakery,high
F-1748-2019,Dairy,high
F-1748-2022,Produce,high
F-1748-2024,Bakery,high
F-1749-2012,Seafood,high
F-1749-2013,Bakery,high
F-1749-2014,Snacks/Candy,medium
F-1749-2015,Supplements,low
F-1749-2016,Snacks/Candy,high
F-1749-2017,Dairy,high
F-1749-2018,Bakery,high
F-1749-2019,Dairy,high
F-1749-2022,Spices/Condiments,high
F-1749-2024,Bakery,medium
F-1750-2012,Seafood,high
F-1750-2013,Produce,high
F-1750-2014,Snacks/Candy,medium
F-1750-2015,Supplements,high
F-1750-2016,Prepared/Frozen,medium
F-1750-2017,Dairy,high
F-1750-2018,Uncategorized,low
F-1750-2019,Dairy,high
F-1750-2022,Produce,high
F-1750-2024,Bakery,medium
F-1751-2014,Snacks/Candy,medium
F-1751-2015,Supplements,low
F-1751-2016,Snacks/Candy,medium
F-1751-2017,Dairy,high
F-1751-2018,Produce,low
F-1751-2019,Dairy,high
F-1751-2022,Produce,high
F-1751-2024,Baby/Toddler Food,high
F-1752-2014,Snacks/Candy,medium
F-1752-2015,Supplements,medium
F-1752-2016,Snacks/Candy,medium
F-1752-2017,Dairy,high
F-1752-2018,Bakery,high
F-1752-2019,Pet Food/Treats,high
F-1752-2022,Produce,high
F-1752-2024,Produce,medium
F-1753-2012,Bakery,high
F-1753-2014,Snacks/Candy,medium
F-1753-2015,Supplements,high
F-1753-2016,Grains/Cereal,medium
F-1753-2017,Dairy,high
F-1753-2018,Snacks/Candy,high
F-1753-2019,Pet Food/Treats,high
F-1753-2022,Produce,high
F-1753-2024,Spices/Condiments,high
F-1754-2012,Bakery,high
F-1754-2013,Baking Supplies,high
F-1754-2014,Seafood,high
F-1754-2015,Supplements,high
F-1754-2016,Grains/Cereal,medium
F-1754-2017,Dairy,high
F-1754-2018,Produce,medium
F-1754-2019,Pet Food/Treats,high
F-1754-2022,Produce,high
F-1754-2024,Spices/Condiments,high
F-1755-2012,Prepared/Frozen,high
F-1755-2013,Prepared/Frozen,medium
F-1755-2014,Supplements,high
F-1755-2015,Supplements,medium
F-1755-2016,Snacks/Candy,medium
F-1755-2017,Dairy,high
F-1755-2018,Seafood,high
F-1755-2019,Dairy,high
F-1755-2022,Produce,high
F-1755-2024,Snacks/Candy,low
F-1756-2012,Prepared/Frozen,medium
F-1756-2013,Prepared/Frozen,high
F-1756-2014,Supplements,high
F-1756-2015,Supplements,high
F-1756-2016,Snacks/Candy,medium
F-1756-2017,Dairy,high
F-1756-2018,Supplements,high
F-1756-2019,Produce,high
F-1756-2022,Dairy,low
F-1756-2024,Nuts/Seeds,high
F-1757-2012,Snacks/Candy,low
F-1757-2013,Prepared/Frozen,high
F-1757-2014,Supplements,high
F-1757-2015,Uncategorized,low
F-1757-2016,Spices/Condiments,high
F-1757-2017,Dairy,high
F-1757-2018,Seafood,high
F-1757-2019,Beverages,high
F-1757-2022,Dairy,medium
F-1757-2024,Spices/Condiments,high
F-1758-2012,Produce,high
F-1758-2013,Seafood,high
F-1758-2014,Supplements,high
F-1758-2015,Plant Protein,high
F-1758-2016,Seafood,high
F-1758-2017,Dairy,high
F-1758-2018,Seafood,high
F-1758-2019,Beverages,high
F-1758-2022,Produce,high
F-1758-2024,Spices/Condiments,high
F-1759-2013,Seafood,high
F-1759-2014,Grains/Cereal,high
F-1759-2015,Supplements,high
F-1759-2016,Seafood,high
F-1759-2017,Dairy,high
F-1759-2018,Nuts/Seeds,high
F-1759-2019,Dairy,high
F-1759-202,Produce,high
F-1759-2022,Produce,high
F-1759-2024,Produce,high
F-1760-2012,Produce,high
F-1760-2013,Seafood,high
F-1760-2014,Snacks/Candy,high
F-1760-2015,Supplements,high
F-1760-2016,Produce,high
F-1760-2017,Dairy,high
F-1760-2018,Prepared/Frozen,high
F-1760-2019,Dairy,high
F-1760-2022,Produce,medium
F-1760-2024,Produce,high
F-1761-2012,Produce,high
F-1761-2013,Seafood,medium
F-1761-2014,Supplements,high
F-1761-2015,Supplements,high
F-1761-2016,Produce,high
F-1761-2017,Dairy,high
F-1761-2018,Spices/Condiments,medium
F-1761-2019,Produce,high
F-1761-2022,Produce,high
F-1761-2024,Spices/Condiments,high
F-1762-2012,Produce,medium
F-1762-2013,Seafood,high
F-1762-2014,Supplements,high
F-1762-2015,Supplements,low
F-1762-2016,Produce,high
F-1762-2017,Dairy,high
F-1762-2018,Snacks/Candy,high
F-1762-2019,Eggs,high
F-1762-2022,Produce,high
F-1762-2024,Produce,high
F-1763-2012,Produce,medium
F-1763-2013,Seafood,high
F-1763-2014,Prepared/Frozen,medium
F-1763-2015,Supplements,medium
F-1763-2016,Produce,medium
F-1763-2017,Dairy,high
F-1763-2018,Bakery,high
F-1763-2019,Eggs,high
F-1763-2022,Produce,high
F-1763-2024,Produce,medium
F-1764-2012,Supplements,high
F-1764-2013,Seafood,high
F-1764-2014,Prepared/Frozen,medium
F-1764-2015,Supplements,medium
F-1764-2016,Snacks/Candy,low
F-1764-2017,Dairy,high
F-1764-2018,Bakery,high
F-1764-2019,Eggs,high
F-1764-2022,Produce,high
F-1764-2024,Produce,high
F-1765-2012,Supplements,high
F-1765-2013,Seafood,high
F-1765-2014,Prepared/Frozen,medium
F-1765-2015,Supplements,high
F-1765-2016,Nuts/Seeds,medium
F-1765-2017,Dairy,high
F-1765-2018,Bakery,high
F-1765-2019,Dairy,high
F-1765-2022,Produce,high
F-1765-2024,Prepared/Frozen,high
F-1766-2012,Supplements,high
F-1766-2013,Food Additives/Ingredients,low
F-1766-2014,Prepared/Frozen,medium
F-1766-2015,Supplements,high
F-1766-2016,Nuts/Seeds,high
F-1766-2017,Dairy,high
F-1766-2018,Bakery,medium
F-1766-2019,Dairy,high
F-1766-2022,Produce,high
F-1766-2024,Prepared/Frozen,medium
F-1767-2012,Plant Protein,high
F-1767-2013,Food Additives/Ingredients,low
F-1767-2014,Prepared/Frozen,medium
F-1767-2015,Supplements,low
F-1767-2016,Nuts/Seeds,medium
F-1767-2017,Dairy,high
F-1767-2018,Bakery,high
F-1767-2019,Dairy,high
F-1767-2022,Produce,medium
F-1767-2024,Prepared/Frozen,medium
F-1768-2012,Plant Protein,medium
F-1768-2013,Bakery,high
F-1768-2014,Prepared/Frozen,medium
F-1768-2015,Food Additives/Ingredients,medium
F-1768-2016,Supplements,high
F-1768-2017,Dairy,high
F-1768-2018,Spices/Condiments,high
F-1768-2019,Dairy,medium
F-1768-2022,Produce,high
F-1768-2024,Prepared/Frozen,medium
F-1769-2012,Food Additives/Ingredients,medium
F-1769-2013,Plant Protein,high
F-1769-2014,Prepared/Frozen,medium
F-1769-2015,Supplements,medium
F-1769-2016,Supplements,high
F-1769-2017,Dairy,high
F-1769-2018,Bakery,high
F-1769-2019,Produce,high
F-1769-2022,Produce,high
F-1769-2024,Prepared/Frozen,low
F-1770-2012,Plant Protein,high
F-1770-2013,Plant Protein,high
F-1770-2014,Prepared/Frozen,medium
F-1770-2015,Supplements,medium
F-1770-2016,Supplements,high
F-1770-2017,Dairy,high
F-1770-2018,Produce,high
F-1770-2019,Prepared/Frozen,medium
F-1770-2022,Produce,high
F-1770-2024,Prepared/Frozen,medium
F-1771-2012,Supplements,high
F-1771-2013,Plant Protein,high
F-1771-2014,Prepared/Frozen,medium
F-1771-2015,Supplements,medium
F-1771-2016,Produce,high
F-1771-2017,Dairy,high
F-1771-2018,Seafood,high
F-1771-2019,Dairy,high
F-1771-2022,Produce,high
F-1771-2024,Prepared/Frozen,high
F-1772,Beverages,high
F-1772-2013,Plant Protein,high
F-1772-2014,Prepared/Frozen,medium
F-1772-2015,Supplements,medium
F-1772-2016,Produce,high
F-1772-2017,Dairy,high
F-1772-2018,Dairy,high
F-1772-2019,Dairy,high
F-1772-2022,Produce,high
F-1772-2024,Eggs,high
F-1773,Plant Protein,high
F-1773-2013,Plant Protein,high
F-1773-2014,Prepared/Frozen,medium
F-1773-2015,Supplements,medium
F-1773-2016,Produce,high
F-1773-2017,Dairy,high
F-1773-2018,Dairy,medium
F-1773-2019,Dairy,high
F-1773-2022,Produce,medium
F-1773-2024,Prepared/Frozen,medium
F-1774-2012,Dairy,high
F-1774-2013,Plant Protein,high
F-1774-2014,Prepared/Frozen,medium
F-1774-2015,Uncategorized,low
F-1774-2016,Produce,high
F-1774-2017,Prepared/Frozen,high
F-1774-2018,Snacks/Candy,high
F-1774-2019,Dairy,high
F-1774-2022,Produce,medium
F-1774-2024,Prepared/Frozen,medium
F-1775-2012,Dairy,low
F-1775-2013,Plant Protein,high
F-1775-2014,Prepared/Frozen,medium
F-1775-2015,Supplements,high
F-1775-2016,Produce,medium
F-1775-2017,Dairy,high
F-1775-2018,Snacks/Candy,high
F-1775-2019,Dairy,high
F-1775-2022,Produce,medium
F-1775-2024,Spices/Condiments,low
F-1776-2012,Dairy,low
F-1776-2013,Plant Protein,high
F-1776-2014,Prepared/Frozen,medium
F-1776-2015,Uncategorized,low
F-1776-2016,Produce,medium
F-1776-2017,Dairy,high
F-1776-2018,Snacks/Candy,high
F-1776-2019,Dairy,high
F-1776-2022,Produce,medium
F-1776-2024,Prepared/Frozen,low
F-1777-2012,Dairy,medium
F-1777-2013,Produce,medium
F-1777-2014,Prepared/Frozen,medium
F-1777-2015,Prepared/Frozen,medium
F-1777-2016,Produce,high
F-1777-2017,Dairy,high
F-1777-2018,Snacks/Candy,medium
F-1777-2019,Dairy,high
F-1777-2022,Produce,high
F-1777-2024,Prepared/Frozen,medium
F-1778-2012,Dairy,low
F-1778-2013,Prepared/Frozen,medium
F-1778-2015,Beef/Pork/Poultry/Game Meats,medium
F-1778-2016,Produce,high
F-1778-2017,Uncategorized,low
F-1778-2018,Snacks/Candy,high
F-1778-2019,Dairy,high
F-1778-2022,Produce,high
F-1778-2024,Produce,medium
F-1779-2012,Dairy,low
F-1779-2013,Snacks/Candy,medium
F-1779-2014,Beverages,low
F-1779-2015,Prepared/Frozen,high
F-1779-2016,Produce,medium
F-1779-2017,Grains/Cereal,high
F-1779-2018,Snacks/Candy,high
F-1779-2019,Prepared/Frozen,medium
F-1779-2022,Produce,high
F-1779-2024,Spices/Condiments,high
F-1780-2012,Beverages,low
F-1780-2013,Snacks/Candy,medium
F-1780-2014,Prepared/Frozen,low
F-1780-2015,Prepared/Frozen,medium
F-1780-2016,Produce,high
F-1780-2017,Grains/Cereal,high
F-1780-2018,Snacks/Candy,medium
F-1780-2019,Dairy,high
F-1780-2022,Produce,high
F-1780-2024,Prepared/Frozen,medium
F-1781-2012,Produce,high
F-1781-2013,Snacks/Candy,medium
F-1781-2014,Dairy,low
F-1781-2015,Bakery,high
F-1781-2016,Produce,high
F-1781-2017,Grains/Cereal,high
F-1781-2018,Snacks/Candy,high
F-1781-2019,Dairy,high
F-1781-2022,Produce,high
F-1781-2024,Prepared/Frozen,high
F-1782-2012,Dairy,low
F-1782-2013,Snacks/Candy,medium
F-1782-2014,Dairy,low
F-1782-2015,Bakery,high
F-1782-2016,Produce,high
F-1782-2017,Grains/Cereal,medium
F-1782-2018,Snacks/Candy,high
F-1782-2019,Beverages,medium
F-1782-2022,Produce,high
F-1782-2024,Produce,medium
F-1783-2012,Dairy,low
F-1783-2013,Seafood,high
F-1783-2014,Prepared/Frozen,high
F-1783-2015,Supplements,high
F-1783-2016,Produce,high
F-1783-2017,Grains/Cereal,medium
F-1783-2018,Snacks/Candy,high
F-1783-2019,Beverages,medium
F-1783-2022,Produce,high
F-1783-2024,Plant Protein,medium
F-1784-2012,Dairy,low
F-1784-2013,Beverages,high
F-1784-2014,Prepared/Frozen,medium
F-1784-2015,Beverages,high
F-1784-2016,Produce,high
F-1784-2017,Bakery,high
F-1784-2018,Dairy,high
F-1784-2019,Beverages,medium
F-1784-2022,Produce,high
F-1784-2024,Plant Protein,medium
F-1785-2012,Bakery,low
F-1785-2013,Beverages,high
F-1785-2014,Prepared/Frozen,medium
F-1785-2015,Snacks/Candy,high
F-1785-2016,Produce,high
F-1785-2017,Bakery,high
F-1785-2018,Dairy,low
F-1785-2019,Beverages,medium
F-1785-2022,Produce,high
F-1785-2024,Bakery,high
F-1786-2012,Snacks/Candy,high
F-1786-2013,Seafood,high
F-1786-2014,Prepared/Frozen,medium
F-1786-2015,Spices/Condiments,high
F-1786-2016,Produce,high
F-1786-2017,Bakery,high
F-1786-2018,Snacks/Candy,high
F-1786-2019,Beverages,medium
F-1786-2022,Produce,medium
F-1786-2024,Bakery,high
F-1787-2012,Snacks/Candy,high
F-1787-2013,Seafood,high
F-1787-2014,Prepared/Frozen,high
F-1787-2015,Nuts/Seeds,high
F-1787-2016,Prepared/Frozen,medium
F-1787-2017,Bakery,high
F-1787-2018,Snacks/Candy,low
F-1787-2019,Snacks/Candy,low
F-1787-2022,Prepared/Frozen,medium
F-1787-2024,Bakery,high
F-1788-2012,Snacks/Candy,high
F-1788-2013,Spices/Condiments,high
F-1788-2014,Prepared/Frozen,high
F-1788-2015,Snacks/Candy,high
F-1788-2016,Produce,high
F-1788-2017,Bakery,high
F-1788-2018,Grains/Cereal,high
F-1788-2019,Snacks/Candy,low
F-1788-2022,Bakery,high
F-1788-2024,Bakery,medium
F-1789-2012,Snacks/Candy,high
F-1789-2013,Spices/Condiments,high
F-1789-2014,Prepared/Frozen,medium
F-1789-2015,Spices/Condiments,high
F-1789-2016,Produce,high
F-1789-2017,Bakery,high
F-1789-2018,Snacks/Candy,high
F-1789-2019,Snacks/Candy,low
F-1789-2022,Bakery,high
F-1789-2024,Prepared/Frozen,high
F-1790-2012,Beverages,medium
F-1790-2013,Snacks/Candy,medium
F-1790-2014,Dairy,high
F-1790-2015,Spices/Condiments,high
F-1790-2016,Produce,medium
F-1790-2017,Dairy,high
F-1790-2018,Snacks/Candy,high
F-1790-2019,Prepared/Frozen,low
F-1790-2022,Bakery,high
F-1790-2024,Prepared/Frozen,high
F-1791-2012,Seafood,high
F-1791-2013,Nuts/Seeds,high
F-1791-2014,Dairy,high
F-1791-2015,Spices/Condiments,high
F-1791-2016,Produce,high
F-1791-2017,Dairy,medium
F-1791-2018,Snacks/Candy,high
F-1791-2019,Beverages,high
F-1791-2022,Dairy,high
F-1791-2024,Prepared/Frozen,medium
F-1792-2012,Seafood,high
F-1792-2013,Nuts/Seeds,high
F-1792-2014,Dairy,high
F-1792-2016,Produce,high
F-1792-2017,Dairy,high
F-1792-2018,Snacks/Candy,high
F-1792-2019,Plant Protein,medium
F-1792-2022,Beverages,high
F-1792-2024,Prepared/Frozen,high
F-1793-2012,Seafood,high
F-1793-2013,Spices/Condiments,high
F-1793-2014,Dairy,low
F-1793-2015,Spices/Condiments,high
F-1793-2016,Produce,high
F-1793-2017,Dairy,high
F-1793-2018,Snacks/Candy,high
F-1793-2019,Dairy,high
F-1793-2022,Produce,high
F-1793-2024,Prepared/Frozen,medium
F-1794-2012,Seafood,high
F-1794-2013,Nuts/Seeds,high
F-1794-2014,Dairy,high
F-1794-2015,Spices/Condiments,high
F-1794-2016,Produce,high
F-1794-2017,Dairy,high
F-1794-2018,Snacks/Candy,high
F-1794-2019,Dairy,high
F-1794-2022,Snacks/Candy,medium
F-1794-2024,Produce,high
F-1795-2012,Seafood,high
F-1795-2013,Nuts/Seeds,high
F-1795-2014,Dairy,medium
F-1795-2015,Spices/Condiments,high
F-1795-2016,Produce,medium
F-1795-2017,Dairy,high
F-1795-2018,Snacks/Candy,high
F-1795-2019,Dairy,high
F-1795-2022,Dairy,high
F-1795-2024,Beverages,high
F-1796-2012,Seafood,high
F-1796-2013,Bakery,high
F-1796-2014,Dairy,high
F-1796-2015,Spices/Condiments,high
F-1796-2016,Produce,high
F-1796-2017,Dairy,medium
F-1796-2018,Snacks/Candy,high
F-1796-2019,Dairy,high
F-1796-2022,Dairy,high
F-1796-2024,Spices/Condiments,high
F-1797-2012,Prepared/Frozen,high
F-1797-2013,Snacks/Candy,medium
F-1797-2014,Dairy,medium
F-1797-2015,Spices/Condiments,high
F-1797-2016,Produce,medium
F-1797-2017,Dairy,high
F-1797-2018,Spices/Condiments,medium
F-1797-2019,Dairy,high
F-1797-2022,Dairy,high
F-1797-2024,Snacks/Candy,high
F-1798-2012,Spices/Condiments,medium
F-1798-2014,Dairy,medium
F-1798-2015,Spices/Condiments,high
F-1798-2016,Produce,high
F-1798-2017,Dairy,high
F-1798-2018,Bakery,high
F-1798-2019,Dairy,high
F-1798-2022,Dairy,high
F-1798-2024,Snacks/Candy,high
F-1799-2012,Baby/Toddler Food,medium
F-1799-2013,Snacks/Candy,medium
F-1799-2014,Prepared/Frozen,medium
F-1799-2015,Spices/Condiments,high
F-1799-2016,Produce,high
F-1799-2017,Dairy,high
F-1799-2018,Bakery,high
F-1799-2019,Dairy,high
F-1799-2022,Dairy,high
F-1799-2024,Nuts/Seeds,high
F-1800-2012,Grains/Cereal,high
F-1800-2013,Bakery,high
F-1800-2014,Dairy,medium
F-1800-2015,Spices/Condiments,high
F-1800-2016,Produce,high
F-1800-2017,Dairy,high
F-1800-2018,Bakery,high
F-1800-2019,Dairy,high
F-1800-2022,Dairy,high
F-1800-2024,Snacks/Candy,medium
F-1801-2012,Seafood,high
F-1801-2013,Plant Protein,high
F-1801-2014,Dairy,medium
F-1801-2015,Spices/Condiments,high
F-1801-2016,Produce,high
F-1801-2017,Dairy,high
F-1801-2018,Bakery,high
F-1801-2019,Dairy,high
F-1801-2022,Dairy,high
F-1801-2024,Prepared/Frozen,high
F-18010-201,Dairy,high
F-1802-2012,Prepared/Frozen,low
F-1802-2013,Supplements,high
F-1802-2014,Dairy,medium
F-1802-2015,Spices/Condiments,high
F-1802-2016,Produce,high
F-1802-2017,Dairy,high
F-1802-2018,Bakery,high
F-1802-2019,Dairy,high
F-1802-2022,Dairy,low
F-1802-2024,Prepared/Frozen,high
F-1803-2012,Seafood,high
F-1803-2013,Supplements,high
F-1803-2014,Dairy,medium
F-1803-2015,Spices/Condiments,high
F-1803-2016,Produce,high
F-1803-2017,Dairy,high
F-1803-2018,Bakery,high
F-1803-2019,Dairy,high
F-1803-2022,Dairy,high
F-1803-2024,Beef/Pork/Poultry/Game Meats,low
F-1804-2012,Seafood,high
F-1804-2013,Nuts/Seeds,high
F-1804-2014,Dairy,medium
F-1804-2015,Seafood,high
F-1804-2016,Produce,high
F-1804-2017,Beverages,high
F-1804-2018,Bakery,high
F-1804-2019,Dairy,high
F-1804-2022,Dairy,high
F-1804-2024,Prepared/Frozen,high
F-1805-2012,Seafood,high
F-1805-2013,Snacks/Candy,high
F-1805-2014,Dairy,medium
F-1805-2015,Bakery,high
F-1805-2016,Produce,high
F-1805-2017,Beverages,low
F-1805-2018,Bakery,high
F-1805-2019,Dairy,high
F-1805-2022,Prepared/Frozen,medium
F-1805-2024,Prepared/Frozen,high
F-1806-2012,Seafood,high
F-1806-2013,Seafood,high
F-1806-2014,Dairy,high
F-1806-2015,Grains/Cereal,high
F-1806-2016,Produce,high
F-1806-2017,Beverages,low
F-1806-2018,Bakery,medium
F-1806-2019,Dairy,high
F-1806-2022,Prepared/Frozen,medium
F-1806-2024,Prepared/Frozen,high
F-1807-2012,Bakery,high
F-1807-2013,Seafood,high
F-1807-2014,Dairy,high
F-1807-2015,Seafood,high
F-1807-2016,Produce,high
F-1807-2017,Beverages,high
F-1807-2018,Bakery,high
F-1807-2019,Dairy,high
F-1807-2022,Produce,medium
F-1807-2024,Produce,medium
F-1808-2012,Seafood,high
F-1808-2013,Food Additives/Ingredients,medium
F-1808-2014,Dairy,high
F-1808-2015,Spices/Condiments,high
F-1808-2016,Produce,high
F-1808-2017,Produce,high
F-1808-2018,Prepared/Frozen,medium
F-1808-2019,Dairy,high
F-1808-2022,Plant Protein,medium
F-1808-2024,Snacks/Candy,high
F-1809-2012,Dairy,high
F-1809-2013,Dairy,high
F-1809-2014,Dairy,medium
F-1809-2015,Spices/Condiments,high
F-1809-2016,Plant Protein,high
F-1809-2017,Supplements,high
F-1809-2018,Spices/Condiments,medium
F-1809-2019,Dairy,medium
F-1809-2022,Seafood,high
F-1809-2024,Snacks/Candy,medium
F-1810-2012,Prepared/Frozen,medium
F-1810-2013,Dairy,high
F-1810-2015,Spices/Condiments,medium
F-1810-2016,Produce,high
F-1810-2017,Supplements,high
F-1810-2018,Food Additives/Ingredients,medium
F-1810-2019,Dairy,medium
F-1810-2022,Produce,medium
F-1810-2024,Snacks/Candy,medium
F-1811-2012,Beverages,medium
F-1811-2013,Dairy,high
F-1811-2014,Dairy,medium
F-1811-2015,Spices/Condiments,high
F-1811-2016,Produce,high
F-1811-2017,Supplements,high
F-1811-2018,Spices/Condiments,medium
F-1811-2019,Dairy,high
F-1811-2022,Nuts/Seeds,high
F-1811-2024,Snacks/Candy,medium
F-1812-2012,Food Additives/Ingredients,medium
F-1812-2013,Bakery,high
F-1812-2014,Dairy,medium
F-1812-2015,Spices/Condiments,high
F-1812-2016,Produce,high
F-1812-2017,Supplements,high
F-1812-2018,Spices/Condiments,medium
F-1812-2019,Dairy,high
F-1812-2024,Snacks/Candy,medium
F-1813-2012,Supplements,high
F-1813-2013,Spices/Condiments,high
F-1813-2014,Dairy,medium
F-1813-2015,Spices/Condiments,high
F-1813-2016,Produce,high
F-1813-2017,Supplements,high
F-1813-2018,Supplements,high
F-1813-2019,Dairy,high
F-1813-2024,Snacks/Candy,medium
F-1814-2012,Supplements,high
F-1814-2013,Beverages,medium
F-1814-2014,Grains/Cereal,medium
F-1814-2015,Spices/Condiments,high
F-1814-2016,Plant Protein,high
F-1814-2017,Supplements,high
F-1814-2018,Supplements,medium
F-1814-2019,Dairy,high
F-1814-2024,Prepared/Frozen,high
F-1815-2012,Supplements,high
F-1815-2013,Beverages,high
F-1815-2014,Prepared/Frozen,low
F-1815-2015,Spices/Condiments,high
F-1815-2016,Produce,high
F-1815-2017,Supplements,high
F-1815-2018,Supplements,high
F-1815-2019,Dairy,high
F-1815-2024,Produce,medium
F-1816-2012,Bakery,high
F-1816-2013,Spices/Condiments,medium
F-1816-2014,Plant Protein,high
F-1816-2015,Spices/Condiments,high
F-1816-2016,Produce,medium
F-1816-2017,Supplements,high
F-1816-2018,Supplements,high
F-1816-2019,Beverages,high
F-1816-2024,Produce,high
F-1817-2012,Beverages,high
F-1817-2013,Spices/Condiments,medium
F-1817-2014,Supplements,low
F-1817-2015,Spices/Condiments,high
F-1817-2016,Produce,high
F-1817-2017,Supplements,high
F-1817-2018,Bakery,medium
F-1817-2019,Beverages,high
F-1817-2024,Produce,high
F-1818-2012,Prepared/Frozen,high
F-1818-2013,Spices/Condiments,high
F-1818-2014,Supplements,high
F-1818-2015,Spices/Condiments,high
F-1818-2016,Produce,high
F-1818-2017,Supplements,high
F-1818-2018,Bakery,high
F-1818-2019,Dairy,high
F-1818-2024,Snacks/Candy,high
F-1819-2012,Prepared/Frozen,medium
F-1819-2013,Baby/Toddler Food,high
F-1819-2014,Bakery,medium
F-1819-2015,Spices/Condiments,medium
F-1819-2016,Produce,high
F-1819-2017,Supplements,medium
F-1819-2018,Prepared/Frozen,medium
F-1819-2019,Bakery,medium
F-1819-2024,Nuts/Seeds,high
F-1820-2012,Prepared/Frozen,high
F-1820-2013,Baby/Toddler Food,high
F-1820-2014,Dairy,high
F-1820-2015,Spices/Condiments,high
F-1820-2016,Produce,high
F-1820-2017,Supplements,medium
F-1820-2018,Food Additives/Ingredients,high
F-1820-2019,Dairy,medium
F-1820-2024,Snacks/Candy,high
F-1821-2012,Prepared/Frozen,medium
F-1821-2013,Baby/Toddler Food,high
F-1821-2014,Supplements,high
F-1821-2015,Spices/Condiments,medium
F-1821-2016,Bakery,medium
F-1821-2017,Uncategorized,low
F-1821-2018,Dairy,medium
F-1821-2019,Dairy,medium
F-1821-2024,Spices/Condiments,high
F-1822-2012,Prepared/Frozen,high
F-1822-2013,Baby/Toddler Food,high
F-1822-2014,Prepared/Frozen,high
F-1822-2015,Spices/Condiments,high
F-1822-2016,Bakery,medium
F-1822-2017,Supplements,medium
F-1822-2018,Dairy,medium
F-1822-2019,Plant Protein,low
F-1822-2024,Prepared/Frozen,medium
F-1823-2012,Prepared/Frozen,high
F-1823-2013,Baby/Toddler Food,high
F-1823-2014,Prepared/Frozen,high
F-1823-2015,Spices/Condiments,high
F-1823-2016,Bakery,medium
F-1823-2017,Supplements,low
F-1823-2018,Grains/Cereal,medium
F-1823-2019,Plant Protein,medium
F-1823-2024,Prepared/Frozen,medium
F-1824-2012,Prepared/Frozen,high
F-1824-2013,Snacks/Candy,medium
F-1824-2014,Prepared/Frozen,high
F-1824-2015,Spices/Condiments,high
F-1824-2016,Bakery,medium
F-1824-2017,Uncategorized,low
F-1824-2019,Dairy,high
F-1824-2024,Bakery,high
F-1825-2012,Prepared/Frozen,high
F-1825-2013,Snacks/Candy,high
F-1825-2014,Snacks/Candy,high
F-1825-2015,Spices/Condiments,high
F-1825-2016,Bakery,medium
F-1825-2017,Uncategorized,low
F-1825-2019,Eggs,high
F-1825-2024,Prepared/Frozen,high
F-1826-2012,Prepared/Frozen,high
F-1826-2013,Snacks/Candy,medium
F-1826-2014,Seafood,high
F-1826-2015,Spices/Condiments,high
F-1826-2016,Bakery,medium
F-1826-2017,Dairy,high
F-1826-2018,Produce,medium
F-1826-2019,Dairy,high
F-1826-2024,Prepared/Frozen,medium
F-1827-2012,Prepared/Frozen,high
F-1827-2013,Snacks/Candy,medium
F-1827-2014,Snacks/Candy,high
F-1827-2015,Spices/Condiments,high
F-1827-2016,Snacks/Candy,high
F-1827-2017,Prepared/Frozen,medium
F-1827-2018,Supplements,high
F-1827-2019,Dairy,high
F-1827-2024,Prepared/Frozen,medium
F-1828-2012,Prepared/Frozen,high
F-1828-2013,Snacks/Candy,high
F-1828-2014,Nuts/Seeds,high
F-1828-2016,Snacks/Candy,high
F-1828-2017,Prepared/Frozen,low
F-1828-2018,Produce,high
F-1828-2019,Dairy,high
F-1828-2024,Prepared/Frozen,medium
F-1829-2012,Prepared/Frozen,medium
F-1829-2013,Snacks/Candy,high
F-1829-2014,Prepared/Frozen,high
F-1829-2015,Spices/Condiments,high
F-1829-2017,Uncategorized,low
F-1829-2018,Bakery,high
F-1829-2019,Dairy,high
F-1829-2024,Prepared/Frozen,high
F-1829-2106,Snacks/Candy,medium
F-1830-2012,Prepared/Frozen,high
F-1830-2013,Snacks/Candy,medium
F-1830-2014,Nuts/Seeds,high
F-1830-2015,Spices/Condiments,high
F-1830-2016,Snacks/Candy,high
F-1830-2017,Prepared/Frozen,medium
F-1830-2018,Bakery,high
F-1830-2019,Prepared/Frozen,medium
F-1830-2024,Prepared/Frozen,medium
F-1831-2012,Prepared/Frozen,medium
F-1831-2013,Snacks/Candy,high
F-1831-2014,Dairy,high
F-1831-2015,Spices/Condiments,medium
F-1831-2016,Snacks/Candy,low
F-1831-2017,Uncategorized,low
F-1831-2018,Produce,high
F-1831-2019,Prepared/Frozen,medium
F-1831-2024,Bakery,high
F-1832-2012,Prepared/Frozen,high
F-1832-2013,Snacks/Candy,medium
F-1832-2014,Dairy,high
F-1832-2015,Spices/Condiments,medium
F-1832-2016,Snacks/Candy,medium
F-1832-2017,Bakery,medium
F-1832-2018,Plant Protein,medium
F-1832-2019,Dairy,high
F-1832-2024,Bakery,high
F-1833-2012,Prepared/Frozen,medium
F-1833-2013,Snacks/Candy,medium
F-1833-2014,Dairy,high
F-1833-2015,Spices/Condiments,high
F-1833-2016,Uncategorized,low
F-1833-2017,Prepared/Frozen,medium
F-1833-2018,Produce,high
F-1833-2019,Dairy,high
F-1833-2024,Produce,medium
F-1834-2012,Prepared/Frozen,medium
F-1834-2013,Dairy,high
F-1834-2014,Dairy,high
F-1834-2015,Spices/Condiments,high
F-1834-2016,Bakery,high
F-1834-2017,Prepared/Frozen,low
F-1834-2018,Prepared/Frozen,medium
F-1834-2019,Dairy,high
F-1834-2024,Produce,medium
F-1835-2012,Seafood,high
F-1835-2013,Produce,high
F-1835-2014,Dairy,high
F-1835-2015,Spices/Condiments,high
F-1835-2016,Beverages,low
F-1835-2017,Spices/Condiments,high
F-1835-2018,Supplements,high
F-1835-2019,Dairy,high
F-1835-2024,Grains/Cereal,low
F-1836-2012,Seafood,high
F-1836-2013,Seafood,high
F-1836-2014,Dairy,medium
F-1836-2015,Spices/Condiments,high
F-1836-2016,Nuts/Seeds,high
F-1836-2017,Produce,medium
F-1836-2018,Bakery,medium
F-1836-2019,Dairy,high
F-1836-2024,Bakery,high
F-1837-2012,Seafood,high
F-1837-2013,Seafood,high
F-1837-2014,Dairy,high
F-1837-2015,Spices/Condiments,high
F-1837-2016,Nuts/Seeds,high
F-1837-2017,Spices/Condiments,medium
F-1837-2018,Dairy,high
F-1837-2019,Dairy,high
F-1837-2024,Eggs,high
F-1838-2012,Seafood,medium
F-1838-2013,Seafood,high
F-1838-2014,Dairy,high
F-1838-2015,Spices/Condiments,high
F-1838-2016,Produce,high
F-1838-2017,Dairy,high
F-1838-2018,Produce,high
F-1838-2019,Dairy,high
F-1838-2024,Produce,high
F-1839-2012,Seafood,medium
F-1839-2013,Seafood,high
F-1839-2014,Dairy,high
F-1839-2016,Produce,high
F-1839-2017,Dairy,high
F-1839-2018,Snacks/Candy,high
F-1839-2019,Beverages,high
F-1840-2012,Seafood,high
F-1840-2013,Seafood,high
F-1840-2014,Dairy,high
F-1840-2015,Spices/Condiments,high
F-1840-2016,Bakery,medium
F-1840-2017,Dairy,high
F-1840-2018,Nuts/Seeds,high
F-1840-2019,Beverages,high
F-1841-2012,Beverages,high
F-1841-2013,Seafood,high
F-1841-2014,Dairy,high
F-1841-2015,Spices/Condiments,high
F-1841-2016,Bakery,medium
F-1841-2017,Dairy,high
F-1841-2018,Beverages,high
F-1841-2019,Beverages,high
F-1842-2012,Bakery,high
F-1842-2013,Seafood,high
F-1842-2014,Dairy,high
F-1842-2015,Spices/Condiments,high
F-1842-2016,Snacks/Candy,high
F-1842-2017,Dairy,high
F-1842-2018,Spices/Condiments,high
F-1842-2019,Beverages,high
F-1843-2012,Snacks/Candy,high
F-1843-2013,Seafood,high
F-1843-2014,Dairy,high
F-1843-2016,Prepared/Frozen,medium
F-1843-2017,Dairy,high
F-1843-2018,Spices/Condiments,high
F-1843-2019,Produce,medium
F-1844-2012,Snacks/Candy,medium
F-1844-2013,Seafood,high
F-1844-2014,Dairy,high
F-1844-2015,Spices/Condiments,high
F-1844-2016,Dairy,high
F-1844-2017,Dairy,high
F-1844-2018,Prepared/Frozen,medium
F-1844-2019,Produce,medium
F-1845-2012,Bakery,high
F-1845-2013,Seafood,high
F-1845-2014,Dairy,high
F-1845-2015,Spices/Condiments,high
F-1845-2016,Nuts/Seeds,high
F-1845-2017,Dairy,high
F-1845-2018,Spices/Condiments,medium
F-1845-2019,Produce,high
F-1846-2012,Seafood,high
F-1846-2013,Beverages,high
F-1846-2014,Dairy,high
F-1846-2015,Spices/Condiments,high
F-1846-2016,Snacks/Candy,medium
F-1846-2017,Dairy,low
F-1846-2018,Dairy,high
F-1846-2019,Produce,high
F-1847-2012,Produce,high
F-1847-2013,Beverages,high
F-1847-2014,Dairy,medium
F-1847-2015,Spices/Condiments,high
F-1847-2016,Spices/Condiments,medium
F-1847-2017,Dairy,high
F-1847-2018,Prepared/Frozen,medium
F-1847-2019,Produce,high
F-1848-2012,Produce,high
F-1848-2013,Food Additives/Ingredients,medium
F-1848-2014,Dairy,high
F-1848-2015,Spices/Condiments,high
F-1848-2016,Supplements,high
F-1848-2017,Dairy,medium
F-1848-2018,Prepared/Frozen,medium
F-1848-2019,Produce,high
F-1849-2012,Produce,high
F-1849-2013,Bakery,high
F-1849-2014,Spices/Condiments,medium
F-1849-2015,Spices/Condiments,medium
F-1849-2016,Snacks/Candy,high
F-1849-2017,Dairy,high
F-1849-2018,Prepared/Frozen,medium
F-1849-2019,Produce,high
F-1850-2012,Produce,high
F-1850-2013,Dairy,high
F-1850-2014,Dairy,high
F-1850-2015,Spices/Condiments,high
F-1850-2016,Bakery,medium
F-1850-2017,Dairy,high
F-1850-2018,Prepared/Frozen,medium
F-1850-2019,Produce,medium
F-1851-2012,Produce,high
F-1851-2013,Dairy,high
F-1851-2014,Dairy,high
F-1851-2015,Spices/Condiments,high
F-1851-2016,Bakery,medium
F-1851-2017,Non-Food Item,low
F-1851-2018,Produce,high
F-1851-2019,Produce,high
F-1852-2012,Produce,high
F-1852-2013,Produce,high
F-1852-2014,Dairy,high
F-1852-2015,Spices/Condiments,medium
F-1852-2016,Bakery,medium
F-1852-2017,Dairy,high
F-1852-2018,Bakery,medium
F-1852-2019,Dairy,high
F-1853-2012,Produce,high
F-1853-2013,Snacks/Candy,high
F-1853-2014,Dairy,high
F-1853-2015,Spices/Condiments,medium
F-1853-2016,Spices/Condiments,low
F-1853-2017,Dairy,high
F-1853-2018,Bakery,high
F-1853-2019,Plant Protein,medium
F-1854-2012,Produce,high
F-1854-2013,Produce,high
F-1854-2014,Dairy,high
F-1854-2015,Spices/Condiments,medium
F-1854-2016,Prepared/Frozen,medium
F-1854-2017,Dairy,high
F-1854-2018,Bakery,high
F-1854-2019,Plant Protein,medium
F-1855-2012,Produce,high
F-1855-2014,Dairy,high
F-1855-2015,Spices/Condiments,high
F-1855-2016,Nuts/Seeds,high
F-1855-2017,Dairy,high
F-1855-2018,Prepared/Frozen,high
F-1855-2019,Plant Protein,medium
F-1855.2013,Dairy,high
F-1856-2012,Produce,high
F-1856-2013,Bakery,high
F-1856-2014,Dairy,medium
F-1856-2015,Spices/Condiments,high
F-1856-2016,Nuts/Seeds,high
F-1856-2017,Dairy,high
F-1856-2018,Snacks/Candy,low
F-1856-2019,Produce,medium
F-1857-2012,Produce,medium
F-1857-2013,Bakery,high
F-1857-2014,Dairy,high
F-1857-2015,Beverages,medium
F-1857-2016,Dairy,high
F-1857-2017,Dairy,high
F-1857-2018,Beverages,high
F-1857-2019,Plant Protein,medium
F-1858-2012,Food Additives/Ingredients,medium
F-1858-2013,Nuts/Seeds,high
F-1858-2014,Dairy,medium
F-1858-2015,Spices/Condiments,high
F-1858-2016,Nuts/Seeds,high
F-1858-2017,Dairy,high
F-1858-2018,Bakery,medium
F-1858-2019,Plant Protein,high
F-1859-2012,Beverages,medium
F-1859-2013,Dairy,high
F-1859-2014,Dairy,high
F-1859-2015,Spices/Condiments,high
F-1859-2016,Snacks/Candy,high
F-1859-2017,Dairy,high
F-1859-2018,Food Additives/Ingredients,medium
F-1859-2019,Dairy,high
F-1860-2012,Beverages,low
F-1860-2013,Grains/Cereal,high
F-1860-2014,Dairy,medium
F-1860-2015,Spices/Condiments,high
F-1860-2016,Produce,high
F-1860-2017,Spices/Condiments,high
F-1860-2018,Food Additives/Ingredients,medium
F-1860-2019,Snacks/Candy,medium
F-1861-2012,Seafood,high
F-1861-2013,Beverages,high
F-1861-2014,Spices/Condiments,high
F-1861-2015,Produce,high
F-1861-2016,Produce,high
F-1861-2017,Snacks/Candy,medium
F-1861-2018,Spices/Condiments,high
F-1861-2019,Dairy,medium
F-1862-2012,Produce,medium
F-1862-2013,Beverages,high
F-1862-2014,Spices/Condiments,high
F-1862-2015,Produce,high
F-1862-2016,Nuts/Seeds,medium
F-1862-2017,Food Additives/Ingredients,low
F-1862-2018,Spices/Condiments,medium
F-1862-2019,Dairy,medium
F-1863-2012,Bakery,high
F-1863-2013,Bakery,high
F-1863-2014,Spices/Condiments,high
F-1863-2015,Bakery,low
F-1863-2016,Uncategorized,low
F-1863-2017,Food Additives/Ingredients,medium
F-1863-2018,Spices/Condiments,high
F-1863-2019,Dairy,high
F-1864-2012,Spices/Condiments,high
F-1864-2013,Snacks/Candy,medium
F-1864-2014,Spices/Condiments,high
F-1864-2015,Spices/Condiments,high
F-1864-2016,Nuts/Seeds,medium
F-1864-2017,Produce,medium
F-1864-2018,Spices/Condiments,medium
F-1864-2019,Dairy,medium
F-1865-2012,Spices/Condiments,medium
F-1865-2013,Seafood,high
F-1865-2014,Spices/Condiments,medium
F-1865-2015,Spices/Condiments,high
F-1865-2016,Nuts/Seeds,high
F-1865-2017,Dairy,medium
F-1865-2018,Spices/Condiments,medium
F-1865-2019,Snacks/Candy,medium
F-1866-2012,Spices/Condiments,high
F-1866-2013,Bakery,high
F-1866-2014,Nuts/Seeds,high
F-1866-2015,Spices/Condiments,high
F-1866-2016,Nuts/Seeds,low
F-1866-2017,Dairy,medium
F-1866-2018,Spices/Condiments,medium
F-1866-2019,Dairy,high
F-1867-2012,Produce,high
F-1867-2013,Bakery,medium
F-1867-2014,Dairy,high
F-1867-2015,Spices/Condiments,high
F-1867-2016,Nuts/Seeds,high
F-1867-2017,Dairy,medium
F-1867-2018,Bakery,low
F-1867-2019,Plant Protein,medium
F-1868-2012,Produce,high
F-1868-2013,Snacks/Candy,high
F-1868-2014,Nuts/Seeds,high
F-1868-2015,Beef/Pork/Poultry/Game Meats,medium
F-1868-2016,Nuts/Seeds,low
F-1868-2017,Dairy,high
F-1868-2018,Bakery,medium
F-1868-2019,Plant Protein,medium
F-1869-2012,Produce,high
F-1869-2013,Spices/Condiments,medium
F-1869-2014,Nuts/Seeds,high
F-1869-2015,Snacks/Candy,medium
F-1869-2016,Supplements,high
F-1869-2017,Dairy,high
F-1869-2018,Bakery,medium
F-1869-2019,Plant Protein,high
F-1870-2012,Produce,high
F-1870-2013,Seafood,high
F-1870-2014,Spices/Condiments,medium
F-1870-2015,Snacks/Candy,medium
F-1870-2016,Nuts/Seeds,high
F-1870-2017,Dairy,high
F-1870-2018,Spices/Condiments,low
F-1870-2019,Plant Protein,medium
F-1871-2012,Produce,high
F-1871-2013,Snacks/Candy,high
F-1871-2014,Baking Supplies,low
F-1871-2015,Snacks/Candy,high
F-1871-2016,Snacks/Candy,medium
F-1871-2017,Dairy,high
F-1871-2018,Bakery,high
F-1871-2019,Plant Protein,medium
F-1872-2012,Produce,high
F-1872-2013,Snacks/Candy,low
F-1872-2014,Spices/Condiments,medium
F-1872-2015,Supplements,low
F-1872-2016,Spices/Condiments,high
F-1872-2017,Dairy,high
F-1872-2018,Spices/Condiments,high
F-1872-2019,Plant Protein,medium
F-1873-2012,Produce,high
F-1873-2013,Produce,high
F-1873-2014,Beverages,low
F-1873-2015,Supplements,low
F-1873-2016,Dairy,high
F-1873-2017,Snacks/Candy,high
F-1873-2018,Dairy,low
F-1873-2019,Plant Protein,medium
F-1874-2012,Spices/Condiments,low
F-1874-2013,Nuts/Seeds,high
F-1874-2015,Supplements,low
F-1874-2016,Grains/Cereal,medium
F-1874-2017,Snacks/Candy,high
F-1874-2018,Spices/Condiments,high
F-1874-2019,Plant Protein,medium
F-1875-2012,Produce,high
F-1875-2013,Nuts/Seeds,high
F-1875-2014,Bakery,high
F-1875-2015,Eggs,high
F-1875-2016,Snacks/Candy,high
F-1875-2017,Snacks/Candy,high
F-1875-2018,Spices/Condiments,medium
F-1875-2019,Plant Protein,high
F-1876-2012,Produce,high
F-1876-2013,Supplements,high
F-1876-2014,Bakery,high
F-1876-2015,Spices/Condiments,high
F-1876-2016,Prepared/Frozen,medium
F-1876-2017,Snacks/Candy,medium
F-1876-2018,Spices/Condiments,high
F-1876-2019,Plant Protein,high
F-1877-2012,Produce,high
F-1877-2013,Plant Protein,medium
F-1877-2014,Bakery,high
F-1877-2016,Prepared/Frozen,medium
F-1877-2017,Snacks/Candy,high
F-1877-2018,Spices/Condiments,medium
F-1877-2019,Beverages,medium
F-1878-2012,Produce,high
F-1878-2013,Bakery,high
F-1878-2014,Produce,high
F-1878-2015,Spices/Condiments,high
F-1878-2016,Prepared/Frozen,high
F-1878-2017,Snacks/Candy,high
F-1878-2018,Spices/Condiments,low
F-1878-2019,Plant Protein,high
F-1879-2012,Produce,medium
F-1879-2013,Supplements,high
F-1879-2014,Spices/Condiments,high
F-1879-2015,Spices/Condiments,high
F-1879-2016,Prepared/Frozen,high
F-1879-2017,Produce,medium
F-1879-2018,Spices/Condiments,high
F-1879-2019,Beverages,high
F-1880-2012,Produce,medium
F-1880-2013,Supplements,high
F-1880-2014,Spices/Condiments,high
F-1880-2015,Spices/Condiments,medium
F-1880-2016,Prepared/Frozen,high
F-1880-2017,Produce,medium
F-1880-2018,Spices/Condiments,high
F-1880-2019,Beverages,high
F-1881-2012,Produce,medium
F-1881-2013,Supplements,high
F-1881-2014,Spices/Condiments,medium
F-1881-2016,Prepared/Frozen,high
F-1881-2017,Plant Protein,medium
F-1881-2018,Spices/Condiments,high
F-1881-2019,Beverages,high
F-1882-1015,Spices/Condiments,high
F-1882-2012,Produce,medium
F-1882-2013,Seafood,high
F-1882-2014,Spices/Condiments,high
F-1882-2016,Prepared/Frozen,medium
F-1882-2017,Prepared/Frozen,medium
F-1882-2018,Spices/Condiments,high
F-1882-2019,Beverages,high
F-1883-2012,Prepared/Frozen,medium
F-1883-2013,Produce,high
F-1883-2014,Snacks/Candy,high
F-1883-2015,Spices/Condiments,low
F-1883-2016,Prepared/Frozen,high
F-1883-2017,Plant Protein,medium
F-1883-2018,Spices/Condiments,high
F-1883-2019,Beverages,high
F-1884-2012,Produce,low
F-1884-2013,Bakery,high
F-1884-2014,Snacks/Candy,high
F-1884-2015,Dairy,medium
F-1884-2016,Prepared/Frozen,high
F-1884-2017,Spices/Condiments,high
F-1884-2018,Spices/Condiments,high
F-1884-2019,Beverages,high
F-1885-2012,Prepared/Frozen,low
F-1885-2013,Spices/Condiments,medium
F-1885-2014,Snacks/Candy,high
F-1885-2015,Dairy,medium
F-1885-2016,Prepared/Frozen,high
F-1885-2017,Plant Protein,medium
F-1885-2018,Spices/Condiments,high
F-1885-2019,Beverages,high
F-1886-2012,Prepared/Frozen,medium
F-1886-2013,Spices/Condiments,medium
F-1886-2014,Dairy,high
F-1886-2015,Dairy,medium
F-1886-2016,Prepared/Frozen,high
F-1886-2017,Seafood,high
F-1886-2018,Spices/Condiments,high
F-1886-2019,Beverages,high
F-1887-2012,Produce,medium
F-1887-2013,Snacks/Candy,high
F-1887-2014,Prepared/Frozen,medium
F-1887-2015,Dairy,medium
F-1887-2016,Prepared/Frozen,high
F-1887-2017,Dairy,high
F-1887-2018,Spices/Condiments,medium
F-1887-2019,Beverages,high
F-1888-2012,Produce,high
F-1888-2013,Snacks/Candy,high
F-1888-2014,Prepared/Frozen,medium
F-1888-2015,Dairy,medium
F-1888-2016,Prepared/Frozen,high
F-1888-2017,Dairy,high
F-1888-2018,Spices/Condiments,high
F-1888-2019,Beverages,high
F-1889-2012,Produce,medium
F-1889-2013,Snacks/Candy,high
F-1889-2014,Grains/Cereal,high
F-1889-2015,Dairy,medium
F-1889-2016,Prepared/Frozen,high
F-1889-2017,Dairy,high
F-1889-2018,Spices/Condiments,high
F-1889-2019,Plant Protein,medium
F-1890-2012,Prepared/Frozen,medium
F-1890-2013,Spices/Condiments,high
F-1890-2014,Grains/Cereal,high
F-1890-2015,Snacks/Candy,medium
F-1890-2016,Prepared/Frozen,high
F-1890-2017,Dairy,high
F-1890-2018,Spices/Condiments,medium
F-1890-2019,Dairy,high
F-1891-2012,Produce,high
F-1891-2013,Spices/Condiments,high
F-1891-2014,Grains/Cereal,medium
F-1891-2015,Snacks/Candy,medium
F-1891-2016,Prepared/Frozen,medium
F-1891-2017,Dairy,high
F-1891-2018,Spices/Condiments,medium
F-1891-2019,Beverages,high
F-1892-2012,Plant Protein,medium
F-1892-2013,Spices/Condiments,high
F-1892-2014,Grains/Cereal,high
F-1892-2015,Snacks/Candy,medium
F-1892-2016,Prepared/Frozen,high
F-1892-2017,Dairy,high
F-1892-2018,Spices/Condiments,high
F-1892-2019,Beverages,high
F-1893-2012,Plant Protein,medium
F-1893-2013,Uncategorized,low
F-1893-2014,Grains/Cereal,high
F-1893-2015,Snacks/Candy,medium
F-1893-2016,Prepared/Frozen,high
F-1893-2017,Dairy,high
F-1893-2018,Spices/Condiments,medium
F-1893-2019,Beverages,high
F-1894-2012,Plant Protein,medium
F-1894-2013,Uncategorized,low
F-1894-2014,Grains/Cereal,high
F-1894-2015,Seafood,high
F-1894-2016,Prepared/Frozen,medium
F-1894-2017,Dairy,high
F-1894-2018,Spices/Condiments,medium
F-1894-2019,Beverages,high
F-1895-2012,Plant Protein,medium
F-1895-2013,Food Additives/Ingredients,medium
F-1895-2014,Grains/Cereal,high
F-1895-2015,Seafood,high
F-1895-2016,Prepared/Frozen,medium
F-1895-2017,Dairy,high
F-1895-2018,Spices/Condiments,medium
F-1895-2019,Beverages,high
F-1896-2012,Produce,low
F-1896-2013,Bakery,high
F-1896-2014,Grains/Cereal,high
F-1896-2015,Seafood,high
F-1896-2016,Prepared/Frozen,high
F-1896-2017,Dairy,high
F-1896-2018,Spices/Condiments,medium
F-1896-2019,Dairy,high
F-1897-2012,Produce,medium
F-1897-2013,Produce,high
F-1897-2014,Grains/Cereal,high
F-1897-2015,Seafood,high
F-1897-2016,Prepared/Frozen,high
F-1897-2017,Dairy,high
F-1897-2018,Spices/Condiments,medium
F-1897-2019,Dairy,high
F-1898-2012,Produce,high
F-1898-2013,Bakery,high
F-1898-2014,Grains/Cereal,high
F-1898-2015,Seafood,high
F-1898-2016,Prepared/Frozen,medium
F-1898-2017,Dairy,medium
F-1898-2018,Spices/Condiments,high
F-1898-2019,Dairy,high
F-1899-2012,Produce,high
F-1899-2013,Bakery,medium
F-1899-2014,Grains/Cereal,high
F-1899-2015,Seafood,high
F-1899-2016,Prepared/Frozen,high
F-1899-2017,Dairy,high
F-1899-2018,Spices/Condiments,high
F-1899-2019,Dairy,high
F-1900-2012,Produce,low
F-1900-2013,Bakery,high
F-1900-2014,Grains/Cereal,high
F-1900-2015,Seafood,medium
F-1900-2016,Prepared/Frozen,medium
F-1900-2017,Prepared/Frozen,medium
F-1900-2018,Spices/Condiments,high
F-1900-2019,Dairy,medium
F-1901-2012,Produce,medium
F-1901-2013,Bakery,high
F-1901-2014,Grains/Cereal,high
F-1901-2015,Seafood,high
F-1901-2016,Prepared/Frozen,medium
F-1901-2017,Nuts/Seeds,medium
F-1901-2018,Bakery,medium
F-1901-2019,Baby/Toddler Food,medium
F-1902-2012,Produce,high
F-1902-2013,Plant Protein,medium
F-1902-2014,Grains/Cereal,high
F-1902-2015,Seafood,high
F-1902-2016,Prepared/Frozen,medium
F-1902-2017,Nuts/Seeds,medium
F-1902-2018,Produce,low
F-1902-2019,Produce,high
F-1903-2012,Produce,high
F-1903-2013,Supplements,high
F-1903-2014,Grains/Cereal,high
F-1903-2015,Seafood,high
F-1903-2016,Prepared/Frozen,high
F-1903-2017,Nuts/Seeds,medium
F-1903-2018,Spices/Condiments,medium
F-1903-2019,Dairy,high
F-1904-2012,Produce,high
F-1904-2013,Supplements,high
F-1904-2014,Grains/Cereal,medium
F-1904-2015,Seafood,high
F-1904-2016,Prepared/Frozen,medium
F-1904-2017,Nuts/Seeds,medium
F-1904-2018,Produce,medium
F-1904-2019,Dairy,high
F-1905-2012,Produce,medium
F-1905-2013,Supplements,high
F-1905-2014,Grains/Cereal,high
F-1905-2015,Seafood,high
F-1905-2016,Prepared/Frozen,medium
F-1905-2017,Plant Protein,medium
F-1905-2018,Produce,high
F-1905-2019,Beverages,high
F-1906-2012,Produce,high
F-1906-2013,Supplements,high
F-1906-2014,Grains/Cereal,high
F-1906-2015,Spices/Condiments,high
F-1906-2016,Prepared/Frozen,medium
F-1906-2017,Grains/Cereal,medium
F-1906-2018,Beverages,high
F-1906-2019,Beverages,high
F-1907-2012,Produce,high
F-1907-2013,Supplements,high
F-1907-2014,Grains/Cereal,high
F-1907-2015,Prepared/Frozen,high
F-1907-2016,Prepared/Frozen,medium
F-1907-2017,Grains/Cereal,medium
F-1907-2018,Supplements,medium
F-1907-2019,Beverages,high
F-1908-2012,Produce,high
F-1908-2013,Seafood,high
F-1908-2014,Grains/Cereal,high
F-1908-2015,Prepared/Frozen,high
F-1908-2016,Prepared/Frozen,medium
F-1908-2017,Grains/Cereal,low
F-1908-2018,Dairy,high
F-1908-2019,Beverages,high
F-1909-2012,Produce,high
F-1909-2013,Bakery,high
F-1909-2014,Grains/Cereal,high
F-1909-2015,Prepared/Frozen,medium
F-1909-2016,Prepared/Frozen,medium
F-1909-2017,Grains/Cereal,medium
F-1909-2018,Spices/Condiments,high
F-1909-2019,Beverages,high
F-1910-2012,Spices/Condiments,medium
F-1910-2013,Bakery,high
F-1910-2014,Grains/Cereal,high
F-1910-2015,Prepared/Frozen,high
F-1910-2016,Prepared/Frozen,high
F-1910-2017,Plant Protein,medium
F-1910-2018,Produce,high
F-1910-2019,Beverages,high
F-1911-2012,Produce,medium
F-1911-2013,Prepared/Frozen,high
F-1911-2014,Grains/Cereal,high
F-1911-2015,Produce,high
F-1911-2016,Prepared/Frozen,high
F-1911-2017,Plant Protein,medium
F-1911-2018,Produce,high
F-1911-2019,Beverages,high
F-1912-2012,Prepared/Frozen,medium
F-1912-2013,Bakery,high
F-1912-2014,Grains/Cereal,high
F-1912-2015,Produce,high
F-1912-2016,Prepared/Frozen,high
F-1912-2017,Bakery,high
F-1912-2018,Produce,low
F-1912-2019,Beverages,high
F-1913-2012,Produce,high
F-1913-2013,Seafood,high
F-1913-2014,Supplements,high
F-1913-2015,Produce,high
F-1913-2016,Prepared/Frozen,medium
F-1913-2017,Snacks/Candy,high
F-1913-2018,Produce,high
F-1913-2019,Beverages,high
F-1914-2012,Prepared/Frozen,high
F-1914-2013,Produce,high
F-1914-2014,Grains/Cereal,medium
F-1914-2015,Produce,high
F-1914-2016,Prepared/Frozen,medium
F-1914-2017,Produce,high
F-1914-2018,Produce,high
F-1914-2019,Beverages,high
F-1915-2012,Produce,high
F-1915-2013,Produce,high
F-1915-2014,Bakery,high
F-1915-2015,Bakery,high
F-1915-2016,Dairy,high
F-1915-2017,Produce,medium
F-1915-2018,Produce,high
F-1915-2019,Dairy,high
F-1916-2012,Produce,high
F-1916-2013,Supplements,high
F-1916-2014,Bakery,high
F-1916-2015,Spices/Condiments,high
F-1916-2016,Grains/Cereal,medium
F-1916-2017,Prepared/Frozen,low
F-1916-2018,Produce,high
F-1916-2019,Dairy,high
F-1917-2012,Produce,high
F-1917-2013,Supplements,high
F-1917-2014,Bakery,high
F-1917-2015,Spices/Condiments,high
F-1917-2016,Grains/Cereal,medium
F-1917-2017,Prepared/Frozen,medium
F-1917-2018,Produce,high
F-1917-2019,Plant Protein,medium
F-1918-2012,Produce,high
F-1918-2013,Supplements,high
F-1918-2014,Bakery,high
F-1918-2015,Snacks/Candy,high
F-1918-2016,Spices/Condiments,high
F-1918-2017,Produce,medium
F-1918-2018,Produce,high
F-1918-2019,Plant Protein,medium
F-1919-2012,Produce,high
F-1919-2013,Supplements,high
F-1919-2014,Bakery,high
F-1919-2015,Produce,high
F-1919-2016,Spices/Condiments,high
F-1919-2017,Uncategorized,low
F-1919-2018,Produce,high
F-1919-2019,Plant Protein,medium
F-1920-2012,Produce,high
F-1920-2014,Bakery,high
F-1920-2015,Snacks/Candy,medium
F-1920-2016,Snacks/Candy,high
F-1920-2017,Produce,medium
F-1920-2018,Produce,high
F-1920-2019,Dairy,high
F-1921-2012,Spices/Condiments,medium
F-1921-2013,Supplements,high
F-1921-2014,Bakery,high
F-1921-2015,Snacks/Candy,medium
F-1921-2016,Produce,high
F-1921-2017,Produce,high
F-1921-2018,Produce,high
F-1921-2019,Eggs,high
F-1922-2012,Produce,medium
F-1922-2013,Supplements,high
F-1922-2014,Bakery,high
F-1922-2015,Supplements,high
F-1922-2016,Grains/Cereal,high
F-1922-2017,Baby/Toddler Food,medium
F-1922-2018,Produce,medium
F-1922-2019,Beverages,high
F-1923-2012,Produce,medium
F-1923-2013,Supplements,high
F-1923-2014,Bakery,high
F-1923-2015,Prepared/Frozen,high
F-1923-2016,Plant Protein,low
F-1923-2017,Spices/Condiments,high
F-1923-2018,Produce,high
F-1923-2019,Dairy,high
F-1924-2012,Spices/Condiments,low
F-1924-2013,Supplements,high
F-1924-2014,Snacks/Candy,high
F-1924-2015,Bakery,high
F-1924-2016,Seafood,high
F-1924-2017,Snacks/Candy,high
F-1924-2018,Produce,high
F-1924-2019,Dairy,high
F-1925-2012,Spices/Condiments,high
F-1925-2013,Supplements,high
F-1925-2014,Dairy,high
F-1925-2015,Bakery,high
F-1925-2016,Nuts/Seeds,high
F-1925-2017,Snacks/Candy,high
F-1925-2018,Produce,high
F-1925-2019,Dairy,high
F-1926-2012,Supplements,medium
F-1926-2013,Supplements,high
F-1926-2014,Prepared/Frozen,medium
F-1926-2015,Prepared/Frozen,medium
F-1926-2016,Nuts/Seeds,high
F-1926-2017,Snacks/Candy,high
F-1926-2018,Produce,high
F-1926-2019,Dairy,high
F-1927-2012,Supplements,high
F-1927-2013,Supplements,high
F-1927-2014,Produce,high
F-1927-2015,Prepared/Frozen,medium
F-1927-2016,Nuts/Seeds,high
F-1927-2017,Snacks/Candy,high
F-1927-2018,Produce,medium
F-1927-2019,Dairy,high
F-1928-2012,Supplements,medium
F-1928-2013,Supplements,high
F-1928-2015,Prepared/Frozen,medium
F-1928-2016,Nuts/Seeds,medium
F-1928-2017,Snacks/Candy,high
F-1928-2018,Produce,high
F-1928-2019,Dairy,high
F-1929-2012,Seafood,high
F-1929-2013,Supplements,high
F-1929-2014,Spices/Condiments,high
F-1929-2015,Prepared/Frozen,medium
F-1929-2016,Nuts/Seeds,high
F-1929-2017,Snacks/Candy,high
F-1929-2018,Prepared/Frozen,high
F-1929-2019,Dairy,high
F-1930-2012,Seafood,high
F-1930-2013,Supplements,high
F-1930-2014,Spices/Condiments,high
F-1930-2015,Prepared/Frozen,high
F-1930-2017,Snacks/Candy,high
F-1930-2018,Prepared/Frozen,medium
F-1930-2019,Dairy,high
F-1931-2012,Seafood,high
F-1931-2013,Supplements,high
F-1931-2014,Prepared/Frozen,high
F-1931-2015,Prepared/Frozen,high
F-1931-2017,Snacks/Candy,high
F-1931-2018,Spices/Condiments,medium
F-1931-2019,Dairy,high
F-1932-2012,Prepared/Frozen,medium
F-1932-2013,Supplements,high
F-1932-2014,Produce,high
F-1932-2015,Seafood,high
F-1932-2016,Prepared/Frozen,medium
F-1932-2017,Snacks/Candy,high
F-1932-2018,Supplements,medium
F-1932-2019,Dairy,high
F-1933-2012,Prepared/Frozen,high
F-1933-2013,Supplements,high
F-1933-2014,Food Additives/Ingredients,low
F-1933-2015,Bakery,high
F-1933-2016,Prepared/Frozen,medium
F-1933-2017,Snacks/Candy,high
F-1933-2018,Supplements,medium
F-1933-2019,Dairy,high
F-1934-2012,Seafood,high
F-1934-2013,Supplements,high
F-1934-2014,Spices/Condiments,high
F-1934-2015,Prepared/Frozen,medium
F-1934-2016,Prepared/Frozen,medium
F-1934-2017,Snacks/Candy,high
F-1934-2018,Produce,medium
F-1934-2019,Dairy,high
F-1935-2012,Seafood,high
F-1935-2013,Supplements,high
F-1935-2014,Spices/Condiments,medium
F-1935-2015,Prepared/Frozen,medium
F-1935-2016,Prepared/Frozen,medium
F-1935-2017,Snacks/Candy,medium
F-1935-2018,Produce,high
F-1935-2019,Dairy,high
F-1936-2012,Seafood,high
F-1936-2013,Supplements,high
F-1936-2014,Supplements,high
F-1936-2015,Prepared/Frozen,medium
F-1936-2016,Baking Supplies,medium
F-1936-2017,Snacks/Candy,medium
F-1936-2018,Produce,high
F-1936-2019,Dairy,high
F-1937-2012,Seafood,high
F-1937-2013,Supplements,high
F-1937-2014,Produce,medium
F-1937-2015,Prepared/Frozen,medium
F-1937-2016,Snacks/Candy,medium
F-1937-2017,Snacks/Candy,high
F-1937-2018,Produce,medium
F-1937-2019,Dairy,high
F-1938-2012,Bakery,medium
F-1938-2013,Supplements,high
F-1938-2014,Plant Protein,high
F-1938-2015,Prepared/Frozen,medium
F-1938-2016,Produce,high
F-1938-2017,Snacks/Candy,high
F-1938-2018,Produce,high
F-1938-2019,Prepared/Frozen,medium
F-1939-2012,Prepared/Frozen,medium
F-1939-2013,Supplements,high
F-1939-2014,Produce,high
F-1939-2015,Bakery,medium
F-1939-2016,Produce,high
F-1939-2017,Snacks/Candy,high
F-1939-2018,Produce,medium
F-1939-2019,Spices/Condiments,high
F-1940-2012,Prepared/Frozen,high
F-1940-2013,Supplements,high
F-1940-2014,Produce,medium
F-1940-2015,Spices/Condiments,high
F-1940-2016,Produce,high
F-1940-2017,Snacks/Candy,high
F-1940-2018,Produce,high
F-1940-2019,Spices/Condiments,high
F-1941-2012,Produce,high
F-1941-2013,Supplements,high
F-1941-2014,Dairy,high
F-1941-2015,Spices/Condiments,high
F-1941-2016,Produce,high
F-1941-2017,Snacks/Candy,high
F-1941-2018,Produce,medium
F-1941-2019,Spices/Condiments,high
F-1942-2012,Produce,high
F-1942-2013,Supplements,high
F-1942-2014,Dairy,high
F-1942-2015,Spices/Condiments,high
F-1942-2016,Produce,high
F-1942-2017,Snacks/Candy,high
F-1942-2018,Produce,high
F-1942-2019,Supplements,high
F-1943-2012,Snacks/Candy,high
F-1943-2013,Supplements,high
F-1943-2014,Spices/Condiments,low
F-1943-2015,Nuts/Seeds,high
F-1943-2016,Produce,high
F-1943-2017,Snacks/Candy,high
F-1943-2018,Produce,medium
F-1943-2019,Produce,high
F-1944-2012,Bakery,high
F-1944-2013,Nuts/Seeds,high
F-1944-2014,Seafood,high
F-1944-2015,Snacks/Candy,medium
F-1944-2016,Produce,high
F-1944-2017,Snacks/Candy,high
F-1944-2018,Produce,medium
F-1944-2019,Produce,high
F-1945-2012,Bakery,high
F-1945-2013,Produce,high
F-1945-2014,Spices/Condiments,high
F-1945-2015,Supplements,high
F-1945-2016,Produce,high
F-1945-2017,Snacks/Candy,high
F-1945-2018,Produce,medium
F-1945-2019,Plant Protein,high
F-1946-2012,Bakery,high
F-1946-2013,Bakery,high
F-1946-2014,Spices/Condiments,high
F-1946-2015,Supplements,high
F-1946-2016,Produce,high
F-1946-2017,Snacks/Candy,high
F-1946-2018,Produce,high
F-1946-2019,Dairy,high
F-1947-2012,Prepared/Frozen,high
F-1947-2013,Bakery,high
F-1947-2014,Eggs,high
F-1947-2015,Beverages,high
F-1947-2016,Grains/Cereal,low
F-1947-2017,Snacks/Candy,high
F-1947-2018,Produce,high
F-1947-2019,Spices/Condiments,high
F-1948-2012,Prepared/Frozen,medium
F-1948-2013,Bakery,high
F-1948-2014,Produce,high
F-1948-2015,Non-Food Item,high
F-1948-2016,Grains/Cereal,high
F-1948-2017,Snacks/Candy,medium
F-1948-2018,Produce,high
F-1948-2019,Prepared/Frozen,medium
F-1949-2012,Prepared/Frozen,medium
F-1949-2013,Baby/Toddler Food,high
F-1949-2014,Beverages,high
F-1949-2015,Spices/Condiments,high
F-1949-2016,Grains/Cereal,high
F-1949-2017,Bakery,medium
F-1949-2018,Spices/Condiments,high
F-1949-2019,Prepared/Frozen,medium
F-1950-2012,Seafood,high
F-1950-2013,Snacks/Candy,medium
F-1950-2014,Beverages,high
F-1950-2015,Spices/Condiments,high
F-1950-2016,Grains/Cereal,high
F-1950-2017,Prepared/Frozen,medium
F-1950-2018,Spices/Condiments,high
F-1950-2019,Produce,high
F-1951-2012,Bakery,high
F-1951-2013,Snacks/Candy,high
F-1951-2014,Produce,medium
F-1951-2015,Dairy,medium
F-1951-2016,Seafood,high
F-1951-2017,Prepared/Frozen,high
F-1951-2018,Spices/Condiments,high
F-1951-2019,Produce,high
F-1952-2012,Bakery,high
F-1952-2013,Snacks/Candy,high
F-1952-2014,Baby/Toddler Food,low
F-1952-2015,Spices/Condiments,medium
F-1952-2016,Seafood,high
F-1952-2017,Plant Protein,low
F-1952-2018,Spices/Condiments,high
F-1952-2019,Produce,high
F-1953-2012,Bakery,high
F-1953-2013,Snacks/Candy,high
F-1953-2014,Baby/Toddler Food,low
F-1953-2015,Supplements,high
F-1953-2016,Seafood,high
F-1953-2017,Plant Protein,medium
F-1953-2018,Beverages,high
F-1953-2019,Produce,high
F-1954-2012,Bakery,high
F-1954-2013,Dairy,high
F-1954-2014,Dairy,medium
F-1954-2015,Supplements,high
F-1954-2016,Seafood,high
F-1954-2017,Beverages,high
F-1954-2018,Beverages,high
F-1954-2019,Prepared/Frozen,medium
F-1955-2012,Bakery,high
F-1955-2013,Dairy,high
F-1955-2014,Dairy,medium
F-1955-2015,Grains/Cereal,medium
F-1955-2016,Seafood,high
F-1955-2017,Prepared/Frozen,low
F-1955-2018,Beverages,high
F-1955-2019,Produce,high
F-1956-2012,Bakery,high
F-1956-2013,Dairy,high
F-1956-2014,Dairy,medium
F-1956-2015,Bakery,high
F-1956-2016,Seafood,high
F-1956-2017,Prepared/Frozen,medium
F-1956-2018,Beverages,high
F-1956-2019,Produce,high
F-1957-2012,Bakery,high
F-1957-2013,Dairy,high
F-1957-2014,Prepared/Frozen,high
F-1957-2015,Bakery,high
F-1957-2016,Seafood,high
F-1957-2017,Plant Protein,high
F-1957-2018,Beverages,high
F-1957-2019,Produce,high
F-1958-2012,Bakery,high
F-1958-2013,Produce,high
F-1958-2014,Prepared/Frozen,high
F-1958-2015,Bakery,high
F-1958-2016,Seafood,high
F-1958-2017,Snacks/Candy,high
F-1958-2018,Beverages,high
F-1958-2019,Produce,high
F-1959-2012,Bakery,high
F-1959-2013,Supplements,high
F-1959-2014,Prepared/Frozen,high
F-1959-2015,Bakery,high
F-1959-2016,Seafood,high
F-1959-2017,Dairy,high
F-1959-2018,Produce,high
F-1959-2019,Produce,high
F-1960-2012,Bakery,high
F-1960-2013,Supplements,high
F-1960-2014,Prepared/Frozen,high
F-1960-2015,Bakery,high
F-1960-2016,Seafood,high
F-1960-2017,Grains/Cereal,high
F-1960-2018,Produce,medium
F-1960-2019,Produce,high
F-1961-2012,Bakery,high
F-1961-2013,Supplements,high
F-1961-2014,Dairy,high
F-1961-2015,Bakery,high
F-1961-2016,Seafood,high
F-1961-2017,Beef/Pork/Poultry/Game Meats,high
F-1961-2018,Produce,high
F-1961-2019,Produce,high
F-1962-2012,Bakery,high
F-1962-2013,Supplements,medium
F-1962-2014,Beverages,high
F-1962-2015,Bakery,high
F-1962-2016,Seafood,high
F-1962-2017,Beef/Pork/Poultry/Game Meats,high
F-1962-2018,Bakery,high
F-1962-2019,Produce,high
F-1963-2012,Bakery,high
F-1963-2013,Supplements,high
F-1963-2014,Beverages,high
F-1963-2015,Bakery,high
F-1963-2016,Seafood,high
F-1963-2017,Beef/Pork/Poultry/Game Meats,high
F-1963-2018,Beverages,medium
F-1963-2019,Snacks/Candy,high
F-1964-2012,Bakery,high
F-1964-2013,Supplements,high
F-1964-2014,Beverages,high
F-1964-2015,Bakery,high
F-1964-2016,Seafood,high
F-1964-2017,Beef/Pork/Poultry/Game Meats,high
F-1964-2018,Spices/Condiments,low
F-1964-2019,Snacks/Candy,high
F-1965-2012,Bakery,high
F-1965-2013,Beverages,high
F-1965-2014,Beverages,high
F-1965-2015,Bakery,high
F-1965-2016,Seafood,high
F-1965-2017,Grains/Cereal,high
F-1965-2018,Oils/Fats,medium
F-1965-2019,Snacks/Candy,high
F-1966-2012,Bakery,high
F-1966-2013,Beverages,high
F-1966-2014,Beverages,high
F-1966-2015,Bakery,medium
F-1966-2016,Seafood,high
F-1966-2017,Dairy,high
F-1966-2018,Snacks/Candy,high
F-1966-2019,Snacks/Candy,medium
F-1967-2012,Snacks/Candy,high
F-1967-2014,Beverages,high
F-1967-2015,Seafood,high
F-1967-2016,Bakery,high
F-1967-2017,Dairy,high
F-1967-2018,Snacks/Candy,high
F-1967-2019,Snacks/Candy,medium
F-1968-2012,Bakery,high
F-1968-2014,Prepared/Frozen,medium
F-1968-2015,Grains/Cereal,medium
F-1968-2016,Bakery,high
F-1968-2017,Dairy,high
F-1968-2018,Produce,high
F-1968-2019,Snacks/Candy,high
F-1969-2012,Bakery,high
F-1969-2014,Spices/Condiments,high
F-1969-2015,Grains/Cereal,medium
F-1969-2016,Dairy,medium
F-1969-2017,Dairy,high
F-1969-2018,Prepared/Frozen,medium
F-1969-2019,Snacks/Candy,high
F-1970-2012,Bakery,high
F-1970-2014,Snacks/Candy,medium
F-1970-2015,Spices/Condiments,high
F-1970-2016,Snacks/Candy,high
F-1970-2017,Dairy,high
F-1970-2018,Dairy,high
F-1970-2019,Produce,high
F-1971-2012,Produce,high
F-1971-2014,Nuts/Seeds,medium
F-1971-2015,Spices/Condiments,high
F-1971-2016,Prepared/Frozen,medium
F-1971-2017,Dairy,high
F-1971-2018,Supplements,high
F-1971-2019,Beverages,high
F-1972-2012,Produce,high
F-1972-2014,Plant Protein,high
F-1972-2015,Spices/Condiments,medium
F-1972-2016,Prepared/Frozen,medium
F-1972-2017,Dairy,low
F-1972-2018,Supplements,high
F-1972-2019,Seafood,high
F-1973-2012,Produce,high
F-1973-2014,Plant Protein,high
F-1973-2015,Spices/Condiments,high
F-1973-2016,Bakery,medium
F-1973-2017,Uncategorized,medium
F-1973-2018,Prepared/Frozen,medium
F-1973-2019,Seafood,high
F-1974-2012,Produce,medium
F-1974-2014,Dairy,high
F-1974-2015,Spices/Condiments,high
F-1974-2016,Produce,high
F-1974-2017,Dairy,medium
F-1974-2018,Produce,high
F-1974-2019,Seafood,high
F-1975-2012,Produce,high
F-1975-2014,Bakery,high
F-1975-2015,Spices/Condiments,high
F-1975-2017,Dairy,medium
F-1975-2018,Produce,high
F-1975-2019,Seafood,high
F-1976-2012,Produce,high
F-1976-2014,Bakery,high
F-1976-2015,Spices/Condiments,medium
F-1976-2016,Seafood,high
F-1976-2017,Uncategorized,medium
F-1976-2018,Produce,high
F-1976-2019,Seafood,high
F-1977-2012,Produce,high
F-1977-2014,Bakery,high
F-1977-2015,Spices/Condiments,high
F-1977-2016,Seafood,high
F-1977-2017,Dairy,medium
F-1977-2018,Produce,high
F-1977-2019,Seafood,high
F-1978-2012,Produce,high
F-1978-2014,Bakery,high
F-1978-2015,Spices/Condiments,medium
F-1978-2016,Seafood,high
F-1978-2017,Dairy,high
F-1978-2018,Produce,high
F-1978-2019,Seafood,high
F-1979-2012,Produce,high
F-1979-2014,Snacks/Candy,medium
F-1979-2015,Spices/Condiments,high
F-1979-2016,Seafood,high
F-1979-2017,Dairy,high
F-1979-2018,Produce,high
F-1979-2019,Seafood,high
F-1980-2012,Produce,high
F-1980-2015,Spices/Condiments,high
F-1980-2016,Seafood,high
F-1980-2017,Dairy,high
F-1980-2018,Spices/Condiments,high
F-1980-2019,Beverages,high
F-1981-2012,Produce,high
F-1981-2015,Spices/Condiments,high
F-1981-2016,Seafood,high
F-1981-2017,Dairy,high
F-1981-2018,Spices/Condiments,high
F-1981-2019,Produce,high
F-1982-2012,Produce,high
F-1982-2015,Spices/Condiments,high
F-1982-2016,Seafood,high
F-1982-2017,Dairy,medium
F-1982-2018,Supplements,high
F-1982-2019,Bakery,high
F-1983-2012,Produce,high
F-1983-2015,Spices/Condiments,high
F-1983-2016,Seafood,high
F-1983-2017,Plant Protein,medium
F-1983-2018,Supplements,high
F-1983-2019,Bakery,high
F-1984-2012,Nuts/Seeds,high
F-1984-2014,Bakery,high
F-1984-2015,Spices/Condiments,high
F-1984-2016,Seafood,medium
F-1984-2017,Plant Protein,high
F-1984-2018,Supplements,high
F-1984-2019,Spices/Condiments,medium
F-1985-2012,Dairy,high
F-1985-2014,Beverages,high
F-1985-2015,Spices/Condiments,high
F-1985-2016,Seafood,high
F-1985-2017,Snacks/Candy,high
F-1985-2018,Spices/Condiments,medium
F-1985-2019,Beverages,medium
F-1986-2012,Prepared/Frozen,medium
F-1986-2014,Plant Protein,low
F-1986-2016,Seafood,high
F-1986-2017,Beverages,low
F-1986-2018,Spices/Condiments,high
F-1986-2019,Beverages,medium
F-1987-2012,Bakery,high
F-1987-2014,Spices/Condiments,high
F-1987-2015,Spices/Condiments,high
F-1987-2016,Seafood,high
F-1987-2017,Beverages,low
F-1987-2018,Snacks/Candy,high
F-1987-2019,Beverages,medium
F-1988-2012,Bakery,high
F-1988-2014,Supplements,high
F-1988-2015,Spices/Condiments,medium
F-1988-2016,Seafood,high
F-1988-2017,Produce,high
F-1988-2018,Beverages,high
F-1989-2012,Bakery,high
F-1989-2014,Supplements,high
F-1989-2015,Spices/Condiments,high
F-1989-2016,Seafood,high
F-1989-2017,Baking Supplies,low
F-1989-2018,Bakery,high
F-1989-2019,Nuts/Seeds,high
F-1990-2012,Nuts/Seeds,high
F-1990-2015,Spices/Condiments,high
F-1990-2017,Baking Supplies,medium
F-1990-2019,Bakery,medium
F-1991-2012,Snacks/Candy,high
F-1991-2014,Snacks/Candy,medium
F-1991-2015,Spices/Condiments,high
F-1991-2016,Bakery,high
F-1991-2017,Baking Supplies,medium
F-1991-2018,Bakery,high
F-1991-2019,Dairy,medium
F-1992-2012,Produce,high
F-1992-2014,Snacks/Candy,medium
F-1992-2015,Spices/Condiments,high
F-1992-2016,Bakery,medium
F-1992-2017,Baking Supplies,low
F-1992-2018,Supplements,high
F-1992-2019,Seafood,high
F-1993-2012,Nuts/Seeds,high
F-1993-2014,Snacks/Candy,medium
F-1993-2015,Spices/Condiments,high
F-1993-2016,Bakery,medium
F-1993-2017,Bakery,medium
F-1993-2019,Seafood,high
F-1994-2012,Bakery,high
F-1994-2014,Snacks/Candy,high
F-1994-2015,Spices/Condiments,medium
F-1994-2016,Bakery,medium
F-1994-2017,Snacks/Candy,medium
F-1994-2019,Spices/Condiments,high
F-1995-2012,Produce,high
F-1995-2014,Snacks/Candy,high
F-1995-2015,Spices/Condiments,high
F-1995-2016,Bakery,high
F-1995-2017,Snacks/Candy,high
F-1995-2019,Snacks/Candy,medium
F-1996-2012,Produce,high
F-1996-2015,Spices/Condiments,high
F-1996-2016,Nuts/Seeds,high
F-1996-2017,Snacks/Candy,high
F-1996-2019,Grains/Cereal,high
F-1997-2012,Produce,high
F-1997-2015,Spices/Condiments,high
F-1997-2016,Produce,high
F-1997-2017,Snacks/Candy,medium
F-1997-2019,Grains/Cereal,high
F-1998-2012,Produce,high
F-1998-2015,Spices/Condiments,high
F-1998-2016,Uncategorized,low
F-1998-2017,Snacks/Candy,high
F-1998-2019,Grains/Cereal,medium
F-1999-2012,Produce,high
F-1999-2015,Spices/Condiments,high
F-1999-2016,Snacks/Candy,medium
F-1999-2017,Snacks/Candy,high
F-1999-2019,Grains/Cereal,high
F-2000-2012,Produce,low
F-2000-2015,Spices/Condiments,high
F-2000-2016,Snacks/Candy,medium
F-2000-2017,Snacks/Candy,medium
F-2000-2019,Grains/Cereal,high
F-2001-2012,Produce,medium
F-2001-2015,Spices/Condiments,medium
F-2001-2016,Snacks/Candy,high
F-2001-2017,Snacks/Candy,medium
F-2001-2019,Grains/Cereal,medium
F-2002-2012,Prepared/Frozen,medium
F-2002-2015,Spices/Condiments,high
F-2002-2016,Snacks/Candy,high
F-2002-2017,Snacks/Candy,high
F-2002-2019,Grains/Cereal,high
F-2003-2012,Prepared/Frozen,medium
F-2003-2015,Beef/Pork/Poultry/Game Meats,high
F-2003-2016,Beverages,high
F-2003-2017,Snacks/Candy,medium
F-2003-2019,Grains/Cereal,medium
F-2004-2012,Produce,medium
F-2004-2014,Spices/Condiments,high
F-2004-2015,Beef/Pork/Poultry/Game Meats,high
F-2004-2016,Beverages,high
F-2004-2017,Snacks/Candy,medium
F-2004-2019,Grains/Cereal,high
F-2005-2012,Produce,low
F-2005-2014,Dairy,high
F-2005-2015,Beef/Pork/Poultry/Game Meats,medium
F-2005-2016,Baking Supplies,low
F-2005-2017,Snacks/Candy,high
F-2005-2019,Grains/Cereal,high
F-2006-2012,Prepared/Frozen,medium
F-2006-2014,Dairy,high
F-2006-2015,Beef/Pork/Poultry/Game Meats,medium
F-2006-2016,Nuts/Seeds,high
F-2006-2017,Snacks/Candy,medium
F-2006-2019,Grains/Cereal,high
F-2007-2012,Produce,high
F-2007-2014,Spices/Condiments,high
F-2007-2015,Beef/Pork/Poultry/Game Meats,high
F-2007-2016,Nuts/Seeds,high
F-2007-2017,Snacks/Candy,high
F-2007-2019,Grains/Cereal,medium
F-2008-2012,Plant Protein,high
F-2008-2014,Nuts/Seeds,high
F-2008-2015,Beef/Pork/Poultry/Game Meats,medium
F-2008-2016,Nuts/Seeds,high
F-2008-2017,Snacks/Candy,high
F-2008-2019,Grains/Cereal,high
F-2009-2012,Spices/Condiments,medium
F-2009-2014,Nuts/Seeds,high
F-2009-2015,Spices/Condiments,high
F-2009-2016,Nuts/Seeds,high
F-2009-2017,Snacks/Candy,high
F-2009-2019,Grains/Cereal,medium
F-2010-2012,Spices/Condiments,medium
F-2010-2014,Baking Supplies,low
F-2010-2015,Prepared/Frozen,medium
F-2010-2016,Produce,medium
F-2010-2017,Snacks/Candy,medium
F-2010-2019,Grains/Cereal,high
F-2011-2012,Spices/Condiments,medium
F-2011-2014,Seafood,high
F-2011-2015,Prepared/Frozen,medium
F-2011-2016,Produce,high
F-2011-2017,Snacks/Candy,high
F-2011-2019,Grains/Cereal,high
F-2012-2012,Spices/Condiments,high
F-2012-2014,Seafood,high
F-2012-2015,Grains/Cereal,medium
F-2012-2016,Produce,high
F-2012-2017,Snacks/Candy,high
F-2012-2019,Grains/Cereal,high
F-2013-2012,Spices/Condiments,high
F-2013-2014,Bakery,high
F-2013-2015,Prepared/Frozen,high
F-2013-2016,Spices/Condiments,high
F-2013-2017,Snacks/Candy,high
F-2013-2019,Grains/Cereal,high
F-2014-2012,Produce,high
F-2014-2014,Spices/Condiments,medium
F-2014-2015,Snacks/Candy,medium
F-2014-2016,Spices/Condiments,high
F-2014-2017,Snacks/Candy,high
F-2014-2019,Grains/Cereal,medium
F-2015-2012,Seafood,high
F-2015-2014,Bakery,high
F-2015-2015,Snacks/Candy,high
F-2015-2016,Spices/Condiments,high
F-2015-2017,Snacks/Candy,high
F-2015-2019,Grains/Cereal,high
F-2016-2012,Prepared/Frozen,high
F-2016-2014,Bakery,high
F-2016-2015,Snacks/Candy,high
F-2016-2016,Bakery,medium
F-2016-2017,Snacks/Candy,high
F-2016-2019,Grains/Cereal,high
F-2017-2012,Nuts/Seeds,medium
F-2017-2014,Bakery,medium
F-2017-2015,Grains/Cereal,medium
F-2017-2016,Bakery,medium
F-2017-2017,Snacks/Candy,high
F-2017-2019,Grains/Cereal,medium
F-2018-2012,Prepared/Frozen,high
F-2018-2014,Spices/Condiments,high
F-2018-2015,Grains/Cereal,medium
F-2018-2016,Bakery,high
F-2018-2017,Snacks/Candy,high
F-2018-2019,Grains/Cereal,medium
F-2019-2012,Prepared/Frozen,high
F-2019-2014,Seafood,high
F-2019-2015,Grains/Cereal,medium
F-2019-2016,Bakery,high
F-2019-2017,Snacks/Candy,high
F-2019-2019,Grains/Cereal,medium
F-2020-2012,Prepared/Frozen,high
F-2020-2014,Seafood,high
F-2020-2015,Prepared/Frozen,high
F-2020-2016,Bakery,high
F-2020-2017,Snacks/Candy,high
F-2020-2019,Grains/Cereal,high
F-2021-2012,Prepared/Frozen,medium
F-2021-2014,Seafood,high
F-2021-2015,Eggs,high
F-2021-2016,Bakery,high
F-2021-2017,Snacks/Candy,medium
F-2021-2019,Grains/Cereal,medium
F-2022-2012,Prepared/Frozen,medium
F-2022-2014,Seafood,high
F-2022-2015,Seafood,high
F-2022-2016,Bakery,high
F-2022-2017,Snacks/Candy,medium
F-2022-2019,Grains/Cereal,high
F-2023-2012,Prepared/Frozen,medium
F-2023-2015,Spices/Condiments,high
F-2023-2016,Bakery,high
F-2023-2017,Snacks/Candy,medium
F-2023-2019,Grains/Cereal,high
F-2024-2012,Prepared/Frozen,high
F-2024-2014,Prepared/Frozen,medium
F-2024-2015,Prepared/Frozen,high
F-2024-2016,Bakery,high
F-2024-2017,Snacks/Candy,medium
F-2024-2019,Grains/Cereal,medium
F-2025-2012,Prepared/Frozen,medium
F-2025-2014,Prepared/Frozen,medium
F-2025-2015,Prepared/Frozen,high
F-2025-2016,Prepared/Frozen,high
F-2025-2017,Snacks/Candy,high
F-2025-2019,Grains/Cereal,medium
F-2026-2012,Prepared/Frozen,high
F-2026-2014,Nuts/Seeds,high
F-2026-2015,Snacks/Candy,medium
F-2026-2016,Prepared/Frozen,high
F-2026-2017,Snacks/Candy,high
F-2026-2019,Grains/Cereal,medium
F-2027-2012,Prepared/Frozen,high
F-2027-2014,Nuts/Seeds,high
F-2027-2015,Snacks/Candy,medium
F-2027-2016,Prepared/Frozen,medium
F-2027-2017,Snacks/Candy,medium
F-2027-2019,Grains/Cereal,high
F-2028-2012,Prepared/Frozen,high
F-2028-2014,Nuts/Seeds,high
F-2028-2015,Dairy,low
F-2028-2016,Prepared/Frozen,high
F-2028-2017,Snacks/Candy,high
F-2028-2019,Grains/Cereal,high
F-2029-2012,Prepared/Frozen,high
F-2029-2014,Spices/Condiments,high
F-2029-2015,Snacks/Candy,medium
F-2029-2016,Prepared/Frozen,high
F-2029-2017,Snacks/Candy,medium
F-2029-2019,Grains/Cereal,high
F-2030-2014,Spices/Condiments,low
F-2030-2015,Grains/Cereal,high
F-2030-2016,Prepared/Frozen,medium
F-2030-2017,Snacks/Candy,high
F-2030-2019,Grains/Cereal,medium
F-2031-2012,Produce,high
F-2031-2014,Supplements,high
F-2031-2015,Bakery,high
F-2031-2016,Prepared/Frozen,high
F-2031-2017,Snacks/Candy,high
F-2031-2019,Grains/Cereal,medium
F-2032-2012,Produce,high
F-2032-2014,Supplements,high
F-2032-2015,Spices/Condiments,high
F-2032-2016,Prepared/Frozen,high
F-2032-2017,Snacks/Candy,high
F-2032-2019,Grains/Cereal,medium
F-2033-2012,Produce,medium
F-2033-2014,Prepared/Frozen,medium
F-2033-2015,Bakery,high
F-2033-2016,Prepared/Frozen,low
F-2033-2017,Snacks/Candy,high
F-2033-2019,Grains/Cereal,medium
F-2034-2012,Prepared/Frozen,high
F-2034-2014,Grains/Cereal,high
F-2034-2015,Bakery,high
F-2034-2016,Bakery,high
F-2034-2017,Snacks/Candy,high
F-2034-2019,Grains/Cereal,medium
F-2035-2012,Dairy,high
F-2035-2014,Dairy,high
F-2035-2015,Bakery,high
F-2035-2016,Bakery,high
F-2035-2017,Snacks/Candy,high
F-2035-2019,Grains/Cereal,medium
F-2036-2012,Dairy,high
F-2036-2014,Snacks/Candy,high
F-2036-2015,Bakery,high
F-2036-2016,Produce,high
F-2036-2017,Snacks/Candy,high
F-2036-2019,Grains/Cereal,high
F-2037-2012,Dairy,high
F-2037-2014,Snacks/Candy,high
F-2037-2015,Produce,high
F-2037-2016,Seafood,high
F-2037-2017,Snacks/Candy,high
F-2037-2019,Grains/Cereal,medium
F-2038-2012,Dairy,high
F-2038-2014,Snacks/Candy,high
F-2038-2015,Produce,high
F-2038-2016,Plant Protein,high
F-2038-2017,Snacks/Candy,high
F-2038-2019,Grains/Cereal,medium
F-2039-2012,Dairy,medium
F-2039-2014,Snacks/Candy,high
F-2039-2015,Produce,high
F-2039-2016,Dairy,high
F-2039-2017,Snacks/Candy,high
F-2039-2019,Grains/Cereal,medium
F-2040-2012,Dairy,medium
F-2040-2014,Snacks/Candy,high
F-2040-2015,Produce,high
F-2040-2016,Produce,medium
F-2040-2017,Snacks/Candy,high
F-2040-2019,Grains/Cereal,high
F-2041-2012,Dairy,medium
F-2041-2014,Seafood,high
F-2041-2015,Supplements,high
F-2041-2016,Bakery,high
F-2041-2017,Snacks/Candy,high
F-2041-2019,Grains/Cereal,medium
F-2042-2012,Dairy,medium
F-2042-2014,Seafood,high
F-2042-2015,Grains/Cereal,medium
F-2042-2016,Bakery,high
F-2042-2017,Snacks/Candy,high
F-2042-2019,Grains/Cereal,high
F-2043-2012,Dairy,high
F-2043-2014,Non-Food Item,high
F-2043-2015,Bakery,high
F-2043-2016,Dairy,medium
F-2043-2017,Snacks/Candy,high
F-2043-2019,Grains/Cereal,high
F-2044-2012,Dairy,high
F-2044-2014,Seafood,medium
F-2044-2015,Bakery,high
F-2044-2016,Bakery,high
F-2044-2017,Snacks/Candy,high
F-2044-2019,Grains/Cereal,high
F-2045-2012,Dairy,medium
F-2045-2014,Nuts/Seeds,medium
F-2045-2015,Bakery,high
F-2045-2016,Dairy,medium
F-2045-2017,Snacks/Candy,high
F-2045-2019,Grains/Cereal,medium
F-2046-2012,Dairy,medium
F-2046-2014,Nuts/Seeds,low
F-2046-2015,Spices/Condiments,high
F-2046-2016,Bakery,high
F-2046-2017,Snacks/Candy,high
F-2046-2019,Grains/Cereal,high
F-2047-2012,Dairy,medium
F-2047-2014,Nuts/Seeds,low
F-2047-2015,Spices/Condiments,medium
F-2047-2016,Dairy,medium
F-2047-2017,Snacks/Candy,medium
F-2047-2019,Grains/Cereal,high
F-2048-2012,Dairy,medium
F-2048-2014,Nuts/Seeds,high
F-2048-2015,Spices/Condiments,medium
F-2048-2016,Dairy,high
F-2048-2017,Snacks/Candy,medium
F-2048-2019,Grains/Cereal,medium
F-2049-2012,Dairy,high
F-2049-2014,Dairy,high
F-2049-2015,Spices/Condiments,high
F-2049-2016,Dairy,medium
F-2049-2017,Snacks/Candy,high
F-2049-2019,Grains/Cereal,high
F-2050-2012,Dairy,medium
F-2050-2014,Supplements,low
F-2050-2015,Spices/Condiments,medium
F-2050-2016,Dairy,medium
F-2050-2017,Snacks/Candy,medium
F-2050-2019,Grains/Cereal,high
F-2051-2012,Dairy,medium
F-2051-2014,Snacks/Candy,high
F-2051-2015,Spices/Condiments,high
F-2051-2016,Bakery,low
F-2051-2017,Snacks/Candy,high
F-2051-2019,Grains/Cereal,medium
F-2052-2012,Dairy,medium
F-2052-2014,Produce,high
F-2052-2015,Spices/Condiments,medium
F-2052-2016,Dairy,high
F-2052-2017,Snacks/Candy,high
F-2052-2019,Grains/Cereal,high
F-2053-2012,Dairy,medium
F-2053-2014,Snacks/Candy,high
F-2053-2015,Spices/Condiments,medium
F-2053-2016,Bakery,medium
F-2053-2017,Snacks/Candy,medium
F-2053-2019,Grains/Cereal,medium
F-2054-2012,Dairy,medium
F-2054-2014,Supplements,high
F-2054-2015,Spices/Condiments,high
F-2054-2016,Prepared/Frozen,medium
F-2054-2017,Snacks/Candy,high
F-2054-2019,Bakery,medium
F-2055-2012,Dairy,high
F-2055-2014,Supplements,high
F-2055-2015,Spices/Condiments,medium
F-2055-2016,Bakery,medium
F-2055-2017,Snacks/Candy,medium
F-2055-2019,Prepared/Frozen,high
F-2056-2012,Dairy,medium
F-2056-2014,Seafood,high
F-2056-2015,Spices/Condiments,high
F-2056-2016,Bakery,medium
F-2056-2017,Snacks/Candy,medium
F-2056-2019,Beef/Pork/Poultry/Game Meats,low
F-2057-2012,Dairy,medium
F-2057-2014,Seafood,high
F-2057-2015,Spices/Condiments,high
F-2057-2016,Bakery,medium
F-2057-2017,Snacks/Candy,high
F-2057-2019,Nuts/Seeds,medium
F-2058-2012,Dairy,medium
F-2058-2014,Dairy,high
F-2058-2015,Spices/Condiments,low
F-2058-2016,Bakery,medium
F-2058-2017,Snacks/Candy,high
F-2058-2019,Snacks/Candy,medium
F-2059-2012,Dairy,high
F-2059-2014,Dairy,high
F-2059-2015,Spices/Condiments,medium
F-2059-2016,Bakery,medium
F-2059-2017,Snacks/Candy,high
F-2059-2019,Nuts/Seeds,medium
F-2060-2012,Dairy,medium
F-2060-2014,Dairy,high
F-2060-2015,Spices/Condiments,medium
F-2060-2016,Grains/Cereal,high
F-2060-2017,Snacks/Candy,high
F-2060-2019,Supplements,high
F-2061-2012,Dairy,medium
F-2061-2014,Supplements,high
F-2061-2015,Spices/Condiments,medium
F-2061-2016,Bakery,medium
F-2061-2017,Snacks/Candy,medium
F-2061-2019,Supplements,high
F-2062-2012,Dairy,high
F-2062-2014,Dairy,medium
F-2062-2015,Spices/Condiments,high
F-2062-2016,Grains/Cereal,high
F-2062-2017,Snacks/Candy,medium
F-2062-2019,Supplements,high
F-2063-2012,Dairy,medium
F-2063-2014,Dairy,medium
F-2063-2015,Spices/Condiments,high
F-2063-2016,Bakery,medium
F-2063-2017,Snacks/Candy,high
F-2063-2019,Supplements,high
F-2064-2012,Produce,high
F-2064-2014,Spices/Condiments,low
F-2064-2015,Spices/Condiments,high
F-2064-2016,Bakery,high
F-2064-2017,Snacks/Candy,high
F-2064-2019,Supplements,high
F-2065-2012,Produce,high
F-2065-2014,Spices/Condiments,medium
F-2065-2015,Spices/Condiments,medium
F-2065-2016,Supplements,high
F-2065-2017,Snacks/Candy,high
F-2065-2019,Beverages,medium
F-2066-2012,Produce,high
F-2066-2014,Uncategorized,medium
F-2066-2015,Spices/Condiments,medium
F-2066-2016,Supplements,high
F-2066-2017,Snacks/Candy,high
F-2066-2019,Beverages,medium
F-2067-2012,Produce,high
F-2067-2014,Produce,medium
F-2067-2015,Grains/Cereal,low
F-2067-2016,Supplements,high
F-2067-2017,Snacks/Candy,high
F-2068-2012,Produce,high
F-2068-2014,Dairy,high
F-2068-2015,Spices/Condiments,high
F-2068-2016,Supplements,high
F-2068-2017,Snacks/Candy,high
F-2068-2019,Snacks/Candy,medium
F-2069-2012,Produce,high
F-2069-2014,Dairy,high
F-2069-2015,Spices/Condiments,high
F-2069-2016,Supplements,high
F-2069-2017,Snacks/Candy,high
F-2069-2019,Snacks/Candy,medium
F-2070-2012,Produce,high
F-2070-2014,Dairy,high
F-2070-2015,Spices/Condiments,medium
F-2070-2016,Supplements,high
F-2070-2017,Snacks/Candy,medium
F-2070-2019,Eggs,high
F-2071-2012,Produce,high
F-2071-2014,Dairy,high
F-2071-2015,Spices/Condiments,medium
F-2071-2016,Supplements,high
F-2071-2017,Snacks/Candy,high
F-2071-2019,Eggs,high
F-2072-2012,Plant Protein,high
F-2072-2014,Dairy,high
F-2072-2015,Spices/Condiments,medium
F-2072-2016,Supplements,high
F-2072-2017,Snacks/Candy,high
F-2072-2019,Seafood,medium
F-2073-2012,Plant Protein,high
F-2073-2014,Spices/Condiments,high
F-2073-2015,Spices/Condiments,high
F-2073-2016,Supplements,high
F-2073-2017,Snacks/Candy,high
F-2073-2019,Seafood,medium
F-2074-2012,Plant Protein,medium
F-2074-2014,Spices/Condiments,high
F-2074-2015,Spices/Condiments,medium
F-2074-2016,Supplements,high
F-2074-2017,Snacks/Candy,high
F-2074-2019,Produce,high
F-2075-2012,Produce,high
F-2075-2014,Spices/Condiments,high
F-2075-2015,Spices/Condiments,medium
F-2075-2016,Supplements,high
F-2075-2017,Snacks/Candy,high
F-2075-2019,Produce,high
F-2076-2012,Produce,high
F-2076-2014,Spices/Condiments,high
F-2076-2015,Plant Protein,high
F-2076-2016,Supplements,high
F-2076-2017,Snacks/Candy,high
F-2076-2019,Produce,high
F-2077-2012,Produce,medium
F-2077-2014,Spices/Condiments,high
F-2077-2015,Seafood,high
F-2077-2016,Supplements,high
F-2077-2017,Snacks/Candy,high
F-2077-2019,Produce,high
F-2078-2012,Produce,medium
F-2078-2014,Prepared/Frozen,high
F-2078-2015,Bakery,high
F-2078-2016,Supplements,high
F-2078-2017,Snacks/Candy,high
F-2078-2019,Prepared/Frozen,high
F-2079-2012,Prepared/Frozen,high
F-2079-2014,Seafood,high
F-2079-2015,Bakery,high
F-2079-2016,Spices/Condiments,high
F-2079-2017,Snacks/Candy,medium
F-2079-2019,Seafood,high
F-2080-2012,Prepared/Frozen,high
F-2080-2014,Seafood,high
F-2080-2015,Snacks/Candy,medium
F-2080-2016,Spices/Condiments,high
F-2080-2017,Snacks/Candy,high
F-2080-2019,Beef/Pork/Poultry/Game Meats,high
F-2081-2012,Prepared/Frozen,medium
F-2081-2014,Seafood,high
F-2081-2015,Snacks/Candy,medium
F-2081-2016,Spices/Condiments,high
F-2081-2017,Snacks/Candy,high
F-2081-2019,Produce,high
F-2082-2012,Prepared/Frozen,low
F-2082-2014,Eggs,high
F-2082-2015,Plant Protein,high
F-2082-2016,Snacks/Candy,high
F-2082-2017,Bakery,medium
F-2082-2019,Produce,high
F-2083-2012,Prepared/Frozen,low
F-2083-2014,Snacks/Candy,medium
F-2083-2015,Plant Protein,high
F-2083-2016,Snacks/Candy,high
F-2083-2017,Bakery,medium
F-2083-2019,Produce,high
F-2084-2012,Prepared/Frozen,medium
F-2084-2014,Seafood,high
F-2084-2015,Plant Protein,high
F-2084-2016,Prepared/Frozen,medium
F-2084-2017,Plant Protein,medium
F-2084-2019,Spices/Condiments,high
F-2085-2012,Prepared/Frozen,medium
F-2085-2014,Produce,medium
F-2085-2015,Plant Protein,high
F-2085-2016,Grains/Cereal,low
F-2085-2017,Prepared/Frozen,high
F-2085-2019,Spices/Condiments,high
F-2086-2012,Prepared/Frozen,high
F-2086-2014,Beverages,medium
F-2086-2015,Plant Protein,high
F-2086-2016,Grains/Cereal,high
F-2086-2017,Prepared/Frozen,high
F-2086-2019,Spices/Condiments,high
F-2087-2012,Prepared/Frozen,medium
F-2087-2014,Eggs,medium
F-2087-2015,Produce,medium
F-2087-2016,Prepared/Frozen,medium
F-2087-2017,Prepared/Frozen,high
F-2087-2019,Spices/Condiments,high
F-2088-2012,Prepared/Frozen,medium
F-2088-2014,Beverages,high
F-2088-2015,Produce,low
F-2088-2016,Food Additives/Ingredients,high
F-2088-2017,Prepared/Frozen,high
F-2088-2019,Spices/Condiments,high
F-2089-2012,Prepared/Frozen,medium
F-2089-2014,Spices/Condiments,medium
F-2089-2015,Produce,medium
F-2089-2016,Grains/Cereal,medium
F-2089-2017,Prepared/Frozen,high
F-2089-2019,Non-Food Item,low
F-2090-2012,Prepared/Frozen,high
F-2090-2014,Seafood,medium
F-2090-2015,Grains/Cereal,high
F-2090-2016,Bakery,high
F-2090-2017,Prepared/Frozen,high
F-2090-2019,Produce,high
F-2091-2012,Prepared/Frozen,medium
F-2091-2014,Grains/Cereal,low
F-2091-2015,Plant Protein,medium
F-2091-2016,Nuts/Seeds,low
F-2091-2017,Prepared/Frozen,high
F-2091-2019,Beverages,high
F-2092-2012,Prepared/Frozen,medium
F-2092-2014,Dairy,high
F-2092-2015,Grains/Cereal,high
F-2092-2016,Uncategorized,low
F-2092-2017,Prepared/Frozen,high
F-2092-2019,Grains/Cereal,high
F-2093-2012,Dairy,medium
F-2093-2014,Dairy,high
F-2093-2015,Grains/Cereal,medium
F-2093-2016,Dairy,low
F-2093-2017,Prepared/Frozen,high
F-2093-2019,Produce,high
F-2094-2012,Produce,high
F-2094-2014,Dairy,high
F-2094-2015,Grains/Cereal,medium
F-2094-2016,Prepared/Frozen,low
F-2094-2017,Snacks/Candy,medium
F-2094-2019,Seafood,high
F-2095-2012,Produce,high
F-2095-2014,Dairy,high
F-2095-2016,Beverages,high
F-2095-2017,Spices/Condiments,medium
F-2095-2019,Beverages,high
F-2096-2012,Produce,high
F-2096-2014,Dairy,high
F-2096-2015,Plant Protein,high
F-2096-2016,Beverages,high
F-2096-2017,Spices/Condiments,low
F-2096-2019,Beverages,medium
F-2097-2012,Produce,high
F-2097-2014,Dairy,high
F-2097-2015,Plant Protein,medium
F-2097-2016,Prepared/Frozen,medium
F-2097-2017,Spices/Condiments,medium
F-2097-2019,Supplements,medium
F-2098-2012,Nuts/Seeds,high
F-2098-2014,Dairy,high
F-2098-2015,Plant Protein,high
F-2098-2016,Prepared/Frozen,medium
F-2098-2017,Bakery,high
F-2098-2019,Supplements,medium
F-2099-2012,Produce,high
F-2099-2014,Dairy,high
F-2099-2015,Spices/Condiments,high
F-2099-2016,Dairy,high
F-2099-2017,Dairy,high
F-2099-2019,Spices/Condiments,high
F-2100-2012,Seafood,high
F-2100-2014,Dairy,high
F-2100-2015,Spices/Condiments,medium
F-2100-2016,Food Additives/Ingredients,low
F-2100-2017,Dairy,high
F-2100-2019,Produce,medium
F-2101-2012,Seafood,high
F-2101-2014,Dairy,high
F-2101-2015,Spices/Condiments,high
F-2101-2016,Seafood,medium
F-2101-2017,Dairy,high
F-2101-2019,Bakery,high
F-2102-2012,Seafood,high
F-2102-2014,Dairy,high
F-2102-2015,Spices/Condiments,high
F-2102-2016,Seafood,medium
F-2102-2017,Dairy,high
F-2102-2019,Spices/Condiments,medium
F-2103-2012,Produce,high
F-2103-2014,Dairy,high
F-2103-2015,Beef/Pork/Poultry/Game Meats,medium
F-2103-2016,Dairy,medium
F-2103-2017,Dairy,high
F-2103-2019,Beverages,medium
F-2104-2012,Snacks/Candy,high
F-2104-2014,Dairy,high
F-2104-2015,Spices/Condiments,high
F-2104-2016,Dairy,medium
F-2104-2017,Dairy,high
F-2104-2019,Bakery,high
F-2105-2012,Prepared/Frozen,high
F-2105-2014,Dairy,high
F-2105-2015,Spices/Condiments,high
F-2105-2016,Seafood,high
F-2105-2017,Dairy,high
F-2105-2019,Bakery,high
F-2106-2012,Prepared/Frozen,high
F-2106-2014,Dairy,high
F-2106-2015,Spices/Condiments,medium
F-2106-2016,Spices/Condiments,medium
F-2106-2017,Dairy,high
F-2106-2019,Bakery,high
F-2107-2012,Plant Protein,medium
F-2107-2014,Dairy,high
F-2107-2015,Spices/Condiments,low
F-2107-2016,Seafood,medium
F-2107-2017,Dairy,high
F-2107-2019,Nuts/Seeds,high
F-2108-2012,Prepared/Frozen,high
F-2108-2014,Dairy,high
F-2108-2015,Spices/Condiments,high
F-2108-2016,Seafood,high
F-2108-2017,Produce,high
F-2108-2019,Food Additives/Ingredients,medium
F-2109-2012,Seafood,high
F-2109-2014,Dairy,high
F-2109-2015,Beef/Pork/Poultry/Game Meats,medium
F-2109-2016,Seafood,high
F-2109-2017,Bakery,high
F-2109-2019,Bakery,high
F-2110-2012,Snacks/Candy,high
F-2110-2014,Dairy,high
F-2110-2015,Spices/Condiments,high
F-2110-2016,Seafood,high
F-2110-2017,Bakery,medium
F-2110-2019,Bakery,high
F-2111-2012,Nuts/Seeds,high
F-2111-2014,Dairy,high
F-2111-2015,Spices/Condiments,medium
F-2111-2016,Seafood,high
F-2111-2017,Bakery,high
F-2111-2019,Bakery,high
F-2112-2014,Dairy,high
F-2112-2015,Spices/Condiments,medium
F-2112-2016,Eggs,high
F-2112-2017,Bakery,high
F-2112-2019,Bakery,high
F-2113-2012,Dairy,high
F-2113-2014,Prepared/Frozen,medium
F-2113-2015,Spices/Condiments,medium
F-2113-2016,Bakery,high
F-2113-2017,Bakery,high
F-2113-2019,Bakery,high
F-2114-2012,Produce,high
F-2114-2014,Dairy,high
F-2114-2015,Spices/Condiments,high
F-2114-2016,Snacks/Candy,medium
F-2114-2017,Bakery,high
F-2114-2019,Bakery,high
F-2115-2012,Produce,high
F-2115-2014,Dairy,high
F-2115-2015,Spices/Condiments,high
F-2115-2016,Bakery,high
F-2115-2017,Bakery,high
F-2115-2019,Bakery,high
F-2116-2012,Spices/Condiments,high
F-2116-2014,Prepared/Frozen,medium
F-2116-2015,Spices/Condiments,medium
F-2116-2016,Bakery,high
F-2116-2017,Bakery,high
F-2116-2019,Bakery,high
F-2117-2012,Plant Protein,medium
F-2117-2014,Dairy,high
F-2117-2015,Spices/Condiments,medium
F-2117-2016,Bakery,high
F-2117-2017,Bakery,high
F-2117-2019,Bakery,high
F-2118-2012,Snacks/Candy,high
F-2118-2014,Dairy,high
F-2118-2015,Spices/Condiments,high
F-2118-2016,Bakery,high
F-2118-2017,Bakery,high
F-2118-2019,Bakery,high
F-2119-2012,Snacks/Candy,high
F-2119-2014,Dairy,high
F-2119-2015,Spices/Condiments,medium
F-2119-2016,Bakery,high
F-2119-2017,Bakery,high
F-2119-2019,Bakery,high
F-2120-2012,Snacks/Candy,high
F-2120-2014,Dairy,high
F-2120-2015,Spices/Condiments,high
F-2120-2016,Bakery,high
F-2120-2017,Bakery,high
F-2120-2019,Bakery,high
F-2121-2012,Produce,high
F-2121-2014,Dairy,high
F-2121-2015,Spices/Condiments,medium
F-2121-2016,Bakery,high
F-2121-2017,Bakery,high
F-2121-2019,Bakery,high
F-2122-2012,Produce,high
F-2122-2014,Dairy,high
F-2122-2015,Spices/Condiments,medium
F-2122-2016,Bakery,high
F-2122-2017,Bakery,high
F-2122-2019,Dairy,high
F-2123-2012,Produce,high
F-2123-2014,Dairy,high
F-2123-2015,Spices/Condiments,low
F-2123-2016,Bakery,high
F-2123-2017,Bakery,high
F-2123-2019,Dairy,medium
F-2124-2012,Nuts/Seeds,high
F-2124-2014,Dairy,high
F-2124-2015,Spices/Condiments,high
F-2124-2016,Bakery,high
F-2124-2017,Bakery,high
F-2124-2019,Dairy,medium
F-2125-2012,Nuts/Seeds,high
F-2125-2014,Dairy,high
F-2125-2015,Spices/Condiments,high
F-2125-2016,Bakery,high
F-2125-2017,Bakery,high
F-2125-2019,Dairy,high
F-2126-2012,Supplements,medium
F-2126-2014,Dairy,high
F-2126-2015,Spices/Condiments,high
F-2126-2016,Bakery,high
F-2126-2017,Bakery,medium
F-2126-2019,Dairy,high
F-2127-2012,Beverages,high
F-2127-2014,Dairy,high
F-2127-2015,Spices/Condiments,high
F-2127-2016,Bakery,high
F-2127-2017,Bakery,high
F-2127-2019,Dairy,medium
F-2128-2012,Seafood,high
F-2128-2014,Dairy,high
F-2128-2015,Spices/Condiments,high
F-2128-2016,Bakery,high
F-2128-2017,Bakery,high
F-2128-2019,Dairy,high
F-2129-2012,Snacks/Candy,high
F-2129-2014,Dairy,high
F-2129-2015,Spices/Condiments,high
F-2129-2016,Bakery,high
F-2129-2017,Bakery,high
F-2129-2019,Dairy,high
F-2130-2012,Snacks/Candy,high
F-2130-2014,Dairy,high
F-2130-2015,Spices/Condiments,high
F-2130-2016,Bakery,high
F-2130-2017,Bakery,high
F-2130-2019,Dairy,medium
F-2131-2012,Produce,high
F-2131-2014,Dairy,high
F-2131-2015,Snacks/Candy,medium
F-2131-2016,Bakery,high
F-2131-2017,Bakery,high
F-2131-2019,Dairy,high
F-2132-2012,Snacks/Candy,high
F-2132-2014,Dairy,high
F-2132-2015,Spices/Condiments,medium
F-2132-2016,Bakery,high
F-2132-2017,Bakery,high
F-2132-2019,Dairy,high
F-2133-2012,Snacks/Candy,high
F-2133-2014,Prepared/Frozen,medium
F-2133-2015,Spices/Condiments,high
F-2133-2016,Bakery,high
F-2133-2017,Bakery,high
F-2133-2019,Dairy,medium
F-2134-2012,Seafood,medium
F-2134-2014,Dairy,high
F-2134-2015,Spices/Condiments,high
F-2134-2016,Prepared/Frozen,medium
F-2134-2017,Bakery,high
F-2134-2019,Dairy,medium
F-2135-2012,Produce,medium
F-2135-2014,Prepared/Frozen,medium
F-2135-2015,Spices/Condiments,medium
F-2135-2016,Spices/Condiments,high
F-2135-2017,Bakery,medium
F-2135-2019,Dairy,medium
F-2136-2012,Spices/Condiments,medium
F-2136-2014,Dairy,high
F-2136-2015,Spices/Condiments,high
F-2136-2017,Spices/Condiments,high
F-2136-2019,Dairy,medium
F-2137-2012,Produce,medium
F-2137-2014,Dairy,high
F-2137-2015,Spices/Condiments,high
F-2137-2016,Spices/Condiments,high
F-2137-2017,Seafood,medium
F-2137-2019,Dairy,high
F-2138-2012,Prepared/Frozen,medium
F-2138-2014,Dairy,high
F-2138-2015,Spices/Condiments,high
F-2138-2016,Spices/Condiments,high
F-2138-2017,Baking Supplies,low
F-2138-2019,Dairy,high
F-2139-2012,Prepared/Frozen,medium
F-2139-2014,Dairy,high
F-2139-2015,Spices/Condiments,high
F-2139-2016,Spices/Condiments,high
F-2139-2017,Produce,medium
F-2139-2019,Dairy,high
F-2140-2012,Spices/Condiments,high
F-2140-2014,Dairy,high
F-2140-2015,Spices/Condiments,high
F-2140-2016,Baking Supplies,high
F-2140-2017,Prepared/Frozen,high
F-2140-2019,Dairy,high
F-2141-2012,Produce,medium
F-2141-2014,Dairy,high
F-2141-2015,Nuts/Seeds,high
F-2141-2016,Bakery,high
F-2141-2017,Spices/Condiments,high
F-2141-2019,Dairy,high
F-2142-2012,Prepared/Frozen,high
F-2142-2014,Dairy,high
F-2142-2015,Nuts/Seeds,high
F-2142-2016,Snacks/Candy,high
F-2142-2017,Seafood,high
F-2142-2019,Dairy,medium
F-2143-2012,Prepared/Frozen,medium
F-2143-2014,Prepared/Frozen,medium
F-2143-2015,Bakery,high
F-2143-2016,Dairy,high
F-2143-2017,Seafood,high
F-2143-2019,Dairy,low
F-2144-2012,Spices/Condiments,medium
F-2144-2014,Prepared/Frozen,medium
F-2144-2015,Seafood,high
F-2144-2016,Dairy,high
F-2144-2017,Seafood,high
F-2144-2019,Supplements,high
F-2145-2012,Produce,medium
F-2145-2014,Dairy,high
F-2145-2015,Seafood,high
F-2145-2016,Dairy,high
F-2145-2017,Produce,high
F-2145-2019,Spices/Condiments,high
F-2146-2012,Produce,medium
F-2146-2014,Dairy,high
F-2146-2015,Seafood,medium
F-2146-2016,Dairy,high
F-2146-2017,Supplements,high
F-2146-2019,Baby/Toddler Food,low
F-2147-2012,Prepared/Frozen,low
F-2147-2014,Dairy,high
F-2147-2015,Prepared/Frozen,medium
F-2147-2016,Dairy,high
F-2147-2017,Supplements,low
F-2147-2019,Seafood,high
F-2148-2012,Snacks/Candy,high
F-2148-2014,Dairy,high
F-2148-2015,Prepared/Frozen,medium
F-2148-2016,Dairy,high
F-2148-2017,Supplements,high
F-2148-2019,Seafood,high
F-2149-2012,Prepared/Frozen,low
F-2149-2014,Prepared/Frozen,high
F-2149-2015,Prepared/Frozen,high
F-2149-2016,Dairy,high
F-2149-2017,Supplements,high
F-2149-2019,Seafood,high
F-2150-2012,Prepared/Frozen,medium
F-2150-2014,Dairy,high
F-2150-2015,Produce,high
F-2150-2016,Dairy,high
F-2150-2017,Supplements,medium
F-2150-2019,Prepared/Frozen,high
F-2151-2012,Seafood,medium
F-2151-2014,Dairy,high
F-2151-2015,Prepared/Frozen,medium
F-2151-2016,Seafood,high
F-2151-2017,Supplements,high
F-2151-2019,Produce,high
F-2152-2012,Prepared/Frozen,low
F-2152-2014,Dairy,high
F-2152-2015,Bakery,high
F-2152-2016,Seafood,high
F-2152-2017,Supplements,high
F-2152-2019,Dairy,medium
F-2153-2012,Plant Protein,medium
F-2153-2014,Dairy,high
F-2153-2015,Spices/Condiments,high
F-2153-2016,Nuts/Seeds,medium
F-2153-2017,Grains/Cereal,high
F-2153-2019,Baby/Toddler Food,high
F-2154-2012,Snacks/Candy,high
F-2154-2014,Dairy,high
F-2154-2015,Spices/Condiments,high
F-2154-2016,Snacks/Candy,medium
F-2154-2017,Grains/Cereal,high
F-2154-2019,Plant Protein,high
F-2155-2012,Prepared/Frozen,high
F-2155-2014,Dairy,high
F-2155-2015,Spices/Condiments,high
F-2155-2016,Prepared/Frozen,high
F-2155-2017,Grains/Cereal,high
F-2155-2019,Produce,high
F-2156-2012,Prepared/Frozen,high
F-2156-2014,Dairy,high
F-2156-2015,Spices/Condiments,medium
F-2156-2016,Prepared/Frozen,high
F-2156-2017,Snacks/Candy,medium
F-2156-2019,Produce,high
F-2157-2012,Seafood,medium
F-2157-2014,Dairy,high
F-2157-2015,Spices/Condiments,high
F-2157-2016,Prepared/Frozen,medium
F-2157-2017,Beverages,high
F-2157-2019,Bakery,medium
F-2158-2012,Seafood,medium
F-2158-2014,Dairy,high
F-2158-2015,Spices/Condiments,medium
F-2158-2016,Prepared/Frozen,medium
F-2158-2017,Beverages,high
F-2158-2019,Spices/Condiments,high
F-2159-2012,Seafood,medium
F-2159-2014,Dairy,high
F-2159-2015,Spices/Condiments,high
F-2159-2016,Prepared/Frozen,medium
F-2159-2017,Seafood,high
F-2159-2019,Bakery,high
F-2160-2012,Seafood,medium
F-2160-2014,Dairy,high
F-2160-2015,Spices/Condiments,high
F-2160-2016,Prepared/Frozen,medium
F-2160-2017,Grains/Cereal,medium
F-2160-2019,Plant Protein,high
F-2161-2012,Seafood,medium
F-2161-2014,Dairy,high
F-2161-2015,Spices/Condiments,high
F-2161-2016,Eggs,high
F-2161-2017,Seafood,high
F-2161-2019,Plant Protein,medium
F-2162-2012,Plant Protein,medium
F-2162-2014,Dairy,high
F-2162-2015,Spices/Condiments,high
F-2162-2016,Beef/Pork/Poultry/Game Meats,medium
F-2162-2017,Seafood,high
F-2162-2019,Plant Protein,medium
F-2163-2012,Plant Protein,medium
F-2163-2014,Dairy,high
F-2163-2015,Spices/Condiments,high
F-2163-2016,Snacks/Candy,high
F-2163-2017,Seafood,high
F-2163-2019,Plant Protein,high
F-2164-2012,Prepared/Frozen,medium
F-2164-2014,Dairy,high
F-2164-2015,Uncategorized,low
F-2164-2016,Snacks/Candy,high
F-2164-2017,Seafood,high
F-2164-2019,Plant Protein,high
F-2165-2012,Seafood,medium
F-2165-2014,Dairy,high
F-2165-2015,Spices/Condiments,medium
F-2165-2016,Snacks/Candy,high
F-2165-2017,Seafood,high
F-2165-2019,Plant Protein,high
F-2166-2012,Seafood,medium
F-2166-2014,Dairy,high
F-2166-2015,Spices/Condiments,medium
F-2166-2016,Snacks/Candy,high
F-2166-2017,Dairy,high
F-2166-2019,Plant Protein,high
F-2167-2012,Snacks/Candy,high
F-2167-2014,Dairy,high
F-2167-2015,Spices/Condiments,high
F-2167-2016,Snacks/Candy,high
F-2167-2017,Supplements,high
F-2167-2019,Plant Protein,high
F-2168-2012,Plant Protein,high
F-2168-2014,Dairy,high
F-2168-2015,Spices/Condiments,medium
F-2168-2016,Snacks/Candy,high
F-2168-2017,Snacks/Candy,high
F-2168-2019,Plant Protein,high
F-2169-2012,Produce,low
F-2169-2014,Dairy,high
F-2169-2015,Spices/Condiments,high
F-2169-2016,Snacks/Candy,high
F-2169-2017,Seafood,high
F-2169-2019,Plant Protein,high
F-2170-2012,Produce,medium
F-2170-2014,Produce,high
F-2170-2015,Baby/Toddler Food,high
F-2170-2016,Snacks/Candy,high
F-2170-2017,Seafood,high
F-2170-2019,Plant Protein,high
F-2171-2012,Produce,medium
F-2171-2014,Snacks/Candy,high
F-2171-2016,Snacks/Candy,high
F-2171-2017,Seafood,high
F-2171-2019,Plant Protein,high
F-2172-2012,Produce,medium
F-2172-2014,Grains/Cereal,high
F-2172-2016,Snacks/Candy,high
F-2172-2017,Snacks/Candy,medium
F-2172-2019,Plant Protein,high
F-2173-2012,Produce,medium
F-2173-2014,Dairy,high
F-2173-2015,Dairy,high
F-2173-2016,Snacks/Candy,high
F-2173-2017,Bakery,high
F-2173-2019,Plant Protein,high
F-2174-2012,Prepared/Frozen,low
F-2174-2014,Dairy,high
F-2174-2015,Supplements,low
F-2174-2016,Snacks/Candy,high
F-2174-2017,Bakery,high
F-2174-2019,Plant Protein,high
F-2175-2012,Eggs,high
F-2175-2014,Seafood,high
F-2175-2015,Beverages,high
F-2175-2016,Snacks/Candy,high
F-2175-2017,Bakery,high
F-2175-2019,Plant Protein,high
F-2176-2012,Prepared/Frozen,high
F-2176-2014,Eggs,high
F-2176-2015,Beverages,high
F-2176-2016,Snacks/Candy,high
F-2176-2017,Bakery,high
F-2176-2019,Plant Protein,medium
F-2177-2012,Prepared/Frozen,medium
F-2177-2013,Plant Protein,high
F-2177-2014,Food Additives/Ingredients,medium
F-2177-2015,Beverages,low
F-2177-2016,Snacks/Candy,high
F-2177-2017,Snacks/Candy,medium
F-2177-2019,Plant Protein,high
F-2178-2012,Prepared/Frozen,medium
F-2178-2013,Plant Protein,high
F-2178-2014,Supplements,medium
F-2178-2015,Beverages,high
F-2178-2016,Snacks/Candy,high
F-2178-2017,Supplements,high
F-2178-2019,Plant Protein,high
F-2179-2012,Prepared/Frozen,medium
F-2179-2014,Food Additives/Ingredients,medium
F-2179-2015,Beverages,high
F-2179-2016,Snacks/Candy,high
F-2179-2019,Plant Protein,high
F-2180-2012,Prepared/Frozen,medium
F-2180-2014,Dairy,high
F-2180-2015,Supplements,low
F-2180-2016,Snacks/Candy,high
F-2180-2017,Spices/Condiments,high
F-2180-2019,Plant Protein,high
F-2181-2012,Produce,medium
F-2181-2014,Dairy,high
F-2181-2015,Supplements,low
F-2181-2017,Beverages,high
F-2181-2019,Plant Protein,high
F-2182-2012,Seafood,medium
F-2182-2014,Dairy,medium
F-2182-2015,Uncategorized,low
F-2182-2017,Plant Protein,medium
F-2182-2019,Plant Protein,high
F-2183-2012,Spices/Condiments,medium
F-2183-2014,Dairy,high
F-2183-2015,Beverages,medium
F-2183-2017,Beverages,high
F-2183-2019,Plant Protein,high
F-2184-2012,Spices/Condiments,medium
F-2184-2014,Produce,medium
F-2184-2015,Uncategorized,low
F-2184-2017,Supplements,low
F-2184-2019,Plant Protein,high
F-2185-2012,Seafood,high
F-2185-2014,Snacks/Candy,high
F-2185-2015,Produce,high
F-2185-2017,Seafood,high
F-2185-2019,Plant Protein,low
F-2186-2012,Prepared/Frozen,medium
F-2186-2014,Snacks/Candy,high
F-2186-2015,Nuts/Seeds,high
F-2186-2017,Bakery,high
F-2186-2019,Plant Protein,high
F-2187-2012,Prepared/Frozen,medium
F-2187-2014,Snacks/Candy,high
F-2187-2015,Bakery,high
F-2187-2017,Seafood,high
F-2187-2019,Plant Protein,high
F-2188-2012,Seafood,medium
F-2188-2014,Snacks/Candy,high
F-2188-2015,Spices/Condiments,high
F-2188-2017,Seafood,high
F-2188-2019,Plant Protein,high
F-2189-2012,Spices/Condiments,high
F-2189-2014,Snacks/Candy,medium
F-2189-2015,Spices/Condiments,high
F-2189-2017,Spices/Condiments,high
F-2189-2019,Plant Protein,high
F-2190-2012,Spices/Condiments,medium
F-2190-2014,Bakery,high
F-2190-2015,Spices/Condiments,high
F-2190-2017,Spices/Condiments,high
F-2190-2019,Plant Protein,high
F-2191-2012,Spices/Condiments,medium
F-2191-2014,Dairy,high
F-2191-2015,Spices/Condiments,high
F-2191-2017,Spices/Condiments,high
F-2191-2019,Plant Protein,high
F-2192-2012,Prepared/Frozen,medium
F-2192-2014,Bakery,high
F-2192-2015,Spices/Condiments,high
F-2192-2017,Spices/Condiments,medium
F-2192-2019,Plant Protein,high
F-2193-2012,Produce,low
F-2193-2014,Spices/Condiments,medium
F-2193-2015,Bakery,high
F-2193-2016,Nuts/Seeds,high
F-2193-2017,Spices/Condiments,low
F-2193-2019,Plant Protein,high
F-2194-2012,Prepared/Frozen,medium
F-2194-2014,Dairy,high
F-2194-2015,Spices/Condiments,medium
F-2194-2016,Supplements,high
F-2194-2017,Spices/Condiments,medium
F-2194-2019,Plant Protein,high
F-2195-2012,Prepared/Frozen,medium
F-2195-2014,Snacks/Candy,medium
F-2195-2015,Spices/Condiments,medium
F-2195-2016,Produce,medium
F-2195-2017,Spices/Condiments,high
F-2195-2019,Plant Protein,high
F-2196-2012,Prepared/Frozen,medium
F-2196-2014,Supplements,high
F-2196-2015,Spices/Condiments,medium
F-2196-2016,Nuts/Seeds,high
F-2196-2017,Spices/Condiments,medium
F-2196-2019,Plant Protein,high
F-2197-2012,Prepared/Frozen,high
F-2197-2014,Bakery,medium
F-2197-2015,Beverages,high
F-2197-2016,Produce,medium
F-2197-2017,Spices/Condiments,high
F-2197-2019,Plant Protein,high
F-2198-2012,Prepared/Frozen,medium
F-2198-2014,Supplements,low
F-2198-2015,Nuts/Seeds,high
F-2198-2016,Produce,high
F-2198-2017,Spices/Condiments,high
F-2198-2019,Plant Protein,high
F-2199-2012,Prepared/Frozen,high
F-2199-2014,Prepared/Frozen,medium
F-2199-2015,Prepared/Frozen,high
F-2199-2016,Produce,medium
F-2199-2017,Bakery,medium
F-2199-2019,Plant Protein,high
F-2200-2012,Prepared/Frozen,high
F-2200-2014,Dairy,high
F-2200-2015,Snacks/Candy,medium
F-2200-2016,Produce,high
F-2200-2017,Produce,medium
F-2200-2019,Plant Protein,high
F-2201-2012,Prepared/Frozen,medium
F-2201-2014,Dairy,high
F-2201-2015,Snacks/Candy,high
F-2201-2016,Spices/Condiments,high
F-2201-2017,Dairy,high
F-2201-2019,Plant Protein,high
F-2202-2012,Prepared/Frozen,high
F-2202-2014,Dairy,high
F-2202-2015,Bakery,medium
F-2202-2016,Bakery,high
F-2202-2017,Produce,medium
F-2202-2019,Plant Protein,high
F-2203-2012,Prepared/Frozen,medium
F-2203-2014,Dairy,medium
F-2203-2015,Snacks/Candy,high
F-2203-2016,Spices/Condiments,high
F-2203-2017,Prepared/Frozen,high
F-2203-2019,Plant Protein,high
F-2204-2012,Prepared/Frozen,medium
F-2204-2014,Prepared/Frozen,medium
F-2204-2015,Bakery,high
F-2204-2016,Spices/Condiments,high
F-2204-2017,Produce,medium
F-2204-2019,Plant Protein,medium
F-2205-2012,Prepared/Frozen,high
F-2205-2014,Beverages,low
F-2205-2015,Bakery,high
F-2205-2016,Spices/Condiments,high
F-2205-2017,Snacks/Candy,medium
F-2205-2019,Plant Protein,high
F-2206-2012,Prepared/Frozen,medium
F-2206-2014,Bakery,high
F-2206-2015,Spices/Condiments,medium
F-2206-2016,Spices/Condiments,medium
F-2206-2017,Spices/Condiments,medium
F-2206-2019,Plant Protein,high
F-2207-2012,Prepared/Frozen,medium
F-2207-2014,Dairy,high
F-2207-2015,Snacks/Candy,medium
F-2207-2016,Spices/Condiments,high
F-2207-2017,Prepared/Frozen,medium
F-2207-2019,Plant Protein,high
F-2208-2012,Prepared/Frozen,medium
F-2208-2014,Dairy,high
F-2208-2015,Produce,high
F-2208-2016,Grains/Cereal,high
F-2208-2017,Supplements,high
F-2208-2019,Plant Protein,medium
F-2209-2012,Prepared/Frozen,medium
F-2209-2014,Dairy,high
F-2209-2015,Produce,high
F-2209-2016,Snacks/Candy,low
F-2209-2019,Plant Protein,high
F-2210-2012,Prepared/Frozen,high
F-2210-2014,Dairy,high
F-2210-2015,Plant Protein,high
F-2210-2016,Dairy,medium
F-2210-2017,Produce,medium
F-2210-2019,Plant Protein,high
F-2211-2012,Prepared/Frozen,medium
F-2211-2014,Dairy,high
F-2211-2015,Prepared/Frozen,medium
F-2211-2016,Dairy,medium
F-2211-2017,Snacks/Candy,high
F-2211-2019,Plant Protein,high
F-2212-2012,Eggs,high
F-2212-2014,Dairy,high
F-2212-2015,Plant Protein,low
F-2212-2016,Grains/Cereal,high
F-2212-2017,Snacks/Candy,high
F-2212-2019,Plant Protein,high
F-2213-2012,Eggs,high
F-2213-2014,Dairy,high
F-2213-2015,Produce,medium
F-2213-2016,Grains/Cereal,high
F-2213-2017,Snacks/Candy,high
F-2213-2019,Plant Protein,high
F-2214-2012,Eggs,high
F-2214-2014,Dairy,high
F-2214-2015,Spices/Condiments,medium
F-2214-2016,Grains/Cereal,high
F-2214-2017,Snacks/Candy,high
F-2214-2019,Plant Protein,high
F-2215-2012,Eggs,high
F-2215-2014,Dairy,high
F-2215-2015,Prepared/Frozen,high
F-2215-2016,Grains/Cereal,high
F-2215-2017,Snacks/Candy,high
F-2215-2019,Plant Protein,high
F-2216-2012,Spices/Condiments,low
F-2216-2014,Dairy,high
F-2216-2015,Prepared/Frozen,low
F-2216-2016,Grains/Cereal,high
F-2216-2017,Snacks/Candy,high
F-2216-2019,Plant Protein,high
F-2217-2012,Produce,medium
F-2217-2014,Dairy,high
F-2217-2015,Plant Protein,medium
F-2217-2016,Grains/Cereal,high
F-2217-2017,Bakery,high
F-2217-2019,Plant Protein,high
F-2218-2012,Produce,medium
F-2218-2014,Dairy,high
F-2218-2015,Prepared/Frozen,medium
F-2218-2016,Grains/Cereal,high
F-2218-2017,Bakery,high
F-2218-2019,Plant Protein,high
F-2219-2012,Produce,medium
F-2219-2014,Dairy,high
F-2219-2015,Prepared/Frozen,medium
F-2219-2016,Grains/Cereal,high
F-2219-2017,Bakery,medium
F-2219-2019,Plant Protein,high
F-2220-2012,Spices/Condiments,high
F-2220-2014,Dairy,high
F-2220-2015,Prepared/Frozen,medium
F-2220-2016,Grains/Cereal,high
F-2220-2017,Bakery,high
F-2220-2019,Plant Protein,high
F-2221-2012,Produce,medium
F-2221-2014,Dairy,high
F-2221-2015,Plant Protein,medium
F-2221-2016,Grains/Cereal,high
F-2221-2017,Bakery,high
F-2221-2019,Plant Protein,high
F-2222-2012,Produce,high
F-2222-2014,Spices/Condiments,high
F-2222-2015,Spices/Condiments,high
F-2222-2016,Snacks/Candy,low
F-2222-2017,Dairy,high
F-2222-2019,Plant Protein,high
F-2223-2012,Produce,medium
F-2223-2014,Spices/Condiments,high
F-2223-2015,Spices/Condiments,high
F-2223-2016,Snacks/Candy,medium
F-2223-2017,Dairy,high
F-2223-2019,Plant Protein,high
F-2224-201,Produce,high
F-2224-2014,Spices/Condiments,high
F-2224-2015,Spices/Condiments,high
F-2224-2016,Produce,high
F-2224-2017,Dairy,high
F-2224-2019,Plant Protein,high
F-2225-2014,Spices/Condiments,high
F-2225-2015,Spices/Condiments,medium
F-2225-2016,Produce,high
F-2225-2017,Dairy,high
F-2225-2019,Plant Protein,high
F-2226-2012,Produce,medium
F-2226-2014,Dairy,high
F-2226-2015,Prepared/Frozen,low
F-2226-2016,Produce,medium
F-2226-2017,Dairy,high
F-2226-2019,Plant Protein,high
F-2227-2012,Produce,medium
F-2227-2014,Grains/Cereal,high
F-2227-2015,Spices/Condiments,high
F-2227-2016,Produce,high
F-2227-2017,Dairy,high
F-2227-2019,Plant Protein,high
F-2228-2012,Prepared/Frozen,medium
F-2228-2014,Produce,medium
F-2228-2015,Prepared/Frozen,low
F-2228-2016,Produce,medium
F-2228-2017,Dairy,medium
F-2228-2019,Plant Protein,high
F-2229-2012,Plant Protein,low
F-2229-2014,Produce,medium
F-2229-2015,Produce,low
F-2229-2016,Produce,high
F-2229-2017,Dairy,high
F-2229-2019,Plant Protein,high
F-2230-2012,Plant Protein,medium
F-2230-2014,Produce,medium
F-2230-2015,Plant Protein,medium
F-2230-2016,Spices/Condiments,medium
F-2230-2017,Dairy,high
F-2230-2019,Plant Protein,high
F-2231-2012,Plant Protein,medium
F-2231-2014,Produce,medium
F-2231-2015,Prepared/Frozen,medium
F-2231-2016,Produce,high
F-2231-2017,Dairy,medium
F-2231-2019,Prepared/Frozen,medium
F-2232-2012,Prepared/Frozen,medium
F-2232-2014,Baby/Toddler Food,high
F-2232-2015,Prepared/Frozen,medium
F-2232-2016,Produce,medium
F-2232-2017,Dairy,medium
F-2232-2019,Seafood,high
F-2233-2012,Prepared/Frozen,medium
F-2233-2014,Spices/Condiments,high
F-2233-2015,Plant Protein,high
F-2233-2016,Produce,high
F-2233-2017,Dairy,high
F-2234-2012,Prepared/Frozen,medium
F-2234-2014,Spices/Condiments,high
F-2234-2015,Spices/Condiments,low
F-2234-2016,Produce,high
F-2234-2017,Dairy,high
F-2235-2012,Prepared/Frozen,high
F-2235-2014,Spices/Condiments,high
F-2235-2015,Prepared/Frozen,medium
F-2235-2016,Produce,high
F-2235-2017,Produce,high
F-2236-2012,Prepared/Frozen,medium
F-2236-2014,Oils/Fats,medium
F-2236-2016,Bakery,low
F-2236-2017,Spices/Condiments,high
F-2236-3015,Plant Protein,high
F-2237-2012,Prepared/Frozen,medium
F-2237-2014,Plant Protein,medium
F-2237-2015,Plant Protein,high
F-2237-2016,Spices/Condiments,high
F-2237-2017,Prepared/Frozen,medium
F-2238-2012,Prepared/Frozen,high
F-2238-2014,Produce,medium
F-2238-2015,Plant Protein,medium
F-2238-2016,Nuts/Seeds,medium
F-2238-2017,Dairy,medium
F-2239-2012,Prepared/Frozen,medium
F-2239-2014,Produce,medium
F-2239-2015,Prepared/Frozen,medium
F-2239-2016,Seafood,medium
F-2239-2017,Snacks/Candy,medium
F-2240-2012,Prepared/Frozen,medium
F-2240-2014,Prepared/Frozen,medium
F-2240-2015,Prepared/Frozen,medium
F-2240-2016,Bakery,high
F-2240-2017,Prepared/Frozen,medium
F-2241-2012,Prepared/Frozen,medium
F-2241-2014,Prepared/Frozen,medium
F-2241-2015,Prepared/Frozen,low
F-2241-2016,Bakery,high
F-2241-2017,Prepared/Frozen,high
F-2241-2019,Bakery,high
F-2242-2012,Prepared/Frozen,medium
F-2242-2014,Supplements,medium
F-2242-2015,Prepared/Frozen,medium
F-2242-2016,Nuts/Seeds,high
F-2242-2017,Bakery,high
F-2242-2019,Bakery,high
F-2243-2012,Prepared/Frozen,medium
F-2243-2014,Supplements,low
F-2243-2015,Spices/Condiments,high
F-2243-2016,Produce,high
F-2243-2017,Bakery,high
F-2243-2019,Bakery,high
F-2244-2012,Prepared/Frozen,high
F-2244-2014,Supplements,medium
F-2244-2015,Plant Protein,high
F-2244-2016,Bakery,high
F-2244-2017,Bakery,high
F-2244-2019,Plant Protein,high
F-2245-2012,Prepared/Frozen,high
F-2245-2014,Supplements,low
F-2245-2015,Prepared/Frozen,medium
F-2245-2016,Bakery,medium
F-2245-2017,Spices/Condiments,medium
F-2245-2019,Seafood,high
F-2246-2012,Prepared/Frozen,medium
F-2246-2014,Supplements,low
F-2246-2015,Prepared/Frozen,medium
F-2246-2016,Snacks/Candy,medium
F-2246-2017,Prepared/Frozen,medium
F-2246-2019,Dairy,high
F-2247-2012,Prepared/Frozen,medium
F-2247-2014,Supplements,medium
F-2247-2017,Prepared/Frozen,high
F-2247-2019,Dairy,high
F-2248-2012,Prepared/Frozen,medium
F-2248-2014,Supplements,medium
F-2248-2017,Prepared/Frozen,high
F-2248-2019,Produce,medium
F-2249-2012,Prepared/Frozen,high
F-2249-2014,Supplements,medium
F-2249-2017,Beverages,high
F-2249-2019,Bakery,high
F-2250-2012,Prepared/Frozen,medium
F-2250-2014,Supplements,low
F-2250-2015,Snacks/Candy,high
F-2250-2017,Supplements,high
F-2250-2019,Bakery,high
F-2251-2012,Prepared/Frozen,medium
F-2251-2014,Supplements,medium
F-2251-2015,Snacks/Candy,high
F-2251-2017,Snacks/Candy,high
F-2251-2019,Seafood,high
F-2252-2012,Prepared/Frozen,medium
F-2252-2014,Supplements,medium
F-2252-2015,Snacks/Candy,high
F-2252-2016,Nuts/Seeds,high
F-2252-2017,Prepared/Frozen,high
F-2252-2019,Seafood,high
F-2253-2012,Prepared/Frozen,medium
F-2253-2014,Supplements,low
F-2253-2015,Snacks/Candy,high
F-2253-2016,Nuts/Seeds,medium
F-2253-2017,Prepared/Frozen,high
F-2253-2019,Spices/Condiments,medium
F-2254-2012,Prepared/Frozen,medium
F-2254-2014,Uncategorized,low
F-2254-2015,Snacks/Candy,high
F-2254-2016,Nuts/Seeds,medium
F-2254-2017,Seafood,high
F-2254-2019,Spices/Condiments,medium
F-2255-2012,Prepared/Frozen,medium
F-2255-2014,Supplements,high
F-2255-2015,Snacks/Candy,high
F-2255-2016,Seafood,high
F-2255-2017,Seafood,high
F-2255-2019,Spices/Condiments,high
F-2256-2012,Prepared/Frozen,medium
F-2256-2014,Supplements,high
F-2256-2015,Seafood,high
F-2256-2016,Seafood,high
F-2256-2017,Seafood,high
F-2256-2019,Bakery,medium
F-2257-2012,Prepared/Frozen,medium
F-2257-2014,Supplements,low
F-2257-2015,Grains/Cereal,high
F-2257-2017,Seafood,high
F-2257-2019,Bakery,high
F-2258-2012,Prepared/Frozen,high
F-2258-2014,Supplements,low
F-2258-2015,Nuts/Seeds,high
F-2258-2016,Nuts/Seeds,high
F-2258-2017,Seafood,high
F-2258-2019,Bakery,high
F-2259-2012,Prepared/Frozen,high
F-2259-2014,Supplements,medium
F-2259-2015,Nuts/Seeds,high
F-2259-2016,Nuts/Seeds,high
F-2259-2017,Seafood,high
F-2259-2019,Bakery,high
F-2260-2012,Prepared/Frozen,medium
F-2260-2014,Supplements,high
F-2260-2015,Nuts/Seeds,high
F-2260-2016,Nuts/Seeds,high
F-2260-2017,Seafood,high
F-2260-2019,Bakery,high
F-2261-2012,Produce,high
F-2261-2014,Supplements,low
F-2261-2015,Nuts/Seeds,medium
F-2261-2016,Nuts/Seeds,high
F-2261-2017,Seafood,high
F-2262-2012,Produce,medium
F-2262-2014,Supplements,medium
F-2262-2015,Nuts/Seeds,medium
F-2262-2016,Nuts/Seeds,high
F-2262-2017,Seafood,high
F-2263-2012,Produce,high
F-2263-2014,Supplements,high
F-2263-2015,Nuts/Seeds,low
F-2263-2016,Nuts/Seeds,high
F-2263-2017,Seafood,high
F-2264-2012,Produce,medium
F-2264-2014,Supplements,high
F-2264-2015,Nuts/Seeds,medium
F-2264-2016,Nuts/Seeds,high
F-2264-2017,Seafood,high
F-2265-2012,Prepared/Frozen,low
F-2265-2014,Supplements,low
F-2265-2015,Nuts/Seeds,high
F-2265-2016,Nuts/Seeds,high
F-2265-2017,Seafood,high
F-2266-2012,Produce,high
F-2266-2014,Supplements,medium
F-2266-2015,Nuts/Seeds,low
F-2266-2016,Nuts/Seeds,high
F-2266-2017,Nuts/Seeds,high
F-2267-2012,Produce,high
F-2267-2014,Supplements,high
F-2267-2015,Nuts/Seeds,high
F-2267-2016,Nuts/Seeds,high
F-2267-2017,Bakery,high
F-2268-2012,Produce,medium
F-2268-2014,Supplements,low
F-2268-2015,Nuts/Seeds,high
F-2268-2016,Nuts/Seeds,high
F-2268-2017,Seafood,high
F-2269-2012,Produce,medium
F-2269-2014,Supplements,medium
F-2269-2015,Nuts/Seeds,high
F-2269-2016,Nuts/Seeds,high
F-2269-2017,Nuts/Seeds,high
F-2270-2012,Produce,high
F-2270-2014,Supplements,medium
F-2270-2015,Seafood,high
F-2270-2016,Snacks/Candy,medium
F-2270-2017,Seafood,high
F-2271-2012,Produce,high
F-2271-2014,Supplements,high
F-2271-2016,Snacks/Candy,medium
F-2271-2017,Seafood,high
F-2271-2215,Spices/Condiments,high
F-2272-2012,Prepared/Frozen,low
F-2272-2014,Supplements,high
F-2272-2015,Spices/Condiments,high
F-2272-2016,Snacks/Candy,medium
F-2272-2017,Seafood,high
F-2273-2012,Produce,medium
F-2273-2014,Supplements,medium
F-2273-2015,Spices/Condiments,high
F-2273-2016,Snacks/Candy,medium
F-2273-2017,Seafood,high
F-2274-2012,Prepared/Frozen,low
F-2274-2014,Supplements,medium
F-2274-2015,Spices/Condiments,high
F-2274-2016,Prepared/Frozen,medium
F-2274-2017,Seafood,high
F-2275-2012,Produce,high
F-2275-2014,Supplements,high
F-2275-2015,Spices/Condiments,high
F-2275-2016,Prepared/Frozen,medium
F-2275-2017,Seafood,high
F-2276-2012,Produce,high
F-2276-2014,Uncategorized,low
F-2276-2015,Spices/Condiments,high
F-2276-2016,Snacks/Candy,high
F-2276-2017,Grains/Cereal,high
F-2277-2012,Produce,medium
F-2277-2014,Supplements,medium
F-2277-2015,Prepared/Frozen,medium
F-2277-2016,Nuts/Seeds,medium
F-2277-2017,Seafood,high
F-2278-2012,Produce,medium
F-2278-2014,Supplements,medium
F-2278-2015,Prepared/Frozen,low
F-2278-2016,Produce,high
F-2278-2017,Seafood,high
F-2279-2012,Produce,medium
F-2279-2014,Supplements,medium
F-2279-2015,Seafood,high
F-2279-2016,Produce,high
F-2279-2017,Seafood,high
F-2280-2012,Produce,medium
F-2280-2014,Supplements,medium
F-2280-2015,Prepared/Frozen,medium
F-2280-2016,Produce,medium
F-2280-2017,Seafood,high
F-2281-2012,Produce,high
F-2281-2014,Supplements,high
F-2281-2015,Prepared/Frozen,medium
F-2281-2016,Produce,high
F-2281-2017,Seafood,high
F-2282,Seafood,medium
F-2282-2012,Produce,high
F-2282-2014,Supplements,medium
F-2282-2017,Seafood,high
F-2283-2012,Beef/Pork/Poultry/Game Meats,medium
F-2283-2014,Supplements,high
F-2283-2015,Bakery,high
F-2283-2016,Grains/Cereal,medium
F-2283-2017,Seafood,high
F-2284-2012,Prepared/Frozen,medium
F-2284-2014,Supplements,medium
F-2284-2015,Nuts/Seeds,high
F-2284-2016,Produce,high
F-2284-2017,Seafood,high
F-2285-2012,Prepared/Frozen,low
F-2285-2014,Supplements,medium
F-2285-2015,Nuts/Seeds,high
F-2285-2016,Snacks/Candy,medium
F-2285-2017,Bakery,medium
F-2286-2012,Uncategorized,low
F-2286-2014,Supplements,medium
F-2286-2015,Prepared/Frozen,medium
F-2286-2016,Bakery,medium
F-2286-2017,Bakery,medium
F-2287-2012,Produce,high
F-2287-2014,Supplements,medium
F-2287-2015,Produce,high
F-2287-2016,Bakery,medium
F-2287-2017,Grains/Cereal,medium
F-2288-2012,Prepared/Frozen,high
F-2288-2014,Bakery,medium
F-2288-2015,Bakery,high
F-2288-2016,Bakery,medium
F-2288-2017,Seafood,high
F-2289-2012,Produce,medium
F-2289-2014,Snacks/Candy,medium
F-2289-2015,Bakery,high
F-2289-2016,Bakery,medium
F-2289-2017,Dairy,medium
F-2290-2012,Produce,low
F-2290-2014,Snacks/Candy,high
F-2290-2015,Bakery,high
F-2290-2016,Prepared/Frozen,medium
F-2290-2017,Dairy,high
F-2291-2012,Prepared/Frozen,low
F-2291-2014,Snacks/Candy,high
F-2291-2015,Prepared/Frozen,medium
F-2291-2017,Supplements,high
F-2292-2012,Supplements,medium
F-2292-2014,Snacks/Candy,high
F-2292-2015,Prepared/Frozen,medium
F-2292-2017,Bakery,medium
F-2293-2012,Seafood,high
F-2293-2014,Snacks/Candy,high
F-2293-2015,Prepared/Frozen,medium
F-2293-2017,Prepared/Frozen,medium
F-2294-2012,Seafood,high
F-2294-2014,Snacks/Candy,high
F-2294-2015,Beef/Pork/Poultry/Game Meats,medium
F-2294-2017,Prepared/Frozen,medium
F-2295-2012,Seafood,high
F-2295-2014,Plant Protein,high
F-2295-2015,Seafood,high
F-2295-2017,Prepared/Frozen,medium
F-2296-2012,Produce,high
F-2296-2014,Plant Protein,high
F-2296-2015,Snacks/Candy,high
F-2296-2017,Prepared/Frozen,medium
F-2297-2014,Plant Protein,high
F-2297-2015,Plant Protein,medium
F-2297-2017,Prepared/Frozen,medium
F-2298-2012,Bakery,high
F-2298-2014,Plant Protein,high
F-2298-2015,Produce,high
F-2298-2017,Prepared/Frozen,medium
F-2299-2012,Spices/Condiments,high
F-2299-2014,Plant Protein,high
F-2299-2015,Produce,high
F-2299-2017,Bakery,medium
F-2300-2012,Beverages,low
F-2300-2014,Plant Protein,high
F-2300-2015,Bakery,low
F-2300-2017,Prepared/Frozen,high
F-2301-2012,Beverages,high
F-2301-2014,Spices/Condiments,low
F-2301-2015,Spices/Condiments,high
F-2301-2017,Prepared/Frozen,high
F-2302-2012,Spices/Condiments,high
F-2302-2014,Plant Protein,high
F-2302-2015,Nuts/Seeds,high
F-2302-2017,Prepared/Frozen,high
F-2303-2012,Spices/Condiments,low
F-2303-2014,Supplements,high
F-2303-2015,Spices/Condiments,high
F-2303-2017,Prepared/Frozen,high
F-2304-2012,Spices/Condiments,medium
F-2304-2014,Spices/Condiments,high
F-2304-2015,Nuts/Seeds,high
F-2304-2017,Prepared/Frozen,high
F-2305-2012,Spices/Condiments,medium
F-2305-2014,Produce,high
F-2305-2015,Nuts/Seeds,high
F-2305-2017,Prepared/Frozen,high
F-2306-2012,Spices/Condiments,low
F-2306-2014,Grains/Cereal,high
F-2306-2015,Nuts/Seeds,high
F-2306-2016,Produce,medium
F-2306-2017,Prepared/Frozen,high
F-2307-2012,Spices/Condiments,high
F-2307-2014,Seafood,medium
F-2307-2015,Nuts/Seeds,high
F-2307-2016,Bakery,high
F-2307-2017,Prepared/Frozen,medium
F-2308-2012,Spices/Condiments,medium
F-2308-2015,Spices/Condiments,high
F-2308-2016,Snacks/Candy,medium
F-2308-2017,Prepared/Frozen,medium
F-2309-2012,Supplements,low
F-2309-2015,Nuts/Seeds,high
F-2309-2016,Nuts/Seeds,high
F-2309-2017,Bakery,medium
F-2310-2012,Spices/Condiments,low
F-2310-2015,Bakery,high
F-2310-2016,Nuts/Seeds,high
F-2310-2017,Prepared/Frozen,high
F-2311-2012,Spices/Condiments,high
F-2311-2014,Dairy,high
F-2311-2015,Bakery,high
F-2311-2016,Nuts/Seeds,high
F-2311-2017,Prepared/Frozen,high
F-2312-2012,Spices/Condiments,low
F-2312-2014,Grains/Cereal,high
F-2312-2015,Bakery,high
F-2312-2016,Nuts/Seeds,high
F-2312-2017,Prepared/Frozen,high
F-2313-2012,Spices/Condiments,medium
F-2313-2014,Nuts/Seeds,high
F-2313-2015,Produce,high
F-2313-2016,Nuts/Seeds,high
F-2313-2017,Prepared/Frozen,high
F-2314-2012,Spices/Condiments,high
F-2314-2014,Bakery,medium
F-2314-2015,Nuts/Seeds,high
F-2314-2016,Snacks/Candy,medium
F-2314-2017,Prepared/Frozen,high
F-2315-2012,Spices/Condiments,low
F-2315-2014,Supplements,high
F-2315-2015,Spices/Condiments,high
F-2315-2016,Nuts/Seeds,low
F-2315-2017,Prepared/Frozen,medium
F-2316-2012,Spices/Condiments,high
F-2316-2014,Supplements,high
F-2316-2015,Spices/Condiments,medium
F-2316-2016,Nuts/Seeds,high
F-2316-2017,Prepared/Frozen,medium
F-2317-2012,Spices/Condiments,medium
F-2317-2014,Supplements,high
F-2317-2015,Bakery,high
F-2317-2016,Nuts/Seeds,medium
F-2317-2017,Prepared/Frozen,high
F-2318-2012,Spices/Condiments,high
F-2318-2014,Supplements,high
F-2318-2015,Nuts/Seeds,high
F-2318-2016,Nuts/Seeds,low
F-2318-2017,Prepared/Frozen,medium
F-2319-2012,Beverages,high
F-2319-2014,Beverages,high
F-2319-2015,Snacks/Candy,medium
F-2319-2016,Snacks/Candy,medium
F-2319-2017,Spices/Condiments,high
F-2320-2012,Beverages,high
F-2320-2014,Beverages,high
F-2320-2015,Spices/Condiments,high
F-2320-2016,Nuts/Seeds,low
F-2320-2017,Bakery,medium
F-2321-2012,Beverages,medium
F-2321-2014,Dairy,high
F-2321-2015,Spices/Condiments,high
F-2321-2016,Nuts/Seeds,high
F-2321-2017,Bakery,high
F-2322-2012,Spices/Condiments,medium
F-2322-2014,Dairy,high
F-2322-2015,Seafood,medium
F-2322-2016,Nuts/Seeds,low
F-2322-2017,Bakery,high
F-2323-2012,Spices/Condiments,medium
F-2323-2014,Dairy,high
F-2323-2015,Supplements,high
F-2323-2016,Bakery,high
F-2323-2017,Bakery,high
F-2324-2012,Spices/Condiments,medium
F-2324-2014,Dairy,high
F-2324-2015,Seafood,high
F-2324-2016,Dairy,medium
F-2324-2017,Uncategorized,low
F-2325-2012,Spices/Condiments,medium
F-2325-2014,Dairy,high
F-2325-2015,Seafood,high
F-2325-2016,Dairy,medium
F-2325-2017,Bakery,high
F-2326-2012,Spices/Condiments,high
F-2326-2014,Beverages,high
F-2326-2015,Seafood,high
F-2326-2016,Grains/Cereal,medium
F-2326-2017,Nuts/Seeds,high
F-2327-2012,Bakery,medium
F-2327-2014,Beverages,high
F-2327-2015,Seafood,high
F-2327-2016,Grains/Cereal,medium
F-2327-2017,Bakery,high
F-2328-2012,Bakery,medium
F-2328-2014,Beverages,high
F-2328-2015,Seafood,high
F-2328-2016,Grains/Cereal,medium
F-2328-2017,Bakery,high
F-2329-2012,Seafood,high
F-2329-2014,Snacks/Candy,low
F-2329-2015,Spices/Condiments,high
F-2329-2016,Grains/Cereal,medium
F-2329-2017,Seafood,high
F-2330-2012,Seafood,high
F-2330-2014,Snacks/Candy,low
F-2330-2015,Spices/Condiments,low
F-2330-2016,Nuts/Seeds,high
F-2330-2017,Seafood,high
F-2331-2012,Snacks/Candy,medium
F-2331-2014,Snacks/Candy,high
F-2331-2015,Spices/Condiments,high
F-2331-2016,Spices/Condiments,high
F-2331-2017,Grains/Cereal,medium
F-2332-2012,Spices/Condiments,medium
F-2332-2014,Spices/Condiments,high
F-2332-2015,Spices/Condiments,high
F-2332-2016,Supplements,high
F-2332-2017,Bakery,medium
F-2333-2012,Produce,high
F-2333-2014,Spices/Condiments,high
F-2333-2015,Spices/Condiments,low
F-2333-2016,Supplements,high
F-2333-2017,Grains/Cereal,medium
F-2334-2012,Produce,high
F-2334-2014,Spices/Condiments,high
F-2334-2015,Spices/Condiments,high
F-2334-2016,Supplements,medium
F-2334-2017,Bakery,high
F-2335-2012,Produce,high
F-2335-2014,Nuts/Seeds,low
F-2335-2015,Spices/Condiments,high
F-2335-2016,Supplements,high
F-2335-2017,Bakery,high
F-2336-2012,Produce,high
F-2336-2014,Nuts/Seeds,medium
F-2336-2015,Spices/Condiments,high
F-2336-2016,Supplements,high
F-2337-2012,Produce,medium
F-2337-2014,Beverages,medium
F-2337-2015,Spices/Condiments,high
F-2337-2016,Bakery,high
F-2337-2017,Prepared/Frozen,medium
F-2338-2012,Produce,medium
F-2338-2014,Beverages,medium
F-2338-2015,Spices/Condiments,high
F-2338-2016,Produce,high
F-2338-2017,Prepared/Frozen,high
F-2339-2012,Produce,high
F-2339-2014,Grains/Cereal,medium
F-2339-2015,Spices/Condiments,medium
F-2339-2016,Bakery,high
F-2339-2017,Grains/Cereal,high
F-2340-2012,Produce,high
F-2340-2014,Dairy,medium
F-2340-2015,Produce,medium
F-2340-2016,Bakery,high
F-2340-2017,Grains/Cereal,high
F-2341-2012,Produce,high
F-2341-2014,Dairy,medium
F-2341-2015,Produce,high
F-2341-2016,Bakery,high
F-2341-2017,Grains/Cereal,high
F-2342-2012,Produce,high
F-2342-2014,Dairy,medium
F-2342-2015,Produce,high
F-2342-2016,Spices/Condiments,high
F-2342-2017,Grains/Cereal,high
F-2343-2012,Produce,high
F-2343-2014,Spices/Condiments,high
F-2343-2015,Produce,medium
F-2343-2016,Snacks/Candy,medium
F-2343-2017,Grains/Cereal,high
F-2344-2012,Produce,high
F-2344-2014,Spices/Condiments,high
F-2344-2015,Produce,high
F-2344-2016,Produce,low
F-2344-2017,Grains/Cereal,high
F-2345-2012,Produce,high
F-2345-2014,Dairy,high
F-2345-2015,Nuts/Seeds,high
F-2345-2016,Snacks/Candy,medium
F-2345-2017,Grains/Cereal,high
F-2346-2012,Produce,high
F-2346-2014,Dairy,high
F-2346-2015,Beverages,high
F-2346-2016,Nuts/Seeds,medium
F-2346-2017,Grains/Cereal,high
F-2347-2012,Produce,high
F-2347-2014,Dairy,high
F-2347-2015,Snacks/Candy,high
F-2347-2016,Nuts/Seeds,medium
F-2347-2017,Grains/Cereal,medium
F-2348-2012,Bakery,high
F-2348-2014,Dairy,high
F-2348-2015,Beverages,high
F-2348-2016,Nuts/Seeds,high
F-2348-2017,Grains/Cereal,medium
F-2349-2012,Supplements,medium
F-2349-2014,Dairy,high
F-2349-2015,Beverages,high
F-2349-2016,Nuts/Seeds,high
F-2349-2017,Grains/Cereal,medium
F-2350-2012,Supplements,high
F-2350-2014,Food Additives/Ingredients,medium
F-2350-2015,Prepared/Frozen,medium
F-2350-2016,Nuts/Seeds,high
F-2350-2017,Grains/Cereal,medium
F-2351-2012,Supplements,medium
F-2351-2014,Food Additives/Ingredients,medium
F-2351-2015,Prepared/Frozen,high
F-2351-2016,Nuts/Seeds,high
F-2351-2017,Grains/Cereal,medium
F-2352-2012,Supplements,medium
F-2352-2014,Food Additives/Ingredients,medium
F-2352-2015,Prepared/Frozen,high
F-2352-2016,Nuts/Seeds,high
F-2352-2017,Grains/Cereal,medium
F-2353-2012,Dairy,high
F-2353-2014,Food Additives/Ingredients,medium
F-2353-2015,Prepared/Frozen,high
F-2353-2016,Nuts/Seeds,high
F-2353-2017,Grains/Cereal,high
F-2354-2012,Dairy,high
F-2354-2014,Food Additives/Ingredients,medium
F-2354-2015,Plant Protein,medium
F-2354-2016,Nuts/Seeds,high
F-2354-2017,Grains/Cereal,medium
F-2355-2012,Dairy,medium
F-2355-2014,Dairy,medium
F-2355-2015,Prepared/Frozen,high
F-2355-2016,Nuts/Seeds,high
F-2355-2017,Grains/Cereal,high
F-2356-2012,Food Additives/Ingredients,medium
F-2356-2014,Food Additives/Ingredients,medium
F-2356-2015,Prepared/Frozen,high
F-2356-2016,Nuts/Seeds,high
F-2356-2017,Produce,high
F-2357-2012,Produce,high
F-2357-2014,Food Additives/Ingredients,medium
F-2357-2015,Prepared/Frozen,high
F-2357-2016,Prepared/Frozen,medium
F-2357-2017,Produce,high
F-2358-2012,Produce,high
F-2358-2014,Food Additives/Ingredients,medium
F-2358-2015,Prepared/Frozen,medium
F-2358-2016,Prepared/Frozen,medium
F-2358-2017,Produce,high
F-2359-2012,Spices/Condiments,high
F-2359-2014,Food Additives/Ingredients,medium
F-2359-2015,Prepared/Frozen,medium
F-2359-2016,Prepared/Frozen,medium
F-2359-2017,Produce,high
F-2360-2012,Beverages,high
F-2360-2014,Dairy,medium
F-2360-2015,Prepared/Frozen,high
F-2360-2016,Prepared/Frozen,medium
F-2360-2017,Produce,high
F-2361-2012,Produce,high
F-2361-2014,Food Additives/Ingredients,medium
F-2361-2015,Prepared/Frozen,high
F-2361-2016,Prepared/Frozen,medium
F-2361-2017,Produce,high
F-2362-2012,Produce,high
F-2362-2014,Food Additives/Ingredients,medium
F-2362-2015,Prepared/Frozen,high
F-2362-2016,Prepared/Frozen,medium
F-2362-2017,Produce,high
F-2363-2012,Produce,high
F-2363-2014,Food Additives/Ingredients,medium
F-2363-2015,Prepared/Frozen,high
F-2363-2016,Prepared/Frozen,medium
F-2363-2017,Produce,high
F-2364-2012,Produce,high
F-2364-2014,Food Additives/Ingredients,low
F-2364-2015,Spices/Condiments,high
F-2364-2016,Prepared/Frozen,high
F-2364-2017,Produce,high
F-2365-2012,Produce,high
F-2365-2014,Dairy,medium
F-2365-2015,Plant Protein,medium
F-2365-2016,Prepared/Frozen,high
F-2365-2017,Produce,high
F-2366-2012,Produce,high
F-2366-2014,Food Additives/Ingredients,medium
F-2366-2015,Plant Protein,medium
F-2366-2016,Produce,high
F-2366-2017,Spices/Condiments,medium
F-2367-2012,Dairy,medium
F-2367-2014,Food Additives/Ingredients,medium
F-2367-2015,Spices/Condiments,medium
F-2367-2016,Produce,high
F-2367-2017,Nuts/Seeds,high
F-2368-2012,Supplements,medium
F-2368-2014,Food Additives/Ingredients,medium
F-2368-2015,Spices/Condiments,medium
F-2368-2016,Produce,high
F-2368-2017,Produce,high
F-2369-2012,Supplements,medium
F-2369-2014,Dairy,medium
F-2369-2015,Spices/Condiments,medium
F-2369-2016,Produce,high
F-2369-2017,Snacks/Candy,medium
F-2370-2012,Dairy,medium
F-2370-2014,Dairy,medium
F-2370-2015,Spices/Condiments,high
F-2370-2016,Produce,high
F-2370-2017,Spices/Condiments,medium
F-2371-2012,Supplements,low
F-2371-2014,Dairy,medium
F-2371-2015,Spices/Condiments,high
F-2371-2016,Produce,high
F-2371-2017,Produce,high
F-2372-2012,Nuts/Seeds,high
F-2372-2014,Dairy,medium
F-2372-2015,Spices/Condiments,high
F-2372-2016,Produce,high
F-2372-2017,Spices/Condiments,high
F-2373-2012,Grains/Cereal,high
F-2373-2014,Dairy,medium
F-2373-2015,Spices/Condiments,high
F-2373-2016,Prepared/Frozen,high
F-2373-2017,Spices/Condiments,high
F-2374-2012,Grains/Cereal,high
F-2374-2014,Dairy,medium
F-2374-2015,Spices/Condiments,medium
F-2374-2016,Prepared/Frozen,medium
F-2374-2017,Snacks/Candy,medium
F-2375-2012,Grains/Cereal,high
F-2375-2014,Spices/Condiments,low
F-2375-2015,Spices/Condiments,medium
F-2375-2016,Prepared/Frozen,medium
F-2375-2017,Nuts/Seeds,high
F-2376-2014,Spices/Condiments,medium
F-2376-2015,Spices/Condiments,medium
F-2376-2016,Prepared/Frozen,low
F-2376-2017,Nuts/Seeds,medium
F-2377-2014,Uncategorized,low
F-2377-2015,Spices/Condiments,high
F-2377-2016,Prepared/Frozen,high
F-2377-2017,Bakery,medium
F-2378-2012,Produce,high
F-2378-2014,Snacks/Candy,high
F-2378-2015,Spices/Condiments,high
F-2378-2016,Nuts/Seeds,medium
F-2379-2012,Produce,high
F-2379-2014,Snacks/Candy,high
F-2379-2015,Spices/Condiments,high
F-2379-2016,Supplements,low
F-2379-2017,Bakery,medium
F-2380-2012,Produce,high
F-2380-2014,Snacks/Candy,high
F-2380-2015,Spices/Condiments,high
F-2380-2016,Supplements,medium
F-2380-2017,Supplements,high
F-2381-2012,Produce,medium
F-2381-2014,Snacks/Candy,medium
F-2381-2015,Spices/Condiments,high
F-2381-2016,Supplements,high
F-2381-2017,Seafood,medium
F-2382-2012,Produce,high
F-2382-2014,Snacks/Candy,medium
F-2382-2015,Spices/Condiments,high
F-2382-2016,Grains/Cereal,high
F-2382-2017,Snacks/Candy,medium
F-2383-2012,Produce,medium
F-2383-2014,Snacks/Candy,medium
F-2383-2015,Spices/Condiments,high
F-2383-2016,Beverages,medium
F-2383-2017,Supplements,high
F-2384-2012,Produce,high
F-2384-2014,Snacks/Candy,medium
F-2384-2015,Spices/Condiments,high
F-2384-2016,Nuts/Seeds,high
F-2384-2017,Supplements,high
F-2385-2012,Produce,medium
F-2385-2014,Snacks/Candy,high
F-2385-2015,Spices/Condiments,medium
F-2385-2016,Plant Protein,high
F-2385-2017,Spices/Condiments,medium
F-2386-2012,Produce,low
F-2386-2014,Snacks/Candy,high
F-2386-2015,Spices/Condiments,medium
F-2386-2016,Beef/Pork/Poultry/Game Meats,low
F-2386-2017,Spices/Condiments,medium
F-2387-2012,Produce,high
F-2387-2014,Snacks/Candy,high
F-2387-2015,Spices/Condiments,high
F-2387-2016,Produce,high
F-2387-2017,Supplements,high
F-2388-2012,Produce,medium
F-2388-2014,Snacks/Candy,high
F-2388-2015,Spices/Condiments,high
F-2388-2016,Produce,high
F-2389-2012,Produce,medium
F-2389-2014,Snacks/Candy,high
F-2389-2015,Supplements,high
F-2389-2016,Produce,high
F-2389-2017,Nuts/Seeds,high
F-2390-2012,Nuts/Seeds,high
F-2390-2014,Baking Supplies,low
F-2390-2015,Supplements,medium
F-2390-2016,Grains/Cereal,medium
F-2390-2017,Nuts/Seeds,high
F-2391-2014,Snacks/Candy,medium
F-2391-2015,Supplements,medium
F-2391-2016,Spices/Condiments,low
F-2391-2017,Spices/Condiments,high
F-2392-2012,Produce,high
F-2392-2014,Nuts/Seeds,high
F-2392-2015,Supplements,high
F-2392-2016,Prepared/Frozen,low
F-2392-2017,Bakery,high
F-2393-2012,Spices/Condiments,medium
F-2393-2014,Nuts/Seeds,high
F-2393-2015,Supplements,medium
F-2393-2016,Produce,low
F-2393-2017,Nuts/Seeds,high
F-2394-2012,Baking Supplies,low
F-2394-2014,Nuts/Seeds,medium
F-2394-2015,Supplements,high
F-2394-2016,Beverages,high
F-2394-2017,Nuts/Seeds,high
F-2395-2012,Produce,high
F-2395-2014,Nuts/Seeds,high
F-2395-2015,Supplements,high
F-2395-2016,Beverages,high
F-2395-2017,Nuts/Seeds,high
F-2396-2012,Seafood,high
F-2396-2014,Nuts/Seeds,high
F-2396-2015,Supplements,medium
F-2396-2016,Beverages,high
F-2396-2017,Prepared/Frozen,medium
F-2397-2014,Spices/Condiments,high
F-2397-2015,Supplements,high
F-2397-2016,Beverages,high
F-2397-2017,Spices/Condiments,low
F-2398-2014,Supplements,high
F-2398-2015,Supplements,high
F-2398-2016,Snacks/Candy,medium
F-2398-2017,Seafood,high
F-2399-2014,Supplements,high
F-2399-2015,Supplements,high
F-2399-2016,Snacks/Candy,medium
F-2399-2017,Dairy,high
F-2400-2014,Supplements,high
F-2400-2015,Supplements,high
F-2400-2016,Snacks/Candy,medium
F-2400-2017,Dairy,high
F-2401-2014,Supplements,high
F-2401-2015,Supplements,medium
F-2401-2016,Produce,high
F-2401-2017,Supplements,medium
F-2402-2014,Spices/Condiments,high
F-2402-2015,Nuts/Seeds,high
F-2402-2016,Snacks/Candy,medium
F-2402-2017,Supplements,medium
F-2403-2014,Supplements,high
F-2403-2015,Nuts/Seeds,high
F-2403-2016,Snacks/Candy,low
F-2403-2017,Supplements,medium
F-2404-2014,Dairy,high
F-2404-2015,Bakery,high
F-2404-2016,Snacks/Candy,medium
F-2404-2017,Supplements,low
F-2405-2014,Snacks/Candy,high
F-2405-2015,Supplements,high
F-2405-2016,Nuts/Seeds,high
F-2405-2017,Supplements,low
F-2406-2014,Snacks/Candy,high
F-2406-2015,Supplements,high
F-2406-2016,Nuts/Seeds,high
F-2406-2017,Supplements,medium
F-2407-2014,Nuts/Seeds,medium
F-2407-2015,Dairy,medium
F-2407-2016,Nuts/Seeds,high
F-2407-2017,Supplements,medium
F-2408-2014,Produce,high
F-2408-2015,Supplements,high
F-2408-2016,Nuts/Seeds,high
F-2408-2017,Supplements,low
F-2409-2014,Spices/Condiments,high
F-2409-2015,Supplements,high
F-2409-2016,Nuts/Seeds,high
F-2409-2017,Dairy,high
F-2410-2014,Spices/Condiments,high
F-2410-2015,Supplements,high
F-2410-2016,Snacks/Candy,medium
F-2410-2017,Dairy,high
F-2411-2015,Supplements,high
F-2411-2016,Nuts/Seeds,high
F-2411-2017,Bakery,high
F-2412-2014,Baking Supplies,low
F-2412-2015,Supplements,high
F-2412-2016,Nuts/Seeds,medium
F-2412-2017,Bakery,high
F-2413-2014,Supplements,high
F-2413-2015,Supplements,high
F-2413-2016,Nuts/Seeds,high
F-2413-2017,Snacks/Candy,high
F-2414-2014,Supplements,high
F-2414-2015,Supplements,high
F-2414-2016,Nuts/Seeds,high
F-2414-2017,Snacks/Candy,medium
F-2415-2014,Spices/Condiments,high
F-2415-2015,Supplements,medium
F-2415-2016,Snacks/Candy,medium
F-2415-2017,Snacks/Candy,high
F-2416-2014,Dairy,medium
F-2416-2015,Supplements,low
F-2416-2016,Snacks/Candy,high
F-2416-2017,Prepared/Frozen,medium
F-2417-2014,Dairy,high
F-2417-2015,Supplements,high
F-2417-2016,Snacks/Candy,high
F-2417-2017,Spices/Condiments,high
F-2418-2014,Bakery,high
F-2418-2015,Supplements,high
F-2418-2016,Snacks/Candy,high
F-2418-2017,Bakery,high
F-2419-2014,Seafood,high
F-2419-2015,Baby/Toddler Food,high
F-2419-2016,Snacks/Candy,medium
F-2419-2017,Bakery,high
F-2420-2014,Seafood,high
F-2420-2015,Seafood,medium
F-2420-2016,Nuts/Seeds,high
F-2420-2017,Seafood,high
F-2421-2014,Plant Protein,low
F-2421-2015,Snacks/Candy,medium
F-2421-2016,Snacks/Candy,high
F-2421-2017,Seafood,high
F-2422-2014,Snacks/Candy,high
F-2422-2015,Snacks/Candy,medium
F-2422-2016,Snacks/Candy,medium
F-2422-2017,Seafood,high
F-2423-2014,Snacks/Candy,high
F-2423-2015,Snacks/Candy,medium
F-2423-2016,Snacks/Candy,low
F-2423-2017,Supplements,high
F-2424-2014,Snacks/Candy,high
F-2424-2015,Nuts/Seeds,high
F-2424-2016,Snacks/Candy,high
F-2424-2017,Grains/Cereal,high
F-2425-2014,Produce,high
F-2425-2015,Snacks/Candy,medium
F-2425-2016,Nuts/Seeds,high
F-2425-2017,Grains/Cereal,high
F-2426-2014,Produce,high
F-2426-2015,Snacks/Candy,medium
F-2426-2016,Nuts/Seeds,high
F-2426-2017,Grains/Cereal,high
F-2427-2014,Produce,high
F-2427-2015,Dairy,low
F-2427-2016,Nuts/Seeds,high
F-2427-2017,Dairy,high
F-2428-2014,Produce,high
F-2428-2015,Prepared/Frozen,medium
F-2428-2016,Nuts/Seeds,high
F-2428-2017,Seafood,high
F-2429-2014,Dairy,medium
F-2429-2015,Prepared/Frozen,medium
F-2429-2016,Nuts/Seeds,high
F-2429-2017,Seafood,high
F-2430-2012,Prepared/Frozen,medium
F-2430-2014,Dairy,low
F-2430-2015,Produce,medium
F-2430-2016,Nuts/Seeds,high
F-2430-2017,Seafood,high
F-2431-2012,Prepared/Frozen,medium
F-2431-2014,Dairy,medium
F-2431-2015,Produce,medium
F-2431-2016,Nuts/Seeds,high
F-2431-2017,Seafood,high
F-2432-2012,Prepared/Frozen,high
F-2432-2014,Spices/Condiments,high
F-2432-2015,Bakery,medium
F-2432-2016,Nuts/Seeds,high
F-2432-2017,Spices/Condiments,medium
F-2433-2012,Spices/Condiments,high
F-2433-2014,Spices/Condiments,high
F-2433-2015,Bakery,high
F-2433-2016,Nuts/Seeds,high
F-2433-2017,Eggs,high
F-2434-2012,Spices/Condiments,high
F-2434-2014,Supplements,high
F-2434-2015,Bakery,high
F-2434-2016,Nuts/Seeds,high
F-2434-2017,Seafood,medium
F-2435-2012,Spices/Condiments,high
F-2435-2014,Supplements,medium
F-2435-2015,Bakery,medium
F-2435-2016,Nuts/Seeds,high
F-2435-2017,Seafood,medium
F-2436-2012,Spices/Condiments,high
F-2436-2014,Supplements,high
F-2436-2015,Bakery,low
F-2436-2016,Nuts/Seeds,high
F-2436-2017,Snacks/Candy,medium
F-2437-2012,Spices/Condiments,medium
F-2437-2014,Supplements,medium
F-2437-2015,Bakery,high
F-2437-2016,Snacks/Candy,medium
F-2437-2017,Snacks/Candy,medium
F-2438-2012,Spices/Condiments,high
F-2438-2014,Spices/Condiments,medium
F-2438-2015,Bakery,medium
F-2438-2016,Nuts/Seeds,high
F-2438-2017,Snacks/Candy,medium
F-2439-2012,Spices/Condiments,high
F-2439-2014,Produce,high
F-2439-2015,Snacks/Candy,medium
F-2439-2016,Nuts/Seeds,medium
F-2439-2017,Snacks/Candy,medium
F-2440-2012,Prepared/Frozen,high
F-2440-2014,Produce,high
F-2440-2015,Dairy,high
F-2440-2016,Nuts/Seeds,medium
F-2440-2017,Snacks/Candy,medium
F-2441-2012,Produce,high
F-2441-2014,Produce,high
F-2441-2015,Bakery,high
F-2441-2016,Produce,medium
F-2441-2017,Prepared/Frozen,medium
F-2442-2012,Produce,high
F-2442-2014,Produce,high
F-2442-2015,Spices/Condiments,high
F-2442-2016,Nuts/Seeds,high
F-2442-2017,Prepared/Frozen,medium
F-2443-2012,Produce,high
F-2443-2014,Seafood,high
F-2443-2015,Snacks/Candy,high
F-2443-2016,Nuts/Seeds,high
F-2443-2017,Prepared/Frozen,medium
F-2444-2012,Produce,high
F-2444-2014,Nuts/Seeds,high
F-2444-2015,Seafood,high
F-2444-2016,Nuts/Seeds,high
F-2444-2017,Prepared/Frozen,medium
F-2445-2012,Prepared/Frozen,high
F-2445-2014,Beverages,high
F-2445-2015,Dairy,high
F-2445-2016,Nuts/Seeds,medium
F-2445-2017,Prepared/Frozen,medium
F-2446-2012,Prepared/Frozen,high
F-2446-2014,Beverages,high
F-2446-2015,Dairy,medium
F-2446-2016,Nuts/Seeds,high
F-2446-2017,Prepared/Frozen,medium
F-2447-2012,Prepared/Frozen,medium
F-2447-2014,Beverages,high
F-2447-2015,Prepared/Frozen,medium
F-2447-2016,Nuts/Seeds,high
F-2447-2017,Seafood,high
F-2448-2012,Prepared/Frozen,medium
F-2448-2014,Beverages,high
F-2448-2015,Dairy,high
F-2448-2016,Nuts/Seeds,high
F-2448-2017,Snacks/Candy,high
F-2449-2012,Produce,high
F-2449-2014,Dairy,high
F-2449-2015,Dairy,high
F-2449-2016,Nuts/Seeds,high
F-2449-2017,Grains/Cereal,medium
F-2450-2014,Prepared/Frozen,high
F-2450-2015,Dairy,high
F-2450-2016,Nuts/Seeds,high
F-2450-2017,Seafood,high
F-2451-2015,Dairy,high
F-2451-2016,Nuts/Seeds,high
F-2451-2017,Seafood,high
F-2452-2015,Dairy,high
F-2452-2016,Nuts/Seeds,high
F-2452-2017,Seafood,high
F-2453-2015,Prepared/Frozen,medium
F-2453-2016,Nuts/Seeds,high
F-2453-2017,Grains/Cereal,high
F-2454-2015,Dairy,high
F-2454-2016,Nuts/Seeds,high
F-2454-2017,Nuts/Seeds,high
F-2455-2015,Dairy,high
F-2455-2016,Nuts/Seeds,high
F-2455-2017,Nuts/Seeds,high
F-2456-2015,Dairy,high
F-2456-2016,Snacks/Candy,medium
F-2456-2017,Produce,high
F-2457-2015,Dairy,high
F-2457-2016,Nuts/Seeds,high
F-2457-2017,Snacks/Candy,medium
F-2458-2015,Dairy,high
F-2458-2016,Nuts/Seeds,high
F-2458-2017,Nuts/Seeds,high
F-2459-2015,Dairy,high
F-2459-2016,Nuts/Seeds,high
F-2459-2017,Snacks/Candy,high
F-2460-2015,Dairy,high
F-2460-2017,Nuts/Seeds,high
F-2461-2015,Dairy,high
F-2461-2016,Dairy,high
F-2461-2017,Baby/Toddler Food,high
F-2462-2015,Dairy,high
F-2462-2016,Dairy,high
F-2462-2017,Baby/Toddler Food,medium
F-2463-2015,Dairy,high
F-2463-2016,Dairy,high
F-2463-2017,Baby/Toddler Food,medium
F-2464-2015,Dairy,high
F-2464-2016,Dairy,high
F-2464-2017,Baby/Toddler Food,low
F-2465-2015,Dairy,high
F-2465-2016,Dairy,high
F-2465-2017,Baby/Toddler Food,low
F-2466-2015,Dairy,high
F-2466-2016,Dairy,high
F-2466-2017,Baby/Toddler Food,medium
F-2467-2015,Dairy,high
F-2467-2016,Dairy,high
F-2467-2017,Baby/Toddler Food,medium
F-2468-2015,Dairy,high
F-2468-2016,Dairy,high
F-2468-2017,Baby/Toddler Food,high
F-2469-2015,Dairy,high
F-2469-2016,Dairy,high
F-2469-2017,Baby/Toddler Food,medium
F-2470-2015,Dairy,high
F-2470-2016,Dairy,high
F-2470-2017,Prepared/Frozen,medium
F-2471-2015,Dairy,high
F-2471-2016,Snacks/Candy,medium
F-2471-2017,Prepared/Frozen,medium
F-2472-2015,Dairy,high
F-2472-2016,Bakery,high
F-2472-2017,Prepared/Frozen,medium
F-2473-2015,Dairy,high
F-2473-2016,Bakery,medium
F-2473-2017,Produce,high
F-2474-2015,Dairy,high
F-2474-2017,Prepared/Frozen,low
F-2475-2015,Dairy,high
F-2475-2017,Bakery,high
F-2476-2015,Dairy,high
F-2476-2017,Bakery,high
F-2477-2015,Dairy,high
F-2477-2017,Bakery,high
F-2478-2015,Dairy,high
F-2478-2017,Bakery,high
F-2479-2015,Dairy,high
F-2479-2017,Bakery,medium
F-2480-2015,Dairy,high
F-2480-2017,Bakery,high
F-2481-2015,Dairy,high
F-2481-2017,Uncategorized,low
F-2482-2015,Dairy,high
F-2482-2017,Bakery,high
F-2483-2014,Nuts/Seeds,medium
F-2483-2015,Dairy,high
F-2483-2017,Bakery,high
F-2484-2014,Dairy,high
F-2484-2015,Dairy,high
F-2484-2017,Bakery,high
F-2485-2014,Dairy,high
F-2485-2015,Dairy,high
F-2485-2017,Bakery,high
F-2486-2014,Dairy,high
F-2486-2015,Dairy,high
F-2486-2016,Bakery,medium
F-2486-2017,Bakery,high
F-2487-2014,Dairy,high
F-2487-2015,Dairy,high
F-2487-2016,Bakery,medium
F-2487-2017,Bakery,high
F-2488-2014,Beverages,high
F-2488-2015,Dairy,high
F-2488-2016,Bakery,medium
F-2488-2017,Bakery,medium
F-2489-2014,Snacks/Candy,high
F-2489-2015,Dairy,high
F-2489-2016,Bakery,high
F-2489-2017,Bakery,high
F-2490-2014,Plant Protein,medium
F-2490-2015,Dairy,high
F-2490-2016,Bakery,high
F-2490-2017,Bakery,high
F-2491-2014,Dairy,high
F-2491-2015,Dairy,high
F-2491-2016,Bakery,high
F-2491-2017,Bakery,high
F-2492-2014,Plant Protein,high
F-2492-2015,Dairy,high
F-2492-2016,Bakery,high
F-2492-2017,Bakery,high
F-2493-2014,Plant Protein,high
F-2493-2015,Dairy,high
F-2493-2016,Bakery,high
F-2493-2017,Bakery,high
F-2494-2014,Plant Protein,low
F-2494-2015,Dairy,high
F-2494-2016,Bakery,high
F-2494-2017,Snacks/Candy,medium
F-2495-2014,Plant Protein,high
F-2495-2015,Dairy,high
F-2495-2016,Bakery,high
F-2495-2017,Bakery,medium
F-2496-2014,Plant Protein,high
F-2496-2015,Dairy,high
F-2496-2016,Bakery,high
F-2496-2017,Snacks/Candy,medium
F-2497-2014,Plant Protein,high
F-2497-2015,Dairy,high
F-2497-2016,Bakery,high
F-2497-2017,Bakery,high
F-2498-2014,Plant Protein,high
F-2498-2015,Dairy,high
F-2498-2016,Bakery,high
F-2498-2017,Prepared/Frozen,medium
F-2499-2014,Plant Protein,high
F-2499-2015,Dairy,high
F-2499-2016,Bakery,medium
F-2499-2017,Bakery,medium
F-2500-2014,Plant Protein,high
F-2500-2015,Dairy,high
F-2500-2016,Bakery,high
F-2500-2017,Prepared/Frozen,low
F-2501-2014,Snacks/Candy,high
F-2501-2015,Dairy,high
F-2501-2016,Bakery,medium
F-2501-2017,Beef/Pork/Poultry/Game Meats,high
F-2502-2014,Grains/Cereal,high
F-2502-2015,Dairy,high
F-2502-2016,Bakery,medium
F-2502-2017,Prepared/Frozen,medium
F-2503-2014,Seafood,high
F-2503-2015,Dairy,high
F-2503-2016,Bakery,high
F-2503-2017,Prepared/Frozen,medium
F-2504-2014,Seafood,high
F-2504-2015,Dairy,high
F-2504-2016,Bakery,high
F-2504-2017,Prepared/Frozen,high
F-2505-2014,Seafood,high
F-2505-2015,Dairy,high
F-2505-2016,Bakery,high
F-2505-2017,Prepared/Frozen,high
F-2506-2014,Seafood,high
F-2506-2015,Dairy,high
F-2506-2016,Bakery,high
F-2506-2017,Prepared/Frozen,medium
F-2507-2014,Seafood,high
F-2507-2015,Dairy,high
F-2507-2016,Bakery,high
F-2507-2017,Prepared/Frozen,medium
F-2508-2014,Seafood,high
F-2508-2015,Dairy,high
F-2508-2016,Bakery,medium
F-2508-2017,Prepared/Frozen,medium
F-2509-2014,Seafood,high
F-2509-2015,Dairy,high
F-2509-2016,Bakery,medium
F-2509-2017,Prepared/Frozen,medium
F-2510-2014,Seafood,high
F-2510-2015,Dairy,high
F-2510-2016,Bakery,high
F-2510-2017,Prepared/Frozen,medium
F-2511-2014,Seafood,high
F-2511-2015,Dairy,high
F-2511-2016,Bakery,high
F-2511-2017,Beef/Pork/Poultry/Game Meats,high
F-2512-2014,Seafood,high
F-2512-2015,Dairy,high
F-2512-2016,Bakery,medium
F-2512-2017,Prepared/Frozen,high
F-2513-2014,Snacks/Candy,high
F-2513-2015,Dairy,high
F-2513-2016,Bakery,medium
F-2513-2017,Prepared/Frozen,medium
F-2514-2014,Supplements,high
F-2514-2015,Dairy,high
F-2514-2016,Bakery,high
F-2514-2017,Prepared/Frozen,medium
F-2515-2014,Plant Protein,low
F-2515-2015,Dairy,high
F-2515-2016,Bakery,high
F-2515-2017,Prepared/Frozen,medium
F-2516-2014,Supplements,medium
F-2516-2015,Dairy,high
F-2516-2016,Bakery,medium
F-2516-2017,Prepared/Frozen,medium
F-2517-2014,Supplements,medium
F-2517-2015,Dairy,high
F-2517-2016,Bakery,medium
F-2517-2017,Prepared/Frozen,high
F-2518-2014,Eggs,high
F-2518-2015,Dairy,high
F-2518-2016,Bakery,high
F-2518-2017,Prepared/Frozen,high
F-2519-2014,Bakery,medium
F-2519-2015,Dairy,high
F-2519-2016,Bakery,high
F-2519-2017,Prepared/Frozen,medium
F-2520-2014,Spices/Condiments,low
F-2520-2015,Dairy,high
F-2520-2016,Bakery,high
F-2520-2017,Prepared/Frozen,high
F-2521-2014,Beverages,high
F-2521-2015,Dairy,high
F-2521-2016,Bakery,high
F-2521-2017,Prepared/Frozen,medium
F-2522-2014,Prepared/Frozen,high
F-2522-2015,Dairy,high
F-2522-2016,Bakery,high
F-2522-2017,Plant Protein,medium
F-2523-2014,Plant Protein,high
F-2523-2015,Dairy,high
F-2523-2016,Bakery,medium
F-2523-2017,Prepared/Frozen,medium
F-2524-2014,Plant Protein,medium
F-2524-2015,Dairy,high
F-2524-2016,Bakery,high
F-2524-2017,Prepared/Frozen,medium
F-2525-2014,Plant Protein,high
F-2525-2015,Dairy,high
F-2525-2016,Bakery,high
F-2525-2017,Plant Protein,medium
F-2526-2014,Plant Protein,high
F-2526-2015,Dairy,high
F-2526-2016,Bakery,medium
F-2526-2017,Prepared/Frozen,medium
F-2527-2014,Plant Protein,high
F-2527-2015,Dairy,high
F-2527-2016,Bakery,medium
F-2527-2017,Plant Protein,low
F-2528-2014,Plant Protein,high
F-2528-2015,Dairy,high
F-2528-2016,Bakery,high
F-2528-2017,Plant Protein,medium
F-2529-2014,Plant Protein,high
F-2529-2015,Dairy,high
F-2529-2016,Bakery,high
F-2529-2017,Plant Protein,medium
F-2530-2014,Plant Protein,medium
F-2530-2015,Dairy,high
F-2530-2016,Bakery,high
F-2530-2017,Plant Protein,low
F-2531-2014,Plant Protein,high
F-2531-2015,Dairy,high
F-2531-2016,Bakery,high
F-2531-2017,Prepared/Frozen,medium
F-2532-2014,Plant Protein,high
F-2532-2015,Dairy,high
F-2532-2016,Bakery,high
F-2532-2017,Prepared/Frozen,medium
F-2533-2015,Dairy,high
F-2533-2016,Bakery,high
F-2533-2017,Grains/Cereal,low
F-2534-2014,Prepared/Frozen,medium
F-2534-2015,Dairy,high
F-2534-2016,Bakery,medium
F-2534-2017,Seafood,high
F-2535-2014,Produce,high
F-2535-2015,Dairy,high
F-2535-2016,Bakery,medium
F-2535-2017,Produce,low
F-2536-2014,Bakery,medium
F-2536-2015,Dairy,high
F-2536-2016,Bakery,high
F-2536-2017,Spices/Condiments,medium
F-2537-2014,Bakery,high
F-2537-2015,Dairy,high
F-2537-2016,Bakery,high
F-2537-2017,Spices/Condiments,medium
F-2538-2014,Bakery,medium
F-2538-2015,Dairy,high
F-2538-2016,Bakery,high
F-2538-2017,Spices/Condiments,high
F-2539-2014,Prepared/Frozen,medium
F-2539-2015,Dairy,high
F-2539-2016,Bakery,medium
F-2539-2017,Grains/Cereal,medium
F-2540-2015,Dairy,high
F-2540-2016,Bakery,high
F-2540-2017,Grains/Cereal,medium
F-2541-2015,Dairy,high
F-2541-2016,Bakery,high
F-2541-2017,Grains/Cereal,medium
F-2542-2015,Dairy,high
F-2542-2016,Bakery,high
F-2542-2017,Grains/Cereal,medium
F-2543-2015,Dairy,high
F-2543-2016,Bakery,high
F-2543-2017,Seafood,high
F-2544-2015,Dairy,high
F-2544-2016,Bakery,high
F-2544-2017,Seafood,high
F-2545-2015,Dairy,high
F-2545-2016,Bakery,high
F-2545-2017,Seafood,high
F-2546-2015,Dairy,high
F-2546-2016,Bakery,high
F-2546-2017,Seafood,high
F-2547-2015,Dairy,high
F-2547-2016,Bakery,high
F-2547-2017,Seafood,high
F-2548-2015,Dairy,high
F-2548-2016,Bakery,high
F-2548-2017,Seafood,high
F-2549-2015,Dairy,high
F-2549-2016,Bakery,high
F-2549-2017,Seafood,high
F-2550-2015,Dairy,high
F-2550-2016,Bakery,high
F-2550-2017,Seafood,high
F-2551-2015,Dairy,high
F-2551-2016,Bakery,high
F-2551-2017,Seafood,high
F-2552-2015,Dairy,high
F-2552-2016,Bakery,high
F-2552-2017,Seafood,high
F-2553-2015,Dairy,high
F-2553-2016,Bakery,high
F-2553-2017,Seafood,high
F-2554-2015,Dairy,high
F-2554-2016,Bakery,high
F-2554-2017,Seafood,high
F-2555-2015,Dairy,high
F-2555-2016,Bakery,high
F-2555-2017,Seafood,high
F-2556-2015,Dairy,high
F-2556-2016,Bakery,high
F-2556-2017,Beef/Pork/Poultry/Game Meats,high
F-2557-2015,Dairy,high
F-2557-2016,Bakery,high
F-2557-2017,Seafood,low
F-2558-2015,Dairy,high
F-2558-2016,Bakery,high
F-2558-2017,Seafood,high
F-2559-2015,Dairy,high
F-2559-2016,Bakery,high
F-2559-2017,Seafood,high
F-2560-2015,Dairy,high
F-2560-2016,Bakery,high
F-2560-2017,Seafood,high
F-2561-2015,Dairy,high
F-2561-2016,Bakery,high
F-2561-2017,Seafood,medium
F-2562-2015,Dairy,high
F-2562-2016,Bakery,high
F-2562-2017,Seafood,high
F-2563-2015,Dairy,high
F-2563-2016,Bakery,high
F-2563-2017,Seafood,high
F-2564-2015,Dairy,high
F-2564-2016,Bakery,high
F-2564-2017,Seafood,high
F-2565-2015,Dairy,high
F-2565-2016,Bakery,high
F-2565-2017,Seafood,high
F-2566-2015,Dairy,high
F-2566-2016,Bakery,high
F-2566-2017,Seafood,high
F-2567-2015,Dairy,high
F-2567-2016,Bakery,high
F-2567-2017,Seafood,high
F-2568-2015,Dairy,high
F-2568-2016,Bakery,high
F-2568-2017,Seafood,high
F-2569-2015,Dairy,high
F-2569-2016,Bakery,high
F-2569-2017,Seafood,high
F-2570-2015,Dairy,high
F-2570-2016,Bakery,high
F-2570-2017,Seafood,high
F-2571-2015,Dairy,high
F-2571-2016,Bakery,high
F-2571-2017,Seafood,high
F-2572-2015,Dairy,high
F-2572-2016,Bakery,high
F-2572-2017,Seafood,high
F-2573-2015,Dairy,high
F-2573-2016,Bakery,high
F-2573-2017,Seafood,high
F-2574-2015,Dairy,high
F-2574-2016,Bakery,high
F-2574-2017,Seafood,high
F-2575-2015,Dairy,high
F-2575-2016,Bakery,high
F-2575-2017,Seafood,high
F-2576-2015,Dairy,high
F-2576-2016,Bakery,high
F-2576-2017,Nuts/Seeds,medium
F-2577-2015,Dairy,high
F-2577-2016,Bakery,medium
F-2577-2017,Nuts/Seeds,high
F-2578-2015,Dairy,high
F-2578-2016,Bakery,high
F-2578-2017,Supplements,high
F-2579-2015,Dairy,high
F-2579-2016,Bakery,high
F-2579-2017,Seafood,high
F-2580-2015,Dairy,high
F-2580-2016,Bakery,high
F-2580-2017,Bakery,high
F-2581-2015,Dairy,high
F-2581-2016,Bakery,medium
F-2581-2017,Plant Protein,medium
F-2582-2015,Dairy,high
F-2582-2016,Bakery,high
F-2582-2017,Plant Protein,medium
F-2583-2015,Dairy,high
F-2583-2016,Bakery,high
F-2583-2017,Plant Protein,medium
F-2584-2015,Dairy,high
F-2584-2016,Bakery,high
F-2584-2017,Plant Protein,medium
F-2585-2015,Dairy,high
F-2585-2016,Bakery,medium
F-2585-2017,Spices/Condiments,high
F-2586-2015,Dairy,high
F-2586-2016,Bakery,high
F-2586-2017,Spices/Condiments,high
F-2587-2015,Dairy,high
F-2587-2016,Bakery,high
F-2587-2017,Spices/Condiments,medium
F-2588-2015,Dairy,high
F-2588-2016,Bakery,high
F-2588-2017,Snacks/Candy,medium
F-2589-2015,Dairy,high
F-2589-2016,Bakery,high
F-2589-2017,Snacks/Candy,high
F-2590-2015,Dairy,high
F-2590-2016,Bakery,high
F-2590-2017,Snacks/Candy,medium
F-2591-2015,Dairy,high
F-2591-2016,Bakery,high
F-2591-2017,Bakery,medium
F-2592-2015,Dairy,high
F-2592-2016,Bakery,high
F-2592-2017,Snacks/Candy,high
F-2593-2015,Dairy,high
F-2593-2016,Bakery,medium
F-2593-2017,Snacks/Candy,medium
F-2594-2015,Dairy,high
F-2594-2016,Bakery,medium
F-2594-2017,Snacks/Candy,medium
F-2595-2015,Dairy,high
F-2595-2016,Bakery,medium
F-2595-2017,Spices/Condiments,high
F-2596-2015,Dairy,high
F-2596-2016,Bakery,medium
F-2596-2017,Snacks/Candy,high
F-2597-2015,Dairy,high
F-2597-2016,Bakery,high
F-2597-2017,Snacks/Candy,medium
F-2598-2015,Dairy,high
F-2598-2016,Bakery,medium
F-2598-2017,Snacks/Candy,medium
F-2599-2015,Dairy,high
F-2599-2016,Bakery,high
F-2599-2017,Snacks/Candy,medium
F-2600-2015,Dairy,high
F-2600-2016,Beverages,high
F-2600-2017,Snacks/Candy,high
F-2601-2015,Dairy,high
F-2601-2016,Bakery,high
F-2601-2017,Snacks/Candy,high
F-2602-2015,Dairy,high
F-2602-2016,Spices/Condiments,high
F-2602-2017,Snacks/Candy,medium
F-2603-2015,Dairy,high
F-2603-2016,Dairy,high
F-2603-2017,Snacks/Candy,medium
F-2604-2015,Dairy,high
F-2604-2016,Dairy,high
F-2604-2017,Snacks/Candy,medium
F-2605-2015,Dairy,high
F-2605-2016,Dairy,high
F-2605-2017,Snacks/Candy,medium
F-2606-2015,Dairy,high
F-2606-2016,Bakery,high
F-2606-2017,Snacks/Candy,medium
F-2607-2015,Dairy,high
F-2607-2016,Produce,high
F-2607-2017,Snacks/Candy,high
F-2608-2015,Dairy,high
F-2608-2016,Produce,high
F-2608-2017,Snacks/Candy,high
F-2609-2015,Dairy,high
F-2609-2016,Produce,high
F-2609-2017,Snacks/Candy,high
F-2610-2015,Dairy,high
F-2610-2016,Produce,high
F-2610-2017,Snacks/Candy,high
F-2611-2015,Dairy,high
F-2611-2016,Produce,high
F-2611-2017,Snacks/Candy,high
F-2612-2015,Dairy,high
F-2612-2016,Produce,medium
F-2612-2017,Snacks/Candy,medium
F-2613-2015,Dairy,high
F-2613-2016,Produce,high
F-2613-2017,Snacks/Candy,high
F-2614-2015,Dairy,high
F-2614-2016,Produce,high
F-2614-2017,Snacks/Candy,high
F-2615-2015,Dairy,high
F-2615-2016,Produce,high
F-2615-2017,Snacks/Candy,high
F-2616-2015,Dairy,high
F-2616-2016,Produce,medium
F-2616-2017,Snacks/Candy,high
F-2617-2015,Dairy,high
F-2617-2016,Bakery,medium
F-2617-2017,Snacks/Candy,medium
F-2618-2015,Dairy,high
F-2618-2017,Snacks/Candy,medium
F-2619-2015,Dairy,high
F-2619-2017,Snacks/Candy,medium
F-2620-2015,Dairy,high
F-2620-2016,Bakery,high
F-2620-2017,Snacks/Candy,medium
F-2621-2015,Dairy,high
F-2621-2016,Snacks/Candy,high
F-2621-2017,Snacks/Candy,medium
F-2622-2015,Dairy,high
F-2622-2016,Snacks/Candy,high
F-2622-2017,Snacks/Candy,high
F-2623-2015,Dairy,high
F-2623-2016,Snacks/Candy,high
F-2623-2017,Snacks/Candy,high
F-2624-2015,Dairy,high
F-2624-2016,Dairy,high
F-2624-2017,Seafood,high
F-2625-2015,Dairy,high
F-2625-2017,Seafood,high
F-2626-2015,Dairy,high
F-2626-2017,Seafood,high
F-2627-2015,Dairy,high
F-2627-2017,Seafood,high
F-2628-2015,Dairy,high
F-2628-2017,Seafood,high
F-2629-2015,Dairy,high
F-2629-2016,Plant Protein,medium
F-2629-2017,Seafood,high
F-2630-2015,Dairy,high
F-2630-2016,Plant Protein,medium
F-2630-2017,Seafood,high
F-2631-2015,Dairy,high
F-2631-2016,Plant Protein,medium
F-2631-2017,Seafood,high
F-2632-2015,Dairy,high
F-2632-2016,Spices/Condiments,medium
F-2632-2017,Seafood,high
F-2633-2015,Dairy,high
F-2633-2016,Plant Protein,high
F-2633-2017,Seafood,high
F-2634-2015,Dairy,high
F-2634-2016,Plant Protein,high
F-2634-2017,Seafood,high
F-2635-2015,Dairy,high
F-2635-2016,Plant Protein,high
F-2635-2017,Seafood,high
F-2636-2015,Dairy,high
F-2636-2016,Plant Protein,high
F-2636-2017,Seafood,high
F-2637-2015,Dairy,high
F-2637-2016,Plant Protein,high
F-2637-2017,Seafood,high
F-2638-2015,Dairy,high
F-2638-2016,Plant Protein,medium
F-2638-2017,Seafood,high
F-2639-2015,Dairy,high
F-2639-2016,Beverages,medium
F-2639-2017,Seafood,high
F-2640-2015,Dairy,high
F-2640-2016,Nuts/Seeds,high
F-2640-2017,Seafood,high
F-2641-2015,Dairy,high
F-2641-2016,Beverages,high
F-2641-2017,Seafood,high
F-2642-2015,Dairy,high
F-2642-2016,Beverages,high
F-2642-2017,Seafood,high
F-2643-2015,Dairy,high
F-2643-2016,Beverages,high
F-2643-2017,Seafood,high
F-2644-2015,Dairy,high
F-2644-2016,Nuts/Seeds,high
F-2644-2017,Seafood,high
F-2645-2015,Dairy,high
F-2645-2017,Seafood,high
F-2646-2015,Dairy,high
F-2646-2017,Seafood,high
F-2647-2015,Dairy,high
F-2647-2017,Seafood,high
F-2648-2015,Dairy,high
F-2648-2017,Seafood,high
F-2649-2015,Dairy,high
F-2649-2017,Seafood,high
F-2650-2015,Dairy,high
F-2650-2017,Seafood,high
F-2651-2015,Dairy,high
F-2651-2017,Seafood,high
F-2652-2015,Dairy,high
F-2652-2017,Seafood,high
F-2653-2015,Dairy,high
F-2653-2017,Seafood,high
F-2654-2015,Dairy,high
F-2654-2017,Seafood,high
F-2655-2015,Dairy,high
F-2655-2017,Seafood,high
F-2656-2015,Dairy,high
F-2656-2017,Seafood,high
F-2657-2015,Dairy,high
F-2657-2017,Seafood,high
F-2658-2015,Dairy,high
F-2658-2017,Seafood,high
F-2659-2015,Dairy,high
F-2659-2017,Seafood,high
F-2660-2015,Dairy,high
F-2660-2017,Seafood,high
F-2661-2015,Dairy,high
F-2661-2017,Seafood,high
F-2662-2015,Dairy,high
F-2662-2017,Seafood,high
F-2663-2015,Dairy,high
F-2663-2017,Seafood,high
F-2664-2015,Dairy,high
F-2664-2017,Seafood,high
F-2665-2015,Dairy,high
F-2665-2017,Seafood,high
F-2666-2015,Dairy,high
F-2666-2017,Seafood,high
F-2667-2015,Dairy,high
F-2667-2017,Seafood,high
F-2668-2015,Dairy,high
F-2668-2017,Seafood,high
F-2669-2015,Dairy,high
F-2669-2017,Seafood,high
F-2670-2015,Dairy,high
F-2670-2017,Seafood,high
F-2671-2015,Dairy,high
F-2671-2017,Seafood,high
F-2672-2015,Dairy,high
F-2672-2017,Seafood,high
F-2673-2015,Dairy,high
F-2673-2017,Seafood,high
F-2674-2015,Dairy,high
F-2674-2017,Seafood,high
F-2675-2015,Dairy,high
F-2675-2017,Seafood,high
F-2676-2015,Dairy,high
F-2676-2017,Seafood,high
F-2677-2015,Dairy,high
F-2677-2017,Seafood,high
F-2678-2015,Dairy,high
F-2678-2017,Seafood,high
F-2679-2015,Dairy,high
F-2679-2017,Seafood,high
F-2680-2015,Dairy,high
F-2680-2017,Seafood,high
F-2681-2015,Dairy,high
F-2681-2017,Seafood,high
F-2682-2015,Dairy,high
F-2682-2017,Seafood,high
F-2683-2015,Dairy,high
F-2683-2017,Seafood,high
F-2684-2015,Dairy,high
F-2684-2017,Seafood,high
F-2685-2015,Dairy,high
F-2685-2017,Seafood,high
F-2686-2015,Dairy,high
F-2686-2017,Seafood,high
F-2687-2015,Bakery,low
F-2687-2017,Seafood,high
F-2688-2015,Dairy,medium
F-2689-2015,Dairy,low
F-2689-2017,Seafood,high
F-2690-2015,Prepared/Frozen,medium
F-2690-2017,Seafood,high
F-2691-2015,Dairy,medium
F-2691-2017,Seafood,high
F-2692-2015,Prepared/Frozen,low
F-2692-2017,Seafood,high
F-2693-2015,Prepared/Frozen,medium
F-2693-2017,Seafood,high
F-2694-2015,Prepared/Frozen,medium
F-2694-2017,Seafood,high
F-2695-2015,Snacks/Candy,low
F-2695-2017,Seafood,high
F-2696-2015,Dairy,low
F-2696-2017,Seafood,high
F-2697-2015,Dairy,low
F-2697-2017,Seafood,high
F-2698-2015,Dairy,medium
F-2698-2017,Seafood,high
F-2699-2015,Dairy,high
F-2699-2017,Seafood,high
F-2700-2015,Prepared/Frozen,low
F-2700-2017,Seafood,high
F-2701-2015,Snacks/Candy,medium
F-2701-2017,Seafood,high
F-2702-2015,Uncategorized,low
F-2702-2017,Seafood,high
F-2703-2015,Dairy,low
F-2703-2017,Seafood,high
F-2704-2015,Dairy,medium
F-2704-2017,Seafood,high
F-2705-2015,Prepared/Frozen,medium
F-2705-2017,Seafood,high
F-2706-2015,Dairy,medium
F-2706-2017,Seafood,high
F-2707-2015,Snacks/Candy,low
F-2707-2017,Seafood,high
F-2708-2015,Dairy,low
F-2708-2017,Seafood,high
F-2709-2015,Dairy,low
F-2709-2017,Seafood,high
F-2710-2015,Dairy,medium
F-2710-2017,Seafood,high
F-2711-2015,Dairy,low
F-2711-2017,Seafood,high
F-2712-2015,Dairy,low
F-2712-2017,Seafood,high
F-2713-2015,Dairy,low
F-2713-2017,Seafood,high
F-2714-2015,Dairy,high
F-2714-2017,Seafood,high
F-2715-2015,Dairy,high
F-2715-2017,Seafood,high
F-2716-2015,Dairy,medium
F-2716-2017,Seafood,high
F-2717-2015,Dairy,low
F-2717-2017,Seafood,high
F-2718-2015,Prepared/Frozen,medium
F-2718-2017,Seafood,high
F-2719-2015,Dairy,medium
F-2719-2017,Seafood,high
F-2720-2015,Snacks/Candy,low
F-2720-2017,Seafood,high
F-2721-2015,Dairy,low
F-2721-2017,Seafood,high
F-2722-2015,Dairy,medium
F-2722-2017,Seafood,high
F-2723-2015,Prepared/Frozen,low
F-2723-2017,Seafood,high
F-2724-2015,Dairy,low
F-2724-2017,Seafood,high
F-2725-2015,Bakery,medium
F-2725-2017,Seafood,high
F-2726-2015,Snacks/Candy,medium
F-2726-2017,Seafood,high
F-2727-2015,Dairy,high
F-2727-2017,Seafood,high
F-2728-2015,Prepared/Frozen,medium
F-2728-2017,Seafood,high
F-2729-2015,Dairy,medium
F-2729-2017,Seafood,high
F-2730-2015,Dairy,low
F-2730-2017,Seafood,high
F-2731-2015,Nuts/Seeds,low
F-2731-2017,Seafood,high
F-2732-2015,Produce,high
F-2732-2017,Seafood,high
F-2733-2015,Snacks/Candy,medium
F-2733-2017,Seafood,high
F-2734-2015,Bakery,high
F-2734-2017,Seafood,high
F-2735-2015,Snacks/Candy,low
F-2735-2017,Seafood,high
F-2736-2015,Nuts/Seeds,high
F-2736-2017,Seafood,high
F-2737-2017,Seafood,high
F-2737-3015,Nuts/Seeds,high
F-2738-2015,Snacks/Candy,high
F-2738-2017,Seafood,high
F-2739-2015,Prepared/Frozen,medium
F-2739-2017,Seafood,high
F-2740-2015,Seafood,high
F-2740-2017,Seafood,high
F-2741-2015,Bakery,high
F-2741-2017,Seafood,high
F-2742-2015,Bakery,high
F-2742-2017,Seafood,high
F-2743-2015,Bakery,high
F-2743-2017,Seafood,high
F-2744-2015,Bakery,high
F-2744-2017,Seafood,high
F-2745-2015,Bakery,high
F-2745-2017,Seafood,high
F-2746-2015,Bakery,high
F-2746-2017,Seafood,high
F-2747-2015,Bakery,high
F-2747-2017,Seafood,high
F-2748-2015,Bakery,high
F-2748-2017,Seafood,medium
F-2749-2015,Bakery,high
F-2749-2017,Seafood,high
F-2750-2015,Bakery,high
F-2750-2017,Seafood,high
F-2751-2015,Bakery,high
F-2751-2017,Seafood,high
F-2752-2015,Bakery,high
F-2752-2017,Seafood,high
F-2753-2015,Bakery,high
F-2753-2017,Seafood,high
F-2754-2015,Bakery,high
F-2754-2017,Seafood,high
F-2755-2015,Bakery,high
F-2755-2017,Seafood,high
F-2756-2015,Bakery,high
F-2756-2017,Seafood,high
F-2757-2015,Bakery,high
F-2757-2017,Seafood,high
F-2758-2015,Bakery,high
F-2758-2017,Seafood,high
F-2759-2015,Bakery,high
F-2759-2017,Seafood,high
F-2760-2015,Bakery,high
F-2760-2017,Seafood,high
F-2761-2015,Bakery,high
F-2761-2017,Seafood,high
F-2762-2015,Bakery,high
F-2762-2017,Seafood,high
F-2763-2015,Seafood,high
F-2763-2017,Seafood,high
F-2764-2015,Snacks/Candy,medium
F-2764-2017,Seafood,high
F-2765-2015,Nuts/Seeds,high
F-2765-2017,Seafood,high
F-2766-2015,Beverages,high
F-2766-2017,Seafood,high
F-2767-2015,Supplements,high
F-2767-2017,Seafood,high
F-2768-2015,Snacks/Candy,high
F-2768-2017,Seafood,high
F-2769-2015,Beverages,low
F-2769-2017,Seafood,high
F-2770-2015,Beverages,high
F-2770-2017,Seafood,high
F-2771-2015,Beverages,high
F-2771-2017,Seafood,high
F-2772-2015,Beverages,high
F-2772-2017,Seafood,high
F-2773-2015,Snacks/Candy,high
F-2773-2017,Seafood,high
F-2774-2015,Seafood,high
F-2774-2017,Seafood,high
F-2775-2015,Seafood,high
F-2775-2017,Seafood,high
F-2776-2015,Seafood,high
F-2776-2017,Seafood,high
F-2777-2015,Seafood,high
F-2777-2017,Seafood,high
F-2778-2015,Seafood,high
F-2778-2017,Seafood,high
F-2779-2015,Seafood,high
F-2779-2017,Seafood,high
F-2780-2015,Seafood,high
F-2780-2017,Seafood,high
F-2781-2015,Seafood,high
F-2781-2017,Seafood,high
F-2782-2015,Seafood,high
F-2782-2017,Seafood,high
F-2783-2015,Beef/Pork/Poultry/Game Meats,high
F-2783-2017,Seafood,high
F-2784-2015,Produce,medium
F-2784-2017,Seafood,high
F-2785-2015,Snacks/Candy,high
F-2785-2017,Seafood,medium
F-2786-2015,Bakery,high
F-2786-2017,Seafood,high
F-2787-2015,Beverages,medium
F-2787-2017,Seafood,high
F-2788-2015,Beverages,medium
F-2788-2017,Seafood,high
F-2789-2015,Beverages,high
F-2789-2017,Seafood,high
F-2790-2015,Produce,high
F-2790-2017,Seafood,high
F-2791-2015,Beverages,medium
F-2791-2017,Seafood,high
F-2792-2015,Beverages,medium
F-2792-2017,Seafood,high
F-2793-2015,Beverages,medium
F-2793-2017,Seafood,high
F-2794-2015,Beverages,medium
F-2794-2017,Seafood,high
F-2795-2015,Beverages,medium
F-2795-2017,Seafood,high
F-2796-2015,Beverages,medium
F-2796-2017,Seafood,high
F-2797-2015,Beverages,medium
F-2797-2017,Seafood,high
F-2798-2015,Beverages,medium
F-2798-2017,Seafood,high
F-2799-2015,Beverages,medium
F-2799-2017,Plant Protein,medium
F-2800-2015,Beverages,medium
F-2800-2017,Seafood,high
F-2801-2015,Beverages,medium
F-2801-2017,Seafood,high
F-2802-2015,Beverages,medium
F-2802-2017,Seafood,high
F-2803-2015,Beverages,medium
F-2803-2017,Seafood,high
F-2804-2015,Beverages,high
F-2804-2017,Seafood,high
F-2805-2015,Beverages,medium
F-2805-2017,Seafood,high
F-2806-2015,Beverages,medium
F-2806-2017,Seafood,high
F-2807-2015,Beverages,medium
F-2807-2017,Seafood,high
F-2808-2015,Beverages,medium
F-2808-2017,Seafood,high
F-2809-2015,Beverages,medium
F-2809-2017,Seafood,high
F-2810-2015,Beverages,medium
F-2810-2017,Seafood,high
F-2811-2015,Beverages,low
F-2811-2017,Grains/Cereal,high
F-2812-2015,Beverages,medium
F-2812-2017,Beverages,high
F-2813-2015,Beverages,high
F-2813-2017,Plant Protein,high
F-2814-2015,Beverages,medium
F-2814-2017,Seafood,high
F-2815-2015,Bakery,high
F-2815-2017,Seafood,high
F-2816-2015,Prepared/Frozen,medium
F-2816-2017,Grains/Cereal,high
F-2817-2015,Dairy,high
F-2817-2017,Grains/Cereal,high
F-2818-2015,Snacks/Candy,high
F-2818-2017,Grains/Cereal,high
F-2819-2015,Plant Protein,medium
F-2819-2017,Grains/Cereal,medium
F-2820-2015,Spices/Condiments,high
F-2820-2017,Grains/Cereal,medium
F-2821-2015,Spices/Condiments,high
F-2821-2017,Nuts/Seeds,high
F-2822-2015,Spices/Condiments,high
F-2822-2017,Nuts/Seeds,high
F-2823-2015,Spices/Condiments,high
F-2823-2017,Nuts/Seeds,high
F-2824-2015,Spices/Condiments,high
F-2824-2017,Nuts/Seeds,high
F-2825-2015,Spices/Condiments,high
F-2825-2017,Nuts/Seeds,high
F-2826-2015,Spices/Condiments,high
F-2826-2017,Produce,high
F-2827-2015,Spices/Condiments,high
F-2827-2017,Nuts/Seeds,medium
F-2828-2015,Spices/Condiments,high
F-2828-2017,Nuts/Seeds,high
F-2829-2015,Spices/Condiments,high
F-2830-2015,Spices/Condiments,high
F-2830-2017,Plant Protein,medium
F-2831-2015,Spices/Condiments,high
F-2831-2017,Plant Protein,medium
F-2832-2015,Spices/Condiments,high
F-2832-2017,Plant Protein,medium
F-2833-2015,Spices/Condiments,high
F-2833-2017,Nuts/Seeds,high
F-2834-2015,Spices/Condiments,high
F-2834-2017,Nuts/Seeds,high
F-2835-2015,Spices/Condiments,high
F-2835-2017,Nuts/Seeds,high
F-2836-2015,Spices/Condiments,high
F-2836-2017,Nuts/Seeds,high
F-2837-2015,Spices/Condiments,high
F-2837-2017,Nuts/Seeds,high
F-2838-2015,Spices/Condiments,high
F-2838-2017,Nuts/Seeds,high
F-2839-2015,Spices/Condiments,high
F-2839-2017,Nuts/Seeds,high
F-2840-2015,Spices/Condiments,high
F-2840-2017,Nuts/Seeds,high
F-2841-2015,Food Additives/Ingredients,low
F-2841-2017,Produce,medium
F-2842-2015,Prepared/Frozen,medium
F-2842-2017,Produce,medium
F-2843-2015,Spices/Condiments,high
F-2843-2017,Produce,medium
F-2844-2015,Produce,high
F-2844-2017,Produce,medium
F-2845-2015,Snacks/Candy,high
F-2845-2017,Produce,high
F-2846-2015,Snacks/Candy,high
F-2846-2017,Nuts/Seeds,high
F-2847-2015,Snacks/Candy,low
F-2847-2017,Nuts/Seeds,high
F-2848-2015,Beverages,high
F-2848-2017,Nuts/Seeds,medium
F-2849-2015,Bakery,high
F-2849-2017,Produce,low
F-2850-2015,Bakery,high
F-2850-2017,Produce,low
F-2851-2015,Bakery,high
F-2851-2017,Produce,medium
F-2852-2015,Plant Protein,high
F-2852-2017,Produce,high
F-2853-2015,Beverages,high
F-2853-2017,Produce,medium
F-2854-2015,Nuts/Seeds,high
F-2854-2017,Produce,high
F-2855-2015,Spices/Condiments,medium
F-2855-2017,Produce,high
F-2856-2015,Seafood,high
F-2856-2017,Uncategorized,low
F-2857-2015,Seafood,high
F-2857-2017,Nuts/Seeds,high
F-2858-2015,Seafood,high
F-2858-2017,Nuts/Seeds,high
F-2859-2015,Spices/Condiments,high
F-2859-2017,Nuts/Seeds,high
F-2860-2017,Nuts/Seeds,high
F-2861-2017,Nuts/Seeds,high
F-2862-2017,Nuts/Seeds,high
F-2863-2017,Nuts/Seeds,high
F-2864-2015,Bakery,high
F-2864-2017,Nuts/Seeds,high
F-2865-2015,Produce,medium
F-2865-2017,Nuts/Seeds,high
F-2866-2015,Snacks/Candy,high
F-2866-2017,Nuts/Seeds,high
F-2867-2015,Snacks/Candy,high
F-2867-2017,Nuts/Seeds,high
F-2868-2015,Nuts/Seeds,high
F-2868-2017,Nuts/Seeds,high
F-2869-2015,Spices/Condiments,high
F-2869-2017,Nuts/Seeds,high
F-2870-2015,Prepared/Frozen,low
F-2870-2017,Nuts/Seeds,high
F-2871-2015,Dairy,high
F-2871-2017,Nuts/Seeds,high
F-2872-2015,Dairy,medium
F-2872-2017,Nuts/Seeds,high
F-2873-2015,Dairy,high
F-2873-2017,Nuts/Seeds,high
F-2874-2015,Dairy,high
F-2874-2017,Bakery,high
F-2875-2015,Dairy,high
F-2875-2017,Dairy,high
F-2876-2015,Dairy,high
F-2876-2017,Dairy,high
F-2877-2015,Plant Protein,medium
F-2877-2017,Dairy,high
F-2878-2015,Plant Protein,low
F-2878-2017,Dairy,high
F-2879-2015,Dairy,high
F-2879-2017,Dairy,high
F-2880-2015,Plant Protein,medium
F-2880-2017,Dairy,high
F-2881-2015,Dairy,high
F-2881-2017,Dairy,high
F-2882-2015,Dairy,high
F-2882-2017,Dairy,high
F-2883-2015,Dairy,high
F-2883-2017,Dairy,high
F-2884-2015,Dairy,high
F-2884-2017,Dairy,high
F-2885-2015,Dairy,low
F-2885-2017,Dairy,high
F-2886-2015,Dairy,high
F-2886-2017,Nuts/Seeds,high
F-2887-2015,Dairy,high
F-2887-2017,Bakery,high
F-2888-2015,Dairy,high
F-2888-2017,Supplements,medium
F-2889-2015,Dairy,high
F-2889-2017,Seafood,high
F-2890-2015,Dairy,high
F-2890-2017,Seafood,high
F-2891-2015,Dairy,high
F-2891-2017,Seafood,high
F-2892-2015,Dairy,high
F-2892-2017,Seafood,high
F-2893-2015,Dairy,high
F-2893-2017,Seafood,high
F-2894-2015,Dairy,high
F-2894-2017,Seafood,high
F-2895-2015,Dairy,high
F-2895-2017,Seafood,high
F-2896-2015,Dairy,high
F-2896-2017,Seafood,high
F-2897-2015,Dairy,medium
F-2897-2017,Seafood,high
F-2898-2015,Dairy,medium
F-2898-2017,Seafood,high
F-2899-2015,Dairy,medium
F-2899-2017,Seafood,high
F-2900-2015,Dairy,medium
F-2900-2017,Seafood,high
F-2901-2015,Dairy,high
F-2901-2017,Seafood,high
F-2902-2015,Dairy,high
F-2902-2017,Seafood,high
F-2903-2015,Dairy,high
F-2903-2017,Seafood,high
F-2904-2015,Dairy,high
F-2904-2017,Seafood,high
F-2905-2015,Snacks/Candy,high
F-2905-2017,Seafood,high
F-2906-2015,Bakery,high
F-2906-2017,Seafood,high
F-2907-2015,Bakery,high
F-2907-2017,Seafood,high
F-2908-2015,Bakery,high
F-2908-2017,Seafood,high
F-2909-2015,Seafood,high
F-2909-2017,Seafood,high
F-2910-2015,Seafood,high
F-2910-2017,Seafood,high
F-2911-2015,Seafood,high
F-2911-2017,Seafood,high
F-2912-2015,Seafood,high
F-2912-2017,Seafood,high
F-2913-2015,Seafood,high
F-2913-2017,Seafood,high
F-2914-2015,Nuts/Seeds,high
F-2914-2017,Seafood,high
F-2915-2015,Nuts/Seeds,high
F-2915-2017,Seafood,high
F-2916-2015,Nuts/Seeds,high
F-2916-2017,Seafood,high
F-2917-2015,Prepared/Frozen,medium
F-2917-2017,Seafood,high
F-2918-2015,Prepared/Frozen,low
F-2918-2017,Seafood,high
F-2919-2015,Prepared/Frozen,medium
F-2919-2017,Seafood,high
F-2920-2015,Prepared/Frozen,high
F-2920-2017,Seafood,high
F-2921-2015,Prepared/Frozen,medium
F-2921-2017,Seafood,high
F-2922-2015,Prepared/Frozen,medium
F-2922-2017,Seafood,high
F-2923-2015,Prepared/Frozen,medium
F-2923-2017,Seafood,high
F-2924-2015,Prepared/Frozen,high
F-2924-2017,Seafood,high
F-2925-2015,Prepared/Frozen,medium
F-2925-2017,Seafood,high
F-2926-2015,Prepared/Frozen,medium
F-2926-2017,Seafood,high
F-2927-2015,Prepared/Frozen,medium
F-2927-2017,Seafood,high
F-2928-2015,Dairy,low
F-2928-2017,Seafood,high
F-2929-2015,Non-Food Item,high
F-2929-2017,Seafood,high
F-2930-2015,Non-Food Item,high
F-2930-2017,Seafood,high
F-2931-2015,Supplements,high
F-2931-2017,Seafood,high
F-2932-2017,Seafood,high
F-2932-215,Snacks/Candy,medium
F-2933-2015,Bakery,high
F-2933-2017,Seafood,high
F-2934-2015,Nuts/Seeds,high
F-2934-2017,Seafood,high
F-2935-2015,Produce,medium
F-2935-2017,Seafood,high
F-2936-2015,Bakery,high
F-2936-2017,Seafood,high
F-2937-2015,Bakery,high
F-2937-2017,Seafood,high
F-2938-2015,Bakery,high
F-2938-2017,Seafood,high
F-2939-2015,Spices/Condiments,high
F-2939-2017,Seafood,high
F-2940-2015,Snacks/Candy,medium
F-2940-2017,Seafood,high
F-2941-2015,Prepared/Frozen,high
F-2941-2017,Seafood,high
F-2942-2015,Supplements,high
F-2942-2017,Seafood,high
F-2943-2015,Supplements,high
F-2943-2017,Seafood,high
F-2944-2015,Grains/Cereal,high
F-2944-2017,Seafood,high
F-2945-2015,Prepared/Frozen,medium
F-2945-2017,Seafood,high
F-2946-2015,Supplements,high
F-2946-2017,Nuts/Seeds,high
F-2947-2015,Seafood,high
F-2947-2017,Produce,low
F-2948-2015,Seafood,high
F-2948-2017,Grains/Cereal,medium
F-2949-2015,Seafood,high
F-2949-2017,Prepared/Frozen,high
F-2950-2015,Produce,medium
F-2950-2017,Prepared/Frozen,high
F-2951-2015,Supplements,high
F-2951-2017,Prepared/Frozen,high
F-2952-2015,Prepared/Frozen,medium
F-2952-2017,Prepared/Frozen,high
F-2953-2015,Supplements,high
F-2953-2017,Seafood,high
F-2954-2015,Dairy,high
F-2954-2017,Bakery,medium
F-2955-2015,Dairy,high
F-2955-2017,Bakery,high
F-2956-2015,Supplements,high
F-2956-2017,Bakery,high
F-2957-2015,Supplements,high
F-2957-2017,Bakery,high
F-2958-2015,Beverages,high
F-2958-2017,Bakery,high
F-2959-2015,Produce,high
F-2959-2017,Snacks/Candy,high
F-2960-2015,Spices/Condiments,high
F-2960-2017,Snacks/Candy,high
F-2961-2015,Dairy,high
F-2961-2017,Snacks/Candy,high
F-2962-2015,Beef/Pork/Poultry/Game Meats,medium
F-2962-2017,Snacks/Candy,high
F-2963-2015,Snacks/Candy,high
F-2963-2017,Snacks/Candy,high
F-2964-2015,Snacks/Candy,high
F-2964-2017,Prepared/Frozen,medium
F-2965-2015,Grains/Cereal,medium
F-2965-2017,Grains/Cereal,medium
F-2966-2015,Prepared/Frozen,medium
F-2966-2017,Grains/Cereal,medium
F-2967-2015,Prepared/Frozen,medium
F-2967-2017,Grains/Cereal,high
F-2968-2015,Bakery,high
F-2968-2017,Grains/Cereal,medium
F-2969-2015,Bakery,high
F-2969-2017,Grains/Cereal,medium
F-2970-2015,Bakery,high
F-2970-2017,Grains/Cereal,high
F-2971-2015,Bakery,high
F-2971-2017,Grains/Cereal,high
F-2972-2015,Bakery,high
F-2972-2017,Grains/Cereal,high
F-2973-2015,Bakery,high
F-2973-2017,Grains/Cereal,medium
F-2974-2015,Bakery,high
F-2974-2017,Grains/Cereal,medium
F-2975-2015,Produce,medium
F-2975-2017,Grains/Cereal,high
F-2976-2015,Dairy,high
F-2976-2017,Grains/Cereal,high
F-2977-2015,Produce,medium
F-2977-2017,Grains/Cereal,medium
F-2978-2015,Produce,medium
F-2978-2017,Grains/Cereal,high
F-2979-2015,Beverages,medium
F-2979-2017,Grains/Cereal,high
F-2980-2015,Beverages,medium
F-2980-2017,Grains/Cereal,medium
F-2981-2015,Beverages,medium
F-2981-2017,Grains/Cereal,medium
F-2982-2015,Produce,low
F-2982-2017,Grains/Cereal,medium
F-2983-2015,Beverages,medium
F-2983-2017,Grains/Cereal,medium
F-2984-2015,Produce,medium
F-2984-2017,Grains/Cereal,medium
F-2985-2015,Plant Protein,medium
F-2985-2017,Grains/Cereal,medium
F-2986-2015,Plant Protein,medium
F-2986-2017,Grains/Cereal,high
F-2987-2015,Produce,high
F-2987-2017,Grains/Cereal,medium
F-2988-2015,Produce,high
F-2988-2017,Grains/Cereal,medium
F-2989-2015,Plant Protein,low
F-2989-2017,Grains/Cereal,medium
F-2990-2015,Plant Protein,medium
F-2990-2017,Grains/Cereal,medium
F-2991-2015,Plant Protein,medium
F-2991-2017,Grains/Cereal,medium
F-2992-2015,Plant Protein,medium
F-2992-2017,Grains/Cereal,medium
F-2993-2015,Plant Protein,medium
F-2993-2017,Grains/Cereal,medium
F-2994-2015,Plant Protein,high
F-2994-2017,Grains/Cereal,medium
F-2995-2015,Produce,medium
F-2995-2017,Grains/Cereal,high
F-2996-2015,Produce,high
F-2996-2017,Grains/Cereal,medium
F-2997-2015,Produce,medium
F-2997-2017,Grains/Cereal,high
F-2998-2015,Plant Protein,medium
F-2998-2017,Grains/Cereal,medium
F-2999-2015,Produce,high
F-2999-2017,Grains/Cereal,medium
F-3000-2015,Produce,high
F-3000-2017,Grains/Cereal,medium
F-3001-2015,Produce,medium
F-3001-2017,Grains/Cereal,medium
F-3002-2015,Produce,high
F-3002-2017,Grains/Cereal,medium
F-3003-2015,Produce,high
F-3003-2017,Grains/Cereal,medium
F-3004-2015,Produce,high
F-3004-2017,Grains/Cereal,medium
F-3005-2015,Produce,high
F-3005-2017,Grains/Cereal,high
F-3006-2015,Produce,medium
F-3006-2017,Grains/Cereal,medium
F-3007-2015,Produce,high
F-3007-2017,Grains/Cereal,medium
F-3008-2015,Produce,high
F-3008-2017,Grains/Cereal,medium
F-3009-2015,Produce,high
F-3009-2017,Grains/Cereal,medium
F-3010-2015,Produce,high
F-3010-2017,Grains/Cereal,medium
F-3011-2015,Produce,high
F-3011-2017,Grains/Cereal,medium
F-3012-2015,Produce,high
F-3012-2017,Grains/Cereal,medium
F-3013-2015,Produce,high
F-3013-2017,Grains/Cereal,medium
F-3014-2015,Produce,high
F-3014-2017,Grains/Cereal,medium
F-3015-2015,Produce,high
F-3015-2017,Grains/Cereal,medium
F-3016-2015,Produce,high
F-3016-2017,Grains/Cereal,medium
F-3017-2015,Produce,high
F-3017-2017,Grains/Cereal,medium
F-3018-2015,Produce,medium
F-3018-2017,Grains/Cereal,medium
F-3019-2015,Produce,medium
F-3019-2017,Grains/Cereal,high
F-3020-2015,Produce,medium
F-3020-2017,Grains/Cereal,high
F-3021-2015,Produce,high
F-3021-2017,Grains/Cereal,medium
F-3022-2015,Produce,high
F-3022-2017,Grains/Cereal,medium
F-3023-2015,Produce,medium
F-3023-2017,Grains/Cereal,medium
F-3024-2015,Produce,medium
F-3024-2017,Uncategorized,medium
F-3025-2015,Produce,medium
F-3025-2017,Grains/Cereal,medium
F-3026-2015,Produce,medium
F-3026-2017,Uncategorized,low
F-3027-2015,Produce,high
F-3027-2017,Grains/Cereal,high
F-3028-2015,Produce,high
F-3028-2017,Grains/Cereal,medium
F-3029-2015,Produce,high
F-3029-2017,Uncategorized,low
F-3030-2015,Produce,high
F-3030-2017,Grains/Cereal,medium
F-3031-2015,Produce,high
F-3031-2017,Grains/Cereal,medium
F-3032-2015,Produce,high
F-3032-2017,Grains/Cereal,medium
F-3033-2015,Produce,medium
F-3033-2017,Grains/Cereal,medium
F-3034-2015,Bakery,high
F-3034-2017,Grains/Cereal,medium
F-3035-2015,Bakery,high
F-3035-2017,Grains/Cereal,medium
F-3036-2015,Bakery,high
F-3036-2017,Grains/Cereal,medium
F-3037-2015,Produce,high
F-3037-2017,Food Additives/Ingredients,low
F-3038-2015,Produce,high
F-3038-2017,Grains/Cereal,medium
F-3039-2015,Produce,high
F-3039-2017,Grains/Cereal,medium
F-3040-2015,Produce,high
F-3040-2017,Grains/Cereal,medium
F-3041-2015,Produce,medium
F-3041-2017,Grains/Cereal,medium
F-3042-2015,Seafood,high
F-3042-2017,Grains/Cereal,medium
F-3043-2015,Spices/Condiments,high
F-3043-2017,Grains/Cereal,medium
F-3044-2015,Spices/Condiments,high
F-3044-2017,Grains/Cereal,high
F-3045-2015,Spices/Condiments,high
F-3045-2017,Grains/Cereal,medium
F-3046-2015,Spices/Condiments,medium
F-3046-2017,Grains/Cereal,medium
F-3047-2015,Nuts/Seeds,high
F-3047-2017,Grains/Cereal,medium
F-3048-2015,Snacks/Candy,medium
F-3048-2017,Grains/Cereal,medium
F-3049-2015,Snacks/Candy,medium
F-3049-2017,Grains/Cereal,medium
F-3050-2015,Snacks/Candy,medium
F-3050-2017,Grains/Cereal,medium
F-3051-2015,Produce,medium
F-3051-2017,Grains/Cereal,medium
F-3052-2015,Prepared/Frozen,medium
F-3052-2017,Grains/Cereal,medium
F-3053-2015,Prepared/Frozen,medium
F-3053-2017,Grains/Cereal,high
F-3054-2015,Snacks/Candy,medium
F-3054-2017,Grains/Cereal,medium
F-3055-2015,Snacks/Candy,high
F-3055-2017,Grains/Cereal,medium
F-3056-2015,Grains/Cereal,medium
F-3056-2017,Grains/Cereal,medium
F-3057-2015,Spices/Condiments,medium
F-3057-2017,Grains/Cereal,medium
F-3058-2015,Spices/Condiments,medium
F-3058-2017,Grains/Cereal,medium
F-3059-2015,Nuts/Seeds,high
F-3059-2017,Grains/Cereal,medium
F-3060-2015,Nuts/Seeds,high
F-3060-2017,Grains/Cereal,high
F-3061-2015,Nuts/Seeds,high
F-3061-2017,Grains/Cereal,medium
F-3062-2015,Nuts/Seeds,medium
F-3062-2017,Grains/Cereal,high
F-3063-2015,Nuts/Seeds,medium
F-3063-2017,Grains/Cereal,medium
F-3064-2015,Plant Protein,medium
F-3064-2017,Grains/Cereal,medium
F-3065-2017,Grains/Cereal,medium
F-3066-2015,Snacks/Candy,high
F-3066-2017,Uncategorized,low
F-3067-2015,Supplements,high
F-3067-2017,Grains/Cereal,medium
F-3068-2015,Supplements,medium
F-3068-2017,Grains/Cereal,medium
F-3069-2015,Supplements,medium
F-3069-2017,Grains/Cereal,medium
F-3070-2015,Supplements,medium
F-3070-2017,Grains/Cereal,medium
F-3071-2015,Supplements,medium
F-3071-2017,Grains/Cereal,medium
F-3072-2015,Supplements,medium
F-3072-2017,Grains/Cereal,medium
F-3073-2015,Supplements,medium
F-3073-2017,Grains/Cereal,medium
F-3074-2015,Snacks/Candy,high
F-3074-2017,Grains/Cereal,medium
F-3075-2015,Grains/Cereal,high
F-3075-2017,Grains/Cereal,medium
F-3076-2015,Produce,high
F-3076-2017,Grains/Cereal,medium
F-3077-2015,Beverages,high
F-3077-2017,Grains/Cereal,medium
F-3078-2015,Spices/Condiments,high
F-3078-2017,Grains/Cereal,high
F-3079-2015,Beverages,high
F-3079-2017,Grains/Cereal,medium
F-3080-2015,Produce,high
F-3080-2017,Grains/Cereal,medium
F-3081-2015,Produce,medium
F-3081-2017,Grains/Cereal,high
F-3082-2015,Produce,high
F-3082-2017,Grains/Cereal,medium
F-3083-2015,Produce,medium
F-3083-2017,Grains/Cereal,medium
F-3084-2015,Produce,high
F-3084-2017,Grains/Cereal,medium
F-3085-2015,Produce,medium
F-3085-2017,Grains/Cereal,medium
F-3086-2017,Grains/Cereal,high
F-3087-2017,Grains/Cereal,medium
F-3088-2015,Snacks/Candy,medium
F-3088-2017,Grains/Cereal,medium
F-3089-2015,Produce,high
F-3089-2017,Grains/Cereal,high
F-3090-2015,Produce,medium
F-3090-2017,Grains/Cereal,medium
F-3091-2015,Produce,high
F-3091-2017,Grains/Cereal,medium
F-3092-2015,Dairy,high
F-3092-2017,Grains/Cereal,high
F-3093-2015,Dairy,high
F-3093-2017,Grains/Cereal,medium
F-3094-2015,Dairy,high
F-3094-2017,Grains/Cereal,medium
F-3095-2015,Dairy,high
F-3095-2017,Grains/Cereal,medium
F-3096-2015,Dairy,high
F-3096-2017,Grains/Cereal,medium
F-3097-2015,Dairy,high
F-3097-2017,Grains/Cereal,medium
F-3098-2015,Dairy,high
F-3098-2017,Grains/Cereal,medium
F-3099-2015,Dairy,high
F-3099-2017,Grains/Cereal,medium
F-3100-2015,Dairy,high
F-3100-2017,Grains/Cereal,medium
F-3101-2015,Dairy,high
F-3101-2017,Grains/Cereal,medium
F-3102-2015,Dairy,high
F-3102-2017,Grains/Cereal,medium
F-3103-2015,Dairy,high
F-3103-2017,Grains/Cereal,high
F-3104-2015,Dairy,high
F-3104-2017,Grains/Cereal,medium
F-3105-2015,Dairy,high
F-3105-2017,Grains/Cereal,medium
F-3106-2015,Dairy,high
F-3106-2017,Grains/Cereal,medium
F-3107-2015,Dairy,high
F-3107-2017,Grains/Cereal,medium
F-3108-2015,Dairy,high
F-3108-2017,Grains/Cereal,medium
F-3109-2015,Dairy,high
F-3109-2017,Grains/Cereal,medium
F-3110-2015,Dairy,high
F-3110-2017,Grains/Cereal,medium
F-3111-2015,Dairy,high
F-3111-2017,Grains/Cereal,high
F-3112-2015,Dairy,high
F-3112-2017,Grains/Cereal,high
F-3113-2015,Dairy,high
F-3113-2017,Grains/Cereal,high
F-3114-2015,Dairy,high
F-3114-2017,Grains/Cereal,medium
F-3115-2015,Dairy,high
F-3115-2017,Grains/Cereal,medium
F-3116-2015,Dairy,high
F-3116-2017,Grains/Cereal,medium
F-3117-2015,Dairy,high
F-3117-2017,Grains/Cereal,medium
F-3118-2015,Dairy,medium
F-3118-2017,Grains/Cereal,medium
F-3119-2015,Dairy,high
F-3119-2017,Grains/Cereal,medium
F-3120-2015,Dairy,high
F-3120-2017,Grains/Cereal,high
F-3121-2015,Dairy,high
F-3121-2017,Grains/Cereal,medium
F-3122-2015,Dairy,high
F-3122-2017,Grains/Cereal,medium
F-3123-2015,Dairy,high
F-3123-2017,Grains/Cereal,medium
F-3124-2015,Dairy,high
F-3124-2017,Grains/Cereal,high
F-3125-2015,Dairy,high
F-3125-2017,Grains/Cereal,medium
F-3126-2015,Dairy,medium
F-3126-2017,Grains/Cereal,medium
F-3127-2015,Prepared/Frozen,medium
F-3127-2017,Grains/Cereal,medium
F-3128-2015,Dairy,high
F-3128-2017,Grains/Cereal,medium
F-3129-2015,Dairy,high
F-3129-2017,Grains/Cereal,medium
F-3130-2015,Dairy,high
F-3130-2017,Grains/Cereal,medium
F-3131-2015,Dairy,medium
F-3131-2017,Grains/Cereal,high
F-3132-2015,Dairy,high
F-3132-2017,Grains/Cereal,high
F-3133-2015,Dairy,high
F-3133-2017,Grains/Cereal,high
F-3134-2015,Dairy,high
F-3134-2017,Grains/Cereal,medium
F-3135-2015,Dairy,high
F-3135-2017,Grains/Cereal,medium
F-3136-2015,Dairy,high
F-3136-2017,Grains/Cereal,medium
F-3137-2015,Dairy,high
F-3137-2017,Grains/Cereal,high
F-3138-2015,Dairy,high
F-3138-2017,Grains/Cereal,medium
F-3139-2015,Dairy,high
F-3139-2017,Grains/Cereal,medium
F-3140-2015,Dairy,high
F-3140-2017,Grains/Cereal,medium
F-3141-2015,Dairy,high
F-3141-2017,Grains/Cereal,medium
F-3142-2015,Dairy,high
F-3142-2017,Grains/Cereal,medium
F-3143-2015,Dairy,high
F-3143-2017,Grains/Cereal,medium
F-3144-2015,Dairy,high
F-3144-2017,Grains/Cereal,medium
F-3145-2015,Dairy,high
F-3145-2017,Grains/Cereal,medium
F-3146-2015,Dairy,high
F-3146-2017,Grains/Cereal,medium
F-3147-2015,Dairy,high
F-3147-2017,Grains/Cereal,medium
F-3148-2015,Dairy,high
F-3148-2017,Grains/Cereal,medium
F-3149-2015,Dairy,high
F-3149-2017,Grains/Cereal,high
F-3150-2015,Dairy,high
F-3150-2017,Grains/Cereal,high
F-3151-2015,Dairy,high
F-3151-2017,Grains/Cereal,high
F-3152-2015,Dairy,high
F-3152-2017,Grains/Cereal,high
F-3153-2015,Dairy,high
F-3153-2017,Grains/Cereal,medium
F-3154-2015,Dairy,low
F-3154-2017,Grains/Cereal,medium
F-3155-2015,Dairy,high
F-3155-2017,Grains/Cereal,medium
F-3156-2015,Dairy,high
F-3156-2017,Grains/Cereal,medium
F-3157-2015,Dairy,high
F-3157-2017,Grains/Cereal,medium
F-3158-2015,Dairy,high
F-3158-2017,Grains/Cereal,medium
F-3159-2015,Dairy,high
F-3159-2017,Grains/Cereal,medium
F-3160-2015,Dairy,high
F-3160-2017,Grains/Cereal,medium
F-3161-2015,Dairy,high
F-3161-2017,Grains/Cereal,high
F-3162-2015,Dairy,high
F-3162-2017,Grains/Cereal,medium
F-3163-2015,Dairy,high
F-3163-2017,Grains/Cereal,medium
F-3164-2015,Dairy,high
F-3164-2017,Grains/Cereal,medium
F-3165-2015,Dairy,high
F-3165-2017,Grains/Cereal,medium
F-3166-2015,Dairy,high
F-3166-2017,Grains/Cereal,medium
F-3167-2015,Dairy,high
F-3167-2017,Grains/Cereal,medium
F-3168-2015,Dairy,high
F-3168-2017,Grains/Cereal,medium
F-3169-2015,Dairy,high
F-3169-2017,Grains/Cereal,medium
F-3170-2015,Dairy,high
F-3170-2017,Grains/Cereal,medium
F-3171-2015,Dairy,high
F-3171-2017,Grains/Cereal,medium
F-3172-2015,Dairy,high
F-3172-2017,Grains/Cereal,medium
F-3173-2015,Dairy,high
F-3173-2017,Grains/Cereal,medium
F-3174-2015,Dairy,high
F-3174-2017,Grains/Cereal,high
F-3175-2015,Dairy,high
F-3175-2017,Grains/Cereal,medium
F-3176-2015,Dairy,high
F-3176-2017,Grains/Cereal,medium
F-3177-2015,Dairy,high
F-3177-2017,Grains/Cereal,medium
F-3178-2015,Dairy,high
F-3178-2017,Grains/Cereal,high
F-3179-2015,Dairy,high
F-3179-2017,Grains/Cereal,medium
F-3180-2015,Dairy,high
F-3180-2017,Grains/Cereal,medium
F-3181-2015,Dairy,high
F-3181-2017,Grains/Cereal,high
F-3182-2015,Dairy,high
F-3182-2017,Uncategorized,low
F-3183-2015,Dairy,high
F-3183-2017,Grains/Cereal,high
F-3184-2015,Dairy,high
F-3184-2017,Grains/Cereal,medium
F-3185-2015,Dairy,high
F-3185-2017,Grains/Cereal,medium
F-3186-2015,Dairy,high
F-3186-2017,Grains/Cereal,medium
F-3187-2015,Prepared/Frozen,medium
F-3187-2017,Grains/Cereal,medium
F-3188-2015,Prepared/Frozen,medium
F-3188-2017,Grains/Cereal,medium
F-3189-2015,Prepared/Frozen,medium
F-3189-2017,Grains/Cereal,medium
F-3190-2015,Prepared/Frozen,medium
F-3190-2017,Grains/Cereal,medium
F-3191-2015,Prepared/Frozen,medium
F-3191-2017,Grains/Cereal,medium
F-3192-2015,Prepared/Frozen,medium
F-3192-2017,Grains/Cereal,medium
F-3193-2015,Dairy,medium
F-3193-2017,Grains/Cereal,high
F-3194-2015,Dairy,medium
F-3194-2017,Grains/Cereal,medium
F-3195-2015,Dairy,high
F-3195-2017,Grains/Cereal,medium
F-3196-2015,Dairy,medium
F-3196-2017,Grains/Cereal,medium
F-3197-2015,Dairy,medium
F-3197-2017,Grains/Cereal,medium
F-3198-2015,Dairy,high
F-3198-2017,Grains/Cereal,medium
F-3199-2015,Dairy,medium
F-3199-2017,Grains/Cereal,medium
F-3200-2015,Dairy,medium
F-3200-2017,Grains/Cereal,medium
F-3201-2015,Dairy,medium
F-3201-2017,Grains/Cereal,medium
F-3202-2015,Dairy,high
F-3202-2017,Grains/Cereal,medium
F-3203-2015,Dairy,medium
F-3203-2017,Grains/Cereal,medium
F-3204-2015,Dairy,high
F-3204-2017,Grains/Cereal,medium
F-3205-2015,Dairy,high
F-3205-2017,Grains/Cereal,medium
F-3206-2015,Dairy,medium
F-3206-2017,Grains/Cereal,medium
F-3207-2015,Dairy,high
F-3207-2017,Grains/Cereal,medium
F-3208-2015,Dairy,medium
F-3208-2017,Grains/Cereal,medium
F-3209-2015,Dairy,high
F-3209-2017,Grains/Cereal,medium
F-3210-2015,Dairy,medium
F-3210-2017,Grains/Cereal,medium
F-3211-2015,Dairy,high
F-3211-2017,Grains/Cereal,high
F-3212-2015,Prepared/Frozen,medium
F-3212-2017,Grains/Cereal,medium
F-3213-2015,Dairy,high
F-3213-2017,Grains/Cereal,high
F-3214-2015,Prepared/Frozen,medium
F-3214-2017,Grains/Cereal,medium
F-3215-2015,Prepared/Frozen,medium
F-3215-2017,Grains/Cereal,medium
F-3216-2015,Dairy,high
F-3216-2017,Grains/Cereal,medium
F-3217-2015,Dairy,medium
F-3217-2017,Grains/Cereal,high
F-3218-2015,Dairy,high
F-3218-2017,Grains/Cereal,medium
F-3219-2015,Dairy,high
F-3219-2017,Grains/Cereal,high
F-3220-2015,Prepared/Frozen,medium
F-3220-2017,Grains/Cereal,medium
F-3221-2015,Prepared/Frozen,medium
F-3221-2017,Grains/Cereal,medium
F-3222-2015,Prepared/Frozen,medium
F-3222-2017,Grains/Cereal,medium
F-3223-2015,Prepared/Frozen,medium
F-3223-2017,Grains/Cereal,medium
F-3224-2015,Prepared/Frozen,medium
F-3224-2017,Grains/Cereal,medium
F-3225-2015,Dairy,medium
F-3225-2017,Prepared/Frozen,medium
F-3226-2015,Snacks/Candy,high
F-3226-2017,Grains/Cereal,medium
F-3227-2015,Snacks/Candy,high
F-3227-2017,Grains/Cereal,medium
F-3228-2015,Bakery,high
F-3228-2017,Grains/Cereal,medium
F-3229-2015,Bakery,high
F-3229-2017,Grains/Cereal,medium
F-3230-2015,Bakery,high
F-3230-2017,Grains/Cereal,medium
F-3231-2015,Bakery,high
F-3231-2017,Grains/Cereal,medium
F-3232-2015,Bakery,high
F-3232-2017,Grains/Cereal,medium
F-3233-2015,Bakery,high
F-3233-2017,Grains/Cereal,high
F-3234-2015,Nuts/Seeds,high
F-3234-2017,Grains/Cereal,medium
F-3235-2015,Dairy,high
F-3235-2017,Grains/Cereal,medium
F-3236-2017,Grains/Cereal,medium
F-3237-2015,Snacks/Candy,high
F-3237-2017,Grains/Cereal,high
F-3238-2015,Prepared/Frozen,medium
F-3238-2017,Grains/Cereal,medium
F-3239-2015,Prepared/Frozen,medium
F-3239-2017,Grains/Cereal,high
F-3240-2015,Prepared/Frozen,medium
F-3240-2017,Grains/Cereal,high
F-3241-2015,Prepared/Frozen,medium
F-3241-2017,Grains/Cereal,medium
F-3242-2015,Prepared/Frozen,medium
F-3242-2017,Grains/Cereal,medium
F-3243-2015,Prepared/Frozen,medium
F-3243-2017,Grains/Cereal,medium
F-3244-2015,Produce,high
F-3244-2017,Grains/Cereal,medium
F-3245-2015,Supplements,high
F-3245-2017,Grains/Cereal,medium
F-3246-2017,Grains/Cereal,medium
F-3247-2015,Produce,medium
F-3247-2017,Grains/Cereal,medium
F-3248-2015,Produce,high
F-3248-2017,Grains/Cereal,medium
F-3249-2015,Grains/Cereal,high
F-3249-2017,Grains/Cereal,medium
F-3250-2015,Snacks/Candy,high
F-3250-2017,Grains/Cereal,medium
F-3251-2015,Dairy,high
F-3251-2017,Grains/Cereal,medium
F-3252-2017,Grains/Cereal,high
F-3253-2017,Grains/Cereal,medium
F-3254-2015,Produce,high
F-3254-2017,Grains/Cereal,medium
F-3255-2015,Produce,medium
F-3255-2017,Grains/Cereal,medium
F-3256-2015,Beverages,high
F-3256-2017,Grains/Cereal,medium
F-3257-2015,Supplements,high
F-3257-2017,Grains/Cereal,medium
F-3258-2015,Bakery,high
F-3258-2017,Grains/Cereal,medium
F-3259-2015,Baking Supplies,medium
F-3259-2017,Grains/Cereal,medium
F-3260-2015,Baking Supplies,medium
F-3260-2017,Grains/Cereal,medium
F-3261-2015,Baking Supplies,high
F-3261-2017,Grains/Cereal,medium
F-3262-2015,Baking Supplies,medium
F-3262-2017,Grains/Cereal,medium
F-3263-2015,Baking Supplies,high
F-3263-2017,Grains/Cereal,high
F-3264-2015,Baking Supplies,medium
F-3264-2017,Grains/Cereal,medium
F-3265-2015,Baking Supplies,medium
F-3265-2017,Grains/Cereal,high
F-3266-2015,Baking Supplies,high
F-3266-2017,Grains/Cereal,medium
F-3267-2017,Grains/Cereal,medium
F-3268-2017,Grains/Cereal,medium
F-3269-2017,Grains/Cereal,medium
F-3270-2017,Grains/Cereal,medium
F-3271-2017,Grains/Cereal,high
F-3272-2017,Grains/Cereal,medium
F-3273-2017,Grains/Cereal,medium
F-3274-2017,Grains/Cereal,medium
F-3275-2017,Grains/Cereal,medium
F-3276-2017,Grains/Cereal,medium
F-3277-2017,Grains/Cereal,high
F-3278-2017,Grains/Cereal,medium
F-3279-2017,Grains/Cereal,medium
F-3280-2017,Grains/Cereal,medium
F-3281-2017,Grains/Cereal,medium
F-3282-2017,Grains/Cereal,medium
F-3283-2017,Grains/Cereal,high
F-3284-2017,Grains/Cereal,medium
F-3285-2017,Grains/Cereal,medium
F-3286-2017,Grains/Cereal,medium
F-3287-2017,Grains/Cereal,medium
F-3288-2017,Grains/Cereal,medium
F-3289-2017,Grains/Cereal,medium
F-3290-2017,Grains/Cereal,medium
F-3291-2017,Grains/Cereal,medium
F-3292-2017,Grains/Cereal,medium
F-3293-2017,Grains/Cereal,medium
F-3294-2017,Grains/Cereal,medium
F-3295-2017,Grains/Cereal,medium
F-3296-2017,Grains/Cereal,high
F-3297-2017,Grains/Cereal,medium
F-3298-2017,Grains/Cereal,medium
F-3299-2017,Grains/Cereal,medium
F-3300-2017,Grains/Cereal,medium
F-3301-2017,Grains/Cereal,medium
F-3302-2017,Grains/Cereal,medium
F-3303-2017,Grains/Cereal,medium
F-3304-2017,Grains/Cereal,medium
F-3305-2017,Grains/Cereal,medium
F-3306-2017,Grains/Cereal,medium
F-3307-2017,Grains/Cereal,medium
F-3308-2017,Grains/Cereal,high
F-3309-2017,Grains/Cereal,medium
F-3310-2017,Grains/Cereal,medium
F-3311-2017,Grains/Cereal,medium
F-3312-2017,Grains/Cereal,high
F-3313-2017,Grains/Cereal,high
F-3314-2017,Grains/Cereal,medium
F-3315-2017,Grains/Cereal,medium
F-3316-2017,Grains/Cereal,medium
F-3317-2017,Grains/Cereal,medium
F-3318-2017,Grains/Cereal,medium
F-3319-2017,Grains/Cereal,medium
F-3320-2017,Grains/Cereal,medium
F-3321-2017,Grains/Cereal,medium
F-3322-2017,Grains/Cereal,medium
F-3323-2017,Grains/Cereal,high
F-3324-2017,Grains/Cereal,medium
F-3325-2017,Grains/Cereal,medium
F-3326-2017,Grains/Cereal,medium
F-3327-2017,Grains/Cereal,medium
F-3328-2017,Grains/Cereal,medium
F-3329-2017,Grains/Cereal,medium
F-3330-2017,Grains/Cereal,medium
F-3331-2017,Grains/Cereal,high
F-3332-2017,Grains/Cereal,medium
F-3333-2017,Grains/Cereal,medium
F-3334-2017,Grains/Cereal,medium
F-3335-2017,Nuts/Seeds,high
F-3336-2017,Grains/Cereal,high
F-3337-2017,Dairy,medium
F-3338-2017,Supplements,high
F-3339-2017,Nuts/Seeds,high
F-3340-2017,Nuts/Seeds,high
F-3341-2017,Nuts/Seeds,high
F-3342-2017,Nuts/Seeds,low
F-3343-2017,Nuts/Seeds,medium
F-3344-2017,Nuts/Seeds,high
F-3345-2017,Nuts/Seeds,low
F-3346-2017,Nuts/Seeds,medium
F-3347-2017,Nuts/Seeds,high
F-3348-2017,Supplements,high
F-3349-2017,Seafood,medium
F-3350-2017,Dairy,medium
F-3351-2017,Bakery,high
F-3352-2017,Nuts/Seeds,high
F-3353-2017,Prepared/Frozen,medium
F-3354-2017,Grains/Cereal,high
F-3355-2017,Supplements,high
F-3356-2017,Supplements,high
F-3357-2017,Seafood,medium
F-3358-2017,Seafood,high
F-3359-2017,Seafood,high
F-3360-2017,Nuts/Seeds,high
F-3361-2017,Plant Protein,high
F-3362-2017,Plant Protein,high
F-3363-2017,Dairy,high
F-3364-2017,Dairy,high
F-3365-2017,Snacks/Candy,high
F-3366-2017,Bakery,high
F-3367-2017,Supplements,high
F-3368-2017,Supplements,high
F-3369-2017,Supplements,high
F-3370-2017,Supplements,high
F-3371-2017,Supplements,high
F-3372-2017,Supplements,high
F-3373-2017,Supplements,high
F-3374-2017,Supplements,high
F-3375-2017,Snacks/Candy,medium
F-3376-2017,Snacks/Candy,medium
F-3377-2017,Snacks/Candy,medium
F-3378-2017,Snacks/Candy,high
F-3379-2017,Snacks/Candy,medium
F-3380-2017,Snacks/Candy,medium
F-3381-2017,Snacks/Candy,medium
F-3382-2017,Snacks/Candy,medium
F-3383-2017,Snacks/Candy,medium
F-3384-2017,Uncategorized,low
F-3385-2017,Plant Protein,medium
F-3386-2017,Prepared/Frozen,high
F-3387-2017,Eggs,high
F-3388-2017,Dairy,high
F-3389-2017,Prepared/Frozen,medium
F-3390-2017,Prepared/Frozen,high
F-3391-2017,Prepared/Frozen,medium
F-3392-2017,Prepared/Frozen,medium
F-3393-2017,Grains/Cereal,high
F-3394-2017,Snacks/Candy,high
F-3395-2017,Dairy,high
F-3396-2017,Dairy,medium
F-3397-2017,Spices/Condiments,medium
F-3398-2017,Dairy,high
F-3399-2017,Dairy,medium
F-3400-2017,Dairy,medium
F-3401-2017,Dairy,high
F-3402-2017,Dairy,medium
F-3403-2017,Plant Protein,medium
F-3404-2017,Plant Protein,medium
F-3405-2017,Plant Protein,medium
F-3406-2017,Dairy,high
F-3408-2017,Prepared/Frozen,medium
F-3409-2017,Supplements,high
F-3410-2017,Supplements,low
F-3411-2017,Produce,high
F-3412-2017,Produce,high
F-3413-2017,Produce,high
F-3414-2017,Produce,high
F-3415-2017,Produce,high
F-3416-2017,Produce,high
F-3417-2017,Produce,high
F-3418-2017,Produce,high
F-3419-2017,Produce,medium
F-3420-2017,Produce,high
F-3421-2017,Produce,high
F-3422-2017,Produce,high
F-3423-2017,Produce,high
F-3424-2017,Produce,high
F-3425-2017,Produce,high
F-3426-2017,Produce,high
F-3427-2017,Produce,high
F-3428-2017,Prepared/Frozen,medium
F-3429-2017,Produce,high
F-3430-2017,Prepared/Frozen,medium
F-3431-2017,Produce,high
F-3432-2017,Produce,high
F-3433-2017,Prepared/Frozen,medium
F-3434-2017,Prepared/Frozen,medium
F-3435-2017,Prepared/Frozen,medium
F-3436-2017,Prepared/Frozen,medium
F-3437-2017,Prepared/Frozen,medium
F-3438-2017,Prepared/Frozen,medium
F-3439-2017,Prepared/Frozen,medium
F-3440-2017,Prepared/Frozen,medium
F-3441-2017,Prepared/Frozen,medium
F-3442-2017,Bakery,high
F-3443-2017,Dairy,high
F-3444-2017,Dairy,high
F-3445-2017,Dairy,high
F-3446-2017,Dairy,high
F-3447-2017,Dairy,high
F-3448-2017,Dairy,high
F-3449-2017,Dairy,high
F-3450-2017,Dairy,high
F-3451-2017,Dairy,high
F-3452-2017,Bakery,high
F-3453-2017,Bakery,high
F-3454-2017,Bakery,high
F-3455-2017,Bakery,high
F-3456-2017,Produce,high
F-3457-2017,Produce,high
F-3458-2017,Snacks/Candy,medium
F-3459-2017,Snacks/Candy,high
F-3460-2017,Snacks/Candy,medium
F-3461-2017,Snacks/Candy,medium
F-3462-2017,Snacks/Candy,medium
F-3463-2017,Snacks/Candy,high
F-3464-2017,Snacks/Candy,medium
F-3465-2017,Snacks/Candy,medium
F-3466-2017,Spices/Condiments,medium
F-3467-2017,Produce,high
F-3468-2017,Snacks/Candy,high
F-3469-2017,Snacks/Candy,medium
F-3470-2017,Grains/Cereal,high
F-3471-2017,Snacks/Candy,medium
F-3472-2017,Snacks/Candy,medium
F-3473-2017,Snacks/Candy,medium
F-3474-2017,Snacks/Candy,medium
F-3475-2017,Snacks/Candy,high
F-3476-2017,Snacks/Candy,high
F-3477-2017,Snacks/Candy,high
F-3478-2017,Snacks/Candy,medium
F-3479-2017,Snacks/Candy,medium
F-3480-2017,Bakery,high
F-3481-2017,Produce,high
F-3483-2017,Produce,high
F-3484-2107,Snacks/Candy,high
F-3485-2017,Seafood,high
F-3486-2017,Seafood,high
F-3487-2017,Seafood,high
F-3488-2017,Dairy,high
F-3489-2017,Dairy,high
F-3490-2017,Dairy,high
F-3491-2017,Dairy,high
F-3492-2017,Dairy,high
F-3493-2017,Dairy,high
F-3494-2017,Dairy,high
F-3495-2017,Dairy,high
F-3496-2017,Dairy,high
F-3497-2017,Dairy,high
F-3498-2017,Dairy,high
F-3499-2017,Dairy,high
F-3500-2017,Dairy,high
F-3501-2017,Dairy,high
F-3502-2017,Dairy,high
F-3503-2017,Dairy,high
F-3504-2017,Dairy,high
F-3505-2017,Dairy,high
F-3506-2017,Dairy,high
F-3507-2017,Dairy,high
F-3508-2017,Dairy,high
F-3509-2017,Dairy,high
F-3510-2017,Dairy,high
F-3511-2017,Dairy,high
F-3512-2017,Dairy,high
F-3513-2017,Dairy,high
F-3514-2017,Spices/Condiments,high
F-3515-2017,Supplements,medium
F-3516-2017,Supplements,high
F-3517-2017,Supplements,high
F-3518-2017,Supplements,high
F-3519-2017,Supplements,high
F-3520-2017,Supplements,high
F-3521-2017,Supplements,high
F-3522-2017,Supplements,high
F-3523-2017,Supplements,high
F-3524-2017,Supplements,high
F-3525-2017,Supplements,high
F-3526-2017,Supplements,high
F-3527-2017,Supplements,high
F-3528-2017,Supplements,high
F-3529-2017,Supplements,high
F-3530-2017,Supplements,medium
F-3531-2017,Supplements,medium
F-3532-2017,Produce,high
F-3533-2017,Bakery,medium
F-3534-2017,Spices/Condiments,medium
F-3535-2017,Bakery,high
F-3536-2017,Bakery,high
F-3537-2017,Bakery,medium
F-3538-2017,Grains/Cereal,medium
F-3539-2017,Grains/Cereal,medium
F-3540-2017,Prepared/Frozen,medium
F-3541-2017,Bakery,high
F-3542-2017,Bakery,medium
F-3543-2017,Bakery,high
F-3544-2017,Seafood,medium
F-3545-2017,Beverages,high
F-3546-2017,Dairy,high
F-3547-2017,Dairy,high
F-3548-2017,Dairy,high
F-3549-2017,Dairy,high
F-3550-2017,Dairy,high
F-3551-2017,Dairy,high
F-3552-2017,Dairy,high
F-3553-2017,Dairy,high
F-3554-2017,Dairy,high
F-3555-2017,Snacks/Candy,high
F-3556-2017,Snacks/Candy,high
F-3557-2017,Snacks/Candy,medium
F-3558-2017,Dairy,medium
F-3559-2017,Dairy,medium
F-3560-2017,Produce,high
F-3561-2017,Beverages,low
F-3562-2017,Produce,high
F-3563-2017,Eggs,high
F-3564-2017,Spices/Condiments,medium
F-3565-2017,Spices/Condiments,high
F-3566-2017,Spices/Condiments,medium
F-3567-2017,Spices/Condiments,high
F-3568-2017,Spices/Condiments,high
F-3569-2017,Produce,low
F-3570-2017,Produce,medium
F-3571-2017,Bakery,high
F-3572-2017,Spices/Condiments,medium
F-3573-2017,Baking Supplies,low
F-3574-2017,Bakery,high
F-3575-2017,Snacks/Candy,high
F-3576-2017,Spices/Condiments,medium
F-3577-2017,Prepared/Frozen,medium
F-3578-2017,Baby/Toddler Food,low
F-3579-2017,Produce,medium
F-3580-2017,Produce,high
F-3581-2017,Produce,high
F-3582-2017,Nuts/Seeds,high
F-3583-2017,Snacks/Candy,high
F-3584-2017,Prepared/Frozen,high
F-3585-2017,Plant Protein,high
F-3586-2017,Supplements,low
F-3587-2017,Supplements,medium
F-3588-2017,Supplements,medium
F-3589-2017,Supplements,medium
F-3590-2017,Supplements,medium
F-3591-2017,Supplements,medium
F-3592-2017,Uncategorized,low
F-3593-2017,Supplements,medium
F-3594-2017,Uncategorized,low
F-3595-2017,Supplements,medium
F-3596-2017,Supplements,medium
F-3597-2017,Supplements,low
F-3598-2017,Supplements,low
F-3599-2017,Supplements,low
F-3600-2017,Supplements,medium
F-3601-2017,Supplements,medium
F-3602-2017,Uncategorized,low
F-3603-2017,Supplements,medium
F-3604-2017,Produce,high
F-3605-2017,Uncategorized,low
F-3606-2017,Produce,high
F-3607-2017,Produce,low
F-3608-2017,Produce,high
F-3609-2017,Baking Supplies,medium
F-3610-2017,Bakery,high
F-3611-2017,Bakery,high
F-5060-2014,Prepared/Frozen,medium
F-703-2014,Supplements,high
F0152-2014,Supplements,high
F0515-2013,Bakery,high
F0534-2016,Seafood,high
F0778-2016,Produce,medium
F0822-2013,Baby/Toddler Food,high
F0926-2014,Prepared/Frozen,medium
F1059-2014,Prepared/Frozen,high
F1306-2013,Beverages,high
F1396-2013,Beef/Pork/Poultry/Game Meats,high
F1402-2013,Snacks/Candy,high
F1462-2014,Nuts/Seeds,high
F1467-2013,Prepared/Frozen,high
F1582-2013,Supplements,high
F1583-2013,Supplements,high
F1734-2016,Bakery,medium
F1778-2014,Prepared/Frozen,medium
F1798-2013,Snacks/Candy,medium
F1839-2015,Spices/Condiments,high
F1843-2014,Spices/Condiments,high
F1877-2015,Spices/Condiments,high
F1881-2015,Prepared/Frozen,low
F1920-2013,Supplements,high
F1986-2015,Spices/Condiments,high
F1990-2014,Snacks/Candy,medium
F2225-2012,Produce,medium
F3236-2015,Nuts/Seeds,high
Ff-2095-201,Plant Protein,high
H-0001-2025,Spices/Condiments,high
H-0001-2026,Bakery,high
H-0002-2025,Produce,high
H-0002-2026,Grains/Cereal,medium
H-0003-2025,Produce,high
H-0003-2026,Bakery,high
H-0004-2025,Produce,medium
H-0004-2026,Bakery,high
H-0005-2025,Baby/Toddler Food,high
H-0005-2026,Bakery,medium
H-0006-2025,Produce,high
H-0006-2026,Bakery,high
H-0007-2025,Supplements,low
H-0007-2026,Bakery,high
H-0008-2025,Prepared/Frozen,medium
H-0008-2026,Bakery,high
H-0009-2025,Spices/Condiments,medium
H-0009-2026,Bakery,high
H-0010-2025,Produce,medium
H-0010-2026,Beverages,high
H-0011-2025,Grains/Cereal,high
H-0011-2026,Eggs,high
H-0012-2025,Beverages,high
H-0012-2026,Supplements,medium
H-0013-2025,Produce,high
H-0013-2026,Grains/Cereal,medium
H-0014-2025,Supplements,medium
H-0014-2026,Snacks/Candy,low
H-0015-2025,Supplements,high
H-0015-2026,Uncategorized,low
H-0016-2025,Supplements,medium
H-0016-2026,Snacks/Candy,low
H-0017-2025,Dairy,high
H-0017-2026,Uncategorized,low
H-0018-2025,Produce,high
H-0018-2026,Snacks/Candy,low
H-0019-2025,Produce,medium
H-0019-2026,Supplements,low
H-0020-2025,Prepared/Frozen,high
H-0020-2026,Supplements,high
H-0021-2025,Prepared/Frozen,medium
H-0021-2026,Supplements,high
H-0022-2025,Prepared/Frozen,medium
H-0022-2026,Supplements,medium
H-0023-2025,Spices/Condiments,high
H-0023-2026,Seafood,high
H-0024-2025,Prepared/Frozen,medium
H-0024-2026,Seafood,low
H-0025-2025,Prepared/Frozen,medium
H-0025-2026,Supplements,medium
H-0026-2025,Produce,high
H-0026-2026,Produce,high
H-0027-2025,Produce,high
H-0027-2026,Grains/Cereal,low
H-0028-2025,Produce,high
H-0028-2026,Grains/Cereal,medium
H-0029-2025,Produce,high
H-0029-2026,Bakery,high
H-0030-2025,Produce,high
H-0030-2026,Bakery,high
H-0031-2025,Produce,high
H-0031-2026,Supplements,high
H-0032-2025,Spices/Condiments,high
H-0032-2026,Seafood,high
H-0033-2025,Spices/Condiments,medium
H-0033-2026,Seafood,high
H-0034-2025,Spices/Condiments,high
H-0034-2026,Nuts/Seeds,high
H-0035-2025,Spices/Condiments,high
H-0035-2026,Produce,high
H-0036-2025,Produce,high
H-0036-2026,Seafood,high
H-0037-2025,Produce,high
H-0037-2026,Supplements,high
H-0038-2025,Produce,high
H-0038-2026,Produce,high
H-0039-2025,Produce,high
H-0039-2026,Produce,high
H-0040-2025,Bakery,high
H-0040-2026,Produce,high
H-0041-2025,Produce,low
H-0041-2026,Produce,medium
H-0042-2025,Produce,medium
H-0042-2026,Produce,low
H-0043-2025,Seafood,high
H-0043-2026,Dairy,high
H-0044-2025,Grains/Cereal,high
H-0044-2026,Dairy,high
H-0045-2025,Prepared/Frozen,high
H-0045-2026,Beverages,high
H-0046-2025,Produce,medium
H-0046-2026,Prepared/Frozen,medium
H-0047-2025,Spices/Condiments,medium
H-0047-2026,Eggs,high
H-0048-2025,Beverages,high
H-0048-2026,Eggs,high
H-0049-2025,Spices/Condiments,medium
H-0049-2026,Eggs,high
H-0050-2025,Supplements,high
H-0050-2026,Eggs,high
H-0051-2025,Spices/Condiments,high
H-0051-2026,Eggs,high
H-0052-2025,Produce,medium
H-0052-2026,Eggs,high
H-0053-2025,Produce,high
H-0053-2026,Eggs,high
H-0054-2025,Produce,low
H-0054-2026,Eggs,high
H-0055-2025,Produce,high
H-0055-2026,Eggs,high
H-0056-2025,Produce,medium
H-0056-2026,Eggs,high
H-0057-2025,Beverages,high
H-0057-2026,Prepared/Frozen,medium
H-0058-2025,Bakery,high
H-0058-2026,Non-Food Item,high
H-0059-2025,Bakery,high
H-0059-2026,Produce,high
H-0060-2025,Bakery,high
H-0060-2026,Produce,high
H-0061-2025,Spices/Condiments,high
H-0061-2026,Produce,high
H-0062-2025,Spices/Condiments,high
H-0062-2026,Produce,high
H-0063-2025,Grains/Cereal,medium
H-0063-2026,Produce,high
H-0064-2025,Prepared/Frozen,medium
H-0064-2026,Produce,medium
H-0065-2025,Snacks/Candy,high
H-0065-2026,Produce,high
H-0066-2025,Bakery,medium
H-0066-2026,Produce,high
H-0067-2025,Seafood,high
H-0067-2026,Produce,high
H-0068-2025,Seafood,high
H-0068-2026,Produce,high
H-0069-2025,Seafood,high
H-0069-2026,Produce,high
H-0070-2025,Seafood,high
H-0070-2026,Spices/Condiments,high
H-0071-2025,Spices/Condiments,high
H-0071-2026,Snacks/Candy,medium
H-0072-2025,Grains/Cereal,medium
H-0072-2026,Bakery,medium
H-0073-2025,Grains/Cereal,medium
H-0073-2026,Beverages,high
H-0074-2025,Grains/Cereal,medium
H-0074-2026,Grains/Cereal,high
H-0075-2025,Grains/Cereal,medium
H-0075-2026,Grains/Cereal,high
H-0076-2025,Grains/Cereal,low
H-0076-2026,Grains/Cereal,medium
H-0077-2025,Grains/Cereal,medium
H-0077-2026,Grains/Cereal,high
H-0078-2025,Spices/Condiments,low
H-0078-2026,Grains/Cereal,high
H-0079-2025,Plant Protein,medium
H-0079-2026,Grains/Cereal,medium
H-0080-2025,Spices/Condiments,low
H-0080-2026,Grains/Cereal,medium
H-0081-2025,Prepared/Frozen,low
H-0081-2026,Grains/Cereal,high
H-0082-2025,Spices/Condiments,high
H-0082-2026,Grains/Cereal,high
H-0083-2025,Spices/Condiments,high
H-0083-2026,Prepared/Frozen,high
H-0084-2025,Snacks/Candy,low
H-0084-2026,Produce,high
H-0085-2025,Snacks/Candy,low
H-0085-2026,Prepared/Frozen,medium
H-0086-2025,Snacks/Candy,medium
H-0086-2026,Prepared/Frozen,medium
H-0087-2025,Grains/Cereal,medium
H-0087-2026,Prepared/Frozen,medium
H-0088-2025,Bakery,medium
H-0088-2026,Prepared/Frozen,medium
H-0089-2025,Baby/Toddler Food,low
H-0089-2026,Prepared/Frozen,medium
H-0090-2025,Baby/Toddler Food,low
H-0090-2026,Prepared/Frozen,medium
H-0091-2025,Supplements,high
H-0091-2026,Prepared/Frozen,medium
H-0092-2025,Supplements,high
H-0092-2026,Snacks/Candy,medium
H-0093-2025,Supplements,high
H-0093-2026,Snacks/Candy,low
H-0094-2025,Supplements,high
H-0094-2026,Prepared/Frozen,medium
H-0095-2025,Supplements,high
H-0095-2026,Prepared/Frozen,medium
H-0096-2025,Supplements,high
H-0096-2026,Grains/Cereal,high
H-0097-2025,Dairy,high
H-0097-2026,Grains/Cereal,medium
H-0098-2025,Spices/Condiments,low
H-0098-2026,Grains/Cereal,high
H-0099-2025,Prepared/Frozen,high
H-0099-2026,Snacks/Candy,high
H-0100-2025,Prepared/Frozen,medium
H-0100-2026,Bakery,medium
H-0101-2025,Prepared/Frozen,medium
H-0101-2026,Bakery,medium
H-0102-2025,Prepared/Frozen,medium
H-0102-2026,Bakery,medium
H-0103-2025,Prepared/Frozen,medium
H-0103-2026,Bakery,high
H-0104-2025,Seafood,medium
H-0104-2026,Bakery,medium
H-0105-2025,Seafood,medium
H-0105-2026,Bakery,medium
H-0106-2025,Seafood,medium
H-0106-2026,Beverages,high
H-0107-2025,Seafood,medium
H-0107-2026,Beverages,high
H-0108-2025,Seafood,medium
H-0108-2026,Beverages,high
H-0109-2025,Seafood,medium
H-0109-2026,Produce,high
H-0110-2025,Seafood,medium
H-0110-2026,Produce,high
H-0111-2025,Seafood,high
H-0111-2026,Plant Protein,high
H-0112-2025,Seafood,medium
H-0112-2026,Seafood,high
H-0113-2025,Seafood,medium
H-0113-2026,Seafood,high
H-0114-2025,Seafood,medium
H-0114-2026,Seafood,high
H-0115-2025,Dairy,low
H-0115-2026,Seafood,high
H-0116-2025,Prepared/Frozen,low
H-0116-2026,Seafood,high
H-0117-2025,Dairy,medium
H-0117-2026,Prepared/Frozen,high
H-0118-2025,Dairy,medium
H-0118-2026,Prepared/Frozen,medium
H-0119-2025,Dairy,low
H-0119-2026,Prepared/Frozen,medium
H-0120-2025,Seafood,medium
H-0120-2026,Prepared/Frozen,medium
H-0121-2025,Seafood,medium
H-0121-2026,Prepared/Frozen,medium
H-0122-2025,Seafood,high
H-0122-2026,Prepared/Frozen,high
H-0123-2025,Seafood,medium
H-0123-2026,Prepared/Frozen,medium
H-0124-2025,Seafood,medium
H-0124-2026,Prepared/Frozen,low
H-0125-2025,Seafood,medium
H-0125-2026,Prepared/Frozen,medium
H-0126-2025,Seafood,medium
H-0126-2026,Prepared/Frozen,medium
H-0127-2025,Seafood,high
H-0127-2026,Snacks/Candy,high
H-0128-2025,Seafood,medium
H-0128-2026,Dairy,high
H-0129-2025,Seafood,medium
H-0129-2026,Supplements,medium
H-0130-2025,Seafood,high
H-0130-2026,Supplements,medium
H-0131-2025,Seafood,high
H-0131-2026,Supplements,medium
H-0132-2025,Seafood,low
H-0132-2026,Prepared/Frozen,medium
H-0133-2025,Seafood,medium
H-0133-2026,Seafood,medium
H-0134-2025,Seafood,medium
H-0134-2026,Baby/Toddler Food,high
H-0135-2025,Seafood,high
H-0135-2026,Snacks/Candy,medium
H-0136-2025,Seafood,high
H-0136-2026,Baking Supplies,medium
H-0137-2025,Seafood,high
H-0137-2026,Bakery,high
H-0138-2025,Seafood,medium
H-0138-2026,Bakery,high
H-0139-2025,Seafood,medium
H-0139-2026,Snacks/Candy,high
H-0140-2025,Seafood,medium
H-0140-2026,Seafood,high
H-0141-2025,Seafood,medium
H-0141-2026,Prepared/Frozen,medium
H-0142-2025,Seafood,high
H-0142-2026,Produce,high
H-0143-2025,Seafood,high
H-0143-2026,Prepared/Frozen,high
H-0144-2025,Seafood,high
H-0144-2026,Prepared/Frozen,medium
H-0145-2025,Seafood,high
H-0145-2026,Nuts/Seeds,high
H-0146-2025,Seafood,high
H-0146-2026,Nuts/Seeds,high
H-0147-2025,Seafood,medium
H-0147-2026,Seafood,high
H-0148-2025,Seafood,medium
H-0148-2026,Prepared/Frozen,medium
H-0149-2025,Seafood,medium
H-0149-2026,Prepared/Frozen,medium
H-0150-2025,Seafood,high
H-0150-2026,Prepared/Frozen,medium
H-0151-2025,Seafood,medium
H-0151-2026,Plant Protein,high
H-0152-2025,Seafood,medium
H-0152-2026,Prepared/Frozen,medium
H-0153-2025,Seafood,medium
H-0153-2026,Eggs,high
H-0154-2025,Seafood,high
H-0154-2026,Spices/Condiments,high
H-0155-2025,Seafood,high
H-0155-2026,Prepared/Frozen,low
H-0156-2025,Seafood,medium
H-0156-2026,Bakery,low
H-0157-2025,Seafood,high
H-0157-2026,Seafood,high
H-0158-2025,Seafood,high
H-0158-2026,Seafood,high
H-0159-2025,Seafood,medium
H-0159-2026,Seafood,high
H-0160-2025,Seafood,high
H-0160-2026,Seafood,high
H-0161-2025,Seafood,high
H-0161-2026,Seafood,high
H-0162-2025,Seafood,medium
H-0162-2026,Seafood,high
H-0163-2025,Seafood,medium
H-0163-2026,Seafood,high
H-0164-2025,Seafood,medium
H-0164-2026,Seafood,high
H-0165-2025,Seafood,medium
H-0165-2026,Seafood,high
H-0166-2025,Seafood,medium
H-0166-2026,Dairy,high
H-0167-2025,Seafood,medium
H-0167-2026,Bakery,low
H-0168-2025,Seafood,high
H-0168-2026,Eggs,high
H-0169-2025,Seafood,medium
H-0169-2026,Spices/Condiments,high
H-0170-2025,Seafood,medium
H-0170-2026,Eggs,high
H-0171-2025,Seafood,medium
H-0171-2026,Eggs,high
H-0172-2025,Seafood,high
H-0172-2026,Spices/Condiments,high
H-0173-2025,Seafood,medium
H-0173-2026,Bakery,high
H-0174-2025,Seafood,high
H-0174-2026,Produce,high
H-0175-2025,Seafood,medium
H-0175-2026,Produce,high
H-0176-2025,Seafood,medium
H-0176-2026,Produce,high
H-0177-2025,Seafood,low
H-0177-2026,Produce,high
H-0178-2025,Seafood,medium
H-0178-2026,Snacks/Candy,high
H-0179-2025,Seafood,high
H-0179-2026,Snacks/Candy,high
H-0180-2025,Seafood,medium
H-0180-2026,Prepared/Frozen,medium
H-0181-2025,Seafood,high
H-0181-2026,Supplements,high
H-0182-2025,Seafood,high
H-0182-2026,Supplements,high
H-0183-2025,Seafood,high
H-0183-2026,Supplements,medium
H-0184-2025,Seafood,medium
H-0184-2026,Grains/Cereal,high
H-0185-2025,Seafood,high
H-0185-2026,Supplements,high
H-0186-2025,Seafood,high
H-0186-2026,Supplements,high
H-0187-2025,Seafood,high
H-0187-2026,Supplements,high
H-0188-2025,Seafood,medium
H-0188-2026,Supplements,high
H-0189-2025,Seafood,high
H-0189-2026,Seafood,medium
H-0190-2025,Seafood,medium
H-0190-2026,Prepared/Frozen,high
H-0191-2025,Seafood,high
H-0191-2026,Dairy,high
H-0192-2025,Seafood,high
H-0192-2026,Dairy,high
H-0193-2025,Seafood,low
H-0193-2026,Dairy,high
H-0194-2025,Seafood,medium
H-0194-2026,Dairy,high
H-0195-2025,Seafood,high
H-0195-2026,Dairy,high
H-0196-2025,Seafood,high
H-0196-2026,Dairy,high
H-0197-2025,Seafood,medium
H-0197-2026,Dairy,high
H-0198-2025,Prepared/Frozen,low
H-0198-2026,Dairy,high
H-0199-2025,Prepared/Frozen,low
H-0199-2026,Spices/Condiments,medium
H-0200-2025,Spices/Condiments,high
H-0200-2026,Spices/Condiments,medium
H-0201-2025,Seafood,high
H-0201-2026,Prepared/Frozen,medium
H-0202-2025,Seafood,medium
H-0202-2026,Seafood,high
H-0203-2025,Beverages,high
H-0203-2026,Spices/Condiments,high
H-0204-2025,Produce,high
H-0204-2026,Supplements,low
H-0205-2025,Produce,medium
H-0205-2026,Supplements,high
H-0206-2025,Produce,medium
H-0206-2026,Nuts/Seeds,high
H-0207-2025,Produce,high
H-0207-2026,Dairy,high
H-0208-2025,Prepared/Frozen,medium
H-0208-2026,Spices/Condiments,high
H-0209-2025,Prepared/Frozen,medium
H-0209-2026,Seafood,medium
H-0210-2025,Eggs,high
H-0210-2026,Dairy,high
H-0211-2025,Nuts/Seeds,medium
H-0211-2026,Uncategorized,low
H-0212-2025,Supplements,high
H-0212-2026,Dairy,high
H-0213-2025,Snacks/Candy,medium
H-0213-2026,Supplements,high
H-0214-2025,Dairy,high
H-0214-2026,Dairy,high
H-0215-2025,Snacks/Candy,medium
H-0215-2026,Dairy,high
H-0216-2025,Snacks/Candy,medium
H-0216-2026,Dairy,high
H-0217-2025,Produce,high
H-0217-2026,Dairy,high
H-0218-2025,Bakery,high
H-0218-2026,Dairy,high
H-0219-2025,Bakery,high
H-0219-2026,Dairy,high
H-0220-2025,Bakery,high
H-0220-2026,Dairy,high
H-0221-2025,Spices/Condiments,medium
H-0221-2026,Dairy,high
H-0222-2025,Produce,high
H-0222-2026,Spices/Condiments,medium
H-0223-2025,Produce,high
H-0223-2026,Spices/Condiments,high
H-0224-2025,Produce,high
H-0224-2026,Produce,medium
H-0225-2025,Produce,high
H-0225-2026,Prepared/Frozen,high
H-0226-2025,Produce,high
H-0226-2026,Seafood,high
H-0227-2025,Produce,high
H-0227-2026,Dairy,high
H-0228-2025,Produce,high
H-0228-2026,Nuts/Seeds,high
H-0229-2025,Produce,high
H-0229-2026,Bakery,high
H-0230-2025,Produce,high
H-0230-2026,Bakery,medium
H-0231-2025,Produce,high
H-0231-2026,Prepared/Frozen,high
H-0232-2025,Produce,high
H-0232-2026,Spices/Condiments,medium
H-0233-2025,Produce,medium
H-0233-2026,Supplements,high
H-0234-2025,Produce,high
H-0234-2026,Non-Food Item,high
H-0235-2025,Produce,high
H-0235-2026,Spices/Condiments,high
H-0236-2025,Produce,high
H-0236-2026,Spices/Condiments,high
H-0237-2025,Produce,high
H-0237-2026,Seafood,high
H-0238-2025,Produce,high
H-0238-2026,Seafood,high
H-0239-2025,Produce,high
H-0239-2026,Bakery,high
H-0240-2025,Produce,high
H-0240-2026,Oils/Fats,high
H-0241-2025,Produce,high
H-0241-2026,Oils/Fats,high
H-0242-2025,Produce,high
H-0242-2026,Non-Food Item,high
H-0243-2025,Produce,high
H-0243-2026,Non-Food Item,medium
H-0244-2025,Produce,high
H-0244-2026,Non-Food Item,medium
H-0245-2025,Produce,high
H-0245-2026,Prepared/Frozen,medium
H-0246-2025,Produce,high
H-0246-2026,Prepared/Frozen,high
H-0247-2025,Produce,high
H-0247-2026,Produce,medium
H-0248-2025,Produce,high
H-0248-2026,Dairy,high
H-0249-2025,Produce,high
H-0249-2026,Baby/Toddler Food,high
H-0250-2025,Produce,medium
H-0250-2026,Prepared/Frozen,low
H-0251-2025,Produce,high
H-0251-2026,Produce,high
H-0252-2025,Spices/Condiments,high
H-0252-2026,Produce,high
H-0253-2025,Oils/Fats,high
H-0253-2026,Produce,medium
H-0254-2025,Bakery,high
H-0254-2026,Produce,high
H-0255-2025,Bakery,medium
H-0255-2026,Produce,high
H-0256-2025,Bakery,high
H-0256-2026,Produce,medium
H-0257-2025,Bakery,high
H-0257-2026,Prepared/Frozen,low
H-0258-2025,Bakery,high
H-0258-2026,Produce,high
H-0259-2025,Produce,medium
H-0259-2026,Produce,high
H-0260-2025,Supplements,medium
H-0260-2026,Plant Protein,medium
H-0261-2025,Produce,high
H-0261-2026,Produce,medium
H-0262-2025,Produce,high
H-0262-2026,Produce,medium
H-0263-2025,Produce,high
H-0263-2026,Produce,medium
H-0264-2025,Produce,high
H-0264-2026,Produce,medium
H-0265-2025,Produce,high
H-0265-2026,Produce,high
H-0266-2025,Produce,high
H-0266-2026,Produce,high
H-0267-2025,Produce,high
H-0267-2026,Produce,low
H-0268-2025,Produce,medium
H-0268-2026,Produce,medium
H-0269-2025,Prepared/Frozen,medium
H-0269-2026,Produce,low
H-0270-2025,Produce,medium
H-0270-2026,Produce,high
H-0271-2025,Produce,high
H-0271-2026,Produce,high
H-0272-2025,Snacks/Candy,high
H-0272-2026,Spices/Condiments,medium
H-0273-2025,Beverages,high
H-0273-2026,Produce,medium
H-0274-2025,Beverages,high
H-0274-2026,Produce,medium
H-0275-2025,Beverages,high
H-0275-2026,Plant Protein,medium
H-0276-2025,Beverages,high
H-0276-2026,Produce,high
H-0277-2025,Beverages,high
H-0277-2026,Prepared/Frozen,medium
H-0278-2025,Snacks/Candy,medium
H-0278-2026,Plant Protein,medium
H-0279-2025,Produce,medium
H-0279-2026,Produce,high
H-0280-2025,Baby/Toddler Food,high
H-0280-2026,Produce,high
H-0281-2025,Snacks/Candy,high
H-0281-2026,Produce,high
H-0282-2025,Snacks/Candy,high
H-0282-2026,Produce,high
H-0283-2025,Snacks/Candy,medium
H-0283-2026,Produce,high
H-0284-2025,Dairy,medium
H-0284-2026,Produce,high
H-0285-2025,Dairy,low
H-0285-2026,Produce,high
H-0286-2025,Prepared/Frozen,low
H-0286-2026,Produce,high
H-0287-2025,Dairy,low
H-0287-2026,Produce,high
H-0288-2025,Dairy,medium
H-0288-2026,Produce,high
H-0289-2025,Prepared/Frozen,low
H-0289-2026,Produce,high
H-0290-2025,Prepared/Frozen,medium
H-0290-2026,Produce,medium
H-0291-2025,Prepared/Frozen,medium
H-0291-2026,Produce,high
H-0292-2025,Prepared/Frozen,medium
H-0292-2026,Produce,medium
H-0293-2025,Prepared/Frozen,medium
H-0293-2026,Produce,medium
H-0294-2025,Dairy,high
H-0294-2026,Produce,high
H-0295-2025,Dairy,high
H-0295-2026,Produce,low
H-0296-2025,Dairy,high
H-0296-2026,Produce,medium
H-0297-2025,Dairy,high
H-0297-2026,Produce,low
H-0298-2025,Dairy,high
H-0298-2026,Produce,high
H-0299-2025,Dairy,high
H-0299-2026,Prepared/Frozen,low
H-0300-2025,Dairy,high
H-0300-2026,Prepared/Frozen,low
H-0301-2025,Dairy,high
H-0301-2026,Produce,medium
H-0302-2025,Dairy,high
H-0302-2026,Plant Protein,medium
H-0303-2025,Dairy,high
H-0303-2026,Beverages,high
H-0304-2025,Dairy,high
H-0304-2026,Non-Food Item,high
H-0305-2025,Spices/Condiments,medium
H-0305-2026,Dairy,high
H-0306-2025,Plant Protein,high
H-0306-2026,Non-Food Item,high
H-0307-2025,Nuts/Seeds,medium
H-0307-2026,Beverages,high
H-0308-2025,Dairy,high
H-0308-2026,Baby/Toddler Food,high
H-0309-2025,Dairy,high
H-0309-2026,Supplements,low
H-0310-2025,Dairy,high
H-0310-2026,Supplements,medium
H-0311-2025,Dairy,high
H-0311-2026,Seafood,high
H-0312-2025,Dairy,high
H-0312-2026,Seafood,high
H-0313-2025,Dairy,high
H-0313-2026,Spices/Condiments,high
H-0314-2025,Dairy,high
H-0314-2026,Produce,high
H-0315-2025,Dairy,high
H-0315-2026,Produce,high
H-0316-2025,Produce,high
H-0316-2026,Produce,high
H-0317-2025,Produce,high
H-0317-2026,Produce,high
H-0318-2025,Produce,high
H-0318-2026,Produce,high
H-0319-2025,Bakery,high
H-0319-2026,Produce,high
H-0320-2025,Plant Protein,high
H-0320-2026,Produce,high
H-0321-2025,Dairy,high
H-0321-2026,Produce,medium
H-0322-2025,Nuts/Seeds,medium
H-0322-2026,Produce,medium
H-0323-2025,Snacks/Candy,high
H-0323-2026,Produce,medium
H-0324-2025,Snacks/Candy,high
H-0324-2026,Produce,medium
H-0325-2025,Snacks/Candy,high
H-0325-2026,Spices/Condiments,medium
H-0326-2025,Snacks/Candy,high
H-0326-2026,Prepared/Frozen,high
H-0327-2025,Spices/Condiments,high
H-0327-2026,Beverages,high
H-0328-2025,Produce,high
H-0328-2026,Beverages,medium
H-0329-2025,Produce,high
H-0329-2026,Snacks/Candy,high
H-0330-2025,Produce,medium
H-0330-2026,Bakery,high
H-0331-2025,Prepared/Frozen,medium
H-0331-2026,Bakery,high
H-0332-2025,Prepared/Frozen,high
H-0332-2026,Bakery,medium
H-0333-2025,Prepared/Frozen,high
H-0333-2026,Dairy,high
H-0334-2025,Prepared/Frozen,high
H-0334-2026,Spices/Condiments,high
H-0335-2025,Prepared/Frozen,high
H-0335-2026,Spices/Condiments,high
H-0336-2025,Prepared/Frozen,high
H-0336-2026,Spices/Condiments,high
H-0337-2025,Produce,high
H-0337-2026,Nuts/Seeds,high
H-0338-2025,Bakery,high
H-0338-2026,Snacks/Candy,high
H-0339-2025,Bakery,high
H-0339-2026,Snacks/Candy,high
H-0340-2025,Bakery,high
H-0340-2026,Supplements,high
H-0341-2025,Bakery,high
H-0341-2026,Supplements,high
H-0342-2025,Bakery,high
H-0342-2026,Supplements,high
H-0343-2025,Bakery,high
H-0343-2026,Supplements,high
H-0344-2025,Bakery,medium
H-0344-2026,Supplements,high
H-0345-2025,Bakery,high
H-0345-2026,Supplements,high
H-0346-2025,Bakery,high
H-0346-2026,Supplements,high
H-0347-2025,Bakery,medium
H-0347-2026,Supplements,high
H-0348-2025,Bakery,medium
H-0348-2026,Supplements,high
H-0349-2025,Bakery,medium
H-0349-2026,Non-Food Item,high
H-0350-2025,Seafood,high
H-0350-2026,Snacks/Candy,high
H-0351-2025,Seafood,high
H-0351-2026,Non-Food Item,high
H-0352-2025,Seafood,high
H-0352-2026,Bakery,high
H-0353-2025,Seafood,high
H-0353-2026,Prepared/Frozen,high
H-0354-2025,Oils/Fats,medium
H-0354-2026,Prepared/Frozen,high
H-0355-2025,Bakery,high
H-0355-2026,Prepared/Frozen,medium
H-0356-2025,Bakery,high
H-0356-2026,Prepared/Frozen,medium
H-0357-2025,Bakery,high
H-0357-2026,Nuts/Seeds,high
H-0358-2025,Bakery,high
H-0358-2026,Snacks/Candy,high
H-0359-2025,Bakery,high
H-0359-2026,Snacks/Candy,high
H-0360-2025,Bakery,medium
H-0360-2026,Bakery,medium
H-0361-2025,Snacks/Candy,medium
H-0361-2026,Snacks/Candy,high
H-0362-2025,Bakery,medium
H-0362-2026,Snacks/Candy,medium
H-0363-2025,Bakery,high
H-0363-2026,Snacks/Candy,high
H-0364-2025,Bakery,high
H-0364-2026,Bakery,high
H-0365-2025,Bakery,high
H-0365-2026,Produce,high
H-0366-2025,Snacks/Candy,medium
H-0366-2026,Bakery,medium
H-0367-2025,Bakery,high
H-0367-2026,Dairy,high
H-0368-2025,Bakery,high
H-0368-2026,Dairy,high
H-0369-2025,Bakery,high
H-0369-2026,Dairy,high
H-0370-2025,Snacks/Candy,low
H-0370-2026,Dairy,high
H-0371-2025,Bakery,high
H-0371-2026,Dairy,high
H-0372-2025,Bakery,low
H-0372-2026,Dairy,high
H-0373-2025,Bakery,high
H-0373-2026,Dairy,high
H-0374-2025,Bakery,high
H-0374-2026,Dairy,high
H-0375-2025,Bakery,high
H-0375-2026,Prepared/Frozen,medium
H-0376-2025,Bakery,high
H-0376-2026,Prepared/Frozen,medium
H-0377-2025,Bakery,high
H-0377-2026,Bakery,high
H-0378-2025,Bakery,medium
H-0378-2026,Bakery,high
H-0379-2025,Nuts/Seeds,high
H-0379-2026,Seafood,high
H-0380-2025,Spices/Condiments,medium
H-0380-2026,Seafood,high
H-0381-2025,Spices/Condiments,medium
H-0381-2026,Prepared/Frozen,medium
H-0382-2025,Spices/Condiments,high
H-0382-2026,Prepared/Frozen,high
H-0383-2025,Spices/Condiments,high
H-0383-2026,Dairy,high
H-0384-2025,Spices/Condiments,high
H-0384-2026,Dairy,high
H-0385-2025,Bakery,high
H-0385-2026,Grains/Cereal,low
H-0386-2025,Baby/Toddler Food,high
H-0386-2026,Spices/Condiments,high
H-0387-2025,Produce,high
H-0387-2026,Spices/Condiments,high
H-0388-2025,Dairy,high
H-0388-2026,Spices/Condiments,high
H-0389-2025,Prepared/Frozen,medium
H-0389-2026,Spices/Condiments,medium
H-0390-2025,Beverages,high
H-0390-2026,Spices/Condiments,medium
H-0391-2025,Seafood,high
H-0391-2026,Snacks/Candy,high
H-0392-2025,Bakery,medium
H-0392-2026,Produce,high
H-0393-2025,Bakery,high
H-0393-2026,Supplements,medium
H-0394-2025,Produce,medium
H-0394-2026,Nuts/Seeds,low
H-0395-2025,Prepared/Frozen,medium
H-0395-2026,Bakery,high
H-0396-2025,Dairy,high
H-0396-2026,Bakery,high
H-0397-2025,Dairy,high
H-0397-2026,Bakery,high
H-0398-2025,Dairy,high
H-0398-2026,Prepared/Frozen,medium
H-0399-2025,Eggs,high
H-0399-2026,Snacks/Candy,high
H-0400-2025,Dairy,high
H-0400-2026,Bakery,high
H-0401-2025,Dairy,high
H-0401-2026,Seafood,high
H-0402-2025,Dairy,high
H-0402-2026,Bakery,medium
H-0403-2025,Dairy,high
H-0403-2026,Produce,high
H-0404-2025,Oils/Fats,high
H-0404-2026,Supplements,high
H-0405-2025,Beverages,high
H-0405-2026,Supplements,high
H-0406-2025,Beverages,high
H-0406-2026,Seafood,high
H-0407-2025,Beverages,high
H-0407-2026,Spices/Condiments,high
H-0408-2025,Beverages,high
H-0408-2026,Beverages,high
H-0409-2025,Beverages,high
H-0409-2026,Bakery,high
H-0410-2025,Bakery,high
H-0410-2026,Snacks/Candy,medium
H-0411-2025,Supplements,medium
H-0411-2026,Uncategorized,high
H-0412-2025,Dairy,high
H-0412-2026,Bakery,high
H-0413-2025,Plant Protein,medium
H-0413-2026,Bakery,high
H-0414-2025,Beverages,high
H-0414-2026,Bakery,high
H-0415-2025,Beverages,high
H-0415-2026,Bakery,high
H-0416-2025,Dairy,high
H-0416-2026,Prepared/Frozen,high
H-0417-2025,Dairy,high
H-0417-2026,Spices/Condiments,high
H-0418-2025,Dairy,high
H-0418-2026,Supplements,high
H-0419-2025,Bakery,high
H-0419-2026,Beverages,high
H-0420-2025,Bakery,high
H-0420-2026,Produce,medium
H-0421-2025,Bakery,medium
H-0421-2026,Plant Protein,medium
H-0422-2025,Bakery,high
H-0422-2026,Produce,high
H-0423-2025,Bakery,medium
H-0423-2026,Prepared/Frozen,high
H-0424-2025,Bakery,high
H-0424-2026,Prepared/Frozen,high
H-0425-2025,Dairy,low
H-0425-2026,Prepared/Frozen,high
H-0426-2025,Grains/Cereal,medium
H-0426-2026,Prepared/Frozen,high
H-0427-2025,Grains/Cereal,medium
H-0427-2026,Prepared/Frozen,high
H-0428-2025,Grains/Cereal,medium
H-0428-2026,Prepared/Frozen,medium
H-0429-2025,Grains/Cereal,medium
H-0429-2026,Prepared/Frozen,medium
H-0430-2025,Grains/Cereal,medium
H-0430-2026,Prepared/Frozen,high
H-0431-2025,Grains/Cereal,medium
H-0431-2026,Prepared/Frozen,medium
H-0432-2025,Grains/Cereal,medium
H-0432-2026,Prepared/Frozen,high
H-0433-2025,Grains/Cereal,medium
H-0433-2026,Supplements,high
H-0434-2025,Grains/Cereal,medium
H-0434-2026,Supplements,high
H-0435-2025,Grains/Cereal,medium
H-0435-2026,Beverages,high
H-0436-2025,Grains/Cereal,medium
H-0436-2026,Beverages,high
H-0437-2025,Grains/Cereal,medium
H-0437-2026,Beverages,high
H-0438-2025,Grains/Cereal,medium
H-0438-2026,Beverages,high
H-0439-2025,Grains/Cereal,medium
H-0439-2026,Beverages,high
H-0440-2025,Grains/Cereal,medium
H-0440-2026,Bakery,high
H-0441-2025,Food Additives/Ingredients,medium
H-0441-2026,Beverages,high
H-0442-2025,Supplements,high
H-0442-2026,Supplements,high
H-0443-2025,Supplements,high
H-0443-2026,Spices/Condiments,high
H-0444-2025,Supplements,high
H-0444-2026,Spices/Condiments,high
H-0445-2025,Supplements,high
H-0445-2026,Spices/Condiments,high
H-0446-2025,Supplements,high
H-0446-2026,Spices/Condiments,high
H-0447-2025,Supplements,high
H-0447-2026,Spices/Condiments,high
H-0448-2025,Supplements,high
H-0448-2026,Spices/Condiments,low
H-0449-2025,Spices/Condiments,high
H-0449-2026,Prepared/Frozen,medium
H-0450-2025,Spices/Condiments,high
H-0450-2026,Beverages,high
H-0451-2025,Spices/Condiments,high
H-0451-2026,Beverages,high
H-0452-2025,Spices/Condiments,high
H-0452-2026,Beverages,high
H-0453-2025,Snacks/Candy,medium
H-0453-2026,Beverages,high
H-0454-2025,Snacks/Candy,medium
H-0454-2026,Beverages,high
H-0455-2025,Snacks/Candy,medium
H-0455-2026,Plant Protein,medium
H-0456-2025,Snacks/Candy,high
H-0456-2026,Beverages,low
H-0457-2025,Uncategorized,high
H-0457-2026,Plant Protein,medium
H-0458-2025,Dairy,medium
H-0458-2026,Snacks/Candy,medium
H-0459-2025,Dairy,medium
H-0459-2026,Produce,high
H-0460-2025,Dairy,medium
H-0460-2026,Nuts/Seeds,high
H-0461-2025,Prepared/Frozen,medium
H-0461-2026,Snacks/Candy,high
H-0462-2025,Dairy,medium
H-0462-2026,Snacks/Candy,high
H-0463-2025,Dairy,medium
H-0463-2026,Spices/Condiments,high
H-0464-2025,Dairy,medium
H-0464-2026,Spices/Condiments,high
H-0465-2025,Prepared/Frozen,medium
H-0465-2026,Spices/Condiments,high
H-0466-2025,Prepared/Frozen,low
H-0466-2026,Spices/Condiments,high
H-0467-2025,Prepared/Frozen,medium
H-0467-2026,Supplements,medium
H-0468-2025,Prepared/Frozen,low
H-0468-2026,Supplements,medium
H-0469-2025,Dairy,low
H-0469-2026,Supplements,medium
H-0470-2025,Prepared/Frozen,low
H-0470-2026,Supplements,medium
H-0471-2025,Dairy,medium
H-0471-2026,Supplements,medium
H-0472-2025,Prepared/Frozen,high
H-0472-2026,Supplements,medium
H-0473-2025,Seafood,medium
H-0473-2026,Supplements,medium
H-0474-2025,Seafood,medium
H-0474-2026,Supplements,medium
H-0475-2025,Seafood,high
H-0475-2026,Supplements,medium
H-0476-2025,Prepared/Frozen,medium
H-0476-2026,Supplements,medium
H-0477-2025,Seafood,high
H-0477-2026,Supplements,medium
H-0478-2025,Seafood,high
H-0478-2026,Supplements,medium
H-0479-2025,Prepared/Frozen,medium
H-0479-2026,Supplements,medium
H-0480-2025,Prepared/Frozen,medium
H-0480-2026,Supplements,medium
H-0481-2025,Seafood,medium
H-0481-2026,Grains/Cereal,medium
H-0482-2025,Seafood,high
H-0482-2026,Seafood,high
H-0483-2025,Prepared/Frozen,medium
H-0483-2026,Supplements,high
H-0484-2025,Prepared/Frozen,medium
H-0484-2026,Snacks/Candy,high
H-0485-2025,Prepared/Frozen,medium
H-0485-2026,Plant Protein,high
H-0486-2025,Prepared/Frozen,medium
H-0486-2026,Plant Protein,high
H-0487-2025,Bakery,high
H-0487-2026,Plant Protein,high
H-0488-2025,Bakery,high
H-0488-2026,Plant Protein,high
H-0489-2025,Bakery,high
H-0489-2026,Plant Protein,high
H-0490-2025,Bakery,high
H-0490-2026,Spices/Condiments,medium
H-0491-2025,Bakery,high
H-0491-2026,Bakery,high
H-0492-2025,Beverages,high
H-0492-2026,Prepared/Frozen,medium
H-0493-2025,Beverages,high
H-0493-2026,Prepared/Frozen,medium
H-0494-2025,Beverages,medium
H-0494-2026,Seafood,medium
H-0495-2025,Spices/Condiments,high
H-0495-2026,Prepared/Frozen,high
H-0496-2025,Spices/Condiments,medium
H-0496-2026,Snacks/Candy,high
H-0497-2025,Spices/Condiments,high
H-0497-2026,Spices/Condiments,medium
H-0498-2025,Spices/Condiments,high
H-0498-2026,Snacks/Candy,high
H-0499-2025,Beverages,high
H-0499-2026,Bakery,medium
H-0500-2025,Seafood,high
H-0500-2026,Bakery,medium
H-0501-2025,Seafood,high
H-0501-2026,Bakery,medium
H-0502-2025,Grains/Cereal,high
H-0502-2026,Nuts/Seeds,high
H-0503-2025,Grains/Cereal,high
H-0503-2026,Nuts/Seeds,medium
H-0504-2025,Beverages,high
H-0504-2026,Nuts/Seeds,medium
H-0505-2025,Beverages,low
H-0505-2026,Snacks/Candy,medium
H-0506-2025,Bakery,high
H-0506-2026,Bakery,medium
H-0507-2025,Bakery,high
H-0507-2026,Bakery,low
H-0508-2025,Bakery,high
H-0508-2026,Bakery,low
H-0509-2025,Bakery,high
H-0509-2026,Snacks/Candy,low
H-0510-2025,Bakery,high
H-0510-2026,Supplements,high
H-0511-2025,Bakery,high
H-0511-2026,Non-Food Item,high
H-0512-2025,Bakery,high
H-0512-2026,Non-Food Item,medium
H-0513-2025,Bakery,high
H-0513-2026,Non-Food Item,high
H-0514-2025,Bakery,high
H-0514-2026,Non-Food Item,high
H-0515-2025,Bakery,high
H-0515-2026,Grains/Cereal,high
H-0516-2025,Bakery,high
H-0516-2026,Seafood,high
H-0517-2025,Bakery,high
H-0517-2026,Seafood,medium
H-0518-2025,Bakery,high
H-0518-2026,Baby/Toddler Food,high
H-0519-2025,Bakery,high
H-0519-2026,Seafood,high
H-0520-2025,Seafood,high
H-0520-2026,Supplements,high
H-0521-2025,Seafood,high
H-0521-2026,Supplements,high
H-0522-2025,Bakery,high
H-0522-2026,Produce,high
H-0523-2025,Dairy,medium
H-0523-2026,Snacks/Candy,high
H-0524-2025,Plant Protein,high
H-0524-2026,Plant Protein,high
H-0525-2025,Plant Protein,high
H-0525-2026,Produce,medium
H-0526-2025,Plant Protein,high
H-0526-2026,Produce,medium
H-0527-2025,Dairy,high
H-0527-2026,Snacks/Candy,high
H-0528-2025,Dairy,high
H-0528-2026,Snacks/Candy,high
H-0529-2025,Dairy,high
H-0529-2026,Snacks/Candy,high
H-0530-2025,Dairy,high
H-0530-2026,Seafood,high
H-0531-2025,Bakery,high
H-0531-2026,Seafood,high
H-0532-2025,Supplements,medium
H-0532-2026,Seafood,high
H-0533-2025,Nuts/Seeds,medium
H-0533-2026,Nuts/Seeds,high
H-0534-2025,Bakery,low
H-0534-2026,Beverages,high
H-0535-2025,Grains/Cereal,medium
H-0535-2026,Beverages,high
H-0536-2025,Dairy,high
H-0536-2026,Beverages,high
H-0537-2025,Dairy,high
H-0537-2026,Supplements,high
H-0538-2025,Produce,medium
H-0538-2026,Snacks/Candy,medium
H-0539-2025,Seafood,medium
H-0539-2026,Snacks/Candy,high
H-0540-2025,Seafood,medium
H-0540-2026,Bakery,high
H-0541-2025,Seafood,medium
H-0541-2026,Seafood,high
H-0542-2025,Seafood,high
H-0542-2026,Snacks/Candy,medium
H-0543-2025,Seafood,high
H-0543-2026,Snacks/Candy,medium
H-0544-2025,Seafood,high
H-0544-2026,Baby/Toddler Food,high
H-0545-2025,Seafood,high
H-0545-2026,Beverages,high
H-0546-2025,Dairy,high
H-0546-2026,Supplements,high
H-0547-2025,Dairy,high
H-0547-2026,Grains/Cereal,medium
H-0548-2025,Seafood,high
H-0548-2026,Grains/Cereal,medium
H-0549-2025,Seafood,high
H-0549-2026,Produce,high
H-0550-2025,Snacks/Candy,high
H-0550-2026,Bakery,high
H-0551-2025,Seafood,high
H-0551-2026,Bakery,high
H-0552-2025,Seafood,high
H-0552-2026,Snacks/Candy,high
H-0553-2025,Seafood,high
H-0553-2026,Prepared/Frozen,high
H-0554-2025,Produce,high
H-0554-2026,Bakery,medium
H-0555-2025,Beverages,high
H-0555-2026,Dairy,high
H-0556-2025,Beverages,high
H-0556-2026,Dairy,medium
H-0557-2025,Beverages,high
H-0557-2026,Dairy,high
H-0558-2025,Prepared/Frozen,medium
H-0558-2026,Dairy,high
H-0559-2025,Snacks/Candy,high
H-0559-2026,Dairy,high
H-0560-2025,Snacks/Candy,high
H-0560-2026,Dairy,high
H-0561-2025,Snacks/Candy,high
H-0561-2026,Dairy,medium
H-0562-2025,Snacks/Candy,high
H-0562-2026,Dairy,high
H-0563-2025,Snacks/Candy,high
H-0563-2026,Dairy,high
H-0564-2025,Snacks/Candy,high
H-0564-2026,Dairy,medium
H-0565-2025,Snacks/Candy,high
H-0565-2026,Dairy,high
H-0566-2025,Snacks/Candy,high
H-0566-2026,Dairy,high
H-0567-2025,Snacks/Candy,medium
H-0567-2026,Dairy,high
H-0568-2025,Bakery,high
H-0568-2026,Plant Protein,medium
H-0569-2025,Dairy,high
H-0569-2026,Supplements,high
H-0570-2025,Dairy,high
H-0570-2026,Prepared/Frozen,medium
H-0571-2025,Dairy,medium
H-0571-2026,Snacks/Candy,high
H-0572-2025,Dairy,high
H-0572-2026,Food Additives/Ingredients,low
H-0573-2025,Supplements,high
H-0573-2026,Dairy,high
H-0574-2025,Plant Protein,medium
H-0574-2026,Snacks/Candy,high
H-0575-2025,Plant Protein,high
H-0575-2026,Plant Protein,medium
H-0576-2025,Supplements,medium
H-0576-2026,Spices/Condiments,high
H-0577-2025,Bakery,high
H-0577-2026,Produce,high
H-0578-2025,Snacks/Candy,low
H-0578-2026,Produce,high
H-0579-2025,Dairy,high
H-0579-2026,Dairy,high
H-0580-2025,Snacks/Candy,high
H-0580-2026,Dairy,high
H-0581-2025,Snacks/Candy,high
H-0581-2026,Dairy,high
H-0582-2025,Snacks/Candy,high
H-0582-2026,Dairy,high
H-0583-2025,Seafood,high
H-0583-2026,Dairy,high
H-0584-2025,Seafood,high
H-0584-2026,Prepared/Frozen,medium
H-0585-2025,Seafood,high
H-0585-2026,Dairy,high
H-0586-2025,Supplements,high
H-0586-2026,Dairy,high
H-0587-2025,Supplements,high
H-0587-2026,Dairy,high
H-0588-2025,Supplements,high
H-0588-2026,Dairy,high
H-0589-2025,Supplements,high
H-0589-2026,Nuts/Seeds,high
H-0590-2025,Supplements,high
H-0590-2026,Nuts/Seeds,high
H-0591-2025,Supplements,high
H-0591-2026,Prepared/Frozen,medium
H-0592-2025,Supplements,high
H-0592-2026,Prepared/Frozen,medium
H-0593-2025,Supplements,high
H-0593-2026,Prepared/Frozen,medium
H-0594-2025,Supplements,high
H-0594-2026,Prepared/Frozen,medium
H-0595-2025,Supplements,high
H-0595-2026,Prepared/Frozen,medium
H-0596-2025,Supplements,high
H-0596-2026,Prepared/Frozen,medium
H-0597-2025,Supplements,high
H-0597-2026,Prepared/Frozen,medium
H-0598-2025,Supplements,high
H-0598-2026,Prepared/Frozen,medium
H-0599-2025,Supplements,high
H-0599-2026,Prepared/Frozen,medium
H-0600-2025,Supplements,high
H-0600-2026,Prepared/Frozen,medium
H-0601-2025,Supplements,high
H-0601-2026,Prepared/Frozen,high
H-0602-2025,Bakery,medium
H-0602-2026,Supplements,medium
H-0603-2025,Seafood,high
H-0603-2026,Bakery,high
H-0604-2025,Seafood,high
H-0604-2026,Plant Protein,low
H-0605-2025,Spices/Condiments,high
H-0605-2026,Plant Protein,high
H-0606-2025,Produce,high
H-0606-2026,Plant Protein,high
H-0607-2025,Produce,high
H-0607-2026,Plant Protein,high
H-0608-2025,Produce,high
H-0608-2026,Plant Protein,low
H-0609-2025,Produce,high
H-0609-2026,Plant Protein,high
H-0610-2025,Produce,high
H-0610-2026,Food Additives/Ingredients,high
H-0611-2025,Seafood,high
H-0611-2026,Food Additives/Ingredients,high
H-0612-2025,Prepared/Frozen,medium
H-0612-2026,Food Additives/Ingredients,low
H-0613-2025,Produce,low
H-0613-2026,Grains/Cereal,high
H-0614-2025,Prepared/Frozen,low
H-0614-2026,Grains/Cereal,high
H-0615-2025,Prepared/Frozen,low
H-0615-2026,Spices/Condiments,high
H-0616-2025,Produce,high
H-0616-2026,Produce,high
H-0617-2025,Produce,high
H-0617-2026,Produce,high
H-0618-2025,Produce,high
H-0618-2026,Prepared/Frozen,high
H-0619-2025,Supplements,high
H-0619-2026,Bakery,high
H-0620-2025,Seafood,high
H-0620-2026,Grains/Cereal,medium
H-0621-2025,Supplements,high
H-0621-2026,Dairy,high
H-0622-2025,Supplements,high
H-0622-2026,Prepared/Frozen,high
H-0623-2025,Supplements,high
H-0623-2026,Bakery,high
H-0624-2025,Supplements,high
H-0624-2026,Produce,medium
H-0625-2025,Dairy,high
H-0625-2026,Produce,medium
H-0626-2025,Dairy,high
H-0626-2026,Produce,medium
H-0627-2025,Dairy,high
H-0627-2026,Produce,low
H-0628-2025,Dairy,high
H-0628-2026,Produce,medium
H-0629-2025,Dairy,high
H-0629-2026,Spices/Condiments,medium
H-0630-2025,Dairy,high
H-0630-2026,Dairy,high
H-0631-2025,Dairy,high
H-0631-2026,Snacks/Candy,high
H-0632-2025,Dairy,high
H-0632-2026,Snacks/Candy,high
H-0633-2025,Dairy,high
H-0633-2026,Beverages,high
H-0634-2025,Baby/Toddler Food,high
H-0634-2026,Beverages,high
H-0635-2025,Dairy,high
H-0635-2026,Beverages,high
H-0636-2025,Produce,low
H-0636-2026,Beverages,high
H-0637-2025,Baking Supplies,medium
H-0637-2026,Supplements,high
H-0638-2025,Seafood,high
H-0638-2026,Prepared/Frozen,medium
H-0639-2025,Seafood,high
H-0639-2026,Prepared/Frozen,medium
H-0640-2025,Seafood,high
H-0640-2026,Dairy,medium
H-0641-2025,Seafood,high
H-0641-2026,Nuts/Seeds,high
H-0642-2025,Produce,high
H-0642-2026,Nuts/Seeds,high
H-0643-2025,Produce,high
H-0643-2026,Nuts/Seeds,high
H-0644-2025,Produce,high
H-0644-2026,Spices/Condiments,high
H-0645-2025,Produce,high
H-0645-2026,Spices/Condiments,high
H-0646-2025,Produce,high
H-0646-2026,Beverages,medium
H-0647-2025,Dairy,high
H-0647-2026,Supplements,high
H-0648-2025,Prepared/Frozen,high
H-0648-2026,Bakery,medium
H-0649-2025,Prepared/Frozen,medium
H-0649-2026,Bakery,low
H-0650-2026,Dairy,high
H-0651-2026,Dairy,high
H-0652-2026,Dairy,high
H-0653-2026,Supplements,high
H-0654-2026,Supplements,high
H-0655-2026,Supplements,high
H-0656-2026,Seafood,high
H-0657-2026,Produce,medium
H-0658-2026,Produce,medium
H-0659-2026,Prepared/Frozen,high
H-0660-2026,Supplements,high
H-0661-2026,Supplements,high
H-0662-2026,Seafood,medium
H-0663-2026,Supplements,high
H-0664-2026,Spices/Condiments,high
H-0665-2026,Spices/Condiments,high
H-0666-2026,Spices/Condiments,high
H-0667-2026,Snacks/Candy,medium
H-0668-2026,Produce,high
H-0669-2026,Snacks/Candy,medium
H-0670-2026,Snacks/Candy,medium
H-0671-2026,Spices/Condiments,high
H-0672-2026,Beverages,medium
H-0673-2026,Beverages,medium
H-0674-2026,Beverages,high
H-0675-2026,Dairy,high
H-0676-2026,Food Additives/Ingredients,low
H-0677-2026,Snacks/Candy,low
H-0678-2026,Beverages,medium
H-0679-2026,Snacks/Candy,medium
H-0680-2026,Dairy,medium
H-0681-2026,Produce,high
H-0682-2026,Bakery,high
H-0683-2026,Nuts/Seeds,low
H-0684-2026,Prepared/Frozen,medium
H-0685-2026,Beverages,high
H-0686-2026,Produce,high
H-0687-2026,Produce,high
H-0688-2026,Produce,high
H-0689-2026,Snacks/Candy,high
H-0690-2026,Food Additives/Ingredients,low
H-0691-2026,Spices/Condiments,medium
H-0692-2026,Food Additives/Ingredients,medium
H-0693-2026,Food Additives/Ingredients,medium
H-0694-2026,Plant Protein,high
H-0695-2026,Plant Protein,high
H-0696-2026,Plant Protein,high
H-0697-2026,Plant Protein,low
H-0698-2026,Dairy,high
H-0699-2026,Dairy,high
H-0700-2026,Dairy,high
H-0701-2026,Spices/Condiments,high
H-0702-2026,Spices/Condiments,high
H-0703-2026,Spices/Condiments,high
H-0704-2026,Spices/Condiments,high
H-0705-2026,Spices/Condiments,high
H-0706-2026,Spices/Condiments,high
H-0707-2026,Spices/Condiments,high
H-0708-2026,Spices/Condiments,high
H-0709-2026,Spices/Condiments,high
H-0710-2026,Spices/Condiments,high
H-0711-2026,Dairy,high
H-0712-2026,Snacks/Candy,high
H-0713-2026,Dairy,high
H-0714-2026,Dairy,high
H-0715-2026,Dairy,high
H-0716-2026,Dairy,high
H-0717-2026,Dairy,high
H-0718-2026,Dairy,high
H-0719-2026,Dairy,high
H-0720-2026,Dairy,high
H-0721-2026,Dairy,high
H-0722-2026,Dairy,high
H-0723-2026,Dairy,high
H-0724-2026,Dairy,high
H-0725-2026,Dairy,high
H-0726-2026,Dairy,high
H-0727-2026,Dairy,high
H-0728-2026,Dairy,high
H-0729-2026,Dairy,high
H-0730-2026,Dairy,high
H-0731-2026,Dairy,high
H-0732-2026,Dairy,high
H-0733-2026,Dairy,high
H-0734-2026,Dairy,high
H-0735-2026,Dairy,high
H-0736-2026,Dairy,high
H-0737-2026,Dairy,high
H-0738-2026,Dairy,high
H-0739-2026,Dairy,high
H-0740-2026,Dairy,high
H-0741-2026,Dairy,high
H-0742-2026,Dairy,high
H-0743-2026,Dairy,high
H-0744-2026,Dairy,high
H-0745-2026,Dairy,high
H-0746-2026,Dairy,high
H-0747-2026,Dairy,high
H-0748-2026,Dairy,high
H-0749-2026,Dairy,high
H-0750-2026,Dairy,high
H-0751-2026,Dairy,high
H-0752-2026,Dairy,high
H-0753-2026,Dairy,high
H-0754-2026,Dairy,high
H-0755-2026,Dairy,high
H-0756-2026,Dairy,high
H-0757-2026,Dairy,high
H-0758-2026,Dairy,high
H-0759-2026,Dairy,high
H-0760-2026,Dairy,high
H-0761-2026,Prepared/Frozen,medium
H-0762-2026,Dairy,high
H-0763-2026,Dairy,high
H-0764-2026,Dairy,high
H-0765-2026,Dairy,high
H-0766-2026,Dairy,high
H-0767-2026,Grains/Cereal,high
H-0768-2026,Spices/Condiments,high
H-0769-2026,Spices/Condiments,high
H-0770-2026,Spices/Condiments,high
H-0771-2026,Spices/Condiments,high
H-0772-2026,Spices/Condiments,high
H-0773-2026,Spices/Condiments,high
H-0774-2026,Nuts/Seeds,high
H-0775-2026,Snacks/Candy,high
H-0776-2026,Grains/Cereal,high
H-0777-2026,Snacks/Candy,high
H-0778-2026,Snacks/Candy,high
H-0779-2026,Snacks/Candy,high
H-0780-2026,Produce,medium
H-0781-2026,Bakery,high
H-0782-2026,Supplements,medium
H-0783-2026,Supplements,medium
H-0784-2026,Supplements,medium
H-0785-2026,Supplements,medium
H-0786-2026,Supplements,medium
H-0787-2026,Supplements,medium
H-0788-2026,Supplements,low
H-0789-2026,Supplements,low
H-0790-2026,Supplements,medium
H-0791-2026,Supplements,high
H-0792-2026,Supplements,medium
H-0793-2026,Supplements,medium
H-0794-2026,Supplements,medium
H-0795-2026,Supplements,high
H-0796-2026,Supplements,high
H-0797-2026,Supplements,high
H-0798-2026,Supplements,high
H-0799-2026,Supplements,high
H-0800-2026,Supplements,high
H-0801-2026,Supplements,high
H-0802-2026,Supplements,high
H-0803-2026,Supplements,high
H-0804-2026,Supplements,high
H-0805-2026,Supplements,high
H-0806-2026,Supplements,high
H-0807-2026,Supplements,high
H-0808-2026,Supplements,high
H-0809-2026,Supplements,high
H-0810-2026,Seafood,high
H-0811-2026,Food Additives/Ingredients,medium
H-0812-2026,Food Additives/Ingredients,medium
H-0813-2026,Food Additives/Ingredients,medium
H-0814-2026,Spices/Condiments,high
H-0815-2026,Spices/Condiments,medium
H-0816-2026,Spices/Condiments,medium
H-0817-2026,Spices/Condiments,high
H-0818-2026,Food Additives/Ingredients,low
H-0819-2026,Dairy,high
H-0820-2026,Spices/Condiments,high
H-0821-2026,Spices/Condiments,high
H-0822-2026,Spices/Condiments,high
H-0823-2026,Spices/Condiments,high
H-0824-2026,Spices/Condiments,high
H-0825-2026,Spices/Condiments,high
H-0826-2026,Spices/Condiments,high
H-0827-2026,Spices/Condiments,high
H-0828-2026,Spices/Condiments,medium
H-0829-2026,Spices/Condiments,medium
H-0830-2026,Spices/Condiments,medium
H-0831-2026,Nuts/Seeds,high
H-0832-2026,Nuts/Seeds,high
H-0833-2026,Nuts/Seeds,high
H-0834-2026,Nuts/Seeds,medium
H-0835-2026,Nuts/Seeds,medium
H-0836-2026,Nuts/Seeds,high
H-0837-2026,Spices/Condiments,high
H-0838-2026,Beverages,medium
H-0839-2026,Beverages,medium
H-0840-2026,Beverages,medium
H-0841-2026,Beverages,medium
H-0842-2026,Beverages,medium
H-0843-2026,Beverages,medium
H-0844-2026,Baking Supplies,low
H-0845-2026,Baking Supplies,low
H-0846-2026,Beverages,medium
H-0847-2026,Beverages,medium
H-0848-2026,Dairy,high
H-0849-2026,Beverages,low
H-0850-2026,Snacks/Candy,medium
H-0851-2026,Snacks/Candy,medium
H-0852-2026,Snacks/Candy,high
H-0853-2026,Spices/Condiments,medium
H-0854-2026,Prepared/Frozen,low
H-0855-2026,Beverages,high
H-0856-2026,Beverages,high
H-0857-2026,Beverages,high
H-0858-2026,Beverages,high
H-0859-2026,Bakery,high
H-0860-2026,Nuts/Seeds,high
H-0861-2026,Baking Supplies,low
H-0881-2026,Spices/Condiments,high
H-0882-2026,Spices/Condiments,high
H-0883-2026,Spices/Condiments,low
H-0884-2026,Spices/Condiments,medium
H-0885-2026,Spices/Condiments,medium
H-0886-2026,Spices/Condiments,high
H-0887-2026,Spices/Condiments,medium
H-0888-2026,Spices/Condiments,high
H-0889-2026,Spices/Condiments,high
H-0890-2026,Spices/Condiments,high
H-0891-2026,Baby/Toddler Food,high
H-0892-2026,Supplements,high
H-0893-2026,Dairy,high
H-0894-2026,Dairy,high
H-0895-2026,Dairy,high
H-0896-2026,Dairy,high
H-0897-2026,Dairy,high
H-0898-2026,Produce,high
H-0899-2026,Seafood,high
H-0900-2026,Food Additives/Ingredients,medium
H-0901-2026,Produce,medium
H-0902-2026,Produce,medium
H-0903-2026,Bakery,medium
H-0904-2026,Produce,medium
H-0905-2026,Nuts/Seeds,medium
H-0906-2026,Nuts/Seeds,high
H-0907-2026,Spices/Condiments,medium
H-0908-2026,Dairy,medium
H-0909-2026,Spices/Condiments,high
H-0910-2026,Spices/Condiments,low
H-0911-2026,Baking Supplies,low
H-0912-2026,Prepared/Frozen,medium
H-0913-2026,Beverages,high
H-0914-2026,Spices/Condiments,high
H-0915-2026,Bakery,high
H-0916-2026,Bakery,high
H-0917-2026,Bakery,low
H-0918-2026,Bakery,medium
H-0919-2026,Bakery,medium
H-0920-2026,Bakery,medium
H-0921-2026,Bakery,high
H-0922-2026,Bakery,high
H-0923-2026,Bakery,high
H-0924-2026,Bakery,high
H-0925-2026,Bakery,high
H-0926-2026,Bakery,high
H-0927-2026,Bakery,high
H-0928-2026,Bakery,high
H-0929-2026,Bakery,high
H-0930-2026,Bakery,high
H-0931-2026,Bakery,high
H-0932-2026,Bakery,high
H-0933-2026,Bakery,medium
H-0934-2026,Bakery,medium
H-0935-2026,Bakery,medium
H-0936-2026,Bakery,high
H-0937-2026,Bakery,medium
H-0938-2026,Baby/Toddler Food,high
H-0939-2026,Produce,high
H-0940-2026,Prepared/Frozen,medium
H-0941-2026,Prepared/Frozen,high
H-0942-2026,Supplements,high
H-0943-2026,Spices/Condiments,high
H-0944-2026,Bakery,medium
H-0945-2026,Bakery,high
H-0946-2026,Bakery,medium
H-0947-2026,Bakery,medium
H-0948-2026,Baby/Toddler Food,low
H-0949-2026,Bakery,high
H-0950-2026,Snacks/Candy,medium
H-0951-2026,Beverages,high
H-0952-2026,Spices/Condiments,medium
H-0953-2026,Spices/Condiments,high
H-0954-2026,Bakery,high
H-0955-2026,Bakery,high
H-0956-2026,Bakery,high
H-0957-2026,Bakery,high
H-0958-2026,Bakery,medium
H-0959-2026,Bakery,medium
H-0960-2026,Bakery,high
H-0961-2026,Bakery,high
H-0962-2026,Bakery,high
H-0963-2026,Bakery,high
H-0964-2026,Bakery,high
H-0965-2026,Bakery,medium
H-0966-2026,Bakery,high
H-0967-2026,Bakery,high
H-0968-2026,Bakery,high
H-0969-2026,Bakery,high
H-0970-2026,Bakery,medium
H-0971-2026,Bakery,high
H-0972-2026,Bakery,high
H-0973-2026,Bakery,high
H-0974-2026,Bakery,high
H-0975-2026,Prepared/Frozen,medium
H-0976-2026,Prepared/Frozen,medium
H-0977-2026,Prepared/Frozen,high
H-0978-2026,Prepared/Frozen,high
H-0979-2026,Prepared/Frozen,medium
H-0980-2026,Bakery,high
H-0981-2026,Bakery,high
H-0982-2026,Bakery,high
H-0983-2026,Bakery,high
H-0984-2026,Bakery,high
H-0985-2026,Bakery,high
H-0986-2026,Dairy,low
H-0987-2026,Uncategorized,low
H-0988-2026,Beef/Pork/Poultry/Game Meats,high
H-0989-2026,Dairy,low
H-0990-2026,Dairy,medium
H-0991-2026,Beef/Pork/Poultry/Game Meats,high
H-0992-2026,Beef/Pork/Poultry/Game Meats,high
H-0993-2026,Uncategorized,low
H-0994-2026,Snacks/Candy,low
H-0995-2026,Seafood,medium
H-0996-2026,Seafood,medium
H-0997-2026,Prepared/Frozen,medium
H-0998-2026,Prepared/Frozen,medium
H-0999-2026,Prepared/Frozen,medium
H-1000-2026,Seafood,high
H-1001-2026,Seafood,high
H-1002-2026,Seafood,high
H-1003-2026,Seafood,high
H-1004-2026,Seafood,high
H-1005-2026,Seafood,medium
H-1006-2026,Seafood,high
H-1007-2026,Seafood,medium
H-1008-2026,Seafood,high
H-1009-2026,Seafood,high
H-1010-2026,Seafood,high
H-1011-2026,Seafood,medium
H-1012-2026,Seafood,medium
H-1013-2026,Seafood,medium
H-1014-2026,Seafood,medium
H-1015-2026,Seafood,medium
H-1016-2026,Produce,low
H-1017-2026,Produce,medium
H-1018-2026,Produce,medium
H-1019-2026,Prepared/Frozen,low
H-1020-2026,Prepared/Frozen,medium
H-1021-2026,Prepared/Frozen,medium
H-1022-2026,Prepared/Frozen,low
H-1023-2026,Prepared/Frozen,high
H-1024-2026,Prepared/Frozen,high
H-1025-2026,Prepared/Frozen,high
H-1026-2026,Dairy,medium
H-1027-2026,Bakery,medium
H-1028-2026,Bakery,high
H-1029-2026,Beef/Pork/Poultry/Game Meats,high
H-1030-2026,Bakery,medium
H-1031-2026,Prepared/Frozen,medium
H-1032-2026,Prepared/Frozen,medium
H-1033-2026,Bakery,high
H-1034-2026,Snacks/Candy,medium
H-1035-2026,Produce,medium
H-1036-2026,Prepared/Frozen,medium
H-1037-2026,Prepared/Frozen,low
H-1038-2026,Produce,medium
H-1039-2026,Seafood,high
H-1040-2026,Seafood,high
H-1041-2026,Snacks/Candy,low
H-1042-2026,Seafood,high
H-1043-2026,Prepared/Frozen,medium
H-1044-2026,Beef/Pork/Poultry/Game Meats,medium
H-1045-2026,Produce,medium
H-1046-2026,Produce,medium
H-1047-2026,Seafood,high
H-1048-2026,Bakery,high
H-1049-2026,Seafood,medium
H-1050-2026,Seafood,medium
H-1051-2026,Prepared/Frozen,low
H-1052-2026,Prepared/Frozen,low
H-1053-2026,Seafood,medium
H-1054-2026,Prepared/Frozen,medium
H-1055-2026,Seafood,medium
H-1056-2026,Seafood,medium
H-1057-2026,Prepared/Frozen,medium
H-1058-2026,Prepared/Frozen,medium
H-1059-2026,Prepared/Frozen,medium
H-1060-2026,Seafood,medium
H-1061-2026,Seafood,medium
H-1062-2026,Seafood,high
H-1063-2026,Seafood,high
H-1064-2026,Seafood,high
H-1065-2026,Seafood,high
H-1066-2026,Seafood,high
H-1067-2026,Seafood,high
H-1068-2026,Seafood,high
H-1069-2026,Seafood,medium
H-1070-2026,Seafood,high
H-1071-2026,Seafood,medium
H-1072-2026,Prepared/Frozen,medium
H-1073-2026,Prepared/Frozen,medium
H-1074-2026,Snacks/Candy,medium
H-1075-2026,Seafood,high
H-1076-2026,Food Additives/Ingredients,medium
H-1077-2026,Dairy,medium
H-1078-2026,Dairy,medium
H-1079-2026,Supplements,high
H-1080-2026,Seafood,high
H-1081-2026,Dairy,medium
H-1082-2026,Dairy,high
H-1083-2026,Dairy,high
H-1084-2026,Dairy,high
H-1085-2026,Dairy,medium
H-1086-2026,Dairy,medium
H-1087-2026,Dairy,high
H-1088-2026,Dairy,high
H-1089-2026,Dairy,high
H-1090-2026,Dairy,medium
H-1091-2026,Dairy,high
H-1092-2026,Dairy,medium
H-1093-2026,Dairy,medium
H-1094-2026,Dairy,medium
H-1095-2026,Bakery,medium
H-1096-2026,Snacks/Candy,high
H-1097-2026,Snacks/Candy,high
H-1098-2026,Snacks/Candy,high
H-1099-2026,Snacks/Candy,high
H-1100-2026,Snacks/Candy,high
H-1101-2026,Snacks/Candy,high
H-1102-2026,Snacks/Candy,high
H-1103-2026,Snacks/Candy,high
H-1104-2026,Snacks/Candy,high
H-1105-2026,Snacks/Candy,high
H-1106-2026,Snacks/Candy,high
H-1107-2026,Supplements,high
H-1108-2026,Supplements,high
H-1109-2026,Supplements,high
H-1110-2026,Snacks/Candy,high
H-1111-2026,Prepared/Frozen,high
H-1112-2026,Snacks/Candy,high
H-1113-2026,Snacks/Candy,high
H-1114-2026,Snacks/Candy,high
H-1115-2026,Snacks/Candy,high
H-1116-2026,Snacks/Candy,high
H-1117-2026,Snacks/Candy,high
H-1118-2026,Nuts/Seeds,high
H-1119-2026,Nuts/Seeds,high
H-1120-2026,Nuts/Seeds,high
H-1121-2026,Nuts/Seeds,high
H-1122-2026,Nuts/Seeds,high
H-1123-2026,Nuts/Seeds,high
H-1124-2026,Bakery,medium
H-1125-2026,Snacks/Candy,high
H-1128-2026,Supplements,high
H-1129-2026,Plant Protein,high
H-1130-2026,Plant Protein,high
H-1131-2026,Seafood,high
H-1132-2026,Seafood,high
H-1133-2026,Bakery,high
H-1134-2026,Supplements,high
H-1135-2026,Supplements,high
H-1136-2026,Prepared/Frozen,medium
H-1137-2026,Baby/Toddler Food,high
H-1138-2026,Spices/Condiments,medium
H-1139-2026,Beef/Pork/Poultry/Game Meats,medium
H-1140-2026,Spices/Condiments,medium
H-1141-2026,Plant Protein,low
H-1142-2026,Spices/Condiments,medium
H-1143-2026,Bakery,high
H-1144-2026,Supplements,medium
H-1145-2026,Bakery,medium
H-1146-2026,Snacks/Candy,high
H-1147-2026,Snacks/Candy,high
H-1148-2026,Prepared/Frozen,medium
H-1149-2026,Prepared/Frozen,medium
H-1150-2026,Snacks/Candy,medium
H-1151-2026,Dairy,high
H-1152-2026,Supplements,high
H-1153-2026,Supplements,medium
H-1154-2026,Bakery,high
H-1155-2026,Bakery,high
H-1156-2026,Snacks/Candy,high
H-1157-2026,Spices/Condiments,high
H-1158-2026,Prepared/Frozen,medium
H-1159-2026,Prepared/Frozen,medium
H-1160-2026,Prepared/Frozen,medium
H-1161-2026,Prepared/Frozen,medium
H-1162-2026,Prepared/Frozen,high
H-1163-2026,Prepared/Frozen,medium
H-1164-2026,Prepared/Frozen,medium
H-1165-2026,Prepared/Frozen,high
H-1166-2026,Prepared/Frozen,medium
H-1167-2026,Prepared/Frozen,high
H-1168-2026,Prepared/Frozen,high
H-1169-2026,Prepared/Frozen,high
H-1170-2026,Prepared/Frozen,medium
H-1171-2026,Prepared/Frozen,medium
H-1172-2026,Prepared/Frozen,medium
H-1173-2026,Prepared/Frozen,high
H-1174-2026,Prepared/Frozen,medium
H-1175-2026,Nuts/Seeds,high
H-1176-2026,Produce,high
H-1177-2026,Beverages,medium
H-1178-2026,Supplements,high
H-1179-2026,Beverages,high
H-1180-2026,Spices/Condiments,low
H-1181-2026,Produce,high
H-1182-2026,Seafood,high
H-1183-2026,Seafood,high
H-1184-2026,Seafood,high
H-1185-2026,Supplements,high
H-1186-2026,Prepared/Frozen,medium
H-1187-2026,Grains/Cereal,medium
H-1188-2026,Grains/Cereal,medium
H-1189-2026,Dairy,high
H-1190-2026,Supplements,high
H-1191-2026,Dairy,medium
f-1220-2014,Spices/Condiments,high
