recall_number,product_description
F-1733-2012,"Coca Cola Zero, 20 fl. oz., The Coca Cola Company."
F-1882-2012,"Asian Stir Fry, packaged under the following labels and sizes:  Delish, 8.5 oz.  Albertson's Generic Label, 10 oz,  Chef Essentials - 10 oz.  Raley's, 10 oz.    Manufactured by GH Foods CA LLC,  Rancho Cordova, CA."
F-1905-2012,"Sweet and Sour Stir Fry packaged under the following brand names and sizes:  Garden Highway Chef Essentials 10.5 oz;  Raley's 10.5 oz Safeway Farms 10.5 oz .    Manufactured by GH Foods CA LLC,  Rancho Cordova, CA."
F-1732-2012,Middle-Age Energy Booster bottles of 60 tablets taken orally Nokomis Research Inc  Bell Lifestyle Products #65
F-2049-2012,"Cass Clay, TIN ROOF SUNDAE	3 Gallon (11.34 L)    Cass Clay, TIN ROOF SUNDAE, 	one gallon (3.78 L), 0 70422 03474 7"
F-0901-2013,Pastillage (gum paste) Flowers
F-2000-2012,"Cool Creations Fajita Mix Deluxe packaged for food service in 5-lb. plastic trays, 4 per case (item #15741)."
F-0790-2013,Zingerman's Bakehouse Apricot Rugelach Net wt. 1/2 lb
F-1913-2012,"Raley's Mirepoix, 5 oz package..   Manufactured by GH Foods CA LLC,  Rancho Cordova, CA."
F-1896-2012,"Garden Highway brand Caldo mix, 48 oz.;  Manufactured by GH Foods CA LLC,  Rancho Cordova, CA."
F-0710-2013,"""***Avena de Aqu¿ Si Azucar A¿adida****8oz****Fabricado por Postres de Aqui, Inc. Calle B Parrio Plamas Cata¿o PR 00962***"""
F-1326-2013,"Siya Green Mukwhas Net Wt. 200 gm (7 oz)  Distributed by: Miami Growers, Inc.  80 Broadway, Jersey City, NJ 07306  Phone: 201-985-9322, Fax: 201-985-9569  Email: miamigrowers@yahoo.com  Visit us: www.miamigrowersinc.com  A Product of India"
F-0970-2013,"Siya Pan Gilori Net Wt. 180g. Distributed by: Miami Growers Inc. 80 Broadway Jersey City, NJ 07306 T 201-985-9322, 201-369-1500 Visit us: www.miamigrowersinc.com   UPC 0893056003800"
F-0177-2013,#450 10 oz Garden Veggies	10 ounces
F-0538-2013,"Sunland Salted In-Shell Bulk in Box, 25 lb UPC 0-48687-12108-3."
F-0830-2013,Dried Apricots 6 oz UPC 7203670494
F-0047-2013,"Harris Teeter, Stuffed Flounder 8ct (Fresh)."
F-1613-2013,"Del Monte brand Tropical Blend, 7 oz., Lot number 05262101; 16 oz., UPC 7-17524-77868-7"
F-0084-2013,"florAlign Prebiotic Formula, sizes: 90g, 180g, 270g"
F-0240-2013,#324 Baked Beans		5 pounds
F-0902-2013,Pastillage (gum paste) Flowers
F-0772-2013,Zingerman's Bakehouse Cinful Cinnamon Rolls Net wt. 1 1/2 lb
F-2054-2012,"Cass Clay,  WINTER WONDER, half gallon (1.89 L) , 0 70422 00100 8    Cass Clay, Winter Wonder, 3 Gallon (11.334 L)"
F-0705-2013,"Swanson Organic, 100% Certified Organic Fennel Seed, Net Wt 6 oz (45 grams), SWF092, UPC 0 87614 24092 3."
F-0870-2013,"Asian Boy (EBQ) Tapioca Stick  3.5 oz (100g)  New B.C.N. Trading Inc.  701 Hadky South Plainfield, NJ 07080  MINH NGUYET TRADING CO., LTD.  BIN CHANH -HOCHIMINH CITY  VIETNAM   UPC 627404021822"
F-2001-2012,"Grillers Fajita Mix, packaged in 10-oz. foil trays, 4 trays per case, UPC 815970011341.  The firm name on the label is Cool Creations, LLC, North Kansas City, MO."
F-1968-2012,"Fig Bars (Fig Newton style), bulk packed and refrigerated for individual sales."
F-0502-2013,"Sunland Valencia Natural Crunchy, 16 oz UPC 48687219063."
F-1844-2012,Autumn Mix sold under the following name brands: 1) Sunrise Autumn Mix which is packaged in 8 oz bags/36 bags per case; 2) Safeway Autum Mix which is packages in 10 oz bags/24 bags per case
F-1474-2012,"Santos Brand, garbanzo beans packed in clear plastic bags, 2 pounds, 4 pounds"
F-0529-2013,"Sunland Raw In-Shell, 25 lb UPC 10108."
F-1940-2012,"Hannaford Meatball Panini - cold, UPC # 941260723096  Hannaford Meatball Panini - hot, UPC # 94126072102  Packaged in 10 oz plastic clamshell"
F-0322-2013,"SunRidge  Farms Treasure Trove Mix.  Packed in 20 pound case.  UPC code: 086700301104    Manufactured by Falcon Trading Company, Inc. dba SunRidge Farms  423 Salinas Road  Royal Oaks, CA 95076"
F-0975-2013,"""Estrella Food Products, Inc***Plantillas Para Pastelillos, tacos, Empanadillas, etc. (Yellow dough shells)***12 units, and 20 units***Manufactured by: Estrella Food Products, Inc., Minillas Industrial Park,Bayamon, PR 00959-1906***""."
F-1802-2012,"Meiko Foods Co. Inc. Tempura, 12 oz. Product labeling reads in part:"" MEIKO***TEMPURA ***MEIKO FOODS CO. INC South El Monte, CA***"".    The product is packaged in a plastic box liner with a knot tied at the top in a cardboard box."
F-0295-2013,"""Tacos de Marlin"" (Marlin-filled turnovers)***Keep Refrigerated***Manufacturado por Sun Boricua Pa'l Mundo Inc, Carr. 486 km 0.1 Bo. Quebrada, Camuy PR 00627"
F-2394-2012,"Sam's Club Chunky Cinnamon Streusel, Net Wt 25 lb, in white plastic pails, Manufactured for Sam's Club, Bentonville, AR 72716, Best if stored in a cool, dry location between 65 - 75 degrees Farenheit."
F-0715-2013,"Smoked Gouda packaged in 7 oz clear plastic containers, manufactured by Sartori Inspirations, LLC, Lafayette, CO 80026."
F-1776-2012,"Vanilla Maple, 1pt., UPC 8 52244 00306 0"
F-0023-2013,"Fresh Cuts, Pineapple Dices, 2 oz, Best By: SEP/15/12, Lot Number: 243 and 245."
F-1708-2012,"Cinnamon Xylishield xylitol gum, net wt 84 g, Ultradent Products, South jordan, UT 84095 60 pieces of gum per pack.  Packaging is red, white, and black with black, red and white print writing.  The product is advertised for use in fighting against tooth decay. Part number 8419."
F-0506-2013,"Sunland Valencia Roasted and Blanched, 30 lb, UPC 41320."
F-0313-2013,"Hot Pepper Jelly, 4 and 8 ounce jars, labeled in part ***Jill's Jams &amp;amp; Jellies, Hampstead, MD 21074***"
F-0906-2013,Pastillage (gum paste) Flowers
F-0202-2013,#386 1/2 Farmer's Quiche	1/2 each
F-1198-2013,"Treasure Trove Mix, sold from Whole Foods Market Bulk Bins PLU 6922"
F-2286-2012,"Wawa protein power pack Net Wt 7.8 OZ  Distributed by: Wawa, Inc. Wawa, PA 19063 wawa.com  On or before August 11; UPC 261902565"
F-1343-2012,"Evergreen Farm Doen Jang (Soybean Paste).  Net Wt, 70 ounces (4.4 LBS) in glass jars.  1023 Yardville Allentown Road, Hamilton NJ 08620.  Product of USA.  UPC# 89076725873"
F-0976-2013,"""Estrella Food Products, Inc***Pastelillos de Guayaba (Guava Mini Turnovers)***6 units***Manufactured by: Estrella Food Products, Inc., Minillas Industrial Park,Bayamon, PR 00959-1906***""."
F-0904-2013,Pastillage (gum paste) Flowers
F-0254-2013,#305 Homemade Cole Slaw	7 pounds
F-1731-2012,Fertalin bottles of 90 tablets taken orally Nokomis Research Inc  Bell Lifestyle Products #8
F-0526-2013,"Sunland Organic Raw Inshell, 25 lb, UPC 10107."
F-1999-2012,"Cool Creations Pico de Gallo packaged for food service in 5-lb. trays, 2 per case (item 17502), and Pico de Gallo packaged for retail sale in 16-oz plastic containers, 4 per case, UPC 815970011013; and 8-oz. plastic containers, 4 per case, UPC 815970010252.  The firm name on the label is Cool Creations, LLC, North Kansas City, MO."
F-0795-2013,"Vitanut Pro IC, 50 g"
F-1465-2012,"Santos Brand, Fennel Seeds packed in clear plastic bags, 3.5 ounces, 7 ounces, 14 ounces, 2 pounds"
F-1710-2012,"Spearmint Xylishield xylitol gum, net wt 84 g, Ultradent Products, South jordan, UT 84095 60 pieces of gum per pack.  Packaging is aqua, blue and white with black, aqua and white print writing.  The product is advertised for use in fighting against tooth decay. Part number 8418."
F-1581-2013,"ALYMAQ EXTRA FINE GRANULATED SUGAR AIB, www.alymaq.com, NET WT. 50 LBS. (22.68KG), KEEP IN A COOL AND DRY PLACE.  Multi-wall polyethylene lined bag. 55 bags per pallet."
F-0741-2013,Ground limestone also known as calcium carbonate. Omya's food grade ground limestone products. All bulk with no product labeling.     Product	                    Container Size  Omya-Cal FG-10 AZ	50 lb. bags                                             2500 lb. bulk bags                                             2000 lb. bulk bags    Omya-Cal FG-4 AZ	50 lb. bags                                               Omya-Cal FG-15 AZ	2500 lb. bulk bags
F-1799-2012,"Wellements Baby Move Prune Concentrate with Prebiotics, 4oz., 12 units per case, SKU# 141161, UPC 729609019878."
F-2126-2012,"intraKID Lot 658 with a Best By date of 12/12, 33 oz and 2 oz bottles"
F-0253-2013,#306 Asian Style Cole Slaw	306	5 pounds
F-0892-2013,"Pineapple Chunks 80/2 oz (4.536g) bag Item #71607, BEST USED BY: 11/21/12 TC: 1 217 2359"
F-0017-2013,"Wawa pineapple Net Wt. 7 oz (198 g) rigid plastic tray Distributed by: Wawa, Inc. Wawa, PA 19063 UPC 726191069328"
F-0277-2013,#025 Diced Colored Peppers	9 ounces
F-0550-2013,"Torn and Glasser Salted Roasted Jumbo Virginia, 50 lb, Item 533."
F-1463-2012,"Santos Brand, Cinnamon Sticks packed in clear plastic bags, 7oz, 14oz"
F-0007-2013,"Kerry Organic Pure 900, Organic Soy Protein Isolate, Item #722234.454, packaged in 20-kg. bags.  The firm name on the label is Kerry China, Shanghai, China."
F-0774-2013,Zingerman's Bakehouse Palmiers Net wt. 4 ounces
F-0517-2013,"Fenugreek, 3 dozen per case."
F-0745-2013,"Monterey Jack , Sizes could be 8 oz, 5lbs, 10lb, or 25lbs- vacuum packed"
F-0227-2013,#338 Tortellini Primavera		5 pounds
F-2224-201,"Finest Traditions Homemade-Style Cole Slaw, 8 lbs., 10 733147 10170 1;      Finest Traditions Homemade Style Cole Slaw, 16 oz., 7 33147 00025 0;"
F-0147-2013,Harry and David and Cushman's Original Gift Baskets
F-0746-2013,"Mild Cheddar , Sizes could be 8 oz, 5lbs, 10lb, or 25lbs- vacuum packed"
F-0143-2013,"""Recaito Do¿a Tita***Home Made Style***Keep Refrigerated***Elaborado y Envasado por Ernesto Tropical Foods, Inc. Guadalupe #62, Ponce PR 00731***Net Weight: 14 oz***"""
F-0778-2013,Zingerman's Bakehouse Stollen
F-0535-2013,"Sunland Raw Virginia Reg Jumbo InShell, 50 lb UPC 0-48687-76101-2"
F-2261-2012,"Acme Homestyle Cole Slaw, 16 oz., 0 11596 14304 3"
F-1812-2012,"WE-24541 Vit/Min Premix Toddler (1-4 yr old) w/o DHA*ARA, NET WEIGHT 22.68 KG"
F-0314-2013,"Pepper Jelly, 4 and 8 ounce jars, labeled in part ***Jill's Jams &amp;amp; Jellies, Hampstead, MD 21074***"
F-0283-2013,"#011 Zucchini Stir,Fry		0.75 pounds"
F-0706-2013,"Beagle Bay Organics Brand Raw Sauerkraut, Kimchi Net. Wt. 16 oz (416g). Product is stored/distributed under refrigeration and is intended to be eaten raw as a condiment. Beagle Bay Organics, 4501 Manatee Ave W # 105, Bradenton, FL 34209"
F-1470-2012,"Santos Brand, Whole Mace packed in clear plastic bags,  3.5 ounces, 7 ounces"
F-0734-2013,"Ground Hot Pepper Chillies, 5 oz. plastic jars, 24 jars/case; jars labeled in part ***Imported and distributed by Nina International Inc., P.O. Box 2176, Hyattsville, MD 20784***Product of Ghana***"
F-0771-2013,Zingerman's Bakehouse Rugelach Net wt. 1/2 lb
F-2168-2012,"Finest Traditions Smokey Baked Beans, 8 lbs.,10 733147 10456 6, 16 oz., 7 33147 00161 5,  8 lbs., 10 733147 10231 9;"
F-2356-2012,"Nitre powder. Brand ""Selected Product"", 4oz plastic bags, UPC 0 45027 97918 2."
F-0743-2013,"Colby , Sizes could be 8 oz, 5lbs, 10lb, or 25lbs- vacuum packed"
F-1473-2012,"Santos Brand, Suji (Farina) packed in clear plastic bags, 2 pounds"
F-1472-2012,"Santos Brand, Urid Split (Lentils) packed in clear plastic bags, 2 pounds, 4 pounds"
F-2221-2012,"Cole Slaws: 1) Spartan Cole Slaw, 1 lb., 0 11213 90322 4,  & 3 lbs., 0 11213 90327 9; 2) Market Pantry Cole Slaw, 15 oz., 0 85329 24106 6, & 44 oz., 0 85239 24114; 3) Spoon River Cole Slaw, 3 lb., 0 11596 34238 2"
F-2041-2012,"CASS-CLAY, BUBBLE GUM, 3 GALLON  (11.34 L)."
F-2262-2012,"Garden-Fresh Family Style Cole Slaw, 5 lb., 0 11596 53060 4"
F-0285-2013,#009 Colored Peppers		0.76 pounds
F-1860-2012,"""***Tres Monjitas***Tropical Splash***Acerola***15 oz***"""
F-2091-2012,BUSCHS SPAGHETTI & MEATBALLS B       14 OZ
F-0262-2013,#231 Bulk Cantalope	231	3 pounds
F-0850-2013,"Veggie Patch Falafel Chickpea Balls, Net Wt 9 oz tray, Refrigerated  UPC code 6-10129-06619-3"
F-2005-2012,"Kabob Kit, packaged in 24-oz. plastic containers, 2 containers per case, UPC 815970011792.  The firm name on the label is Cool Creations, LLC, North Kansas City, MO."
F-2050-2012,"Cass Clay, BISON CRUNCH, half gallon (1.89 L)   0 70422 04033 5    Cass Clay, BISON CRUNCH, 3 Gallon (11.34 L)"
F-1709-2012,Xylishield Dental Care Kit containing 60 pieces of Cinnamon Xylishield gum.  The product is packaged in blue and white packaging with black and white print writing.  The product is advertised as a defense against cavities. Part number 8405.
F-2222-2012,"Dixie Cole Slaws:1) Garden-Fresh Dixie Cole Slaw, 5 lbs., 0 11596 93007 7 ; 2) DF Special Recipe Dixie Cole Slaw, 16 oz. 0 70163 98115 7"
F-2085-2012,1/2 PAN BAKED MOSTACCIOLI BM  1 EA
F-1755-2012,"T.G.I. Friday's Mozzarella Sticks 2.25oz, 3.5oz, and 4.8 oz.    Item#30187, 30588, 30588B, 30707, 30819, 30834."
F-0539-2013,"Sunland Salted In Shell Bulk Organic in Box, 25 lb UPC 0-48687-12110-6."
F-1911-2012,"Garden Highway brand Traditional Guacamole Kit, 3 lb package.  Manufactured by GH Foods CA LLC,  Rancho Cordova, CA."
F-0712-2013,"Kalamata Tapenade packaged in 7 oz clear plastic and 5 lb white plastic capacity containers, manufactured by Sartori Inspirations, LLC, Lafayette, CO 80026."
F-0713-2013,"Mediterranean Tapenade packaged in 7 oz clear plastic and 5 lb capacity white plastic tubs, manufactured by Sartori Inspirations, LLC, Lafayette, CO 80026."
F-0831-2013,Dried Golden Raisins 8 oz UPC 7203670490
F-2223-2012,"Garden-Fresh Amish Country Cole Slaw, 5 lbs., 0 11596 53010 9;"
F-1858-2012,"Dried Brewers Yeast TG_YFS004  Naturex 375 Huyler Street, South Hackensack, NJ 07606 USA Phone: 1 201 440 5000 Net Wt 25 kg"
F-0894-2013,"Green Pepper Strips 3/8"" 80/2oz (4,536g) bag Item #73032 BEST USED BY: 11/21/12 TC: 1 317 2359 15:45"
F-0112-2013,"MJM Tropical Treats, Tropical Shaped Grahams, Orange, Net Wt. 1 oz., MJM Marketing, Super Wholesome Grahams, P.O. Box 1477, Kailua Kona, HI 96745-1477."
F-0714-2013,"Tex Mex Smoked Gouda packaged in 7 oz clear plastic containers, manufactured by Sartori Inspirations, LLC, Lafayette, CO 80026."
F-0903-2013,Pastillage (gum paste) Flowers
F-0763-2013,Zingerman's Bakehouse Country Scone  Net wt. 3 ounces
F-2338-2012,"Delish Tropical Medley 10 oz.(283 g)  Enjoy by: 8/28/12 and before Distributed by: Walgreen Co. 200 Wilmot Road, Deerfield, IL 60015 Distributed by Walgreens UPC 04 902253699 9"
F0515-2013,"Boulart Multigrain Ciabatta Baquette, 18/11.5 ounce loaves, UPC 82684622102."
F-0938-2013,"Individual packages labeled in part: ***The Father's Table***Vanilla Roll***8oz**** and Master carton labeled in part: ""The Father's Table***Shelf Stable*** Mini Vanilla Roll***Contains 12/8oz.***"
F-1859-2012,"""***Tres Monjitas***Tropical Splash***Guanabana***15 oz***"""
F-1144-2013,"365 Organic Orzo, 16oz, 20 carton/case"
F-0900-2013,Pastillage (gum paste) Flowers
F-1888-2012,"Fresh Pico de Gallo packaged under the following brand names and sizes:  Albertson's - 12 oz container;  Garden Highway - 7 oz; 1 lb containers and Fresh Party Favorites 1 lb and 7 oz;  Natural Directions - 1 lb;  Pacific Coast Directions - 7 oz and 1 lb;  Raley's 7 oz and 1 lb  Manufactured by GH Foods CA LLC,  Rancho Cordova, CA."
F-0905-2013,Pastillage (gum paste) Flowers
F-0899-2013,Pastillage (gum paste) Flowers
F-1990-2012,"Organic Pinenut, 25 kg, Product of China"
F-1730-2012,Erosyn bottles of 30 tablets taken orally Nokomis Research Inc  Bell Lifestyle Products #7
F-0664-2013,"PB & J Jamz, 2.80oz., Distributed by: AdvancePierre Foods, Inc., 9990 Princeton Glendale Road, Cincinnati, OH 45246."
F-0849-2013,"Meatless Burger: 1) Veggie Patch Ultimate Meatless Burger - Net Wt. 9 oz. tray, UPC Code 6-10129-00211-5; 2) Veggie Patch The Ultimate Meatless Burger  - Le burger sans-viande ultime, Net Wt 1.02Kg/ 2.25 Lb, UPC Code: 6-10129-08477-7"
F-1897-2012,"Cacciatore Mix under the brand name of Garden Highway  Chef Essentials, Safeway Farms, 11 oz packages.   Manufactured by GH Foods CA LLC,  Rancho Cordova, CA."
F-1457-2013,"Preserved Apricots -- NET WEIGHT 300gr (10.6oz) -- Ingredient: Salt, apricot, refined sugar.  Firm on label: packed for Hong Lee Trading Inc., 225 Johnson Ave., Brooklyn, NY 11203.  Product of Vietnam."
F-1466-2012,"Santos Brand, Deggi Mirch (Red Capsicum & Kashmiri Red Chile Powder) packed in clear plastic bags,  7 ounces, 14 ounces, 2 pounds"
F-0766-2013,Zingerman's Bakehouse Currant Scone  Net wt. 3 ounces
F-0297-2013,"SunFresh Natural Pitted Prunes Net wt. 6 oz. Distributed by: Sunfresh Natural LLC, Passaic, NJ 07055   Please visit us at: www.sunfreshnatural.com"
F-0179-2013,#448 10 oz Three Green Veggies	10 ounces
F-0518-2013,"Fenugreek Leaves, 30 bunches (2.5 dozens/carton)."
F-2052-2012,"Cass Clay, LIGHT MUDDY SNEAKERS, half gallon (1.89 L)  	0 70422 24072 8"
F-1729-2012,Product Name: Eroxil bottles of 30 tablets taken orally Nokomis Research Inc #6
F-1760-2013,"El Campestre Brand Ceviche Mixto, 2/5 lbs bulk containers into 1/10lbs carton.  Packaged in 2/5lbs white plastic buckets with lid and handle, into 1/10lbs carton.    Labeling reads in part:""CEVICHE MIXTO***NET WT..10 LBS***DIST.BY EL CAMPESTRE DIST TEL (562) 505-7247***""."
F-1352-2014,"Phenol Assist, Kirkman brand, Item # 0835-090"
F-1343-2013,"Assorted Non-Pareil Seeds; Ozone Confectioners, Elmwood Park, New Jersey 07407.  Non-Pareil Seeds, 10 LBS. Net"
F-0789-2014,"Bulk B807 True Botanica Digestive, packaged in varying quantities within poly bags within corrugated boxes (for domestic distribution) or fiber drums (for international distribution) (SKU 83377);"
F-1695-2013,"Item Number: 366568  Item Description: TUB LG MIX DIET DELIGHT  Case Pack: 12  Package Size: 14 OZ 2-Piece Clear Plastic Tub (No Label on Top, Nutritional Label on Bottom)  UPC Number: 094776081769"
F-1336-2014,"Diet Coke, 2L, 67.6 FL OZ (2 QT 3.6 FL OZ), UPC 4900005011"
F-0430-2014,"Market Pantry Reduced Fat Coleslaw, UPC 0 85239 20117 6 15 oz, Product Code 201176."
F-0809-2014,"Bulk C812 ZoiVi Digestive Formula powder, packaged in varying quantities within poly bags within corrugated boxes (for domestic distribution) or fiber drums (for international distribution) (SKU 83438)"
F-1509-2014,"Bueno GC NM Exclusive XHot 6-56oz Z, Product Item Number 1048-5. Packaged in plastic containers.   All packed in cardboard shipper box that is then sealed with attached shipper label. Total package size of  6 units of 56 oz each per case totaling 21 lbs."
F-1533-2014,"Bueno GC 1.5 Hot 5-5# Z, Product Item Number 1096-3. Packaged in sealed poly film pouches.  All packed in cardboard shipper box that is then sealed with attached shipper label. Total package size  5 units of 5 lbs each per case, totaling 25 lbs."
F-0867-2014,"Weis, Baked Lima Beans, 1/5 lb., 	0 11596 52111 4, 	11/21/2013 - 12/3/2013"
F-1728-2013,"Orchard Reserve, Fiber Health Blend, Net WT 6.5 oz , UPC 0 71725 74211 7, Distributed by Amport Foods, Minneapolis, MN 55414."
F-1644-2013,"R.L. Schreiber Batter Mix, 2.5 lb packaged in white flexible plastic bag, 12 bags per case."
F-1508-2014,"Bueno GC NM Mild 6-56oz Z, Product Item Number 1044-2. Packaged in plastic containers.   All packed in cardboard shipper box that is then sealed with attached shipper label. Total package size of  6 units of 56 oz each per case totaling 21 lbs."
F-0756-2014,Bulk 7775 GreenPlanet Enzymeblend Powder packaged in poly bags within fiber drums (SKU 82566)
F-1349-2014,"EnZym-Complete/DPP-IV II with Isogest, Kirkman brand.  Item  numbers:   0851A-090, 0851A-180, 0931-090, 0931-180, 5851A-090, 5931-090."
F-0134-2014,"Protease:    APEX 10-7082  CENTURY 7-152  EB 2-14511  EB 5-16901  EB 8-14861  EB 9-14191  EXCLZYME  EXCLZYME EN  GLOBAL 8-658  HFN 7-7113  META 10-185  MHNHEM 2-158  PEPZYME AG  PROTEASE - 1000  PROTEASE 250,000  SEB PRO FP 500  SEB PRO FP 600  SYS 7-7742  UT 11-216 N  VEGPANZYME 1213  VEGPANZYME PLUS"
F-0816-2014,"LipiChol 540 (Omega-3 Phospholipid) Medical Food Dispense by Prescription Distributed by: PharmaceutiX Orlando, Florida"
F-1465-2013,"GRATED 2/25 GRANA PADANO; Lot Code: 313701A01; Pack Size: 2/25#; Net Pounds: 50; PACK DATE: 05/18/13; ITEM#DGP03; arthur schuman inc, 40 new dutch lane fairfield nj 07004 U.S.A.; 937-227-0030 www.arthurschuman.com;"
F-0433-2014,"Weis Old Fashion Cole Slaw, UPC 0 41497 05849 5, 16 oz, Product Code 05849.  Weis Old Fashion Coleslaw, UPC 0 11596 53100 7, 2/5 lb., Product Code 3100."
F-1580-2013,Dixie Lily Stone Ground Meal 24 oz & 5lbs
F-0429-2014,"Market Pantry Coleslaw, UPC 0 85239 24106 6, 15 oz, Product Code 24106. Spartan Cole Slaw, UPC 0 11213 90322 4, 16 oz, Product Code 4072. Market Pantry Coleslaw, UPC 0 85239 24114 1, 44 oz., Product Code 24114. Family Style Cole Slaw, UPC 0 11596 53060 4, 2/5 lb., Product Code 3060. Grandpa's Cole Slaw, UPC 0 11596 08006 2, 3.5 oz, Product Code 8006. Grandpa's Cole Slaw, UPC 0 11596 24237 8, 2 lb., Product Code 4325. Grandpa's Cole Slaw, UPC 0 11596 34325 9, 3 lb., Product Code 4237. Grandpa's Cole Slaw, UPC 0 11596 93021 3, 2/5 lb., Product Code 3021."
F-0837-2014,"Nature's Way,UPC 33674156858, Alive Once Daily Men's Ultra Potency, 60 Tabs, 20010553,  20012800"
F-1135-2014,"Innate Response Digestive Enzymes Clinical Strength 90ct. (40126) and ""	Innate Response Digestive Enzymes Clinical Strength 10 Ct. Sample (90037)"
F-1524-2014,"Bueno GC NM Autumn Roast Hot 5-5# Z, Product Item Number 1062-3. Packaged in sealed poly film pouches.  All packed in cardboard shipper box that is then sealed with attached shipper label. Total package size  5 units of 5 lbs each per case, totaling 25 lbs."
F-0802-2014,"Bulk C542 Vitakost Low Carb Diet, packaged in varying quantities within poly bags within corrugated boxes (for domestic distribution) or fiber drums (for international distribution) (SKU 92544);"
F-1133-2014,MegaFood Vegan-Ease 30 ct. (12002) and MegaFood Vegan-Ease 2 ct. Sample Pack (S12002)
F-1524-2013,"Fresh Thai chili peppers.    Loose fresh Thai chili peppers packaged with inner plastic mesh bag into paper carton cardboard boxes. Imported bulk. Outer carton labeling reads in part: ""***PRODUCE OF MEXICO***JAMMIN PEPPERS***THAI CHILI***DISTRIBUTED BY: JT BROKERAGE 651 KOHLER ST. LOS ANGELES, CA 90021***WWW.JAMMINPEPPERS.COM***""."
F-1350-2014,"Enzym-Complete/DPP-IV, Kirkman brand.  Item numbers 0234-060, 0234-120, 0234-200, 5234-200"
F-1554-2013,"Hot Dog Buns  8 Count  Earthgrains Baking companies, Inc.  Horsham, PA 19044"
F-1516-2014,"Bueno GC NM Hot 5-5# Z, Product Item Number 1056-7. Packaged in sealed poly film pouches.  All packed in cardboard shipper box that is then sealed with attached shipper label. Total package size  5 units of 5 lbs each per case, totaling 25 lbs."
F-0850-2014,"Garden-Fresh, Amish Country Cole Slaw,  2/5 lb.	, 0 11596 53010 9	11/21/2013 - 12/6/2013"
F-1521-2014,"Bueno GC NM Hatch Valley Mild 5-5# Z, Product Item Number 1057-5. Packaged in sealed poly film pouches.  All packed in cardboard shipper box that is then sealed with attached shipper label. Total package size  5 units of 5 lbs each per case, totaling 25 lbs."
F-0720-2014,"Mediterranean Olives: Large, produced by Bel Frantoio and packaged in 34-oz. plastic containers.    Imported from Italy"
F-1512-2014,"GC Exclusive Hot 5-5# Z, Product Item Number 1056-2. Packaged in sealed poly film pouches.  All packed in cardboard shipper box that is then sealed with attached shipper label. Total package size  5 units of 5 lbs each per case, totaling 25 lbs."
F-1143-2014,"Vega ONE Nutritional Shake Vanilla Chai.  Distributed by: Sequel Naturals LTD, Burnaby, BC, Canada. Vegasport.com. Packaged in HDPE jars; in VFF pouch; sizes: 30.8 oz./874 g, 38g, 437g units containers."
F-1531-2014,"Bueno GC Autumn Roast Strip Medium 2-12.5# Z, Product Item Number 1090-5. Packaged in double-poly bags and not sealed."
F-1300-2013,Nutrex Research Lipo 6 Black Ultra concentrate Fat Destroyer
F-0783-2014,"Bulk A977 Wedar Digestive Blend 2 powder, packaged in varying quantities within poly bags within corrugated boxes (for domestic distribution) or fiber drums (for international distribution) (SKU 83314);"
F-1638-2013,"Solbar Q Soy Protein Isolates.  Item No. / Item Description:  22843 / Solbar Q 843 GMO, 22910 / Solbar Q 910 GMO, 22942 / Solbar Q 842 GMO, 22943 / Solbar Q 842 NGMO, 3323912 / Solbar Q 910, 3323920 / Solbar Q 920, 3323932 / Solbar Q 842, and 3323973 / Solbar Q 842 IP"
F-1937-2014,"GOOD TASTE brand Plum, 10.5 OZ, PRODUCT OF CHINA, UPC 3 867320 507650 --- AMERICA MANDY STAR TRADING"
F-0118-2014,"Dual Action Cleanse by Cellular Research Formulas, 60 ct, Item AN027370, UPC 7 10363 27370 5, Item AN056592HFS, UPC 7 10363 56592 3; Item DR056439, UPC 7 10363 57369 0."
F-0133-2014,Cellulase:    ACTA 4-702  APEX 17-6262  APEX 6-9762  ARTH EB 10831  BETA GLUCANASE 1000  BROOK 8-352  CELLULASE 1000  CELLULASE 4000  CELLULASE CONC.  CENTURY 7-152  CLENZSEB  DIGESEB  DIGESEB PB  DIGESEB PLUS  DIGESEB PLUS 401  DIGESEB SUPER  DIGESEB SUPER 118  EB 10-14081  EB 10-15351  EB 12-706  EB 14-14201  EB 16-15612  EB 17-14161  EB 5-13302  EB 5-14121  EB 5-15361  EB 8-15731  EB 9-14181  EB 9-14191  EL 5-7212  GLOBAL 8-658  GREENZYME 427  HEMISEB  JARL 3-164  NAT 9-185  NF 525  NHK 14-9451  NPC 270  NPC 5005  NPC 6006  NW 7B 9142  PB 10401  SEB GLUTEN RELIEF  SEB GLUTEN RELIEF HNS  SUPER 108  TUMMYEASE  VEGPANZYME PLUS  VR 5-8451
F-1641-2013,"Contex - Textured Soy Protein Concentrates   Item No. / Item Description:  3411112 / Contex 120 Textured Soy Protein, 3411124 / Contex 25 Textured Soy Protein, 3411129 / Contex 31 CL  Textured Soy Protein, 3411142 / Contex 120CL IP Textured Soy Protein, 3411144 / Contex 240 Textured Soy Protein, 3411161 / Contex 25 CLH, 51026 / Contex 25 Textured NGMO Soy  Protein, 52031 / Contex 31 GMO  Textured Soy Protein, 52032 / Contex 31 CL GMO  Textured Soy Protein,   52034 / Contex 31PV GMO  Textured Soy Protein, 52035 / Contex 31NP GMO  Textured Soy Protein, 52121 / Contex 120CL IP Textured Soy Protein, and 52248 / Contex 240CL GMO Textured Soy Protein."
F-0136-2014,Papain:    NF 4-608 B  NF 4-6152  NUTRA 6-452  PAPAIN  PROHYDROXY NF 4-714
F-1447-2014,"Mexpogroup Cactus  Grown in Mexico; 44 lbs, 20 KG;  Calle El Rosario  #20581 Col Buenos Aires Norte C.P. 22700  Tijuana, Mexico."
F-0714-2014,"Mediterranean Olives: Gaeta White, produced by Bel Frantoio and packaged in 34-oz. plastic containers.    Imported from Italy"
F-1305-2013,ShanTea Enlightened Mind Mate/Kukicha (UPC 794504284102) USDA Organic.
F-0636-2014,"Garden-Fresh Rocky Road Dessert,  Product Code 0 11596 45029 2, 	1/4 lb"
F-1133-2013,"Tausi Brand Salted Black Beans.  Net Weight 180g (6.34 oz).  Distributed by:  V8 Commercial Co., Inc. San Juan, Metro Manila.  Product of the Philippines."
F-0090-2014,"Xylanase 150,000XU, powder, enzyme, 100 gm. Product 13A"
F-1510-2014,"GC Medium 5-5# Z, Product Item Number 1055-3. Packaged in sealed poly film pouches.  All packed in cardboard shipper box that is then sealed with attached shipper label. Total package size  5 units of 5 lbs each per case, totaling 25 lbs."
F-0567-2014,"Garden-Fresh Amish Country Cole Slaw, Product Code 0 11596 53010 9	 	11/4/2013 - 11/15/2013	2/5 lb"
F-0331-2014,"Coleslaw, Formula CS.29, packaged under the following labels:  -Essential Everyday Cole Slaw packaged in 6/15-oz and 6/44-oz carton cases. Distributed by Supervalu Inc., Eden Prairie, MN.  -US Food Service Cross Valley Farms Cole Slaw packaged in 2/7-lb carton cases. Distributed by Cross Valley Farms, Columbia, MD.  -Reser's Homestyle Cole Slaw packaged in 2/7-lb, 6/15-oz and 6/2.75-lb carton cases. Reser's Fine Foods, Inc., Beaverton, OR."
F-0969-2014,"Finest Traditions,	Homemade-style Cole Slaw,	1/8 lb.,		10 733147 10170 1,	11/20/2013 - 12/4/2013;  Finest Traditions,	Homemade-style Cole Slaw,	6/16 oz.,	7 33147 00025 0,	10 733147 10165 7,	11/20/2013 - 12/4/2013;"
F-0775-2014,"Bulk A164 NUTRACHOICE DIGESTIVEBL powder (SKU 83196), packaged in varying quantities within poly bags in corrugated boxes (for domestic distribution) or fiber drums (for international distribution)"
F-0838-2014,"Nature's Way,UPC 33674156865, Alive Once Daily Women's Ultra Potency, 60 Tabs,  20010554,  20011595,  20014135"
F-1520-2014,"Bueno GC NM Reserve Mild 5-5# Z, Product Item Number 1057-4. Packaged in sealed poly film pouches.  All packed in cardboard shipper box that is then sealed with attached shipper label. Total package size  5 units of 5 lbs each per case, totaling 25 lbs."
F-0585-2014,"Garden-Fresh Calico Beans, 0 11596 52596 9, 	1/5 lb;  Garden-Fresh Calico Beans,  0 11596 52500 6, 	4/5 lb;"
F-0813-2014,Bulk D103 Life Tree Digestive Ble powder packaged in varying quantities within poly bags within corrugated boxes (for domestic distribution) or fiber drums (for international distribution) (SKU 83466).
F-0808-2014,"Bulk C676 BnG Global Digestive Blend powder, packaged in varying quantities within poly bags within corrugated boxes (for domestic distribution) or fiber drums (for international distribution) (SKU 83430)"
F-1491-2014,"Bueno GC NM Autumn Roast Exclusive Hot 5-5# Z, Product Item Number 1015-3. Packaged in sealed poly film pouches.  All packed in cardboard shipper box that is then sealed with attached shipper label. Total package size  5 units of 5 lbs each per case, totaling 25 lbs."
F-1471-2014,"Triarco Industries, LLC an Innophos company Activessence (R)   Notice- For Manufacturing Use Only Not for Resale"
F-1348-2014,"Chewable Maximum Spectrum EnZym-Complete/DPPIV with Isogest, Kirkmand brand.  Item # 0893-090"
F-0396-2014,"KIT COLE SLAW, 310160, TAYLOR FARMS 12.5#, NET WT: 12, TAYLOR FARMS, MD"
F-1764-2013,"El Campestre Brand Ceviche De Camaron.    Packaged in 2/5lbs white plastic buckets with lid and handle, into 1/10lbs carton.    Labeling reads in part:""EL CAMPESTRE CEVICHE DE CAMARON***NET WT.10 LBS***Manufactured by: El Campestre Compton, CA 90221 (310) 764-2461***""."
F-0932-2014,"Garden-Fresh, 	Dixie Cole Slaw, 	2/5 lb. 		0 11596 93007 7, 	11/21/2013 - 12/7/2013"
F-0137-2014,"XYLANASE 150,000"
F-0095-2014,"Ultra Blend 102, powder, enzyme blend, packaged in 25 kg double poly bags inside fiber box. Product 73B, SI Item # 10678."
F-0764-2014,"Bulk 9414 PROTHERA CANDIDACHLOREL powder, packaged in poly bags in corrugated boxes (for domestic distribution) or fiber drums (for international distribution) (SKU 83056);"
F-0343-2014,"Reser's Ambrosia Delight, Formula DE.03, packaged in 2/8-lb and 6/11-oz carton cases. Distributed by Reser's Fine Foods, Beaverton, OR."
F-1639-2013,"Solcon Soy Protein Concentrates.  Item No. / Item Description:  12110 / Solcon F GMO, 3112030 / Solcon F Soy Protein Concentrate, 12100 / Solcon GMO, and 3112002 / Solcon GMO Soy Protein Concentrate"
F-0431-2014,"Finest Traditions Homemade-Style Cole Slaw, UPC 7 33147 00025 0, 16 oz, Product Code 38858."
F-1448-2014,"Fresh Cactus (""Nopal""), 40lbs/bx"
F-0120-2014,"Irwin Naturals Daily Digestive Enzymes 45 ct, Item IN057552, UPC Code: 7 10363 57552 6"
F-0800-2014,"Bulk C434 Shanghai Enzyme Blend B powder, packaged in varying quantities within poly bags within corrugated boxes (for domestic distribution) or fiber drums (for international distribution) (SKU 83419);"
F-1896-2013,"Pills bury Cinnamon Rolls with Icing, CINNA BON, USPC 1800000501, 1800052230, 12.4 oz  and 2-pack USPC 1800045675,2- 12.4 oz (351 G) CANS, NET WT 24.8 OZ (1 LB 8.8 OZ 703 G."
F-1219-2014,"Reser's Meatloaf Glaze, Formula SA.19B36 packaged in 6/36-oz carton cases UPC 071117615012.  Reser's Fine Foods, Inc., Beaverton, OR."
F-1543-2013,"Ginseng. American Ginseng, 4 oz. and 8 oz. retail packages and bulk ginseng in 20, 30, or 40 lbs. in a clear plastic bag.  Bulk products are not labeled."
F-1917-2013,"MAX Brand Glucosamine 1500 mg + MSM 400 mg, 120 Count Tablets.    Product labeling reads in part:""MAX Triple Strength MOVE FREE Glucosamine 1500 mg + MSM 400 mg 120 Tablets***6 65176 08218 4***Manufactured in FDA Approved Facility for: HealthMax Products Co. Altadena, CA 91001***""."
F-0328-2014,"Yoder's Shredded Cole Slaw, Formula CS.103, packaged in 6/2.75-lb and 2/4.5-lb carton cases. Reser's Fine Foods, Inc., Beaverton, OR."
F-1322-2013,"Fructus Lycii (400g).  Dried Medlar (Net Wt: 14.11 oz (400G).  Ingredients: Dried Medlar.  Distributed Exclusively By:  Tristar Food Wholesale Company Inc. 115 Amity Street, Jersey City NJ 07304, USA.  Product of P.R.C.  UPC: 6931653102466"
F-1894-2013,"""***SUPERBUDIN"""
F-1523-2014,"GC Autumn Roast NO LABEL Hot 5-5# Z, Product Item Number 1062-0. Packaged in sealed poly film pouches.  All packed in cardboard shipper box that is then sealed with attached shipper label. Total package size  5 units of 5 lbs each per case, totaling 25 lbs."
F-1286-2013,"Propolis Powder -100% Standardized Bee-Propolis Lot #: 021113-55/60, EXP: 10/14 11# Bag & Lot#: 10081155/60-120612-100, EXP: 12/15, 1# BAG."
F-1007-2014,"Garden-Fresh,	Poppy Seed Cole Slaw,	1/8 lb.,		0 11596 83016 2,	11/21/2013 - 12/5/2013;"
F-1142-2014,"Vega One Starter Kit.  Distributed by: Sequel Naturals LTD, Burnaby, BC, Canada. Vegasport.com. Packaged in HDPE jars; in VFF pouch. 7oz/197.2g containers."
F-1919-2013,"MAX Brand Glucosamine 1500 mg, Plus MSM + Vit D 200 Count Tablets    Product labeling reads in part:""MAX Glucosamine 1500mg***200 Tablets***6 65176 60566 6***Manufactured in FDA Approved facility for: HealthMax Products, Inc. Altadena, CA 91001***"""
F-0713-2014,"Mediterranean Olives: Small, produced by Bel Frantoio and packaged in 34-oz. plastic containers.    Imported from Italy"
F-0092-2014,"Xylanase 70,000XU/g, powder, enzyme, 100 gm. Product 71A"
F-0843-2014,"Alive No Iron  (for international sales), 30 Tabs	HDPE Bottle in a Box	12"
F-1104-2014,"Aunt Jemima(R) HOMESTYLE FRENCH TOAST, 6 COUNT, NET WT. 12.5 OZ (354 g), UPC Code: 019600057703"
F-0337-2014,"Wal-Mart Deli Cole Slaw, Formula CS.75, packaged in 12/15-oz and 6/30-oz carton cases. Distributed by Wal-Mart Stores, Inc., Bentonville, AR."
F-1850-2013,"Morbier Les 3 Comtois, 11 lb. wheel; packaged in a cardboard case; one per case; refrigerated"
F-1762-2013,"El Campestre Brand Ceviche De Basa.  Packaged in 2/5lbs white plastic buckets with lid and handle, into 1/10lbs carton.    Labeling reads in part:""EL CAMPESTRE CEVICHE DE BASA***NET WT.10 LBS***Manufactured by: El Campestre Compton, CA 90221 (310) 764-2461***""."
F-1745-2013,"Lehman's Hot Veggie Mix, packaged in 12/16-oz jars per case, distributed by Lehman's, Kidron, OH 44636"
F-1296-2013,"Product does not have a label.  The consignees are provided with an ingredient statement for all the products they purchase.  The product is packaged in a reusable plastic tote, with white sticker applied to one side of tote.  This sticker has the Prepared Date:  which is hand written as the month-day."
F-1802-2013,Bulk tablet label:  Keytabs W.O. Glandulars (pink)
F-1511-2014,"GC NO LABEL Hot 5-5# Z, Product Item Number 1056-0. Packaged in sealed poly film pouches.  All packed in cardboard shipper box that is then sealed with attached shipper label. Total package size  5 units of 5 lbs each per case, totaling 25 lbs."
F-1047-2014,"Finest Traditions,	Smoky Baked Beans,	4/8 lb.,		10 733147 10456 6,	11/25/2013 - 12/9/2013;  Finest Traditions,	Smoky Baked Beans,	6/16 oz.,	7 33147 00161 5,	10 733147 10243 2,	11/28/2013 - 12/9/2013;  Finest Traditions,	Smoky Baked Beans,	6/16 oz.,	7 33147 00161 5,	10 733147 10243 2,	11/20/2013 - 12/9/2013;"
F-0758-2014,Bulk 877 HOLISTIC DIGESTIVE MULTI packaged in poly bags within fiber drums (SKU 90461)
F-0089-2014,"Pectinase 3,500 ENDO-PG/G, powder, enzyme, 100 gm. Product 70A"
F-0825-2014,"Digestive Enzyme Complex/Enzyme Formula Caps, Quantity:13M, Product #: IB286, product is packaged in bulk form.  Manufactured For: Indiana Botanic.  Manufactured by Nature's Value Inc. 468 Mill Road, Coram, NY 11727, Telephone: 631-846-2500."
F-0847-2014,"Garden-Fresh, 1/4"" x 1"" Yellow Pepper Sticks,2/2 lb., 0 11596 40587 2	                11/9/2013-11/11/2013"
F-1526-2014,"Bueno GC Strip Mild 2-12.5# Z, Product Item Number 1071-4. Packaged in double-poly bags."
F-0641-2014,"Garden-Fresh Pumpkin Mousse, Product Code 0 11596 55053 4,	1/5 lb;    Finest Traditions Pumpkin Mousse, Product Code  0 00 11596 55053 4		10/30/2013 - 11/13/2013	1/5 lb"
F-0724-2014,"Oma's Choice, Baby Dill Pickles, Net Wt. 16.oz., Made Espcially For Oma's Choice, 4042 F.M. 3171 Schulenburg, TX 78956."
F-0738-2014,"3989 Bulk TPP TEC DIGEST powder, Transformation Enzyme Corporat, packaged in varying quantities in poly bags within corrugated containers. SKU 81814"
F-0341-2014,"Cobblestreet Market Short Shredded Coleslaw, Formula CS.91, packaged in 12/14-oz carton cases. Marketed by Independent Marketing Alliance, Houston, TX."
F-1593-2013,"RAGIN' CAJUN, WEIGHT 32 LBS, MANUFACTURED BY:  FOOD CONCEPTS, LEBANON, TN 37087"
F-1767-2013,"PERFECT 3000 VANILLA POWDER, FORMULA # 3101.  The product is loose powder packaged in bulk drum."
F-1818-2013,Thai Chili Flake
F-0942-2014,"Grandpa's,	Fresh Bruschetta,	1/5 lb.,0 11596 55911 7,	12/1/2013 - 12/16/2013"
F-0094-2014,"PC Blend 14, powder, enzyme blend, packaged in 9 kg and 25 kg double poly bags inside fiber box. Product 62A"
F-0332-2014,"Coleslaw, Formula CS.38, packaged under the following labels:    -Sysco Classic Homestyle Shredded White Cole Slaw packaged in 2/7-lb carton cases. Distributed by Sysco Corporation, Houston, TX.    -US Food Service Cross Valley Farms Cole Slaw packaged in 2/7-lb carton cases. Distributed by Cross Valley Farms, Columbia, MD.    -Reser's Homestyle Cole Slaw packaged in 2/7-lb, 6/30-oz, 12/11-oz, 12/15-oz,  and 6/2.75-lb carton cases. Reser's Fine Foods, Inc., Beaverton, OR."
F-0718-2014,"Mediterranean Olives: French Picholine, produced by Bel Frantoio and packaged in 34-oz. plastic containers.    Imported from Italy"
F-1404-2013,"Island Mix, 12 oz. with best by date of  02/17/2014"
F-1504-2014,"Bueno GC NM Hatch Valley Blakes SuperHot 5-5# Z, Product Item Number 1028-5. Packaged in sealed poly film pouches.  All packed in cardboard shipper box that is then sealed with attached shipper label. Total package size  5 units of 5 lbs each per case, totaling 25 lbs."
F-0778-2014,"Bulk A216 MRM DPPIV DIGEST BULK powder (SKU 83217), packaged in varying quantities within poly bags in corrugated boxes (for domestic distribution) or fiber drums (for international distribution)"
F-0222-2014,"CTF Brand Tapioca Pearl Pandan (Green Color), 14oz Plastic Bags, Packaged at 50 bags per case.    Packaged in plastic heat-sealed pouch. Brand name is CTF with an illustration of a deer.    Product labeling reads in part:""C.T.F. Brand TAPIOCA PEARL***EXPORTED: COMBINE THAI FOODS CO., LTD.***PRODUCT OF THAILAND NET WT:14OZ(400 G)***"""
F-1765-2013,"El Campestre Brand Camaron Aquachile.  Packaged in 2/5lbs white plastic buckets with lid and handle, into 1/10lbs carton.    Labeling reads in part:""EL CAMPESTRE CAMARON AGUACHILE***NET WT.10 LBS***Manufactured by: El Campestre Compton, CA 90221 (310) 764-2461***""."
F-1530-2014,"Bueno GC NM Hot 2-12.5# Z, Product Item Number 1081-3. Packaged in sealed poly film pouches.  All packed in cardboard shipper box that is then sealed with attached shipper label.  Total package size of  2 units of 12.5 lbs. each per case, totaling 25 lbs."
F-1957-2013,"Blythedale Farm Camembert Vermont, 7 oz  wrapped disc in plastic cup  UPC Code: 762713669027"
F-1349-2013,O Organics Black Bean Enchiladas 9 oz.
F-0569-2014,"Garden-Fresh Reduced Fat Cole Slaw, Product Code 0 11596 53202 8, 	1/5 lb  Garden-Fresh Reduced Fat Cole Slaw, Product Code 0 11596 53500 5, 	4/5 lb;      Market Pantry Reduced Fat Cole Slaw, Product Code 0 85239 20117 6, 6/15 oz;"
F-1893-2013,"""***SUPERPAN***Tu Pan Natural***"""
F-0797-2014,"Bulk C184 Ace Health Enzyme Blend powder, packaged in varying quantities within poly bags within corrugated boxes (for domestic distribution) or fiber drums (for international distribution) (SKU 83403);"
F-1591-2013,"BIG COUNTRY BREAKFAST, CASE WEIGHT 26 LBS., MANUFACTURED BY:  FOOD CONCEPTS, LEBANON, TN 37087"
F-1137-2014,KARIKAS ORTHOMOLECULAR NUTRITION MegaZymes Plus (High Concentration)  (LK10528)
F-1532-2014,"Bueno GC NM Mild 2-12.5# Z, Product Item Number 1093-3. Packaged in sealed poly film pouches.  All packed in cardboard shipper box that is then sealed with attached shipper label.  Total package size of  2 units of 12.5 lbs. each per case, totaling 25 lbs."
F-0690-2014,"Weis Baked Lima Beans , Product Code 0 11596 52111 4,	1/5 lb"
F-0835-2014,"Nature's Way,UPC 33674155424, Alive Whole Food Energizer Men's, 90 Tabs, 20010871"
F-1446-2014,"Hnos. Perez brand cactus leaves (pads):    distributed by:  West Coast Produce  300 Franklin St.  Oakland, CA 94607"
F-0845-2014,"Garden-Fresh,,1/4"" x 1"" Green Pepper Sticks, 2/2 lb., 0 11596 40586 5	                11/9/2013-11/11/2013;      Garden-Fresh, 	Green Pepper Sticks 3/16"" , 1/15 lb. ,	0 11596 55835 6 	11/5/2013  Garden-Fresh, Green Peppers Diced 3/8"", 1/5 lb., 0 11596 50549 7 ,	10/31/2013 - 11/5/2013"
F-0716-2015,"Farmer Brand DRIED LILY FLOWERS, NET WT. 8 oz, UPC 7 34765 04089 5 -- PRODUCT OF CHINA -- DISTRIBUTED BY BLOOMING IMPORT 45 BOWNE STREET BROOKLYN, N.Y. 11231 --- Nutrition Facts: Serving Size 0.4 oz. Servings Per Container 20 --- The product is packaged in a sealed flexible plastic bag."
F-1503-2014,"Bueno GC NM Hatch Valley Autumn Roast Hot 12-13 oz Z, Product Item Number 1026-2.  Packaged in plastic containers.   All packed in cardboard shipper box that is then sealed with attached shipper label. Total package size of  12 units of 13 oz each per case totaling 9.75 lbs."
F-1502-2014,"Bueno GC NM Autumn Roast Hot 12-13 oz Z, Product Item Number 1026-1.  Packaged in plastic containers.   All packed in cardboard shipper box that is then sealed with attached shipper label. Total package size of  12 units of 13 oz each per case totaling 9.75 lbs."
F-0327-2014,"West Creek Classic Coleslaw, Formula CS.100, packaged in 2/4.75-lb carton cases. Distributed by: Performance Food Group, Richmond, VA."
F-1648-2014,"Nicomex Color Para Tamal Net Wt 1/8  oz (3.54gms) Productos Mexicanos Distributed by Nicomex Inc. 88 First Street, Passaic, NJ 07055 Tel. (973) 815-2062."
F-0088-2014,St. Marcellin Au lait pasteurise fabrique en Dauphine  l'unite: poids net 80ge  Fromagerie Qurtet 38470 VINAY
F-0573-2014,"Garden-Fresh Poppy Seed Cole Slaw,  Product Code 0 11596 83016 2		10/31/2013 - 11/20/2013	1/8 lb"
F-0864-2014,"Grandpa's,	Baked Beans, 	2/5 lb., 0 11596 55180 7, 	11/26/2013  - 12/9/2013"
F-0812-2014,"Bulk D008 Glykon Tech Digestive B powder, packaged in varying quantities within poly bags within corrugated boxes (for domestic distribution) or fiber drums (for international distribution) (SKU 83453)"
F-0176-2014,"Cellulase Enzyme Blends, bulk, custom blended formulations identified as Cellulase BX and Celluase Conc, packed in boxes or drums ranging from 1 kg to 25 kg, item # CELIND, labeled in part ***Manufactured by BIO-CAT, INC.9117 Three Notch Road Troy, Virginia 22974 Telephone (800) 545-9052 Fax (434) 589-3301 E-mail: info@bio-cat.com Website: www.bio-cat.com***"
F-0791-2014,"Bulk B910 Houston Nutr TriEnz Bu powder, packaged in varying quantities within poly bags within corrugated boxes (for domestic distribution) or fiber drums (for international distribution) (SKU 83381);"
F-1500-2014,"Bueno GC Organic Mild 12-13 oz Z, Product item Number 1023-1.  Packaged in plastic containers.   All packed in cardboard shipper box that is then sealed with attached shipper label. Total package size of  12 units of 13 oz each per case totaling 9.75 lbs."
F-0579-2014,"Finest Traditions Homemade-Style Cole Slaw, 7 33147 00025 0, 6/16 oz;  Finest Traditions Homemade-Style Cole Slaw, 10 733147 10170 1, 1/8 lb;"
F-0325-2014,"Dixie Coleslaw, Formula CS.04, packaged under these labels:    -Cobblestreet Market Dixie Coleslaw packaged in 2/7-lb carton cases. Marketed by: Independent Marketing Alliance, Houston, TX.    -Yoder's Chopped Cole Slaw packaged in 2/4.5-lb carton cases. Reser's Fine Foods, Beaverton, OR.    -Reser's Pimento Dixie Fine Chopped Cole Slaw packaged in 2/7-lb carton cases. Distributed by Reser's Fine Foods, Beaverton, OR"
F-1640-2013,"Solcon S Functional Soy Protein Concentrates.  Item No. / Item Description:    3232212 / Solcon S 110 GMO, and 32211 / Solcon S110 GMO"
F-1642-2014,"Super Digestayme, 200 count, 2 boxes x 72 bottles, 1 box x 55 bottles. 300 count, 4 boxes x 72 bottles, 1 box x 12 bottles."
F-1499-2014,"Bueno GC NM Hot 12-13 oz Z, Product Item Number 1022-1.  Packaged in plastic containers.   All packed in cardboard shipper box that is then sealed with attached shipper label. Total package size of  12 units of 13 oz each per case totaling 9.75 lbs."
F-1026-2014,"Garden-Fresh,	Reduced Fat Cole Slaw,	1/5 lb.,		0 11596 53202 8,	12/6/2013 - 12/15/2013;  Garden-Fresh,	Reduced Fat Cole Slaw,	4/5 lb.,		0 11596 53500 5,	12/6/2013 - 12/14/2013;"
F-1527-2104,"Bueno GC Strip Hot 2-12.5# Z, Product Item Number 1072-4. Packaged in double-poly bags."
F-1389-2014,"Low salt, vacuum packaged, Hot Smoked Halibut was sold under brand Clippership. No product labeling was provided."
F-0510-2015,"GOLDEN LION brand DRIED ZIZIPHUS JUJUBA MILL (DRIED DATES), NET WT. 12 oz (340 g), UPC 7 34765 04008 6 -- PRODUCT OF CHINA -- PACKED FOR AND EXCLUSIVELY DISTRIBUTED BY: BLOOMING IMPORT INC. 45 BOWNE STREET BROOKLYN, N.Y. 11231 ---  The product is packaged in a sealed flexible plastic bag.  --- Nutrition Facts: Serving Size: 1.4 oz.  Serving Per Container: 8.5"
F-0687-2014,"Grandpas Fresh Bruschetta,  Product Code 5911	, 1/5 lb"
F-0640-2014,"Garden-Fresh Pineapple Dessert, Product Code 0 11596 95050 1	 	11/3/2013	1/10 lb"
F-1960-2013,"Benefiber Plus Heart Health Non-Thickening Powder, Sugar Free, packaged in 6.4-oz (48 servings) bottles, UPC 300673002487.   Distributed by: Novartis Consumer health, Inc., Parsippany, NJ 07054-0622.  Made in France."
F-1344-2013,"Harvest Mix Non-Pareil Seeds; Ozone Confectioners, Elmwood Park, New Jersey 07407.  Non-Pareil Seeds, 10 LBS. Net"
F-1374-2013,"BUFFALO TRACE MARINADE FOR MEAT Net Wt. 12 fl. oz.  PRODUCED BY: APPLECREEK ORCHARDS LLC P.O. Box 8383 Lexington, KY 40533 BUFFALO TRACE DISTILLERY 113 Great Buffalo Trace Franklin County Frankfort, KY 40601 800-654-8471 e-mail: greatboubon@buffalotrace.com website: www.buffalotrace.com UPC 7 95436 00107 2 Best By 10/30/14"
F-0831-2014,"Nature's Way, UPC 33674149263, Alive Whole Food Energizer with Iron, 60 Tabs 20009807;     Nature's Way, UPC 33674149270, Alive Whole Food Energizer with Iron, 90 Tabs 20009808.    33674149287  Alive Whole Food Energizer with Iron, 180 Tabs 20012063"
F-1594-2013,"Vegetarian Burger Mix, Item #VB 100, Pack size: 25lbs."
F-1619-2013,"Milagros Green Corn Tamales, packaged in plastic in quantities of one dozen"
F-1397-2013,"Lam Sheng Kee Chinese Red Dates, (Net Weight 400 Grams), Lam Sheng Kee (HK) International Limited, RM3 8/F Yuexiu BLDG., 160-174, Lockhart Road, Wan Chai, HK.  Distributed By:  S&M Int'l Inc. 100 Pulaski Street, Bayonne, NJ  07002.  Item #803810; Product of China."
F-0091-2014,"Xylanase 10,000XU/g, powder, enzyme, 100 gm. Product 45A"
F-1813-2013,Marmalade Fonariky  Net 105.8 oz (3 kg) Product of Russia  upc 460161417406
F-1016-2014,"Finest Traditions,	Pumpkin Mousse,	1/5 lb.,		0 00 11596 55053 4,	11/15/2013 - 12/4/2013  Garden-Fresh,	Pumpkin Mousse,	1/5 lb.,		0 11596 55053 4,	11/16/2013 -12/4/2013"
F-0334-2014,"Safeway The Deli Counter Southern Style Cole Slaw, Formula CS.46, packaged in 6/2.75-lb carton cases. Distributed by Safeway Inc., Pleasanton, CA."
F-0342-2014,"Mrs. Giles Amish Cole Slaw, Formula CSG.10, packaged in 2/5-lb carton cases. Distributed by Reser's Fine Foods, Beaverton, OR."
F-1157-2014,"Safeway The Deli Counter Ambrosia Dessert, Formula DE.50, packaged in 2/6-lb carton cases. Distributed by Safeway, Inc., Pleasanton, CA."
F-0798-2014,"Multi Plant Enzyme Tablets, packaged 60 tablet bottles(SKU 54451). Firm name on the label is Wedar Nutrasource Inc., Hacienda Height, CA;"
F-0350-2014,"Gluten Free 60 vcaps, sku#609492310194.    12 units per shipping carton/case."
F-0575-2014,"Weis Old Fashion Cole Slaw , 0 41497 05849 5,	 6/16 oz  Weis Old Fashion Cole Slaw , 0 11596 53100 7,	2/5 lb"
F-1501-2014,"Bueno GC NM Mild 12-13 oz Z, Product Item Number 1024-1.  Packaged in plastic containers.   All packed in cardboard shipper box that is then sealed with attached shipper label. Total package size of  12 units of 13 oz each per case totaling 9.75 lbs."
F-1498-2014,"Bueno GC  NM XHot 12-13 oz Z, Product Item Number 1021-1.  Packaged in plastic containers.   All packed in cardboard shipper box that is then sealed with attached shipper label. Total package size of  12 units of 13 oz each per case totaling 9.75 lbs."
F-1406-2013,"Adobo sin pimienta (Adobo without pepper) in 5 oz, 14 oz, and 32 oz"
F-0097-2014,"EB 020812-01, powder, enzyme blend, packaged in 5 kg double poly bags inside fiber box. Product 77C"
F-0715-2014,"Mediterranean Olives: Gaeta Black, produced by Bel Frantoio and packaged in 34-oz. plastic containers.    Imported from Italy"
F-1514-2014,"Bueno GC NM  Reserve Hot 5-5# Z, Product Item Number 1056-4. Packaged in sealed poly film pouches.  All packed in cardboard shipper box that is then sealed with attached shipper label. Total package size  5 units of 5 lbs each per case, totaling 25 lbs."
F-0774-2014,"Bulk A123 ORTHOMOLECULAR DIGESTIV powder (SKU 83202), packaged in poly bags in corrugated boxes (for domestic distribution) or fiber drums (for international distribution)"
F-0395-2014,"KINGS SUMMER SLAW, 310161, TAYLOR FARMS 4.75#, NET WT: 4, TAYLOR FARMS, MD"
F-0694-2014,"HCG Premium Energy Hormone-Free Drops with B12, B6 & Yohimbine, 60 ml"
F-0448-2014,"Finest Traditions Smoky Baked Beans,UPC 7 33147 00161 5, 16 oz, Product Code 38854"
F-1763-2013,"El Campestre Brand Ceviche Mixto De Basa.    Packaged in 2/5lbs white plastic buckets with lid and handle, into 1/10lbs carton.    Labeling reads in part:""EL CAMPESTRE CEVICHE MIXTO DE BASA***NET WT.10 LBS***Manufactured by: El Campestre Compton, CA 90221 (310) 764-2461***""."
F-1528-2014,"Bueno GC Whole Mild 2-12.5# Z, Product Item Number 1073-4. Packaged in sealed poly film pouches.  All packed in cardboard shipper box that is then sealed with attached shipper label.  Total package size of  2 units of 12.5 lbs. each per case, totaling 25 lbs."
F-0712-2014,"Mediterranean Olives: Green Stuffed, produced by Bel Frantoio and packaged in 34-oz. plastic containers.    Imported from Italy"
F-0788-2014,"TriEnza Powder with DPP IV Activity, packaged 105 gram bottles (SKU 54045). Firm name on the label is Houston Nutraceuticals, Inc., (HNI), Siloam Springs, AR;"
F-1907-2013,"Benefibre, Orange Creme Chewables, 36ct and 100ct chewable tablet bottles.  Foreign labeling: Novartis Consumer Health Canada Inc, Mississauga, ON."
F-1416-2014,"Variety Smoked Pack is sold in vacuum packed plastic packages, net weight 1.5 lbs.,  with label located on the front that include the pack date and AK 604.    No label was provided."
F-0589-2014,"Grandpas Baked Beans, Product Code 0 11596 55180 7, 	2/5 lb"
F-1804-2013,"Asian Taste Sun Flower Seeds, 40pk/carton, Net Wt: 8-oz. (227g), Item #1641819, UPC 6 919037 022708."
F-0182-2014,"Good Sense Spicy Sweet Mix, 25-oz (1lb 9oz) plastic container, UPC: 030243787178"
F-0841-2014,Complete Phyto-Energizer Bulk vcaps
F-1132-2014,MegaFood High Active Enzymes - 30 count  (Formula 10216)
F-1517-2014,"Bueno GC Exclusive Shot 5-5# Z, Product Item Number 1056-8. Packaged in sealed poly film pouches.  All packed in cardboard shipper box that is then sealed with attached shipper label. Total package size  5 units of 5 lbs each per case, totaling 25 lbs."
F-1518-2014,"GC NO LABEL Mild 5-5# Z, Product Item Number 1057-0. Packaged in sealed poly film pouches.  All packed in cardboard shipper box that is then sealed with attached shipper label. Total package size  5 units of 5 lbs each per case, totaling 25 lbs."
F-1394-2013,"Grove Grow Notes Hawthorne , 400 Gram (14 oz.), S&M(HK) Enterprise LTD, RM3 8/F Yuexiu BLDG., 160-174, Lockhart Road, Wan Chai, HK.  Deputy:  S&M (USA) Enterprise 4703 2nd Avenue, Brooklyn, NY  11232. Product of China."
F-0080-2015,"LONG AID Curl Activator Gel, NET WT. 16.4 OZ. (464.9g), KEYSTONE LABORATORIES, 1103 KANSAS STREET, MEMPHIS, TN 38106, UPC 070596003655"
F-0096-2014,"EB 110311-01, powder, enzyme blend, packaged in 5 kg double poly bags inside fiber box. Product 73C"
F-1803-2013,"KEYTABS (Without Iron, Copper or Glandulars), packaged in 180-tablet bottles, a product of The Key Company, St. Louis, MO."
F-1558-2013,"Colonial 12 Seeded Enriched Buns     Sara Lee, Downers, Grove, IL 60515"
F-1032-2014,"Garden-Fresh,	Rocky Road Dessert,	1/4 lb.,		0 11596 45029 2,	11/26/2013 - 11/29/2013;"
F-1353-2014,"Biofilm Defense, Kirkman brand, Item # 0881-060 and  5881-060  Biofilm Defense, Pure Compounding brand, Item # 1881-060."
F-0782-2014,"Bulk A957 Nutra Med Digestive Bul powder, packaged in varying quantities within poly bags within corrugated boxes (for domestic distribution) or fiber drums (for international distribution) (SKU 83318);"
F-1966-2013,Tully's House Blend Decaffeinated K-Cup¿ Packs (12-ct retail box) Product Code:  8803; UPC: 099555088038
F-1627-2013,"Eco-Cuisine Basic English Scone Mix, SKU: CM25SCONE, Pack size 25 lb bag, Distributed by Eco-Cuisine and manufactured by Central Milling."
F-1237-2014,"Yoder's Amish Baked Beans, Formula VE.61, packaged in  2/5-lb (UPC 7347488727) carton cases. Distributed by Lipari Foods, Warren, MI."
F-1140-2013,"Glory Foods Mixed Greens, Verduras Mixtas 16 oz"
F-1464-2014,"Walmart Great Value Tex Mex Trail Mix, Net Wt 28 oz (793g), Distributed by Wal Mart Stores, Inc., Bentonville, AR, packed in rigid clear plastic jars."
F-1519-2014,"Bueno GC NM Mild 5-5# Z, Product Item Number 1057-3. Packaged in sealed poly film pouches.  All packed in cardboard shipper box that is then sealed with attached shipper label. Total package size  5 units of 5 lbs each per case, totaling 25 lbs."
F-1205-2013,"#38605020 ORTH TRANSMART(TM) PRE-BAKED CRISP TOPPING, NET WEIGHT 30 LBS. (13.6 kg)"
F-1636-2014,"Fat Sugar (bulk), 3 boxes x 12 kg, 1 box x 8.76 kg."
F-0958-2014,"Marsh,	Grandpa's Cole Slaw,	2/5 lb.,		0 11596 93021 3,	11/17/2013 - 12/1/2013"
F-1736-2013,"604320	LOW GLYCEMIC INSTANT OATMEAL 25#, UPC 2052604320"
F-0728-2014,"Oma's Choice, Habanero Chunk Pickles, Net Wt 32 oz., Made Espcially For Oma's Choice, 4042 F.M. 3171 Schulenburg, TX 78956."
F-0839-2014,"Nature's Way, UPC 33674156926, Alive Once Daily Women's 50+, 60 Tabs,  20007818, 20011423."
F-1513-2014,"Bueno GC NM Hot 5-5# Z, Product Item Number 1056-3. Packaged in sealed poly film pouches.  All packed in cardboard shipper box that is then sealed with attached shipper label. Total package size  5 units of 5 lbs each per case, totaling 25 lbs."
F-0381-2014,TriEnza bulk powder distributed in a 5 kilogram polyethylene bag.
F-2401-2014,"RED VIPERS, ADVANCED FOCUS AND CONCENTRATION, HEIGHTENED ENERGY LEVELS, 75mg EPHEDRA,  Manufactured for:  Beta Labs, LTD, Newark, DE  19711, UPC 029882559819"
F-1507-2014,"Bueno GC NM Hot 6-56oz Z, Product Item Number 1042-2. Packaged in plastic containers.   All packed in cardboard shipper box that is then sealed with attached shipper label. Total package size of  6 units of 56 oz each per case totaling 21 lbs."
F-1235-2014,"Millers Bar-B-Que Beans, Formula VE.33, packaged in  6/3-lb (UPC 071117141771) carton cases. Reser's Fine Foods, Inc., Beaverton, OR."
F-0572-2014,"Garden-Fresh Dixie Style Cole Slaw, Product Code 0 11596 93007 7,	2/5 lb"
F-1442-2014,"Lam Sheng Kee Fu Zhou Vermicell, Net Wt. 4.4 LB (2000 g), product is packaged in plastic bag with twelve (12) bags per carton.  UPC 6949682 803360; Manufactured by LAM SHENG KEE (HK) INTERNATIONAL LIMITED RM3. 8/F, YUEXIU BLDG.,  160-174 LOCKHART ROAD, WAN CHAI HK; Distributed by: S&M INT'L INC 100 Pulaski Street, Bayonne, NJ 07002, Product of China."
F-0708-2014,"Mediterranean Olives: Calcidica Sweet, produced by Bel Frantoio and packaged in 34-oz. plastic containers.    Imported from Italy"
F-1490-2014,"BACA'S GC Hot 12-13oz Z, Product Item Number 1010-0. Packaged in plastic containers.   All packed in cardboard shipper box that is then sealed with attached shipper label. Total package size of  12 units of 13 oz each per case totaling 9.75 lbs."
F-0779-2014,"Bulk A322 Houston Chewable Enzyme powder (SKU 83226), packaged in varying quantities within poly bags in corrugated boxes (for domestic distribution) or fiber drums (for international distribution)"
F-1383-2014,"Safeway Kitchens In Shell Edamame;  Net Wt: 48 oz. (3 lb, 1.35Kg)  12 x 3 lb bags per case:  Product of China:  Packed in Canada    Safeway, Pleasanton, CA."
F-1497-2014,"Bueno GC NM Hatch Valley XXXHot 5-5# Z, Product Item Number 1020-3. Packaged in sealed poly film pouches.  All packed in cardboard shipper box that is then sealed with attached shipper label. Total package size  5 units of 5 lbs each per case, totaling 25 lbs."
F-0807-2014,"Bulk C665 powder, packaged in varying quantities within poly bags within corrugated boxes (for domestic distribution) or fiber drums (for international distribution) (SKU 7256000)"
F-1144-2014,"Vega ONE Nutritional Shake Natural.  Distributed by: Sequel Naturals LTD, Burnaby, BC, Canada. Vegasport.com. Packaged in HDPE jars; in VFF pouch; sizes: 30.4oz/862g, 35.9g, and 431g containers."
F-1155-2014,"Reser's Ambrosia Delight (Hawaiian Delight), Formula DE.36, packaged in 2/4-lb and 6/9-oz carton cases. Distributed by Reser's Fine Foods, Beaverton, OR."
F-1345-2013,"Easter Mix Non-Pareil Seeds; Ozone Confectioners, Elmwood Park, New Jersey 07407.  Non-Pareil Seeds, 10 LBS. Net"
F-1320-2013,"Ideal Protein, BBQ Ridges, 7 packets Net WT 1.4 oz (40 g) each. Total net weight 9.9 oz (280 g). Distributed by Laboratories C.O.P Inc., 60 Jean-Proulx St Gatieau QC Canada J8Z 1W1"
F-1738-2013,"604293	MEGA OMEGA MIX 12/8 OZ SQ TUB, UPC 2052604293    604293.04	MEGA OMEGA MIX 12/8 OZ SQ TUB BOULDER,  UPC 2052604293    604293.05	MEGA OMEGA MIX 12/8 OZ SQ TUB FESTIVAL, UPC 2052604293    604290	MEGA OMEGA MIX 15#, UPC 2052604290     604292	MEGA OMEGA MIX 16/7 OZ - CLAMSHELL,UPC 2052604292    604291	MEGA OMEGA MIX 5#, UPC 2052604291"
F-1592-2013,"SPANISH SENSATION, NET WEIGHT 32 LBS, MANUFACTURED BY:  FOOD CONCEPTS, LEBANON, TN 37087"
F-0786-2014,"Bulk B199 Reviva Digestion Bulk powder, packaged in varying quantities within poly bags within corrugated boxes (for domestic distribution) or fiber drums (for international distribution) (SKU 83342)."
F-1287-2013,"Propolis Chunks-Coarse Ground, Standardized Bee Propolis Lot #: SDM-10081155/60, EXP: 10/14, 1# BAG."
F-0828-2014,"Tres Leches, Lymar, Peso Neto 3 oz, Ponce, Puerto Rico"
F-1227-2014,"-The Deli Counter BBQ Beans, Formula VE.103 packaged in  6/32-oz (UPC 021130069842) carton cases.  Distributed by Safeway Inc., Pleasanton, CA."
F-0719-2014,"Mediterranean Olives: Kalamata, produced by Bel Frantoio and packaged in 34-oz. plastic containers.    Imported from Italy"
F-0844-2014,"Lam Sheng Kee HAW FLAKES, NET WEIGHT 380 g (13.4 oz), product is packaged in plastic bag with twenty four (24) bags per carton.  UPC 6 949682 803780.  Manufactured by LAM SHENG KEE (HK) INTERNATIONAL LIMITED, RM3/8F., YUEXIU BLDG., 160-174 LOCKHART ROAD, WAN CHAI, HK. Distributed by: WIN LUCK TRADING INC 100 Pulaski Street Bayonne, NJ 07002. Product of China."
F-0394-2014,"DICED SUMMER SLAW, 310140, TAYLOR FARMS 1/5.25, NET WT: 5 lbs; 2 PK, 310138, TAYLOR FARMS 2/1.25, NET WT: 10.5, TAYLOR FARMS, MD"
F-0842-2014,"GL Completia, 90 vcaps	HDPE Bottle in a Box	12"
F-0832-2014,"Nature's Way,UPC 33674149324 Alive Whole Food Energizer ,180 Tabs, 20009819, 20012443"
F-0333-2014,"Sysco Dixie Chopped Cole Slaw, Formula CS.39, packaged in 2/7-lb carton cases. Distributed by Sysco Corporation, Houston, TX."
F-0588-2014,"Garden-Fresh Texas Style BBQ Beans,  0 11596 55131 9,	1/5 lb"
F-1240-2014,"Reser's Smokehouse BBQ Beans, Formula VE.99, packaged in 2/8-lb (UPC 071117141726) and 6/16-oz (UPC 71117183399) carton cases. Reser's Fine Foods, Inc., Beaverton, OR."
F-0340-2014,"Dillon's Cole Slaw, Formula CS.86, packaged in 12/14-oz carton cases. Distributed by Dillons Stores, Hutchinson, KS."
F-1964-2013,"Benefiber Non-Thickening Powder, Sugar Free, packaged in the following configurations:    (1) 2.8-oz. (20 servings) bottles, UPC 300670044206;     (2) 4.6-oz. (32 servings) bottles, UPC 300670044329;     (3) 5.4-oz. (38 servings) bottles, UPC 300670044381;     (4) 8.6-oz. (62 servings) bottles, UPC 300670044626;     (5) 12.3-oz. (90 servings) bottles, UPC 300670044909;     (6) 16.7-oz. (125 servings) bottles, UPC 300670044831;     (7) 1.6-lb. (190 servings) bottles, UPC 300670044190;     (8) 20.2-oz .(125+25=150 servings) bottles, UPC 300670174590;     (9) 10.3-oz. (62+13=75 servings) bottles, UPC 300670175757;     (10) Bulk  .12-oz. (1 serving) stick pack, UPC 300679999996;     (11) 3.45-oz. boxes containing 28/0.12-oz. stick packs, UPC 300670030285; and    (12) 4.19-oz. boxes containing 28+6/0.12-oz. stick packs, UPC 300670030346.      Distributed by: Novartis Consumer Health, Inc., Parsippany, NJ 07054-0622.  Made in France."
F-1388-2014,"Low salt, vacuum packaged, Hot Smoked Black Cod sold under Clippership.   No label was provided."
F-0849-2014,"Garden-Fresh,  Amish Country Baked Beans,  2/5 lb.,  0 11596 55186 9	11/21/2013 - 12/9/2013"
F-1865-2013,Baltic Sprats in  Spicy Brine Net Wt. 15.8 oz. Prod. of Latvia Distributed by Zip International Group LLC 160 Raritan Center Parkway Unit #6 Edison NJ 08837 T 732-225-3600    UPC 4750217602547
F-0968-2013,"Dried Preserved Plum packaged in clear 4.4 lb (1904 g) plastic packages. The product comes in bulk form in a brown corrugated box with 10 x 4.4 lb packages. Net weight of one case is 44 lbs.. Product information is provided on the case with product name ""Dried Preserved Plum"" and Net Weight 44 lbs. (Product was destroyed and photos of product are not available).    Distributed by Nuera Trading Company Inc., San Leandro, CA.  Manufactured by Zi Jing Yuk Hin Enterprises, Guangdong, China."
F-1506-2014,"Bueno GC NM Mild 28oz Z, Product Item Number 1034-2. Packaged in plastic containers.   All packed in cardboard shipper box that is then sealed with attached shipper label. Total package size of  6 units of 28 oz each per case totaling 10.5 lbs."
F-1645-2013,"Creole & Company Creole Bisque, NET WEIGHT 3.47 oz (98g), manufacture for: Creole & Company, 145 Robert E. Lee Blvd. Penthouse Suite, New Orleans, LA  70124, UPC:  811773014869"
F-1542-2013,"Gromex Anelina Net Wt.  1/2 oz.  Gromex 43 First St., Passaic, NJ 07055 (973) 458-9399"
F-0840-2014,NL C 24/7 Bulk Caps
F-0435-2014,"Market Pantry Baked Beans, UPC 0 85239 24110 3, 16 oz, Product Code 24110"
F-1145-2014,"Vega ONE Nutritional Shake French Vanilla.  Distributed by: Sequel Naturals LTD, Burnaby, BC, Canada. Vegasport.com. Packaged in HDPE jars; in VFF pouch; sizes:  414 g, 827 g, and 37.6 g containers."
F-1640-2014,"Total Digestion,  Lot 1635, 4 boxes x 9.92 kg.   Lot 1841, 4 boxes x 12 kg, 1 box x 11.24 kg.  Lot 2017, 3 boxes x 10 kg, 1 box x 9.32 kg."
F-0716-2014,"Mediterranean Olives: Dry Morrocan, produced by Bel Frantoio and packaged in 34-oz. plastic containers.    Imported from Italy"
F-0761-2014,"Bulk 9245 YOGIHOUSE DIGESTIVE BUL powder, packaged in poly bags within corrugated containers (SKU 82993);"
F-0472-2014,"Garden-Fresh Dixie Style Cole Slaw, UPC 0 11596 93007 7, 2/5 lb., Product Code 3007. 9/30/2013 - 10/10/2013"
F-1073-2014,"Garden-Fresh,	Texa Style BBQ Beans,	1/5 lb.,		0 11596 55131 9,	11/25/2013 - 12/10/2013;"
F-1696-2013,"Item Number: 368712  Item Description: TUB MD GOOD & PLENTY  Case Pack: 12  Package Size: 16 OZ 2-Piece Clear Plastic Tub (No Label on Top, Nutritional Label on Bottom)  UPC Number: 094776110032"
F-1407-2013,"Adobo con pimienta (Adobo with pepper) in 5 oz, 14 oz, and 32 oz"
F-0084-2014,"Red and Green Bell Peppers, 25 lbs."
F-0888-2014,"Garden-Fresh, Calico Beans, 4/5 lb.	, 0 11596 52500 6, 11/22/2013 - 12/2/2013;  Garden-Fresh, Calico Beans, 1/5 lb.	, 0 11596 52596 9, 11/11/2013 - 12/2/2013;"
F-0711-2014,"Mediterranean Olives: Black, produced by Bel Frantoio and packaged in 34-oz. plastic containers.    Imported from Italy"
F-1734-2013,"601009	ANTIOXIDANT SUPERSTAR MIX 100/2 OZ FLAT PACK, UPC 2052601009    601076	ANTIOXIDANT SUPERSTAR MIX 12/6 OZ BERGIN RED BAG, UPC 2052601076    601051	ANTIOXIDANT SUPERSTAR MIX 12/8 OZ CLAMSHELL, UPC 2052601051    601051.03	ANTIOXIDANT SUPERSTAR MIX 12/8 OZ CLAMSHELL KOWALSKI, UPC 2052601051    601049.01	ANTIOXIDANT SUPERSTAR MIX 16/6 OZ CLAMSHELL, UPC 1115099870    601049.1	ANTIOXIDANT SUPERSTAR MIX 16/6 OZ CLAMSHELL CUB, IUPAC     601070	ANTIOXIDANT SUPERSTAR MIX 3/5#, UPC 2052601070     601050	ANTIOXIDANT SUPERSTAR MIX 30#, UPC 2052601050    601052	ANTIOXIDANT SUPERSTAR MIX 5#, UPC 2052601052    601069	ANTIOXIDANT SUPERSTAR MIX 8/10 OZ SQ TUB, UPC 2052601069    601069.05	ANTIOXIDANT SUPERSTAR MIX 8/10 OZ SQ TUB FESTIVAL, UPC 2052601069    601054	ANTIOXIDANT SUPERSTAR MX 12/10 OZ BAGLINE, UPC 2052601054      601069.04 ANTIOXIDANT SUPERSTAR MIX 8/10 OZ SQ TUB BOULDER, IUPAC       601048.00	ANTIOXIDANT SUPERSTAR MIX 100/2 OZ FLAT PACK PROMOTIONAL ANTIOXIDANT SUPERSTAR MIX***, UPC  2052601048.    601049.00	ANTIOXIDANT SUPERSTAR MIX 16/6 OZ CLAMSHELL SUPER ANTIOXIDANT MIX***, UPC 2052601049      612150.03 LARGE GIFT BOX KOWALSKIS, UPC 2052612150."
F-1525-2014,"Bueno GC NM Autumn Roast Hot 5-5# Z, Product Item Number 1062-7. Packaged in sealed poly film pouches.  All packed in cardboard shipper box that is then sealed with attached shipper label. Total package size  5 units of 5 lbs each per case, totaling 25 lbs."
F-1505-2014,"Bueno GC NM Hot 28oz, Product Item Number 1032-2. Packaged in plastic containers.   All packed in cardboard shipper box that is then sealed with attached shipper label. Total package size of  6 units of 28 oz each per case totaling 10.5 lbs."
F-1637-2014,"Adrenal Support (bulk), 4 boxes x 12 kg, 1 box x 11.48 kg."
F-1005-2014,"Garden-Fresh,	Pineapple Dessert,	1/10 lb.,		0 11596 95050 1,	12/4/2013;"
F-1065-2014,"Garden-Fresh,	Summer Cole Slaw Kit,	1/3.875 lb.	,	0 11596 43041 6,	11/9/2013 - 11/16/2013;"
F-0583-2014,"Garden-Fresh Amish Country Baked Beans, Product Code, 0 11596 55186 9, 2/5 lb;"
F-1226-2014,"-Reser's Pumpkin Mousse Dessert, Formula SE.71 packaged in 2/6-lb (UPC 071117157697) and 6/12-oz (UPC 071117182736) carton cases UPC 071117001518.  Reser's Fine Foods, Inc., Beaverton, OR."
F-0917-2013,"Coca-Cola, 12 fluid ounce aluminum cans in 20-packs and 32-packs, The Coca Cola Company."
F-1816-2013,Roasted Red Bell Pepper Plus Powder    50 lb carton
F-0329-2014,"Reser's Homestyle Cole Slaw, Formula CS.104, packaged in 6/4.5-lb carton cases. Reser's Fine Foods, Inc., Beaverton, OR."
F-1209-2013,"NuGo Free Trail Mix Bars, UPC 6 91535 45301 2"
F-1515-2014,"Bueno GC NM  Hatch Valley Hot 5-5# Z, Product Item Number 1056-5. Packaged in sealed poly film pouches.  All packed in cardboard shipper box that is then sealed with attached shipper label. Total package size  5 units of 5 lbs each per case, totaling 25 lbs."
F-1685-2013,"Item Number: 208903  Item Description: TUB SM PEPITA ROASTED W/SALT  Case Pack: 12  Package Size: 8 OZ 2-Piece Clear Plastic Tub (No Label on Top, Nutritional Label on Bottom)  UPC Number: 760208113017"
F-0717-2014,"Mediterranean Olives: Cracked Cerignole, produced by Bel Frantoio and packaged in 34-oz. plastic containers.    Imported from Italy"
F-1556-2013,"Colonial Party Pack Enriched  Buns - 12 count    Sara Lee, Downers Grove, IL 60515"
F-1191-2014,"Orval Kent Signature Refried Beans with Picante, Formula KI.70, packaged in 1/16-lb carton cases. Reser's Fine Foods, Inc., Beaverton, OR."
F-1085-2014,"Martin's,	Veggie Party Tray Kit,	1/9.3 lb.,		0 11596 90705 5,	                              11/9/2013 - 11/11/2013;"
F-0781-2014,"Bulk A776 Healthline Nutri Pet Di powder, packaged in varying quantities within poly bags within corrugated boxes (for domestic distribution) or fiber drums (for international distribution) (SKU 83287);"
F-1638-2014,"Energy Clarity (bulk), 6 boxes x 15 kg, 1 box x 10.55 kg."
F-1522-2014,"Bueno GC NM Mild 5-5# Z, Product Item Number 1057-7. Packaged in sealed poly film pouches.  All packed in cardboard shipper box that is then sealed with attached shipper label. Total package size  5 units of 5 lbs each per case, totaling 25 lbs."
F-1918-2013,"MAX Brand Glucosamine 1500 mg + MSM 400 mg, 300 Count Tablets.    Product labeling reads in part:""MAX Triple Strength MOVE FREE Glucosamine 1500 mg + MSM 400 mg 300 Tablets***6 65176 36159 3***Manufactured in FDA Approved Facility for: HealthMax Products Co. Altadena, CA 91001***""."
F-0691-2014,"HCG Premium, Hormone-Free Drops 60 mL"
F-0592-2014,"Finest Traditions Smokey Baked Beans,  10 733147 10456 6, 4/8 lb  Finest Traditions Smokey Baked Beans , 10 733147 10231 9, 1/8 lb  Finest Traditions Smokey Baked Beans,  7 33147 00161 5, 6/16 oz"
F-1455-2014,B-Complex Plus. They are sold under brand Enzyme Research Products
F-1342-2014,Stuffed Foods Asiago Risotto Bites; UPC 850821-00301
F-0455-201,"Garden-Fresh Amish Country Cole Slaw, UPC 0 11596 53010 9, 2/5 lb., Product Code 3010."
F-1555-2013,"Colonial Cookout Enriched Buns - 12 count    Earthgrains Baking companies, Inc.  Horsham, PA 19044"
F-1529-2014,"Bueno GC NM Hatch Valley Mild 2-12.5# Z, Product Item Number 1077-6. Packaged in sealed poly film pouches.  All packed in cardboard shipper box that is then sealed with attached shipper label.  Total package size of  2 units of 12.5 lbs. each per case, totaling 25 lbs."
F-1929-2013,"MAX Brand Stem Cell Enhance, 1.0 fl. oz.    Product labeling reads in part:""MAX Stem Cell Enhance***1.0fl. oz(30ml)***""."
F-0846-2014,"Garden-Fresh, 1/4"" x 1"" Red Pepper Sticks, 2/2 lb., 0 11596 40585 8	               11/9/2013-11/11/2013"
F-0991-2014,"Weis,	Old Fashioned Cole Slaw,	6/16 oz.,	0 41497 05849 5,	0 00 41497 05849 5,	11/21/2013 - 12/3/2013  Weis,	Old Fashioned Cole Slaw,	2/5 lb.,		0 11596 53100 7,	11/21/2013 - 12/2/2013"
F-1232-2014,"Reser's American Harvest BBQ Beans, Formula VE.18, packaged in  2/8-lb (UPC 071117141757) carton cases. Reser's Fine Foods, Inc., Beaverton, OR."
F-0336-2014,"The Deli Counter Classic Cole Slaw, Formula CS.52, packaged in 12/15-oz carton cases. Distributed by Safeway Inc., Pleasanton, CA."
F-1589-2013,"General Mills,  Cinnamon Toast Crunch, 25% Less Sugar, Self-Serve Bowl,  Net WT 1.0 oz ( 28g), Distributed by General Mills Sales, Minneapolis, MN 55440,   Package UPC 00016000294448.    Case: General Mills, BOWLPAK, Cinnamon Toast Crunch, Reduced Sugar, 96 - 1 oz (28g) containers, Distributed by General Mills Sales, Minneapolis, MN 55440, Case UPC 10016000294445."
F-1347-2014,"Chewable EnZym-Complete/DPPIV with Isogest,  Kirkman brand.  Item # 0934-090."
F-0104-2017,Maca
F-2409-2014,"Sunburst SUPERFOODS ORGANIC RAW CAROB POWDER in ONE POUND and 5 POUNDS bags --- Firm on label: SunburstSuperfoods.com Clifton, NJ (old label) and SunburstSuperfoods.com Tuckahoe, NY (new label)"
F-2517-2014,"Boku Super Food 3.0, Product Sizes: 10 oz."
F-0797-2015,"Baroody Pickled Labneh with Pepper, Net Wt. 20 oz., (1 lb. 4 oz.), 575-g, in sealed glass jar, UPC 642036010549"
F-0106-2017,Eagle Lecithin soft gels
F-1906-2014,"Pastene  ITALIAN FARFALLE  #66 ,16 oz cellophane bag.   Imported from Italy. Imported by the Pastene Company, Canton, MA    Item Number:7091  UPC: 066086070917"
F-2538-2014,BAR HARBOR JAM COMPANY Maine Old Fashioned Popover Mix; Net Wt 1 lb 5 oz (624g)
F-0100-2017,Swiss Placenta
F-1272-2015,Pina Colada Italian Ice.  Product can be packaged in 2.5 gallon or 1.5 gallon plastic tubs or cardboard quart container.  Firm is unable to determine how batches were packaged.
F-0094-2015,"Serrano Chili, 38 lbs."
F-1907-2014,"Pastene ITALIAN PAPPARDELLE ,16 oz cellophane bag.   Imported from Italy. Imported by the Pastene Company, Canton, MA    Item Number:7092  UPC: 066086070924"
F-0497-2015,"Vanilla Pro-Med. 100, Vanilla Pro, High Protein Instant Shake, Net Weight .0935 oz, Distributed by Our Life Health, Savannah, GA"
F-1621-2014,"Mandarin Orange Tozzetti Biscotti - individually wrapped in cellophane.  Product is sold under Tonia's Biscotti brand, net wt. 2 oz."
F-1335-2015,CTI Light Chili Powder 50# Item Code: CT 411
F-1900-2014,"Pastene ITALIAN RIGATONI   #31 , 16 oz cellophane bag.   Imported from Italy. Imported by the Pastene Company, Canton, MA    Item Number:7083  UPC: 066086070832"
F-1344-2015,Carne Guisada FG 14.5lb. Item Code: JB1360
F-1791-2014,"Vanilla Sundae Cup.    Helados La Tapatia  Fresno, CA 93706"
F-2332-2014,"Organic Carob Powder, Net Wt. 55lbs (25kg), Product Code: CAROB-100"
F-0576-2015,"Kerry 52-0197-02, , Net Wt 39.7 lbs (18.00 Kg), B18516.01."
F-0516-2015,"U-TA-NE Toast, Net Wt 20 oz.. (1.25 lb)   99 Ranch Market  338 Barber Ln,  Milpitas, CA 95035"
F-1910-2014,"Pastene ITAL LONG FUSILLI ,16 oz cellophane bag.   Imported from Italy. Imported by the Pastene Company, Canton, MA    Item Number:7098  UPC: 066086070986"
F-0508-2015,"Raw Serrano Peppers packed in white cardboard box with label reading: John Vena, Inc. Serrano 5 lb  Product of Mexico  Packed by John Vena, Inc. Philadelphia, PA 19153  101570 or 101619"
F-1288-2015,Triple Citrus Italian Ice.    Product can be packaged in 2.5 gallon or 1.5 gallon plastic tubs or cardboard quart container.  Firm is unable to determine how batches were packaged.
F-0538-2015,"Alfalfa seed:  Organic, Alfalfa, NOP Oregon Tilth, Net Wt. 55 LB, International Specialty Supply"
F-0956-2015,"CARROLL SHELBY'S ORIGINAL TEXAS BRAND CHILI KIT, NET WT. 4 oz. (113 g), Dist. by Reily Foods Company, New Orleans, LA  70130, 1-800-535-1961, UPC  0-00-72396-10000-8"
F-0958-2015,"WICK FOWLER'S FAMOUS TEXAS STYLE 2-ALARM Chili Kit, NET WT. 3.6525 oz. (102g), Dist. by Reily Foods Company, New Orleans, LA  70130, 1-800-535-1961, UPC 0-00-71092-00069-8"
F-1815-2014,"Manhattan Tropical for  Canada 4 oz. HLT..     Helados La Tapatia  Fresno, CA 93706"
F-2016-2015,RICOS Tostaditos Vegetal Skins Imitation Rinds Chicharron Vegetal Hot Crispy and Delicious Net Wt. 3/4 oz. (21g)
F-0098-2017,Lecithin Reishi Complex soft gels
F-2255-2014,"Ginseng Power, Blister Packs"
F-2262-2014,"Una De Gato, 225cc HDPE Bottle"
F-1694-2014,Kinnikinnick Original Homestyle Waffles 210 g/7.4 oz Cardboard Box UPC 620133001981
F-2077-2014,"Kirkland Signature Coarse Ground Malabar Pepper, 12.7 oz Plastic Jars, UPC 096619164998.    Packaging includes a PET bottle.  The lid is made of Polypropylene and contains a tinplate insert and a Polypropylene five-hole cap. The label on the jar is a rectangular label (front and back) information is superimposed over an antique map in various shades of brown."
F-2279-2014,"Longetivity Plus, Bottles"
F-1816-2014,"Diced Dry Bean Curd.  Manufactured by: E Won Trading Company, LTD.  Distributed by: Win Luck Trading Co. LLC, 100 Pulaski Street, Bayonne, NJ 07002.  UPC 4716670715248.  10.58 oz (300g) plastic bag."
F-0503-2015,"Chiclets Gum, 200 - 2 piece packs (400 pieces), Retail UPC 0 12546 02509 6, Case UPC 10012546108499"
F-0445-2017,"SAUER'S CHILl POWDER, 2.25 oz."
F-2085-2014,"Humei Foods DRIED LILY, Net Wt. 340 g 12 oz +- 5 g -- PRODUCT OF CHINA --- Firms on label: Shanghai Dingmei International Trade Co., LTD, Add: Room 516B, No. 1218, Walma Road, Shanghai, China 200011 Tel: 86 21 33761911 Fax: 86 21 33761933 -- Shanghai Huipu Food Co., LTD,  Add: No. 4545, Daye Highway, Fengxian, Shanghai, China 201404 Tel: 86 21 57488229 Fax: 86 21 57489557 -- Distributed By: Humei Trading INC (New York), Add: 1811 Neck Road, Brooklyn, NY 11229 Tel: 1 646 708 6758 --- Nutrition Facts: Serving Size 50 g, Serving About 3"
F-2331-2014,"Jody's, Breast Cancer Awareness Kettle Corn; Net Wt 3oz  in clear cellophane bag."
F-1897-2014,"Pastene  ITALIAN ZITI RIGATI  #20,  16 oz cellophane bag.   Imported from Italy. Imported by the Pastene Company, Canton, MA    Item Number:7079  UPC:066086070795"
F-0539-2015,"Alfalfa Seed in plastic lined bags labeled in part *** VNS Alfalfa, NET WT. 25 KG Lot SAL2-3BJ Product of AUSTRALIA, International Specialty Supply ***"
F-1985-2014,"Gavina Northwest Blend Dark Whole Bean Bag Net Wt. 5lb,     Product label reads in part ""***085895***DECAF EUROPEAN BLEND 5LBS WHOLEBEAN BAG***"""
F-0500-2015,"1) Chiclets Peppermint Gum,  6-10 piece packages (60 pieces), Retail UPC 0 12546 10105 9; 2)Chiclets Peppermint Gum, 20 - 12 piece packages (240 pieces), Retail UPC 0 12546 02501 0, Case UPC 1001254 3)Chiclets Peppermint Gum, (12 pieces), Retail UPC 0 12546 10128 8; 4)Chiclets Peppermint Gum, 7-6 PAK packages (420 pieces), Retail UPC 0 12546 02601 7, Case UPC 000125461010"
F-1895-2014,"Pastene ITALIAN SPAGHETTI    #15,  16 oz cellophane bag.   Imported from Italy. Imported by the Pastene Company, Canton, MA    Item Number:7075  UPC: 066086070757"
F-0922-2015,"Single Hot Dog w/Chili, Net Wt., 3.10 oz., UPC 7-01248-00800-0, MFG Code 285"
F-0693-2015,"Whole Foods Market Parfait, UPC/PLU 20642800000"
F-0010-2015,"Hostess Powdered Single-Serve Donettes, 3 oz., 6 ct."
F-2227-2014,"Malt-O-Meal Frosted Flakes, item number 00955, UPC 42400-00955.  Net Wt. 2.00oz (56g)"
F-0703-2015,"Margaret Holmes, Turnip Greens, 14.5 oz, Distributed by McCall Farms, Effingham, SC"
F-0446-2017,"SAUER'S HOT CHILl POWDER, 2.25oz."
F-2437-2014,"Rainbow Vibrance Hi ORAC Superfood, 177g, 6.24 oz.  Product Code: RV"
F-1685-2014,"L-Citrulline, bulk product, 25 kg"
F-1891-2014,"Pastene REGINE 10, 16 oz cellophane bag.   Imported from Italy. Imported by the Pastene Company, Canton, MA    Item Number: 7064  UPC: 066086070641"
F-2276-2014,Nano Papa
F-2285-2014,"Via-Max Gold, Blister packs"
F-1880-2014,"1) Frontier Natural Products Co-op, Whole Black Peppercorns, Certified Organic, Piper nigrum. Net 11.3 Kg 25 LB. Packaged in corrugated cardboard boxes. Firm name on the label is Frontier in Norway, IA. UPC 0-89836-82603-9.;  2) Frontier Natural Products Co-op, Whole Black Peppercorns, Certified Organic, Piper nigrum. Net 453 g 16 OZ. Packaged in foil pouches. Firm name on the label is Frontier in Norway, IA. UPC 0-89836-02603-3;  3) Frontier Natural Products Co-op, Black Peppercorns Whole. Net WT. 2.12 OZ (60 g). Packaged in glass jars. Distributed by Frontier Natural Products Co-op, Norway, IA. UPC 0-89836-18435-1;   4) Simply Organic, black peppercorns. NET WT. 2.65 OZ. (75g). Packaged in glass jars. Distributed by Frontier Natural Products, Norway, IA. UPC 0-89836-18524-2.;  5) Simply Organic, Adjustable Grinder Cap, daily grind. NET WT. 2.65 OZ. (75g). Packaged in glass jars with a grinder cap. Distributed by Frontier Natural Products, Norway, IA. UPC 0-89836-19218-9.;  6) Simply Organic, black peppercorns, poivre noir en grains. NET WT. 2.65 OZ. POID NET 75g. Packaged in glass jars. Manufactured by Frontier Natural Products, Norway, IA. UPC 0-89836-19210-3.;  7) Simply Organic, Adjustable Grinder, Broyeur R¿glable, black peppercorns, poivre noir en grains. NET WT. 2.65 OZ. POID NET 75g. Packaged in glass jars. Manufactured by Frontier Natural Products, Norway, IA. UPC 0-89836-19218-9.;  8) 365, Black Peppercorns, NET WT 1.87 OZ (53g). Packaged in glass jars. Distributed by Whole Foods Market, Austin Texas. UPC 0-99482-44497-6;  9) 365, Black Peppercorns, NET WT 2.12 OZ (60g). Packaged in glass jars. Distributed by Whole Foods Market, Austin Texas. UPC 0-99482-44563-8.;  10) 365, Black Peppercorns, NET WT 8.08 OZ (229g). Packaged in glass jars. Distributed by Whole Foods Market, Austin Texas. UPC 0-99482-44511-9.;  11) 365, Organic Black Peppercorns Grains de Poivre noir biologique, 60g (2.12 OZ). Packaged in glass jars. Distributed by Whole Foods Market, Austin Texas. UPC 0-99482-73914-0;  12) Nature's Place Organic, Black Peppercorns, NET WT. 2.26 OZ (64g). Packaged in glass jars. Distributed by DZA Brands, LLC in Salisbury, NC. UPC 7-25439-95273-6;  13) Meijer Organics, Black Peppercorns, NET WT. 2.26 OZ (64g). Packaged in plastic jars. Item number ME81732. UPC 7-13733-78173-2;"
F-1310-2015,Adams Reserve Southwest Rub Net Wt. 4.79 oz (136g) UPC: 041313045746
F-0520-2015,"Pineapple Toast, Net Wt 20 oz.. (1.25 lb)   99 Ranch Market  338 Barber Ln,  Milpitas, CA 95035"
F-0097-2017,Super Lecithin Complex soft gels
F-1271-2015,Special Order (Other)Sherbet.  Product can be packaged in 2.5 gallon or 1.5 gallon plastic tubs or cardboard quart container.  Firm is unable to determine how batches were packaged.
F-1605-2014,Dark Meat Fajita School Lunch #3
F-2172-2014,"CTF Brand Tapioca Pearl Net Wt: 14 oz. (400G.) Exporter: Combine Thai Foods Co., Ltd. 359/716-17 Spot Chalaem Nimit, Chalaem Nimit Rd. (Pradu 1) Bangkro, Bangkholaem, Bangkok 10120 Thailand Product of Thailand UPC 8851381560506"
F-0524-2015,"Red Bean Toast, Net Wt 20 oz.. (1.25 lb)   99 Ranch Market  338 Barber Ln,  Milpitas, CA 95035"
F-2416-2015,"Max powder in Ziploc-type freezer bags in 500 g increments, no product label"
F-2179-2014,Echinacea Angustifolia Root PE 4:  The product is in powder form extracted from the Echinacea root packed in varying size lined cardboard boxes containing 10 kg or 25 kg.
F-2245-2014,"Gold, Blister Packs"
F-1376-2015,Jardine's FOUR BANDITOS SAMPLER in cardboard box with black and red graphics
F-1898-2014,"Pastene ITALIAN FUSILLI  #28,   16 oz cellophane bag.   Imported from Italy. Imported by the Pastene Company, Canton, MA    Item Number:7081  UPC: 066086070818"
F-2177-2014,Echinacea Agustifolia Root PE 4:1    The product is in powder form extracted from the Echinacea root packed in varying size lined cardboard boxes containing 10 kg or 25 kg.
F-0514-2015,"Taro Toast, Net Wt 20 oz.. (1.25 lb)   99 Ranch Market  338 Barber Ln,  Milpitas, CA 95035"
F-1894-2014,"Pastene ITAL CAPELLI D'ANGELO #83, 16 oz cellophane bag.   Imported from Italy. Imported by the Pastene Company, Canton, MA    Item Number:7074  UPC: 066086070740"
F-2334-2014,"Ciranda Organic Carob Powder Light, Product Code 20030.  Net Wt.  55.11 lbs / 25 kg.  Ingredients:  Organic Carob Powder.  Manufactured in Italy."
F-2532-2014,Goya Small Red Beans  Habichuelas Coloradas Pequenas 15.5 OZ (439g)
F-2436-2014,"Green Vibrance, 240 Vegicaps/bottle  Product Code: GVC"
F-2304-2014,"Allegro Original Marinade, 12.7 fl oz (375 mL), UPC 0 74964 00100 7"
F-2060-2014,"Lacteos Santa Martha Quesito Casero Fresh Curd Net Weight 12oz  Distributed by Oasis Brands Inc., Miami FL 33192"
F-1987-2014,"Organic Carob Powder;  Certified Organic, Product of Italy.  Store in Cool, Dark place.    Packaged in 16 oz., 5 lb., 20 lb and 55 lb. containers.  16 oz.. - 6 per case;  5 lb. -  6 per case;  20 lb. - 2 per case;  55 lb. - 1 per case.      Earth Circle Organics;  Grass Valley, CA"
F-0093-2017,"Premium Protein III, NET WT 16 OZ. (454g) www.greenwoodbiotech.com"
F-1899-2014,"Pastene ITALIAN CAPELLINI    #17, 16 oz cellophane bag.   Imported from Italy. Imported by the Pastene Company, Canton, MA    Item Number:7082  UPC: 066086070825"
F-1780-2014,"Changunga/Nance 9 oz cups      Helados La Tapatia  Fresno, CA 93706"
F-1478-2014,"Dried Tapioca Pearl, Net Wt. 7oz, 50 bags/carton, UPC Code 0893467803068"
F-2414-2015,"Kr8om Max2 All-Natural Extraction, Formulation, and Distribution by NUEVOtanicals, LLC Fort Worth, TX 76112, 2 tablets; Kr8om Max5 All-Natural Extraction, Formulation, and Distribution by NUEVOtanicals, LLC Fort Worth, TX 76112, 5 tablets; Kr8om Max10 All-Natural Extraction, Formulation, and Distribution by NUEVOtanicals, LLC. Fort Worth, TX 76112, 10 tablets; Tablets are packed in a round, clear plastic screw-on lid container.  Dosage is ""1 tablet after a meal"", each tablet is ""4.20 g Maeng Da leaf equiv""."
F-0075-2015,"Hapi Pudding, 3-pack, net wt. 8.46oz, UPC 11152 13417, JFC item #13417"
F-2266-2014,"DMSA, 100cc HDPE bottle"
F-0750-2015,"Whole Foods Tarte Aux Pomme 10 inch, packaged in a brown box.  Net Wt. 2 lb 8 oz.   UPC: 23072300000"
F-2178-2014,Echinacea Agustifolia PE 4& echinosides    The product is in powder form extracted from the Echinacea root packed in varying size lined cardboard boxes containing 10 kg or 25 kg.
F-2274-2014,"Chitosan, Blister Pack"
F-0742-2015,"Beachbody Hardcore Base Shake  Lot #42932B22, #42931A22, and #42902B22  Black HDPE container with Black Lid.  Label stated weight of 1 lb. 12.2 oz. (800 g.)  Lot code information located on the bottom of the container in yellow ink."
F-0517-2015,"Raisin Toast, Net Wt 20 oz.. (1.25 lb)   99 Ranch Market  338 Barber Ln,  Milpitas, CA 95035"
F-1695-2014,Kinnikinnick Cinnamon & Brown Sugar Homestyle Waffles 210 g/7.4 oz Cardboard Box UPC 620133001981
F-2516-2014,"Boku Super Food 2.0, Product Sizes: 28.2 oz"
F-2253-2014,"Single Mojo, small vinyl Packs"
F-0749-2015,"White Tahina, Net Wt. 907 g, 12 jars/case"
F-2243-2014,"Samurai-X, Blister Packs"
F-1603-2014,"Heart of the Valley brand Parsnips, produce of U.S.A.,  packaged in the following sizes: 16 ounces (453 grams), UPC 31446-22016;  20 ounces (566 grams), UPC 31446-22020; 20 lb. bags; and 40 lb boxes"
F-0471-2015,"Pride of Africa brand Farina, Net Wt. 5 lb. (2.27 kg), UPC 016712016840  --- A Product of Raymond-Hadley Corp. Spencer, NY 14883 1-800-252-5220"
F-1911-2014,"Pastene ITAL TRICOLOR FARFALLE ,16 oz cellophane bag.   Imported from Italy. Imported by the Pastene Company, Canton, MA    Item Number:7088  UPC: 066086070887"
F-1943-2014,2372 HOT & SPICY; 4 pound plastic gallon containers; UPC 0 9093912372 7
F-1380-2015,"FERROUS SULFATE ELIXIR 220 mg/5 mL, UPC 350838778059,  NDC 50383-778-05 --- HI-TECH PHARMACAL CO, INC. AMITYVILLE, NY 11701"
F-2280-2014,"Stomach & Spleen Plus, Bottles"
F-1890-2014,"Pastene GEMELLI 104, 16 oz cellophane bag Imported from Italy. Imported by the Pastene Company, Canton, MA    Item Number: 7063  UPC: 066086070634"
F-0959-2015,"WICK FOWLER'S TEXAS STYLE FALSE ALARM Mild Chili Kit, NET WT. 3.03 oz. (86g),  Dist. by Reily Foods Company, New Orleans, LA  70130, UPC 0-00-71092-00111-4"
F-0103-2017,Placenta
F-2249-2014,"Affirm XL, Blister Packs"
F-0473-2015,"Lightly Roasted Organic Carob Powder, 1lb and 5lb bags"
F-2435-2014,"Green Vibrance 15 single serve pkts, 181.5g, 6.4oz.  Product Code: GVSD"
F-2254-2014,"Double Mojo, small vinyl Packs"
F-2330-2014,"Jody's, Freedom Funfetti; Net Wt 7.5 oz (213 g)  in clear cellophane bag."
F-1375-2015,D.L. Jardine's Texas Chili Bag O'Fixins Kit Net Wt. 4 Oz (113g)
F-1450-2014,Cactus Pads (Nopal)  Mexpogroup:  Product of Mexico
F-0702-2015,"Margaret Holmes Mixed Greens 14.5 oz, Distributed by McCall Farms, Effingham, SC"
F-0469-2015,"Publix Asian Mix, 14 oz. clamshell containers"
F-1408-2015,"Weis  Veggie Sticks  Net Wt. 6 oz.  Packed For Weis Markets, Inc. Sunbury, PA 17801  With code dates: 10 Dec 2014 thru 7 Apr 2015    Natures Place  Veggie Straws  Net Wt. 6 oz  Distributed By: DZA Brands, LLC, Salisbury NC 28147/Scarborough, ME 04074  With code dates: 6 Jan 2015 thru 27 Apr 2015    Market Basket  Veggie Sticks  Net Wt. 6 oz  Distributed by: DeMoulas Supermarkets, Inc. Tewksbury, MA 01876  With code dates: 2 Oct 2014 thru 8 Dec 2014"
F-2252-2014,"Ninja Mojo, small vinyl Packs"
F-1908-2014,"Pastene ITALIAN BUCATINI,16 oz cellophane bag.   Imported from Italy. Imported by the Pastene Company, Canton, MA    Item Number:7095  UPC: 066086070955"
F-0300-2016,"GOLDEN SMELL brand Hot Pot Meat Ball Medly, NET WT:1 LB (454g), UPC 8 881028 964381, Product of China -- Distributor: Strong America Ltd., 2-39 4th Ave., Long Island City, NY 11101 --- Nutrition Facts information: Serving Size: 1 oz (28g), Servings Per Container: 16"
F-2282-2014,"Circulation and Energy Formula, Bottles"
F-0643-2015,"Whole Foods Market Summer Splash, UPC/PLU 25102000000"
F-2242-2014,"Tiger-X, Blister Packs"
F-1294-2015,Macaroon Bisque.    Product can be packaged in 2.5 gallon or 1.5 gallon plastic tubs or cardboard quart container.  Firm is unable to determine how batches were packaged.
F-0768-2015,"GOLD STAR'S FINEST COLD SMOKED STEELHEAD, Net Wt. (To Be Weighed At Time of Sale).  UPC 021 143140026.  Product is sold in a Vacuum Pack with blue and gold label.  PERISHABLE.  KEEP REFRIGERATED.  Distributed by: Gold Star 570 Smith Street Brooklyn, NY 11231, 718-522-1545."
F-1912-2014,"Pastene ITAL SPIRAL TRI COLOR,16 oz cellophane bag.   Imported from Italy. Imported by the Pastene Company, Canton, MA    Item Number:7093  UPC: 066086070931"
F-1534-2014,Kinnikinnick Original Homestyle Waffles  Weight: 210 g/7.4oz Qty/Pkg: 6 Cardboard Box  UPC: 62013300198 1
F-2278-2014,"Detoxification Plus, Bottles"
F-1326-2015,Tommys Southwest Bulk 50# Item Code: 54312
F-0787-2015,"Perfect Bar Variety Pack (Costco Only), size 1 lb 9.6 oz, UPC 8-55569-00313-5, 10 packs/case"
F-2819-2015,"Spicy Black Bean Burger powder mix, packaged in 30 LB poly-lined Kraft bags."
F-0502-2015,"Chiclets Gum, 200 - 2 piece packs (400 pieces), Retail UPC 0 12546 02509 6, Case UPC 10012546108499"
F-2052-2014,"Large Pitted Kalamata Olives, packaged in 4.4lb black plastic barrels. Labeling reads in part: Savor Greek Large Pitted Kalamata Olives, refrigerate after opening, these olives are mechanically pitted and may contain pit fragments, DR WT 4.4LBS (2kg)"
F-2088-2014,"Coca Cola Vanilla, 12 pack/12 fl oz cans, UPC: 49000 03124, Canned under authority of the Coca Cola Company, Atlanta, GA 30313 By a member of the Coca Cola Bottlers Association, Atlanta, GA."
F-0009-2015,"Hostess Powdered Bagged Donettes, 10.5 oz."
F-0076-2015,"Lotte European Waffle, Net Wt. 40g, 160g    UPC 8801062518111, 8801062518135"
F-0450-2017,"POLLOTROPICAL TUMBLE MARINADE, 21.25 lbs."
F-1782-2014,"Cappuccino  9 oz cups      Helados La Tapatia  Fresno, CA 93706"
F-0638-2015,"Whole Foods Market Sweet Petites 2 For $3, UPC/PLU 21687700000"
F-2205-2014,"WEGMANS ICE in plastic bags; NET WT. 7 LBS (UPC 77890 29197) and NET WT 18 LBS (UPC 77890 29200) --- WEGMANS FOOD MARKETS INC. ROCHESTER, NEW YORK"
F-2410-2014,"Brown carob powder packed in a plastic heat sealed 16oz. bag, labeled in part ""Live Superfoods Carob Powder***NET WT 16 OZ***Live Superfoods Bend, Oregon"".  UPC code 797734313543    The product also sold in 10 lbs. bags."
F-2415-2015,"Green Malay/MD bulk in 1 gallon plastic jugs, no product label"
F-2265-2014,"BTI Lean Formula, 400cc HDPE Bottle"
F-2261-2014,"Rinozan, 250cc HDPE Bottles"
F-0682-2015,"Whole Foods Market FM Sangria Mix LG, UPC/PLU 29690300000"
F-0832-2015,"Chili Mac, Net Wt. 7.50 oz., UPC 7-01248-00639-6, MFG Code 1537"
F-2260-2014,"Chanca Piedra, 225cc HDPE Bottles"
F-1904-2014,"Pastene ITALIAN TRIVELLA #69 , 16 oz cellophane bag.   Imported from Italy. Imported by the Pastene Company, Canton, MA    Item Number:7087  UPC: 066086070870"
F-2006-2014,Montboissie du haut- Livradois   Manufactured by Ste Fromagere du Livradois 63980  Fournols  13lbs or cut and wrapped (weight may vary)  wrapped in a wax paper in a case or wrapped in plastic wrap if cut; refrigerated
F-2029-2014,"Caravelle CHILI POWDER HOT Net Weight 8 oz.  (227G), plastic tub, UPC 080736115551.  24 units/case"
F-2250-2014,"Platinum A, Blister Packs"
F-2483-2014,"Clover, Crimson, Net Wt. 50 LB. PRODUCT OF USA, International Specialty Supply, 1011 Volunteer Drive, Cookeville, TN  28506"
F-0978-2015,Salpica 8 oz. Black Bean Nacho; 6 units per case
F-1449-2014,"Cactus Leaves/pads (""Nopales""), 40 lbs"
F-0101-2015,Bulk organic Carob powder (10# UPC 7-69270-80001-6)
F-0867-2015,"Single Plain Hot Dog, Net Wt. 2.50 oz., UPC 7-01248-00837-6, MFG Code 283; Single Plain Hot Dog, Net Wt., 2.10 oz., UPC 7-01248-00837-6, MFG Code 283"
F-2269-2014,"Actra-SX, Vinyl Bags"
F-1784-2014,"Rompope Bolis - 4 oz.;  Also packages in six pack boxes. (9 oz cups)    Helados La Tapatia  Fresno, CA 93706"
F-1549-2014,Kinnikinnick Cinnamon & Brown Sugar Homestyle Waffles-Weight: 210 g/7.4oz Qty/Pkg: 6 Cardboard Box-UPC: 62013300199 8
F-1901-2014,"Pastene ITALIAN SHELLS  #25 , 16 oz cellophane bag.   Imported from Italy. Imported by the Pastene Company, Canton, MA    Item Number:7084  UPC: 066086070849"
F-1312-2015,Earl Campbell's Famous BBQ Rib Rub Net Wt.: 10 oz (283.5g) UPC: 742955834612
F-1886-2014,"Losurdo IMPORTED GRATED PECORINO ROMANO, NET WT. 80 OZ. (5 LB.) 2.27 Kg, UPC 0 75009 00232 4.  Product packaged within black plastic bag, with 5 bags per carton (20 LB) total per carton.  Distributor LOSURDO FOODS, INC. 20 Owens Roads Hackensack, NJ 07601."
F-2281-2014,"Bone & Joint Plus, Bottles"
F-2284-2014,"Vital Balance Formula, Bottles"
F-0566-2015,"Los Chileros de nuevo mexico gourmet southwestern cuisine Sopaipilla Mix, Net Wt. 12 oz (340 grams), Los Chileros de Nuevo Mexico, PO Box 6215, Santa Fe, NM 87502"
F-2415-2014,"Organic Carob Powder, 1 lb., 20 lb., and 55 lb. bags  Expiry date: 6/5/2015, UPC Code 803813-04429-8"
F-0099-2015,"Carob Supergreens Chunks of Energy (10# UPC 7-69270-10009-7); also, Carob Supergreens Chunks of Energy and Rave BItes Brand Carob Supergreens (7 oz UPC 7-69270-70008-8)."
F-2258-2014,"Shark Formula, 250 cc HDPE Bottles"
F-0449-2017,"MARCUM CHILl POWDER, 2.25 oz."
F-0092-2015,"1) Nature's Place Organic Campfire Trail Mix; Net. Wt. 12 oz. (340 g); Distributed by DZA Brands LLC 2110 Executive Drive Salisbury, NC 28147; UPC 725439951920      2) Nature's Promise Organic Campfire Trail Mix; Net. Wt. 12 oz. (340 g); Distributed by Foodhold USA LLC Landover, MD 20785; 1-877-846-9949; UPC 688267066092    3) Woodstock  Organic Campfire Trail Mix; Net. Wt. 10 oz. (283 g); Distributed by Woodstock 313 Iron Horse Way Providence, RI 02908 USA; UPC 042563009366"
F-1319-2015,Jardines Chili Packet A Item Code: 16937 (Quantity: 250 EA. 0.13 LB)
F-0582-2015,"Item Number 723297.01,Kerry  80529TR PC NEW ENGLISH BANG, Net WT 6.7 KG, Lot Number: 0402437604, 0403437502, 0430437506, 0506437603."
F-2277-2014,"Kidney&Chi Plus, Bottles"
F-0569-2015,"Los Chileros de nuevo mexico gourmet southwestern cuisine Carne Adovada with Sopaipilla Mix, 13 oz.., Los Chileros de Nuevo Mexico, PO Box 6215, Santa Fe, NM 87502"
F-1374-2015,"D.L. Jardine's Texas Chili Works ""THE WHOLE KIT N KABOODLE"" NET WT. 3 Oz (85g)"
F-2305-2014,"Beirut Lift Turnips Pickles, Net Wt. 24.66 oz., 700g, Imported & Distributed By: Baroody Import Inc., 1500 B Main Ave. Clifton, NJ 07011, N DC #642036014141 in a sealed glass jar."
F-2043-2014,"Marissa Collection Tangerine Appetizer Plate Set (set of 2). distributed by Princess House Inc., Taunton, MA"
F-2004-2014,"Dragonfly Brand Crushed Chili Powder, Net Wt.  6.3 oz plastic tubs.  Product of Thailand  UPC 7 21557-53317 8    Packed for:  U.S. Trading Co., 21118 Cabot Blvd., Hayward, CA  94545"
F-2061-2014,"Ferrous Gluconate Tablets, 5gr (325 mg), Elemental Iron 36 mg, 100 Tablets, UPC 0 79854 50032 5"
F-1902-2014,"Pastene ITALIAN DITALI  #45 , 16 oz cellophane bag.   Imported from Italy. Imported by the Pastene Company, Canton, MA    Item Number:7085  UPC: 066086070856"
F-2248-2014,"Actimeta, Blister Packs"
F-2264-2014,"Garcinia Cambogia, 225cc HDPE Bottle"
F-2244-2014,"Samurai Gold, Blister Packs"
F-1557-2014,"Cactus Leaves (Nopales), 44 lbs."
F-1788-2014,"Dozen Mix Bag Bolis - 4 oz.    Helados La Tapatia  Fresno, CA 93706"
F-2247-2014,"Adam, Blister Packs"
F-2256-2014,"Calcium Formula, 250 cc HDPE Bottles"
F-1909-2014,"Pastene ITALIAN ORECCHIETTE ,16 oz cellophane bag.   Imported from Italy. Imported by the Pastene Company, Canton, MA    Item Number:7097  UPC: 066086070979"
F-1320-2015,25# NC Chili Powder Item Code: 20685 Item UPCA: 041313206857
F-2407-2014,"Golden Natural Mix Party Net Wt 23.00 oz. in a plastic round tub Product of Crown Food North Bergen, NJ 07047 UPC 098346021049"
F-0025-2015,"Fresh Finds ground black pepper Net Wt. 3.53 oz (100g) Distributed by: Big Lots Stores, Inc. P.O. Box 28523 Columbus, OH 43228-0523 Packed in the USA  UPC 411010982901  packaged in plastic jars; 12 jars per case"
F-2056-2014,"Fresh Wild Gulf Amberjack (Whole, Fillet and Portion)"
F-1558-2014,"Cactus Leaves/Pads (Nopales)    MexpoGroup Brand  MexpoGroup Fresh Produce  Colonia Buenos Aires Norte,  Tijuana, Baja California, Mexico."
F-1477-2014,"Gano C'Real Spirulina, Net Wt. 450g (30gx15 sachets)"
F-1896-2014,"Pastene  ITALIAN LINGUINE   #6,  16 oz cellophane bag.   Imported from Italy. Imported by the Pastene Company, Canton, MA    Item Number:7077  UPC: 066086070771"
F-2329-2014,"Jody's, Funfetti, Net Wt 7.5 oz (213 g) and  4 oz in clear cellophane bag."
F-1903-2014,"Pastene ITALIAN STELLINE   #59  , 16 oz cellophane bag.   Imported from Italy. Imported by the Pastene Company, Canton, MA    Item Number:7086  UPC: 066086070863"
F-0102-2017,Premium Reishi King
F-1883-2015,Texamerican Glaze Mix 25 lbs. Item Number TF2710901
F-2525-2014,Pink Beans sold under two brand names Goya and Jibarito (see labels description below)    Goya Pink Beans Habichuelas Rosadas 15.5 oz. (439g)    El Jibarito Habichuelas Rosadas 15.5 oz. (439g)
F-1968-2014,"PDP reads in part ""***GOOD FOOD MADE SIMPLE***breakfast in a bowl *** SOUTHWESTERN VEGGIES***""    UPC 0 80618 41801 5"
F-2015-2015,RICOS Tostaditos Vegetal Skins Imitation Rinds Chicharron Vegetal Crispy and Delicious Net Wt. 3/4 oz. (21g)
F-2523-2014,Goya Black Beans  Frijoles Negros 15.5 oz (439g)
F-1892-2014,"Pastene FARFALLINE 78,  16 oz cellophane bag.   Imported from Italy. Imported by the Pastene Company, Canton, MA    Item Number: 7067  UPC: 066086070672"
F-2396-2014,ORGANIC TRADITIONS ULTIMATE SUPERFOOD TRAILMIX; NET WT. 3.5 oz UPC 854260010701
F-1494-2014,"Original Homestyle Waffles, 7.4oz, Qty/Pkg: 6, UPC 620133001981, NB Item #616953"
F-2515-2014,"Boku Super Protein 3.0, Product Sizes: 21.2 oz, 1 oz., bulk."
F-2190-2014,"Wegmans Cinnamon Raisin Buns, NET WT. 12 OZ (340g), UPC 77890 92218 ---Baked by Wegmans Food Markets Inc. - Rochester, NY 14603"
F-0108-2017,CardioAdvance
F-1311-2015,Adams Reserve Jamaican Jerk Rub Net Wt. 7.41 oz (210g) UPC: 041313045876
F-2527-2014,Goya Red Kidney Beans  Habichuelas Coloradas 15.5 oz. (439 g)
F-0008-2015,"Hostess Frosted Bagged Donettes, 11.25 oz"
F-2091-2014,"Oaxaca brand of Anelina in 1/2 oz plastic bags with paper label reading in part: ""Oaxaca Mexican Products 100 8th Street Passaic New Jersey 07055 UPC 807310007466 ***"""
F-1495-2014,"Cinnamon and Brown Sugar Homestyle Waffles, 7.4oz, Qty/Pkg: 6, UPC 620133001998, NB Item #616961."
F-2246-2014,"Oyavon, Blister Packs"
F-0772-2015,"Del Monte Fresh Produce Pineapple Medley Net Wt. 8 oz. (227g) Best If Enjoyed By: 12/06/14, UPC 717524778178; THE FARMERS MARKET Pineapple Medley Net Wt. 8 oz. (227g) Best If Enjoyed By: 12/06/14, DISTRIBUTED BY GIANT EAGLE, INC., PITTSBURGH, PA 15238-2809 UPC 030034303235; THE FARMERS MARKET Pineapple Medley Net Wt. 16 oz. (454g) Best If Enjoyed By: 12/06/14, DISTRIBUTED BY GIANT EAGLE, INC., PITTSBURGH, PA 15238-2809 UPC 03003303242; THE FARMERS MARKET Pineapple Medley Net Wt. 32 oz. (907g) Best If Enjoyed By: 12/06/14, DISTRIBUTED BY GIANT EAGLE, INC., PITTSBURGH, PA 15238-2809 UPC 030034303259; Del Monte Fresh Produce Pineapple Medley Net Wt. 16 oz. (454g) Best If Enjoyed By: 12/06/14, UPC 717524773968"
F-1889-2014,"Pastene MAFALDINE 5, 16 oz cellophane bag Imported from Italy. Imported by the Pastene Company, Canton, MA    Item Number: 7062  UPC: 066086070627"
F-1905-2014,"Pastene  ITAL NIDI #81 ,16 oz cellophane bag.   Imported from Italy. Imported by the Pastene Company, Canton, MA    Item Number:7090  UPC: 066086070900"
F-0042-2015,"All Raw Vegan, Raw Carob Powder, Net Wt. 8 oz. and 5 lb bag, - Keep Cool & Dry. Glaser Organic Farms, Miami, FL. (305) 238-7747. UPC Code: 83291005567"
F-0455-2015,"Bailey Farms, Fresh Serrano Chile Peppers, Oxford, NC 27565."
F-0977-2015,Salpica 8 oz. Ballpark Nacho; 6 units per case
F-0710-2015,"SOLGAR ENHANCED SERIES ABC DOPHILUS POWDER FOR INFANTS AND CHILDREN, NET WT. 1.75 oz (50 g), UPC 0 33984 00010 0.  Carefully Manufactured by: Solgar, Inc., 500 Willow Tree Road Leonia, NJ 07605 U.S.A."
F-0911-2015,"Pineapple, Net Wt. 3.75 oz. UPC 7-01248-01073-7, MFG Code 1788"
F-2528-2014,Goya Pinto Beans Habichuelas Pintas 15.5 oz. (439g)
F-2014-2015,RICOS Tostaditos Chiviricos Fried Dough Crispy and Delicious Net Wt. 2-1/4 oz. (64g)
F-1876-2015,Texamerican Chili Powder:  5 lbs.  Item Number: ARCH064-50; 10 lbs. Item Number: TF5002 (R&D only).
F-0470-2015,"Pride of Africa brand Semo ""Semolina"", Net Wt. 5 lb., UPC 016712016918  --- A Product of Raymond-Hadley Corp. Spencer, NY 14883 1-800-252-5220"
F-0453-2017,"GOLD MEDAL CHILl POWDER,5.5 lbs  RESTAURANT PRIDE DEPENDABLE CHILl POWDER, 5.5 lbs"
F-1548-2014,Kinnikinnick Original Homestyle Waffles-Weight: 210 g/7.4oz Qty/Pkg: 6 Cardboard Box-UPC: 62013300198 1
F-1946-2015,PureLife Naturals Multi-Action Immunity 90 Pure-Caps HDPE bottle
F-0724-2015,"Vanilla Trifle, 8 oz., UPC 7789080600"
F-2251-2014,"Platinum B, Blister Packs"
F-0919-2015,"Western Omelet, Net WT. 8.25 oz., UPC 7-01248-00650-1, MFG Code 1551"
F-0515-2015,"Family Toast, Net Wt 20 oz.. (1.25 lb)   99 Ranch Market  338 Barber Ln,  Milpitas, CA 95035"
F-1277-2015,Restaurant S.O. Italian Ice.    Product can be packaged in 2.5 gallon or 1.5 gallon plastic tubs or cardboard quart container.  Firm is unable to determine how batches were packaged.
F-2271-2014,"Serrapeptase, 100cc  HDPE Bottles"
F-0105-2017,Lecithin soft gels
F-1592-2014,Newmans Own¿ Organics Newmans Special Blend 80 Count K-Cup¿ Packs; UPC 09955515593; Product Code:  15593 281792
F-0107-2017,Collagen
F-1747-2014,"The Other Macaroon G'nache P'nache 5.3 oz.  Manufactured and Distributed by:Northern Valley Baking Co LLC,   Dumont, New Jersey USA"
F-0754-2015,"Coca Cola Zero, 2 liter pet bottle, UPC 49000 05014, The Coca Cola Company"
F-2263-2014,"Saw Palmetto, Glass Bottle"
F-1893-2014,"Pastene ITAL TAGLIATELLE VERDI #80, 16 oz cellophane bag.   Imported from Italy. Imported by the Pastene Company, Canton, MA    Item Number:7070  UPC: 066086070702"
F-1324-2015,All Natural-Regular w/ Dill 50# Item Code: 50525
F-2283-2014,"Tendon & Muscle Plus, Bottles"
F-2170-2014,"HAQUE brand GOLDEN RAISINS, WT 7 OZ. --- SURMA DISTRIBUTORS LLC Brooklyn, NY 11237  --- Nutrition Facts: Serving Size 1/4 tsp (0.5 g), Servings 204"
F-2943-2015,"""***SLIM X LEAN HOUR 12+ HOUR ENERGY***PRODUCT ID: ASL-SXL-03***Manufactured for: ASL ANABOLIC SCIENCE LABS WINTER PARK, FL 32789***"
F-1318-2015,Jardines Chili Pouch B Item Code: 16935 (Quantity: 200 EA. 0.18 LB)
F-0769-2015,"Harvest Blend, Net Wt. 4 oz. (113g)  Best If Enjoyed By: 12/05/2014, DISTRIBUTED BY 7-ELEVEN, INC., DALLAS, TX 75201 UPC 052548558253"
F-1229-2015,Black Current Italian Ice  Product can be packaged in 2.5 gallon or 1.5 gallon plastic tubs or cardboard quart container.  Firm is unable to determine how batches were packaged.
F-1783-2014,"Limon Bolis - 4 oz.    Helados La Tapatia  Fresno, CA 93706"
F-0018-2015,"saba; ACE; Appetite Control Energy; 052234; 07/2015; Distributed by Saba; 711 NE 39th Street, Oklahoma City, OK 73105"
F-2402-2014,"Organic Raw Carob Powder is shipped in original twenty pound case from supplier or re-packaged and sold in five pound plastic bags.  Five pound bags are labeled in part ""OG RAW CAROB POWDER*** C110-5# Lot: *** 5 lbs***Distributed by Hummingbird Wholesale Eugene, OR 97401 Certified Organic by Oregon Dept. of Agriculture***"", with the lot number applied with a stick-on label.  The twenty pound supplier case is labeled in part, ""***Sunfood SUPERFOODS RAW ORGANIC CAROB POWDER***NET WT. 9 kg (19.8lb)***Distributed by Sunfood 1830 Gillespie Way, Suite 101 El Cajon, CA 92020 USA***"".  UPC code 803813-04429 8."
F-1781-2014,"Elote 9 oz cups      Helados La Tapatia  Fresno, CA 93706"
F-1681-2015,EST -700 Calcium
F-0533-2016,Masago Lake Smelt Roe  6 oz.  UPC Code:4866010101
F-0285-2016,"Basma 3 Chris Court Dayton, New Jersey 08810  Tel.:7323559600 Fax: 7323559644  16 oz package    This golden raisin product is labeled in a foreign language."
F-1702-2015,"Bone Rebuilder, 120 tablets"
F-1587-2015,"ALOHA VANILLA PREMIUM PROTEIN is a powder and product is packed as the following: 1) Tin: UPC 641061842606, 2) Pouch: UPC 641061842644 and 3) Protein Tower 14 pack: UPC 640864820729.  Formulated, Quality Tested & Exclusively Sold by ALOHA, Inc. NY, NY 10011 +1 888.444.3898"
F-2400-2015,"REACTION RECOR: Pre Action- 336g Glacier Blue, Distributed by Reaction Nutrition, Carnegie, PA"
F-2190-2015,Sazon without Annatto
F-0087-2016,"Mozzarella   Natural Hickory Smoked  Net Wt. 1lb.    UPC Codes:  7 96252 70012 5, 7 96252 70013 2, 7 96252 12014 5,  7 96252 12015 2    Product is vacuum packed."
F-2466-2015,Blue Bell  Sherbert Orange One Quart Naturally Low Fat
F-0176-2016,"Kar's Sweet n' Salty Mix  Box of 20, 1.75 oz. flexible film bags. 2 boxes per case."
F-1737-2015,MilCal
F-1706-2015,Cardiospecs
F-2399-2015,"REACTION RECOR: Pre Action- 336g Orange Xplosion, Distributed by Reaction Nutrition, Carnegie, PA"
F-0376-2016,Kraft Singles Deli Deluxe American Slices packaged in a blue box with white lettering.
F-0157-2016,"Kar's 18 CT. Variety Pack, Box of 9, 3.5 oz. flexible film bags Sweet n' Salty"
F-1995-2015,"Culinary Masters, RUB EXECUTIVE G.HILL MARRIOT, Net Wt. 7 lbs. Distributed by Atlanta Foods International, Atlanta, GA 30303."
F-0150-2016,"Kar's Sweet n' Salty Mix  Box of 18, 3.5 oz. flexible film bags. 1 box per case."
F-1714-2015,Easy Qi
F-0464-2016,"Skinny Latina Million Dollar Marinade, 12 oz, shelf stable, dry storage."
F-2766-2015,"Diet Dr. Pepper, 8 x 12 fl. oz. PET bottle, Bottled under the authority of Dr. Pepper Company, 5301 Legacy Drive, Plano, TX 85024."
F-0437-2016,"Bulk refined sugar.  CON AA in 50lb paper bags, 2000 and 2200 poly super totes"
F-1964-2016,"Pacific Black Cod- Custom Smoked -NW Wild Products, 6.5 oz. metal cans.  No UPC"
F-3235-2015,"Dry Grated Romano, Tipico Item #1-00111000, Net Wt. 50 lbs."
F-1732-2015,Lutimax
F-0319-2016,Meltaways- 3 piece Blood Orange meltaways.
F-2365-2015,"Frontier Natural Products Co-Op Fiesta Black Bean Mix Certified Organic packaged in a foil packets, Net 453 g 16 oz, UPC 0 89836 02761 0.  The responsible name on the package is Frontier Norway, IA."
F-2926-2015,"Vanilla bolis (tube), La Jalpita brand, 3.5 Fl oz., No UPC"
F-2674-2015,Blue Bell Orange Sherbert 3 Gallon
F-1662-2015,Pretty Slim
F-0412-2016,"GORGEOUS MEMORY brand Daylily, NET WT: 10.6 oz. (300 g), UPC 6 932960 968806, Product of China --- MINHANG FOOD CO., LTD, 103 Eldridge St., New York City, NY 10002 --- Nutrition Facts: Serving Size: 1 tbsp (100g), Servings Per Container: 4"
F-1850-2015,"Native Texan Picante Mild NET WT. 16oz 453g 1LB. Brought to You by: Native Texan Food Co. box 50583, austin, TX 78763"
F-3263-2015,"PSST, Granulated Sugar, Net Wt. 4 lbs (1.81 kg), Distributed by Kroger Co., Cincinnati, OH 45202."
F-2494-2015,Blue Bell Orange Swirl One Pint (473 mL)
F-1707-2015,Chlorella with Lactobacillus
F-0317-2016,Meltaways- 3 piece Vanilla Sea Salt meltaways.
F-0852-2016,FBR Batter Mix NET WT 30 LBS (13.61 kg)
F-3264-2015,"Dixie Crystals, Sugar  EFG, Net Weight 50 lbs and 2000 lbs., Imperial Sugar Company, Savannah, GA."
F-1787-2015,"Crown Naturals Trail Mix, Net Wt. 9 oz. (7.80 LB), Sale by: 10/9/2015, Product of USA, Packed by Crown Food, North Bergen, NJ 07047"
F-2923-2015,"Pepino c/ chile popsicle, La Jalpita brand, 3 Fl oz., UPC 651821269758."
F-1909-2015,H-E-B Single Serving Gumbo 8 oz.; H-E-B Houston Culinary Center Gumbo - Bulk 2/10 lb poly bags
F-0423-2016,Mi Tienda Tostaditas Botoneras Rojas packaged in bag
F-0347-2016,Texas Style HEB Charro Beans Spicy NET WT. 15 OZ (425g) in metal cans UPC: 041220927159.
F-2597-2015,Blue Bell Sherbert Pineapple One Quart Naturally Low Fat
F-2932-215,"Outer carton :    Nabisco Newtons Fig 24-2 OZ (56 g) Packs  Net Wt 3 lbs Mondelez International Mondelez Global LLC East Hanover, NJ 07936 USA Made in  Mexico case UPC 0 44000 03445 0    Inner Pouch:    Nabisco Newtons Fig Net Wt 2 oz (56 g) Mondelez Global LLC, East Hanover, NJ 07936 Made in Mexico retail UPC 0 44000 03445 0"
F-2500-2015,Blue Bell Rocky Mountain Road One Pint (473 mL)
F-2223-2015,Rub BBQ Dry 5LB UPC/PLU: 48000024279
F-2498-2015,"Blue Bell Red, White, & Blue Bell One Pint (473 mL)"
F-2204-2015,"Aleia's Parmesan Croutons, Gluten Free, NET WT 8 oz (226.8g).  UPC Code:  8 55930 00162 3, Product is packaged in a brown cardboard box with white text."
F-2885-2015,"SHOP RITE 12/12OZ AMER NON-FAT WHITE, 4119045823"
F-0154-2016,Kar's Sweet n' Salty Mix  3.5 oz. flexible film bags. 42 bags per case.
F-1665-2015,Hoketsu
F-0847-2016,Pioneer Hush Puppy Mix  NET WT 5 LB 2.27 kg
F-0421-2016,Mi Tienda Masa Preparada By the Pound packaged in bag
F-1771-2015,Vege Slim 4 U
F-2237-2015,"HotBar, Latin Comfort, Stewed Black Beans UPC/PLU: 48000088655"
F-2924-2015,"Pineapple popsicle, La Jalpita brand, 3 Fl oz., UPC 651821269758."
F-1713-2015,Diosmin
F-2502-2015,Blue Bell Rum Raisin One Pint (473 mL)
F-0596-2016,"Marky's Puto Seko Special, Net Wt. 200 GMS"
F-1739-2015,Newzealand Colostrum Tablets
F-0088-2016,"Nabulsi in Brine  20 oz.    UPC Codes:  7 96252 03225 7, 7 96252 00225 0, 7 96252 00223 6,  7 96252 00125 3    Product is packaged in jars."
F-0132-2016,"Organic Coriander Powder (Dhania Powder), 60packs/case, UPC 40074 13813"
F-2783-2015,"Ground Elk meat packaged individually for retail sale in hermetically sealed plastic with a black backing identified with Use or Freeze By 04-27-15.  The stick-on finished product label is red, white, and black with red, white, and black print writing reading in part: ""Natural DK Meats All Natural Ground Elk Net Wt 16 oz Packed for DK Natural Meats Asheville, NC 28806, UPC 055173061006""."
F-1710-2015,"Cold Plus II, 30 tablets"
F-1663-2015,Dong Cong xia Cao
F-2170-2015,"Pregestimil ready to use 20 calorie, 2 oz bottle; 6 bottles per carton; 8 cartons per case"
F-1733-2015,Lymphasol
F-148-2016,"Kontos Falafel Mix Net Wt. 5 LBS. (2.27kg) Distributed by Kontos Foods Inc., Paterson, New Jersey 07544  UPC 0-32394-7027-7  #70271"
F-0194-2016,"PROVA, Standard Exhausted Vanilla Seeds, Graines VRAC, Caisses-outres of 50 X Lbs, packaged in a cardboard box."
F-0438-2016,Bulk refined sugar.  CON AAA in 2200 poly super totes
F-2927-2015,"Vanilla -Vainilla popsicle, La Jalpita brand, 3 Fl oz, UPC 651821269758."
F-1429-2015,"Go hyang Mak Kimchi 32 oz (UPC 042053138101) Product of U.S.A. TX. 972.790.4800 1311 Lukest, Irving, TX 75061; Go hyang Mak Kimchi 1/2 Gal (UPC 042053137302) Product of U.S.A. TX. 972.790.4800 1311 Lukest, Irving, TX. 75061"
F-0499-2016,"ROASTED MEDITERRANEAN SPICY PEPPER RELISH 16 Fl Oz (355 ml) MANUFACTURED FOR RUST BELT PEPPER CO P.O. BOX 36014 CANTON, OHIO 44718 330.323-4735 INGREDIENTS: Imported Roasted Red Peppers***Habanero Pepper. UPC 8 63131 00011 6"
F-0069-2016,"Cotija  8 oz, 13 lb    UPC Codes:  7 96252 80037 5, 7 96252 80036 8, 7 96252 80032 0    Product is vacuum packed."
F-0846-2016,Morrison's Hushpuppy Mix NET WT 5 LB (2.27 kg)
F-3262-2015,"Clear Value Sugar, granulated, Net Wt. 4 lbs (1.81 kg), Distributed by Topco Associates LLC, 7711 Gross Point Road, Skokie, IL 60077."
F-1696-2015,Arginine
F-0873-2016,Fletcher's Corny Dog Mix NET WT 25 LB (11.33 kg)
F-0409-2016,"Sprinkle King, Yellow Sanding Sugar,QYEL413.L32,      UPC:Inner: 766818313403; Outer: 10766818313400,  NET WT: 32 lb (14.51 kg)."
F-2396-2015,"REACTION RECOR: Amino Action- 500g (Glacier Blue), Distributed by Reaction Nutrition, Carnegie, PA"
F-1098-2017,"Hickory Smoke salt,  7.5 lb plastic gallon,  product number 64527;  Hickory Smoke salt,  2.25 lb plastic jar,  product number 64553;  Hickory Smoke salt,  15 lb plastic pail,  Product code 64591"
F-0413-2016,219772 509998 MARKET DISTRICT APRICOT LOG
F-1654-2015,Target Bullet
F-3043-2015,Kroger Ground Cinnamon UPC 11110 70034 NEW WT. 18.3 oz Plastic container
F-2501-2015,Blue Bell Rocky Road One Pint (473 mL)
F-0232-2016,"Classic Baklava;  Net WT 5.5 lbs (2.43 kg)  total weight of five trays bundled together.  38-68 pieces per tray  Item number 11930  Manufactured by Kronos Foods Corporation, Madera, CA"
F-1742-2015,Nutra-C
F-1666-2015,Kenbi
F-0375-2016,Kraft Singles White American singles packaged in a blue box with white lettering.
F-0806-2016,"Fabi-Saa Mote Blanco Net Wt. 14 oz. (397 g)   Imported and Distributed by Fabi-Saa Inc.   Belleville, NJ 07109 UPC 874093000090   Made in USA"
F-1774-2015,Villergy
F-2088-2015,"RADER FARMS¿ Fresh Start Sunrise Refresh Fusion, Walmart Item no. 552888782, Net wt. 35 oz. The UPC is 8 84038 85154 0"
F-2730-2015,12 Pak Sundae Cups
F-0402-2016,"Sprinkle King,  Black Sanding Sugar, QBLK413.L32,   UPC: Inner: 00766818310006 ; Outer: 10766818310003,    NET WT: 32 lb (14.51 kg)."
F-0963-2017,"Colageina Orange, (195 g per Jar)"
F-1412-2015,CHILI POWDER 50 LBS
F-2228-2015,Southwest Stuffed Sweets HSH CC UPC/PLU: 28634600000; Southwest Stuffed Sweets HSH FP UPC/PLU: 26066400000
F-1734-2015,Mammo-Guard
F-0411-2016,"Heng Cheong Loong Co., Net Wt: 10 oz. (5g), Plastic Bag, Product of U.S.A, UPC 6-930481-211418"
F-2239-2015,"Quesadilla, Black Bean"
F-1729-2015,Lecithin 100
F-0239-2016,"Orange Blossom Baklava  Net WT 5.5  lbs. (249 kg)  total weight of five trays bundled together.  38-68 pieces per tray  Item number 11934  Manufactured by Kronos Foods Corporation, Madera, CA"
F-0128-2016,Spicy Mix Hydroponic Micro Greens packaged in 2 oz. plastic hinged clamshell
F-2936-2015,"Danish Rolls, 4 Ct., Net Wt. 13oz. in clear plastic clam shell."
F-0410-2016,"Kerry, Cinnamon Topical G4205, SS189, G4205.49, ,      UPC:Inner: 766818313403; Outer: 10766818313400,  NET WT: 50 lb (22.68 kg)."
F-1712-2015,Diabetes Clean
F-0845-2016,Razzoo's Hushpuppy Mix NET WT 5 LBS (2.27 kg)
F-2263-2015,"Forest Bounty Grail Mix: Aurora, 13 oz. Plastic Cup, UPC: 65585200571; Aurora,  13 oz. Plastic Pouch, UPC: 65585200290; Aurora, 17.5 oz. Plastic Cup, UPC: 65585200496"
F-0237-2016,"Sample Assortment  Net WT 4  lbs. (1.82 kg)  total weight of five trays bundled together.  38-68 pieces per tray  Item number 11904  Manufactured by Kronos Foods Corporation, Madera, CA"
F-2944-2015,"Pride of Africa brand Enriched Farina, Net Weight 5 lb. (2.27 kg), UPC 016712016840 --- Product of The Raymond-Hadley Corp. Spencer, NY 14883 --- Product is packaged in a clear plastic pouch with green, brown and white artwork."
F-1857-2015,"Texas Texas Roasted Addiction Medium Net Wt. 16 OZ. (1LB) 454g Distributed by Sanderson Specialty Foods, Inc. Austin, Texas"
F-2300-2015,"7 -Layer Bar, 7-ounce(200 gram) flexible plastic wrap with adhesive-backed label."
F-1379-2015,"Herdez Chilpotle Peppers, 7oz., Item No. 52738, UPC 072878285131"
F-1743-2015,Omega-3
F-0938-2017,"Magnumn, (30 per bottle)"
F-2965-2015,"Maruchan Instant Lunch Sabor A Pollo,  Contenido Neto 64 g, UPC code: 0 41789 00191 8,  Maruchan Inc. Irvine, CA 92618.    Product is packaged in a styrofoam cup with cardboard label wrapped around."
F-0467-2016,"Nicomex Velitas Candies Candles Net. Wt. 2 oz (56.7 gms) Distributed by Nicomex Inc. 88 First Street, Passaic, NJ 07055"
F-2488-2015,Blue Bell Malt Shoppe One Pint (473 mL)
F-2935-2015,"IQF Italian Cut Green Beans  (each tote 1350 lbs) lot 880804    Harvest Delight Italian Green Beans, (Veg, mixed, FZN, Italian Blend, IQF) 2 lb. poly bags, 12 x 2 lbs, per case Lot 87151056, 960 cases, packed on 4/30/15;  Harvest Delight Italian Green Beans, Lot 880271056, 848 cases, packed on 6/9/15;  MFG SKU: 10568."
F-3265-2015,"Imperial  GMI, Non GMO  Linerless Sugar  EFG, Net Weight 2000 lbs., Imperial Sugar Company, Savannah, GA."
F-1651-2015,O.T.I.V
F-2189-2015,"Sazon with Saffron, Package Weights: 18 / 20 env 3.52 oz and 36 / 8 env 1.41 oz"
F-1736-2015,Microcosmic Orbit
F-1942-2015,"VITARROZ SAZON CON CULANTRO Y ACHIOTE CORIANDER & ANNATTO, NET WT. 6.34 OZ. 180g, Jumbo SOBRES 36 PACKETS,  UPC 0 72670 04255 0."
F-1070-2016,"Gutierrez Distributor, (a) Tarugo con chile spicy tamarind, 349 Chestnut Street, Passaic, NJ 07055 UPC 8527050000904    (b) Dulce de pulpa 100% de Tamarindo, Betamex, Alamos No.7 STA. Maria Aztahuacan Deleg. Iztapalapa C.P. 09500 Mexico, D.F."
F-0217-2016,"Taboli Net Wt. 80 oz (5 lb/2.82 kg) KEEP REFRIGERATED Manufactured by Fresh Creative Foods, Inc. Moore, OK 73160 in plastic tub"
F-0959-2017,"Colageina Gold, 195 g Jars"
F-1941-2015,"SAZON IBERIA CON CULANTRO Y ACHIOTE Coriander & Annatto: 1) NET WT. 3.52 OZ. 100g, 18/20 PACKS, UPC 0 75669 10832 9, 2) NET WT. 6.34 OZ. 180g, 15/36 PACKS, UPC 0 75669 10831 2"
F-1729-2017,"Sunrise Brand Marinated River Barb - 60 x 10 oz, Item No. C0140, UPC 2 08 54336-20140 2"
F-0439-2016,Bulk refined sugar.  Sanding in 50 lb paper bags
F-1789-2015,"Dark Chili Powder packaged in the following configurations: (1) a 5 by 7 in clear square bag with a zipper seal and a label weight of 2.24 oz (63.5 g), Distributed by The Fresh Market, Greensboro, NC, and (2) 4 oz clear square glass bottle with a silver metal cap and a label weight of 1.85 oz (52.4 g), Distributed by The Fresh Market, Greensboro, NC;"
F-1701-2015,Berberine
F-1997-2015,"Culinary Masters, BBQ RUB WILD DUNES, Net Wt. 7 lbs., Distributed by Atlanta Foods International, Atlanta, GA 30303."
F-0153-2016,Kar's Sweet n' Salty Mix  2 oz. flexible film bags. 72 bags per case.
F-1768-2015,Ultra Lecithin
F-0374-2016,Kraft Singles American packaged in a blue box with white lettering.
F-2485-2015,Blue Bell Krazy Kookie Dough One Pint (473 mL)
F-0875-2016,Legendary Baking Trans Fat Free 93375
F-0234-2016,"Deluxe Assortment,   Net WT 5 lbs. (2.27 kg)  total weight of five trays bundled together.  38-68 pieces per tray  Item number 10922  Manufactured by Kronos Foods Corporation, Madera, CA"
F-0286-2016,"TRC  Golden Medium Raisins   Packed by: The Raisin Company  (PTY) LTD FActory AT: Noagspaal, Marchand, South Africa  PO BOx 77, Marchand 8873  Produce of South Africa"
F-0401-2016,"Sprinkle King,  Green Sanding Sugar, Q35111.G32,,   UPC: 10766818350023, NET WT: 320 lb (144.3 kg).    Sprinkle King,  Green Sanding Sugar, QGRN413.L32,   UPC: 10766818311109/  00766818311102, , NET WT: 32 lb (14.51kg).    Sprinkle King,  Green Sanding Sugar, QGRN433.440,    UPC: 10766818321122 , NET WT: 40 lb (18.14 kg)."
F-0152-2016,Kar's Sweet n' Salty Mix  34 oz. flexible film bags. 6 bags per case.
F-3045-2015,Kroger Black Pepper Coarse Ground UPC 11110 70041 NET WT 17.1 oz plastic container
F-1757-2015,SOD
F-0406-2016,"Sprinkle King, Pink Sanding Sugar,QPIN413.L32,      UPC:766818312000/  10766818312007,  NET WT: 32 lb (14.51 kg)."
F-1524-2017,"TASTY DELICIOUS brand Sugar Bun, Net Wt. 227 Grams (8 Ounces), UPC Code 8 59253 0045 7"
F-3266-2015,"Laura Lynn, Pure Cane Sugar, Net Wt. 25 lbs (11.34 kg), Distributed by Ingles Markets, Inc., Asheville, NC 26816."
F-3245-2015,"Label reads in part as: ""GRAVIOLA EXTRACT***1 FL Oz (30 ml)*** ORIGINAL FORMULA***Manufactured by: Majopa Industries Corp.*** PRODUCT OF PUERTO RICO,USA"".    Drug claims in the product label are as follows: ""Researchers have found that Extracts from Graviola leaves can produce acetogenins which are extremely effective in the treatment of cancer cells.  Graviola extract can works like an antibiotic against cancer cells by stopping growth of the enzymes needed for cell growth.  It can be:cellular protector, anti tumorous, antiviral. Also can be used as: Digestive stimulant, Strengthens immune system, antifungal, tranquilizer""."
F-1776-2015,Young Lung
F-0061-2016,"Gifted Nutrition 100% Bovine Colostrum, in plastic bottles, Ingredients: Skim Colostrum, 30 servings, Gifted Nutrition Enterprises, Inc. , Miami, FL;"
F-1657-2015,Linzhi
F-0400-2016,"Sprinkle King,  White Coarse Sugar, 30621693.L32,   UPC: Outer: 30763089281623 / Inner: 763089280601,   ,NET WT: 32 lb (14.51 kg).    DDA, WHITE CON AA DDA (Coarse White Sugar) , Q31320.L32, 01064873, 01064823 (net wt 8 lb), UPC: Outer: 29519151867 / Inner: 29519151850, NET WT 32 LB (14.51 kg).     Sprinkle King, 40#MTO WHITE SUGAR GEMS (Coarse White Sugar), Q32322.440, UPS 1076618323225, NET WT 40 lb (18.14 kg).      Sprinkle King,  WHITE CON AA SUGAR  (Coarse White Sugar), QWHI533.440  , UPS Outer: 10766818323119,  NET WT 40 lb (18.14 kg).      Bake Sense,  WHITE CON AA SUGAR  (Coarse White Sugar), 52274, QWHI513.01, UPS Inner: 10018609922743; Outer: 18609522748  ,  NET WT 32 lb (14.5kg)."
F-0458-2016,"Barilla MEDIUM SHELLS, 1 LB (454 g), GTIN 00076808002881, packed as twelve boxes in 1 case"
F-0855-2016,Delgado Relleno Batter Mix Net Wt 1 lb. (453 kg)
F-2164-2015,Maison Royal   labeled as ordered
F-0346-2016,Texas Style HEB Charro Beans NET WT. 15 OZ (425g) in metal cans UPC: 041220927142.  Texas Style HEB Charro Beans NET WT. 31 OZ (1.94 LB) 879g in metal cans UPC: 041220543692.
F-1700-2015,Bene-X
F-2953-2015,"DHEA 25mg, 60 count, sku: #6-09492-41001-6, and 90 count, sku: #6-09492-41002-3; 12 bottles/case."
F-2922-2015,"Nance popsicle, La Jalpita brand, 3 Fl oz., UPC 651821269758."
F-0076-2016,"Paneer  8 oz, 14 oz, 2.5 lb, 5 lb    UPC Codes:  7 96252 70008 8, 7 96252 70014 9, 7 96252 70019 4,  7 96252 70018 7    Product is vacuum packed."
F-1852-2015,"Native Texan Chili Fixin's Four Cup Recipe NET WT. 17oz 480g. Brought to You by: Native Texan Food Co. box 50583, austin, TX 78763"
F-1720-2015,Flexyln
F-0460-2016,"Barilla Packaged Specifically for FoodService, PENNE RIGATE, 160 OZ (10 LBS) (4.54 kg), GTIN 1007680839242, packed as two bags per case."
F-1727-2017,"Sunrise Brand Marinated Silver/White Croaker - 30 x 14oz, Item No. C0081, UPC 5 08 54336-50081 0"
F-1029-2015,MorningStar Farms Spicy Black Bean Burger: 9.50 oz (4 ct) - UPC 2898939207; 18.90 oz (8 ct): UPC 2898971750; 8.7 lb case (48 ct): UPC 2898949938; 9.75 lb case (4 sleeve): UPC 2898997765; 12.75 lb case (4 sleeve): UPC 2898931651
F-0408-2016,"Bake Sense, White  Sanding Sugar,m QWHI413.01, 52273, 92273 ( net wt 8 lb),  UPC: inner 92273; outer 10018609922736, ,  NET WT: 32 lb (14.51 kg).    Sprinkle King, White Sanding Sugar,QWHI413.L32,      UPC:inner 766818313106, outer 10766818313103,  NET WT: 32 lb (14.51 kg)."
F-1694-2015,Ant Essence
F-1764-2015,Super pill#2
F-1697-2015,Ashitaba
F-1752-2015,Red Ganoderma
F-2260-2015,"5 K Omega Trail Mix: Aurora  20 oz. Plastic Cup	 UPC: 65585200121; Aurora, 10 oz. Plastic Cup UPC: 65585200703; Belmont Market 10 oz. Plastic Cup; UPC: 65585200703; Gourmet Garage 10 oz. Plastic Cup UPC: 79084505947  Union Market 10 oz. Plastic Cup UPC: 65585200703"
F-1669-2015,"Harmony Qi, 90 Tablets, 500mg"
F-1659-2015,Amino Acid (Youth formula)
F-0404-2016,"Sprinkle King,  Gold Sanding Sugar, QGOL413.L32,     UPC:10766818310904/ 00766818310907,    NET WT: 32 lb (14.51 kg)."
F-0147-2016,"Tradiciones Andinas Gourmet Foods Peeled Mote Corn, Mote Pelado, Net Wt. 15 oz. (425g), Product of Peru, Distributed By: JP Trading and Global Imports LLC, Newark NJ 07102"
F-0528-2016,"Dried Kiwi Slice, Net Wt: 8 oz.,   AA USA Trading Inc. 47 Reid St. South River, NJ 08882  UPC 6 944155 210041"
F-2032-2015,"Sunrise Foods Saffron (Kasvbha), Net Wt. 1 oz. (29g), Product of the Philippines, Manufactured by: Sunrise Native Foods Product, GMC May-Tamo Bagungbayan Teresa, Rizal, Philippines"
F-2048-2015,"CATULLO KANSAS CITY BARBECUE BUTCHER RUB	Net Weight: 5.5 oz 	UPC: 38786	 Lot # .219286  KANSAS CITY BARBECUE BUTCHER RUB  	NET Weight: 11 oz  	UPC: 38842	Lot # .219286  KANSAS CITY BARBECUE BUTCHER RUB	NET WEIGHT: 7.6 lb		UPC: 	38787 LOT #: .219286  CATULLO PRIME MEAT, YOUNGSTOWN BUTCHER SHOP, POLAND, OH 44515"
F-3257-2015,"KAL Brand Amino Acid Complex UPC 021245 51610 1, Product #51610"
F-2266-2015,"San Fernando Sunshine Mix: Gourmet Garage, 11 oz. Plastic Cup, UPC: 79084505936"
F-0966-2017,Pinateina
F-2192-2015,Sazon Bohio with Coriander and Annatto
F-2235-2015,"Enchilada, Adobo Black Bean UPC/PLU: 26735600000"
F-0175-2016,"Kar's Sweet n' Salty Mix  Box of 5, 1.25 oz. flexible film bags. 6 boxes per case."
F-1727-2015,Korean Ginseng
F-1754-2015,"Complex Tablet San Ye Qing, 120 tablets, 500mg"
F-3260-2015,"West Creek, Extra Fine Granulated Sugar, Net Wt. 25 lbs (11.3 kg), Distributed by Performance Food Group, Richmond, VA 23238."
F-2244-2015,"Vegetarian, NEW Falafel UPC/PLU: 48000025248"
F-1751-2015,Pyrola
F-1939-2015,"Ube Macapuno Empanada, Net Wt. 6.5 oz, 24 units/case  Net Wt. 6.5 oz., UPC 0 30283 16482 3"
F-2200-2015,"KT's Energy Bars, net weight per bar is 2.9 oz (82.21 g)."
F-2401-2015,"REACTION RECOR: Amino Action- 500g (Island Breeze), Distributed by Reaction Nutrition, Carnegie, PA"
F-2387-2015,"Simply Organic Vegetarian Brown Gravy Mix Certified Organic packaged in foil lined paper packet Net Wt. 1.0 OZ. (28 g), UPC 0 89836 18956 1.  The product is also marketed under a French/English label Net Wt. 28 g, UPC 0 89836 20007 5. The responsible name on the package is Frontier Natural Products Co-op Norway, IA."
F-2702-2015,DZ Megabite
F-2217-2015,Whole Foods Market Vegetarian Firehouse Chili Net Wt. 24 oz. (1.5LB/680g) Whole Foods Market Kitchens UPC/PLU: 036406303940
F-1426-2015,"Lender's Cinnamon Raisin Swirl 6 count, UPC 76800-56397"
F-1586-2015,"Organic Sacha Inchi Powder, 8oz. white poly bags, UPC 803813-28444 1.    Organic Sacha Inchi Powder, bulk."
F-2205-2015,"Aleia's Classic Croutons, Gluten Free, NET WT 8 oz (226.8g).  UPC Code:  8 55930 00161 6, Product is packaged in a brown cardboard box with white text."
F-1678-2015,Lucid-Head
F-1745-2015,Pearl Shen
F-0498-2016,"ROASTED MEDITERRANEAN PEPPER RELISH 16 Fl Oz (355 ml) MANUFACTURED FOR RUST BELT PEPPER CO P.O. BOX 36014 CANTON, OHIO 44718 330.323-4735 INGREDIENTS: Imported Roasted Red Peppers***UPC 8 11975 01109 6"
F-1091-2017,"Chili Powder,  5 lb plastic gallon,  product number 62235;  Chili Powder,  1.25 lb plastic jar,  product number 62216;  Chili Powder,  10 lb plastic pail,  product number 62254;  Chili Powder,  22 lb plastic pail,  product number 62273"
F-0079-2016,"Ani  3 lb, 20 oz    UPC Codes:  7 96252 01125 2, 7 96252 00323 3    Product is packaged in plastic pails and jars."
F-2722-2015,24 Pak Bullets; 24 Pak Sugar Free Bullets
F-2675-2015,Blue Bell Pineapple Sherbert 3 Gallon
F-1447-2015,Vanilla
F-0233-2016,"Natural Mini Caterer's Assortment  Net WT 4 lbs. (1.81 kg)  total weight of five trays bundled together.  38-68 pieces per tray  Item number 10169  Manufactured by Kronos Foods Corporation, Madera, CA"
F-2096-2015,"Black Bean Burger 4.5 oz 40 pieces Net Wt. 11.25 lbs. (5.10 kg)Manufactured by: Cuisine Innovations, LLC Lakewood, NJ 08701 USA UPC 00030499640296  For Institutional Use Only"
F-0238-2016,"Baklava Assortment  Net WT 4  lbs. (1.82 kg)  total weight of five trays bundled together.  38-68 pieces per tray  Item number 11604  Manufactured by Kronos Foods Corporation, Madera, CA"
F-1695-2015,Anti-u Allergies
F-1202-2015,"Melatonin Control- Released Tablets, 60 tablets, in plastic bottles, Manufactured by Douglas Laboratories, Pittsburgh, PA."
F-2972-2015,"Hill Country Fare 16 Hot Dog Buns Enriched Buns, Net Wt. 24 OZ (1 LB 8 OZ) (680g). UPC: 04122041611; Hill Country Fare 8 Hot Dog Buns Enriched Buns, Net Wt. 12 OZ (340g), UPC: 041220602018; HEB Bake Shop 8 White Hot Dog Buns Enriched Buns, Net Wt. 12 OZ, UPC: 041220839100"
F-1728-2015,Lecithin
F-1863-2015,"LBL reads in part:***  AL'S PICADERA*** MANTENGASE REFRIGERADO  ENTREMESES & POSTRES*** 3 LECHES***"""
F-0854-2016,Original Tempura Batter Mix Net Weight 5 Lbs (2.27 KG)
F-1767-2015,U O Clear
F-074-2016,"Kar's Sweet n' Salty Mix  Box of 30, 2 oz. flexible film bags."
F-1693-2015,American Ginseng
F-1759-2015,Spirulina Tablets
F-1645-2015,TonicCare II
F-1853-2015,"Native Texan Tex-Mex Medium  NET WT. 16oz 453g 1LB. Brought to You by: Native Texan Food Co. box 50583, austin, TX 78763"
F-1769-2015,Ultra Lecithin 200
F-1640-2015,Siylmarin
F-1197-2015,"Amana Dinner Rolls, packaged in 1 lb 2 oz plastic bags"
F-1762-2015,Super Ant
F-1709-2015,"Cold Plus I, 30 tablets"
F-1725-2015,Jeevani
F-0856-2016,Bill Miller BBQ Batter Mix NET WT 48 OZ (3 LB) (1.36 kg)
F-1744-2015,Passion Secret
F-1092-2016,"Peru Food Mote Corn Maiz Mote Net Wt. 15 oz.   Imported and distributed by: Peru Food Import Inc.PO Box 419 West New York, NJ 07093    UPC 812125009628"
F-0073-2016,"Feta  8 oz, 2.5 lb, 3 lb, 25 lb    UPC Codes:  7 96252 22004 3, 7 96252 22006 7, 7 96252 22007 4,  7 96252 22005 0, 7 96252 22022 7, 7 96252 22002 9,  7 96252 11003 0, 7 96252 40003 2, 7 96252 11024 5,  7 96252 11025 2, 7 96252 22012 8, 7 96252 40025 4,  7 96252 12034 2    Product is vacuum packed and packaged in plastic pails."
F-1948-2015,Shanghai Ceramic Spoons;  SKU 487874; UPC 2487874
F-1039-2015,"La Flor ground COMINO, 1) NET WT. 2 OZ, 2) NET WT 6 OZ (170.1g), 3) NET WT. 5 LBS.  Packed By La Flor Products Co., Inc., Hauppauge, NY 11788 Tel 631-851-9601.  http://www.laflor.com"
F-0348-2016,Texas Style HEB Borracho Beans Made with Shiner Rock NET WT. 15 OZ (425g) in metal cans; Texas Style HEB Borracho Beans Made with Shiner Rock NET WT. 31 OZ (1.94 LB) 879g in metal cans.
F-0461-2016,"Barilla  PENNE, 8 X 1 LB (454 g) BOXES, [NET WT. 8 LB (3.63 kg)], GTIN 10076808034360, packed as a Multi-unit box, 8 units per case for sale at club stores."
F-2188-2015,Sazon Coriander & Annatto
F-2723-2015,24 Pak Creme Pops
F-0418-2016,Del Pasado Dice Green Chiles 100% Fire Roasted and Peeled NET WT. 6 LB 3 OZ (2.81 kg) packaged in #10 steel cans
F-2150-2015,"Deer  Raisin Golden 7 oz., marked and unmarked packages Packed for Best Foods Inc. Edison, NJ 08817    Some have UPC 714760029255.    packaged in clear plastic packages."
F-1964-2015,"Trader Joe's Mini Pitas, UPC 00193856"
F-1849-2015,"Native Texan TEX-MEX Mild NET WT. 16oz 453g 1LB. Brought to You by: Native Texan Food Co. box 50583, austin, TX 78763"
F-3261-2015,"Monarch, Granulated Sugar, Net Wt. 25 lbs and 50 lbs (22.88 kg), Distributed by US Foods, Inc., Rosemont, IL."
F-1078-2016,"ILL RIVER Sweet Dough Base, 050107, packaged in 50-lb. poly-lined cardboard boxes, Distributed by T.S. Products, Inc."
F-0236-2016,"Baklava Sample Assortment  Net WT 4  lbs. (1.82 kg)  total weight of five trays bundled together.  38-68 pieces per tray  Item number 10944  Manufactured by Kronos Foods Corporation, Madera, CA"
F-1993-2015,"Culinary Masters, CHILI POWDER LIGHT PREMIUM MEXICO, Net Wt. 20 oz. and 6 lbs, Distributed by Atlanta Foods International, Atlanta, GA 30303."
F-0001-2016,"Cascadian Farm Organic Cut Green Beans, Net. Wt. 16 oz."
F-2961-2015,"Bella Rosa Parmesan Net Wt. 20 oz (567 g) 1.25 LB Arthur Schuman, Inc. Fairfield, NJ 07064  UPC 088231410041"
F-1960-2016,"Wild Columbia River Sturgeon - Custom Smoked-NW Wild Products, 6.5 oz. metal cans.  No UPC"
F-1755-2015,Schizandra
F-2482-2015,Blue Bell Happy Tracks One Pint (473 mL)
F-0459-2016,"Barilla Pronto PENNE, 12 OZ (340 g), GTIN number 10076808005605, packed as 16 boxes per case, sold as individual units at retailer."
F-1705-2015,"Cancer Support, Cancer Support Formula"
F-2960-2015,"AMERICA'S BEST CORRIANDER POWDER, NET WT.: 1) 7 OZ, 2) 14 OZ. (400 GMS) and 3) 28 OZ, sealed in plastic bags, Packed by Patel Grocery 5303 4th Ave. Brooklyn, NY 11220"
F-2230-2015,"Burger, Lentil Dal UPC/PLU: 26157400000"
F-0579-2016,Swai Fillets ( 7-9 oz.) packaged in a 15 lb. blue and white box with blue and white lettering.
F-2676-2015,Blue Bell Rainbow Sherbert 3 Gallon
F-0403-2016,"Sprinkle King,  Blue Sanding Sugar, QBLU413.L32, ,   UPC:Inner: 00766818310303 ; Outer: 10766818310300,   NET WT: 32 lb (14.51 kg)."
F-2598-2015,Blue Bell Sherbert Rainbow One Quart Naturally Low Fat
F-0151-2016,Kar's Sweet n' Salty Mix  16 oz. flexible film bags. 6 bags per case.
F-1079-2016,"Turano Knead Dough Base, 70101, packaged in 42-lb. poly-lined cardboard boxes, Manufactured for Turano Baking Co., Bolingbrook, IL."
F-0155-2016,"Southern Grove On The Go Trail Mix   box of 8, 1.5 oz. flexible film bags. 8 boxes per case."
F-0314-2016,Meltaway bar- Blood Orange & Vanilla bean.
F-2510-2015,Blue Bell No Sugar Added Country Vanilla One Pint (473 mL)
F-2394-2015,"Bio Armor Glutamine 150 Grams and Bio Armor Glutamine 500 Grams, Distributed by Reaction Nutrition, Carnegie, PA"
F-2226-2015,Chili Firehouse HSH UPC/PLU: 48000035037
F-2296-2015,Starlight Candies  Giant Eagle  Bulk Candies  Bulk Bin tag #63826
F-1726-2015,Kidney Tonic
F-1444-2015,Mint
F-1207-2015,7-Eleven FRESH TO GO Harvest Blend 4 ounces UPC: 0-52548-55825-3
F-0407-2016,"Sprinkle King, Red Sanding Sugar,QRED413.L32,      UPC:inner 766818312604; outer 10766818312601  ,  NET WT: 32 lb (14.51 kg).    Sprinkle King, Red Sanding Sugar, QRED433.440,      UPC: 10766818322655,  NET WT: 40 lb (18.14 kg).      Sprinkle King, Red Sugar,QRED443.00N,       UPC: 10766818342615,  NET WT: 150  lb (68.182 kg)."
F-0422-2016,Mi Tienda Tostada Siveria Large Tostada packaged in bag
F-1972-2015,"Culinary Masters, UNIVERSAL STUDIOS CHILI MIX, Net Wt. 1.87 lbs, Distributed by Atlanta, Foods International, Atlanta, GA 300303."
F-0405-2016,"Sprinkle King, Orange Sanding Sugar, QORG413.L32,      UPC:766818311706/  10766818311703,  NET WT: 32 lb (14.51 kg).    Sprinkle King, Orange Sanding Sugar,QORG413DDA.L32,      UPC:766818311706/  10766818311703,  NET WT: 32 lb (14.51 kg).      Sprinkle King, Orange Sanding Sugar, QORG513.L32,      UPC:766818311737/  10766818311734,  NET WT: 32 lb (14.51 kg)."
F-1763-2015,Super Ganoderma
F-0320-2016,Meltaways- 3 piece meltaways assorted.
F-2089-2015,"RADER FARMS¿ Fresh Start Daily Power Fusion,  Net wt. 35 oz., Walmart Item no. 552888783, the UPC is 8 84038 85153 3"
F-1658-2015,Protein Mix
F-2316-2015,"Gouveia Crushed Red Pepper Imported from the Azores  Pimenta Moida, Packed in glass jar, Net Wt 16 oz"
F-1951-2016,"Pacific Black Cod, NW Wild Products, 6.5 oz. metal cans.  No UPC"
F-0939-2017,"Magnun Plus, (30 per bottle)"
F-1773-2015,Vigerect
F-2330-2015,"EZ's Burger Deluxe -Burger Blend w/o MSG, stock code 12314, packaged in 50 lbs. container. No UPC."
F-1926-2015,"garden lites Southwestern Souffle, NET WT 7 oz (198g), UPC 7-04863-01720-4"
F-0156-2016,Golden Flake Trail Mix   2.25 oz. flexible film bags. 36 per case.
F-2012-2015,"Wu Fu Yuan New Sago Taro, Net Wt: 8.8oz. (250g), Manufactured by: Shanghai Yuan Zhen Food Co., Ltd, 4968-2, UPC 6927055989033"
F-1723-2015,Heart 90
F-1747-2015,Propicarn-L
F-1746-2015,Placenta 60
F-1738-2015,Motichi
F-1864-2015,BAM124 Chili Powder Salt Free
F-0914-2017,"Nutra Pro, 60 ct. per bottle"
F-3259-2015,"Imperial Sugar, Pure Granulated Sugar, Net wt. 50 lbs (22.6 kg), Distributed by Imperial-Savannah LP, Sugar Land, Texas 77478."
F-1404-2015,Sub Buns sold under the Gonnella brand and packaged with 8 buns to a 20 oz. plastic transparent bag.
F-1644-2015,Excelerol
F-1664-2015,Glutathinone Skin Health
F-2366-2015,"Frontier Natural Products Co-Op Refried Pinto Beans Mix Certified Organic packaged in a foil packet, Net 453 g 16 oz, UPC 0 89836 02762 7.  The responsible name on the package is Frontier Norway, IA."
F-2967-2015,"Maruchan Instant Lunch Con Camaron,  Contenido Neto 64 g, UPC code: 0 41789 00195 6,  Maruchan Inc. Irvine, CA 92618.    Product is packaged in a styrofoam cup with cardboard label wrapped around."
F-2219-2015,Quesadilla Veggie UPC/PLU: 26404400000
F-0934-2017,"Hepasil, (various bulk amounts)"
F-1687-2015,GLU
F-2966-2015,"Maruchan Instant Lunch Con Camaron, Limon y Habanero,  Contenido Neto 64 g, UPC code: 0 41789 00186 4,  Maruchan Inc. Irvine, CA 92618.    Product is packaged in a styrofoam cup with cardboard label wrapped around."
F-2191-2015,Sazon Coriander & Annatto Low Sodium
F-1750-2015,Pure Trans-Reveratol
F-1677-2015,"Optium Joint Rx, 90 Tablets"
F-1446-2015,Pineapple
F-2051-2015,"CATULLO PRIME MEAT, YOUNGSTOWN BUTCHER SHOP, POLAND, OH 44515     CATULLO BUCKEYE BUTCHER RUB  7.6 lb	UPC: 38729  Lot # .215527  CATULLO BUCKEYE BUTCHER RUB 11.2 OZ     UPC: 38729  Lot # .215527"
F-0414-2016,219773 509997 MARKET DISTRICT POPPYSEED LOG
F-0075-2016,"Mozzarella Ball  Old Country Style  Net Wt. 1lb.     UPC Codes:  7 96252 70012 5, 7 96252 70013 2, 7 96252 12014 5,  7 96252 12015 2    Product is vacuum packed."
F-1728-2017,"Sunrise Brand Marinated Climbing Perch - 30 x 16 oz, Item No. C0133, UPC 2 08 54336-20130 4"
F-1077-2016,"Heartland Products, Inc. Roma's Italian Base, 120116, packaged in 50-lb. poly-lined cardboard boxes, Manufactured by Heartland Products, Inc., Des Moines, IA."
F-1668-2015,In Act Xtract
F-1722-2015,Hawthornia
F-0316-2016,Meltaways- 3 piece peppermint meltaways.
F-2098-2015,"Chef's Line Black Bean Burger 36-4.25 oz Net Wt. 9 Lb 9 oz. (4.33 kg) Distributed by US Foods, Inc. Rosemont, IL 60018  UPC 50758108685357"
F-1770-2015,"Vege Slim 4 K, 860mgx120"
F-1944-2015,"Crown Confectionery Co. Corn Bba, Net Wt. 72g packed in Polypropylene,  Manufactured by Crown Confectionery Co., Ltd. (Choong Chung Nam Do, S. Korea), UPC 8801111910743"
F-2508-2015,Blue Bell The Great Divide One Pint (473 mL)
F-0351-2016,"French Style Green Beans packaged under the following labels:  1.  Giant Eagle, Net Wt. 16 oz (1 LB) 454 g, UPC 30034-00978;  2. Shur fine, Net Wt. 16 oz, 1 LB (454 g), UPC 11161-13478"
F-1638-2015,Nu Kang Bao
F-2246-2015,Quesadilla Adobo Black Bean
F-0860-2016,On The Border Mexican Grill & Cantina Tempura Batter Net Wt 25 LBS (11.34 kg)
F-1703-2015,Brainy Formula
F-1730-2015,Lecithin 200
F-1731-2015,Lecithin 300
F-2509-2015,Blue Bell Ultimate Neopolitan One Pint (473 mL)
F-0587-2016,"Filled Long Johns 9999954006,  540062, 28 per bulk tote."
F-0699-2017,"Flave! TROPICAL TRAIL MIX, NET WT 8OZ (226g), shipped 12 packs per case"
F-1636-2016,"Ungar's Veggie Balls (Vegan), 1 oz., 10 lbs (4.54 kg), Best if used by: May-12-2018, UPC 0 0080868 81310 3, Ungar's Food Products, Elmwood Park, NJ 07407"
F-1041-2016,"The product is labeled as follows: PediaSure Grow & Gain Vanilla, Unit size : 8 oz. , Container description : Metal Can, Total package size : 24 cans per case ."
F-2433-2016,"UPC 041498205379,	Southern Grove Tuscan Trail Mix, Best By/Date Code: 4/28/2017 ."
F-0845-2017,"Harris Teeter, Kabob Kit 23oz"
F-0890-2017,2/1 GL JAR SYSCO IMP. SPRING MIX
F-1163-2017,"LONGAN ARIL, Net Wt: 7.4oz (210g), contains yellow and orange labeling"
F-1337-2017,"ELDER PAINTSIL'S GA KENKEY, NET WT. 1.20, UPC: 6 61799 58166 0, MANUFACTURED BY  VICTORY GENERAL FOODS IN WORCESTER, MA 01603"
F1734-2016,"Keebler Graham Crumbs, 160 oz. , 400 oz."
F-1534-2017,"Tomme Brebis Fedou, Net Wt. 9.7lb (case)/Net Wt 4.85 lb per unit, Item number 702084"
F-0613-2017,"Dai Yu, 80g, Hairtail, NET WT: 2.8 oz (80g), Item #D526"
F-0462-2017,"Apricot Perouk, Net Wt. 10 oz. (283g), UPC 7 80890 28601 1."
F-0818-2016,"Thai Fusion Outpost, net weight 5.1 oz.  UPC 0 99853 34255 9.    Thai Fusion Bulk bag, packaged in a ziploc plastic bag, net weight 3 lbs. UPC 0 99853 35255 8.    Thai Fusion On the Go, packaged in microwave able paper cup with plastic lid, net wt. 3.4 oz. UPC 0 99853 38255 5."
F-1037-2016,"VPro Raw Plant Protein, Mocaccino. Packaged in a plastic bottle with green, white, and black adhesive label.  Packaged in 1 lb (15 serving) and 2 lb (30 serving)."
F-1240-2016,Nature's Eats Hill Country Ramblin' NET WT 15 OZ (425g) packaged in clear cello bag
F-1403-2017,The Classic  Basket #522
F-0483-2017,HCG Plus. 2oz HCG Drops. Blue Glass
F-1689-2016,Spicy Kimchi
F-0367-2017,"Wilton Brown Airbrush Color, Net Wt 0.64 FL OZ (19 mL)"
F-2281-2016,"Green Beans -FoodService packages      827200Pu Tote Green Bean Cut Usa, Item no. 3883;  Watts Brothers Cut Green Beans, item no. V5180;  Sc 5197  12/2#  Cut Green Beans, item no. V5403;  Sr 3064  1/30# cut Green Beans, item no. V5405."
F-1327-2016,"Raw Meal Organic Vanilla Powder; Organic Shake and Meal Replacement; 949 g, 475 g, and 10-ct tray (68 g each).  Packaged in plastic bottle with colored label."
F-0200-2017,"FE Jalapeno 709, Product Code 22709.  50 lb corrugated case with polyliner.  Manufactured by:  Quali Tech, 318 Hazel tine Drive, Chasma, MN  55318 USA"
F-1486-2016,Fresh Harvest Ice NET WT 8 LB and Fresh Harvest Ice NET WT 16 LB packaged in clear plastic bags
F-0542-2017,Star Shaped Shells;  Best If Used By 02/26/2017; Batch 162734736; NET WT 11.46 Pounds; Approximate Unit Count [Per Case]: 9 Dozen [108 units]
F-2079-2016,"Lysander's Premium Teriyaki Marinade, 1 oz (28 g), polypropylene and clamshell style card, 12 units per case.  Manufactured by Geneva Foods, LLC."
F-0603-2017,Agave Dream Cappuccino  1 Pint  UPC Code 8 9934900204 8
F-0545-2017,Fried Danish; Best If Used By 02/25/2017; Batch 162724711; NET WT 11.25 Pounds; Approximate Unit Count: 89 pcs.
F-1997-2016,"Organic Hot Finger Peppers (Florida), sold  in 0.5-1 lb plastic bags.  Each case will hold approximately 15-20 bags."
F-1329-2016,"Raw Meal Organic Original Powder; Organic Shake and Meal Replacement; 908 g, 454 g, and 10-ct tray (65 g each).  Packaged in plastic bottle with colored label."
F-2012-2016,"Nappa Shredded 2/5 lb, packaged in plastic, keep refrigerated"
F-1989-2016,"OSSIE'S PICKLED LOX, NET WT. 8 OZ., UPC 739885104137; -- Far Rockaway, NY 11691 --- The product is packed in a plastic deli tub."
F-1414-2017,Napa and Sonoma Duet  Basket #973
F-1406-2017,Lasting Impression  Basket #531
F-0615-2017,"Cre 8 It, Inc. Stuffing, 011951311916 in covered aluminum foil pans.  Net Weight  2/4 lb. (3.63kg) containers per shipping case"
F-0836-2017,"Fajita Mixes, Net Wt.6oz, 9.5oz, 9.5oz, 10oz and 12oz, in clear plastic containers (sold under the Bi-Lo, Harris Teeter, Wal-Mart and Winn Dixie brand)."
F-1740-2016,"Cajun Hot Mix 6 OZ. packaged in clear plastic bags with sticker label. This product has multiple brands. All brands are under the same UPC 052545002681. Brand names include Big R. Stores, Bomgaar's, C-A-L Ranch Store's, Coastal, Family Choice, Fin Feather Furn Outfitter's, Gebos, Sportman's warehouse, theisen's,"
F-2448-2016,"UPC 075450041101Hy-Vee Santa Fe Trail Mix., Best By/Date Code:  3/31/2017."
F-1309-2017,"Danish Base, ST1250B-50, NET WT. 50 LBS"
F-0714-2017,"HEB Baby Green Beans 4 ounce cups, 2 pack packaged in plastic cups with a cardboard sleeve"
F-1250-2017,"Buddy's Bar-B-Q Hushpuppy Mix, Net Wt., 5 lb bags, UPC Code 0 73484 22156 2,"
F-1582-2016,Hightower Corn Relish UPC: 8-51570-00386-7 5 pound plastic containers Manufactured By Pita Pal Foods Keep Refrigerated
F-0248-2017,"OSSIE'S PICKLED LOX, NET WT. 8 OZ., UPC 739885104137; -- Far Rockaway, NY 11691 --- The product is packed in a plastic deli tub."
F-2422-2016,"UPC 4130300137,  Essential Everyday Trail Mix Bars, Best By/Date Code: JAN 04 17."
F-1747-2016,"HC SWEET N SALTY 3oz packaged in clear bags with attached brown, green, and yellow label that reads in part "" Uncle Buck's Sweet N Salty trail mix"" UPC 752545073390"
F-2414-2016,"UPC 071725711533,	Natures Harvest Southwest Trail MixBest By/Date Code:	11/28/2016,12/27/2016,12/30/2016,  1/17/2017 .    UPC 708615110434,	K&G Southwest Trail MixBest By/Date Code: 11/28/2016."
F-2411-2016,"UPC 070038614142, 	Best Choice Mountain Trail Mix,  Best By/Date Code: 3/14/2017.    UPC 041498148447, Southern Grove Mountain Trail Mix, Best by Date Code: 4/4/2017, 4/26/2017.    UPC 075450016796, 	Hy-Vee Mountain Mix Trail Mix,  Best By/Date Code: 4/5/2017, 4/15/2017.    UPC 075450040739, 	Hy-Vee Mountain Trail Mix,  Best By/Date Code: 3/23/2017."
F-2336-2016,"Colostrum6 Powder (2.5 oz), Item No. 9915, Sold under brand Immune Tree (discontinued), Packaged using HDPE White bottle"
F-2279-2016,"Watts Brothers Farms Organic Super Sweet Corn (Yellow/Gold), net wt. 5 lbs., item V5398, UPC 681241153986.    Trader Joe's Organic Super Sweet Cut Corn, net wt. 16 oz., item 5474, UPC 0029 9633.    *********NICHIREI BRANDS ARE NOT DISTRIBUTED IN THE US*****    Nichirei Organic Super Sweet Cut Corn, item V5599, UPC 4 902130 363610  Nichirei Value + Organic Super Sweet Cut Corn, item V5801, UPC 4 949486 327026"
F-2378-2016,"Labeled in part ""Dollywood"". Dollywood sweet and salty trail mix packaged in an 11 oz clear plastic bag with a grey sticker label containing red lettering. UPC 490000503272"
F-1692-2016,Kimchi Guacamole  Item Number 20185700000
F-0332-2017,"FitPro Go! 14oz , 35 g protein  Vanilla;    UPC (case) : 8-5418200327-0;     UPC (unit): 8-5418200325-6"
F-1404-2017,Wine Country Extravaganza  Basket #588
F-1467-2017,Market District Wasabi Soybeans; Net Wt. 6 OZ.;  Best By 3/6/17
F-0947-2017,"Kahuko Ogo  Stored at 40F:  Packed in plastic bags in varying weights from 0.5 lb. to 35 lb.    No codes on product.    Marine Agrifuture, LLC  56-1081 Kamehameha Hwy  Kahuku, HI 96731"
F-0199-2017,"FE Red Bell Pepper, Product Code 22708.  50 lb corrugated case with polyliner.  Manufactured by:  QualiTech, 318 Hazeltine Drive, Chaska, MN  55318 USA"
F-1307-2017,"French Vanilla Cappuccino, CP302140-12, NET WT. 12 LBS"
F-2077-2016,"Nature Made(R) D3 1000IU, 125 count, UPC 0-31604-02793-3"
F-1207-2017,Super Otirod. Product Code: T3188. 50 lb bags
F-0292-2017,Big Y Plain Bulkie Rolls-white packaged 15 oz and 17 oz
F-0515-2017,Yeast Roll Mix 20# (Bromated Free)
F-1674-2016,"Los Mart Chicharrin Lagrima (Palmex Rotini), 1 lb., Package & Distributed by Martinez Imports, 1 Market St., Bldg #6, Passaic, NJ 07055"
F-1537-2017,"IQF Cut Green Beans; Net Weight 20 lb; Dist. by JML Ingredients, East Petersburg PA, 17520; Packed by: The International Co. for Agri Production & Processing. - ICAPP; Exporter's Address Industrial Zone A - 2 (Lot W) - 10th of Ramadan City - Egypt."
F-1389-2017,"Wooden Centerpiece gift basket, Item No. 1080571"
F-1399-2017,California Cabernet and Chardonnay Gift  Basket #361
F-0511-2017,"BM Westco New Horizon Yrd Mix, 50#"
F-0581-2017,Homestyle Texas Toast. 1 lb. 8 oz. Clear Plastic Bag. 1 loaf
F-1442-2017,Kustard Kwik Mix  50 Lb. Paper Bags
F-2459-2016,"UPC 041498200183 Southern Grove Unwind Trail Mix,  Best By/Date Code: 3/28/2017."
F-0962-2016,"Kunzler Sweet Bologna, sold in a deli bag.  This is a deli service item"
F-2151-2016,"Michel Cordon Bleu, Inc.  Fresh Smoked Trout Plain, sold in various sizes"
F-0955-2016,"ESSKAY MEAT BOLOGNA, sold in a deli bag.  This is a deli service item"
F-0360-2017,"Wilton Pearl Airbrush Color, Net Wt 0.64 FL OZ (19 mL)"
F-1028-2016,GSN organic Mediterranean Blend packaged in 44 lb. polyethylene liner inside of a cardboard box.
F-1300-2017,"Truco Nacho, NET Wt. 50 lbs (22.73kg)"
F-1279-2017,Cappucino Supreme Gourmet Chai Net Wt. 2 lbs.
F-1426-2017,Raley'ss Canned Cut Green Beans 14.5oz ;  UPC: 4656700204
F-1872-2016,Deli-Food Ancho Chile Powder 50 lb corrugated boxes x 45 each.
F-0582-2017,Texas Toast. 1 lb. 8 oz. Clear Plastic Bag. 1 loaf
F-1538-2017,foxy's rather thoughtful vanilla  1 Pint
F-1711-2016,"Cinnamon Bun Crisp Bar 6x5, UPC: 637480059251, Case UPC: 637480005906.  Packaging: Outer paper carton containing individually wrapped bars, Ambient Storage"
F-0123-2017,"MINI CLASSIC FRENCH QUICHE, 200 CT, Prepared by: Kabobs, 54234 North Lake Dr. Lake City, GA 30260."
F-0532-2017,"Soylent Food Bars, Net Wt. 2.12 oz (60g), 12 pack."
F-2335-2016,"Colostrum6 Powder Kilo (35.3 oz); Item No. 9903; Brand Name Immune Tree, Surthrival, Packaged using HDPE White bottle, except Surthrival which uses a Brown HDPE Bottle"
F-0356-2017,"Wilton Black Airbrush Color, Net Wt 0.64 FL OZ (19 mL)"
F-1243-2016,Nature's Eats Simply Go Raw NET WT 8 OZ (227g) packaged in clear cello bag
F-0702-2017,"Flave! BEACH RETREAT TRAIL MIX, Net Wt. 18.5 OZ (1 LB 2.5 OZ) 524g, packed 12 per case"
F-1324-2016,Passion 4 Life  30 FL oz. Bottle
F-0179-2017,"Porfirio's Homeade Ricotta Gnocchi Net Wt. 16 oz (1 LB.) 453 g Manufactured by Porfirio's Italian Food, Inc. 320 Anderson Street, Trenton NJ 08611 UPC 016105000319"
F-0835-2017,"Creole Mix, Net Wt. 6oz, packed in clear plastic containers (sold under the Bi-Lo and Winn Dixie brands)"
F-0945-2016,"D&W OLIVE LOAF, packaged in deli bag.  This is a deli service item."
F-1249-2016,"Roland (R) Fire Roasted Red Pepper Strips, NET WT. 5 LB. 8 OZ. (2.5 kg), UPC 10041224456287 (carton) and 04122456280 (can), PRODUCT OF PERU --   Packed Exclusively For: ROLAND FOODS, LLC, New York, NY 10070"
F-1399-2016,Choice Products   Supreme Elixir  32oz.
F-0277-2017,"Nestle Drumstick Club variety -  16x4.6floz US  UPC# 72554-11096  Best Before Date: Between June 2 - June 15, 2017"
F-1097-2016,"Korea white Kimchee packaged in 1 gallon, 1/2 gallon, packaged in glass jars inside plastic containers with multi colored label and black lettering."
F-0684-2017,Five Star Gourmet Foods  Energizer Box  Item Code: FG10144
F-0403-2017,"Refrigerated, Ready to Eat Pickles Half Sour packaged in 18 Lb. bulk white plastic bucket labeled in part ***204062**PICKLES HALF SOUR BY LB***"
F-2441-2016,"UPC 411014937907,	Fresh Finds Dried Tropical Mix, Best By/Date Code: 3/17/2017 ."
F-1613-2016,"Domaine de Provence La Cucina Tart Shells  Produced Exclusively for Sid Wainer& Son, New Bedford, MA  UPC Code: 708152149119  Item Number: 149110"
F-0207-2017,"FE Maple, Product Code 27128.  50 lb corrugated case with polyliner.  Manufactured by:  QualiTech, 318 Hazeltine Drive, Chaska, MN  55318 USA"
F-2231-2016,"Pictsweet(R) Summer Blend, NET WT. 24 OZ., 1 LB. 8 OZ. (680g), DISTRIBUTED BY THE PICTSWEET COMPANY, BELLS, TN 38305, UPC 7056095975"
F-1644-2016,"Dr. Praeger's California Veggie Balls (Vegan), 1 oz., 10 lbs. (4.54 kg), Best if used by: May-12-2018, UPC (01) 0 0080868 01310, Dr. Praeger's Sensible Foods, Elmwood Park, NJ 07407"
F-2066-2016,"Nature Made(R) adult gummies Multi, 150 count, UPC 0-31604-04172-4"
F-1209-2017,Spicy Nacho. Product Code: T3552. 50 lb bags
F-2358-2016,"WAHOO-BATTERED VEGGIE FRIES, 6/2 lb. bags, Product # 229650"
F-0466-2017,"Pappion, Net Wt. 10 oz. (283g), UPC 7 80890 28612 7."
F-0842-2017,"Harris Teeter, Farmers Market Mirepoix 12oz"
F-0851-2017,"Wal-Mart, Portabella Griller 12.5oz"
F-2033-2016,"All American Burger  Product ID 470007, C47007"
F-0183-2017,"Porfirio's 12 Jumbo Stuffed Shells Net Wt. 24 oz.  Manufactured by Porfirio's Italian Food, Inc. 320 Anderson Street, Trenton NJ 08611"
F-0724-2017,"You-ka Fresh Ramune Net Wt. 3.87oz (110g), Item No. 23925, 20 packs/case"
F-2235-2016,"Pictsweet(R) Steam'able Cut Green Beans, NET WT 10 OZ. (283g), DISTRIBUTED BY THE PICTSWEET COMPANY, BELLS, TN 38305, UPC 7056097916"
F-1614-2016,"Domaine de Provence Neutral 3""¿ Cone Tart Shells    Produced Exclusively for Sid Wainer & Son, New Bedford, MA  UPC Code: 708152316856    Item Number: 316850"
F-1546-2016,Pralines
F-0989-2016,"CITTERIO HOT CAPICOLLA, sold in a deli bag.  This is a deli service item"
F-1040-2016,"VPro Raw Plant Protein, Vanilla. Packaged in a plastic bottle with green, white, and black adhesive label.  Packaged in 1 lb (15 serving) and 2 lb (30 serving)."
F-2320-2016,"Mae's Corner Market, Sedona Mix,  14 OZ (397 g),   UPC 034952415230, Item # 610587."
F-2285-2016,Popsalot  Moroccan Mystique   3.5 oz
F-1411-2017,Alfasi Cabernet Kosher Selection  Basket #810
F-0500-2017,Slim Life. 2oz HCG Drops. Blue Plastic
F-0946-2017,"Kerry Upgrade Bio WS, Net Wt. 50 lb (22068 kg), Item 5R01451."
F-0994-2016,3FT Italian Hero.  This is a deli service item
F-2091-2016,"Globespun Gourmet Thai, net wt. 8 oz, plastic wrapped.  UPC 32328 00405."
F-1743-2016,SWEET N SALTY MIX 7.5 oz. packaged in a clear plastic bag with brown and purple label with the UPC 052545013397
F-2100-2016,"WTI (World Technology Ingredients) DV, All Natural, 35 lbs./15.9 kg, WTI, Inc., 281 MLK Ave., Jefferson, GA 30549."
F-1737-2016,"Keebler Animal Totes, bulk tote 400 lb."
F-0754-2016,"Faye's Texas Naturals Chili Petin Picante Caliente Net Wt. 16oz./452 grams in glass jars; 123 S. Courthouse Square Goliad, Texas 77963 (361)645-3136 FAYESTEXASNATURALS.NET"
F-2379-2016,"ULTRA PROTEIN VANILLA¿ 948 grams, packaged in 2500cc White HDPE Canister"
F-0601-2017,Agave Dream Lavender  1 Pint  UPC Code 8 9934900206 2
F-0350-2017,"Misty Fjord Lox, vacuum packed in 4 oz serving size packs."
F-1839-2016,"Harris Teeter Organics Corn, 16oz bags (product labeling not available)."
F-0932-2020,"Simply Nature Organic Red Split Lentils, 16 oz bag, UPC 041498299507"
F-1412-2017,Alfasi Kosher Trio  Basket #812
F-1408-2017,Stags Leap Winery Collection  Basket #752
F-0953-2016,"ESSKAY BBQ LOAF, sold in a deli bag.  This is a deli service item"
F-0841-2017,"Harris Teeter, Green Bean Saut¿ 10oz"
F-1401-2017,The Ultimate Wine and Champagne Collection  Basket #399
F-2331-2016,"EAT Barbeque Zero to Hero, a Sweet Rub, packaged in 6.5oz bottles (mislabeled).  The responsible firm named on the label is Pellet Envy, LLC in Kansas City, USA.  UPC code is 859849005024.  The correct label should read 6.7oz.  Bottles are packed in cases of 6."
F-0494-2017,"Official HCG Diet Plan. 1oz, 2oz & 4oz HCG Drops. Amber Plastic and Glass."
F-1745-2016,"SWEET N SALTY 10 OZ packaged in a clear plastic bag with sticky label under the UPC code 052545023396 and several brands including BIG R STORE'S, FAMILY CHOICE, FARM & HOME SUPPLY, JAYS SPORTING GOODS"
F-1736-2016,"Gripz Variety On the Go Pack, 14 pack, 12.6 oz."
F-0507-2017,"Logans Rdhse Yeast Roll Mix, 21.5#"
F-0488-2017,Supervision Weightloss. 2oz HCG Drops. Amber Glass
F-1047-2016,"Figi's Classic Marzipan, item 100-0034-200, 8 ounce"
F-2140-2016,Bake'n Joy Sanding Sugar Net Wt. 16 lbs. pail  Product Number:  0209416
F-0703-2017,"Flave! HIKERS HAVEN TRAIL MIX, Net Wt. 21.5 OZ (1 LB 5.5 OZ) 609g, packed 12 per case"
F-0364-2017,"Wilton Green Airbrush Color, Net Wt 0.64 FL OZ (19 mL)"
F-1422-2017,"Nepro Vanilla , 8oz metal can"
F-0741-2016,Cornstach packaged in a 50lb. bag with white and green label containing black lettering.
F-2073-2016,"Nature Made(R) adult gummies Hair.Skin.Nails, 90 count, UPC 0-31604-04016-1"
F-0943-2016,"D&W LOW SALT BOLOGNA, packaged in deli bag.  This is a deli service item."
F-0931-2020,"Simply Nature Organic Green Lentils, 16 oz bag, UPC 041498299514"
F-1241-2016,Nature's Eats Austin's Nutty All-Terrain NET WT 12 OZ (340g) packaged in clear cello bag
F-2383-2016,"Jugo Moringa Plus Antiox  32 oz    Distributed By:   GMJ Natural Products  Anaheim, CA 92801    UPC Code: 14465 77631"
F-1752-2017,"Cheddar, all varieties unlabeled for repacking and relabeling."
F-0491-2017,Believe HCG. 2oz HCG Drops. Blue Glass.
F-0485-2017,Health & Beyond. 2oz HCG Drops. Amber Glass.
F-0205-2017,"FE Rainbow Blend, Product Code 22795.  50 lb corrugated case with polyliner.  Manufactured by:  QualiTech, 318 Hazeltine Drive, Chaska, MN  55318 USA"
F-1829-2106,20 count Baked & Popped Mix packaged as 20 single flexible plastic bags
F-1204-2017,FH White Cheddar 2410. Product Code: T206209-50. 50 lb bags
F-0725-2017,"You-ka Punch Ramune Net Wt. 3.87oz (110g), Item No. 23926, 20 packs/case"
F-0278-2017,"Nestle Drumstick Vanilla pack- 24x4.6fl oz US  UPC# 72554-00160  Best Before Date: Between June 16 - June 19, 2017"
F-1991-2017,R&H Speedy Creme Vanilla Filling Mix   Item 01148908  25 pound bag
F-0941-2017,"MTR MASALA Sambar Powder, Net Quantity: 200g"
F-0986-2016,"Citterio Sweet Capicolla, sold in a deli bag.  This is a deli service item"
F-0484-2017,Natural Protocols. 2oz HCG Drops. Amber Glass
F-0287-2017,"Koffee Kup Grinder Rolls-white 9' and Italian 9"", packaged 20.4 oz."
F-2333-2016,"Colostrum6 Powder (6.5 oz) Item No. 9902;  Sold under the following brands: Immune Tree, Surthrival, HealthWorks (Not purchased since 3/18/15). Packaged in HDPE White bottle, except Surthrival which uses a Brown HDPE Bottle"
F-1741-2016,"Cajun hot mix 6 OZ Family Choice Brand, packaged in a clear plastic bag with brown and blue sticky labile. UPC 052545012680"
F-0361-2017,"Wilton Red Airbrush Color, Net Wt 0.64 FL OZ (19 mL)"
F-1098-2016,Korea whole Kimchee packaged in 1 gallon packaged in glass jars inside plastic containers with multi colored label and black lettering.
F-1847-2016,"Label reads in part as: ""EL ISLE¿O***SOFRITO GOURMET CON SAZON Y ACHIOTE***PESO NETO/NET WT. ***Keep Refrigerated***Marlin Distributors P.O. Box 8763 Bayamon, PR 00960***HECHO EN PUERTO RICO""    Product presentations: 12oz and 32oz"
F-2643-2016,"Diet Dr Pepper, 12 oz. can/24 pack, UPC 078000083132; Diet Dr Pepper, 12 oz. can/6 pack, UPC N/A; Diet Dr Pepper, 12 oz. can/20 pack, UPC 078000083095; Dr Pepper, 12 oz. can/6 pack, UPC N/A; Dr Pepper , 12 oz. can/ 20 pack, UPC 078000082098; Dr Pepper 12 oz. can/ 12 pack, UPC 078000082166; Dr Pepper, 12 oz. can/24 pack, UPC 078000082135"
F-0937-2016,"D&W BRAUNSCHWEIGER, packaged in deli bag.  This is a deli service item."
F-1267-2017,SunRidge Farms Women's Vitality Mix Bulk PLU#70610 and retail units packaged in a clear plastic tub.
F-2076-2016,"Nature Made(R) D3 1000IU, 300 count, UPC 0-31604-02683-7"
F-0362-2017,"Wilton Yellow Airbrush Color, Net Wt 0.64 FL OZ (19 mL)"
F-0194-2017,"FE Jalapeno 321A, Product Code 22321A.  50 lb corrugated case with polyliner.  Manufactured by:  QualiTech, 318 Hazeltine Drive, Chaska, MN  55318 USA"
F-1335-2016,"Phosphoric Acid, 75% and 85% Food Grade (Brand Name PRAYPHOS PPA 75% FG and PRAYPHOS PPA 85% FG)"
F-2315-2016,"FIGI'S NATURES MIX, PO# 00460590, 012-0022-901, 15071. 20#, UPC # 680223."
F-0051-2017,"BIKAJI Chowpati BHELPURI,  NET WT : 300 g [ 10.58 OZ ], Item No: B022, PRODUCT OF INDIA"
F-1547-2016,Cocoons
F-2096-2016,"Ricker Hill Orchards Cran-Breeze, 1/2 GAL (64 FL OZ) 1.89 LITERS Produced by Ricker Hill Orchards, Turner, ME 04282"
F-0993-2016,3FT American Hero.  This is a deli service item
F-0324-2017,"Dorothy Lynch Homestyle 8 oz., 16 oz., and 32 oz. bottles (12/case) and 128 oz. bottles (4/case)"
F-1162-2017,"LONGAN ARIL, NET WT: 10.6oz (300g), contains blue labeling"
F-1998-2016,Wonder Meal  Net Weight 455 grams 15.75 oz  UPC Code: 6 03808 12813
F-0359-2017,"Wilton Gold Airbrush Color, Net Wt 0.64 FL OZ (19 mL)"
F-0837-2017,"Pico De Gallo, Net Wt. 8oz, 10oz and 18oz, in clear plastic containers (sold under the Bi-Lo, The Spinz, Wal-Mart and Winn Dixie brand)."
F-0784-2016,"Dried lactose powder, product sold under brand Wine-King Beer-King,  packaged in three consumer-sized plastic bags of 4 oz., 1 Lb. and 5 Lb. net weight."
F-1398-2017,Bodega de San Antonio Sangria Traditional  Basket #298
F-1401-2016,Choice Products.  Xtreme Fiber Detox  Net. Wt. 1lb  Net Wt. 8oz.
F-1683-2016,"WOW 101 TENDER BATTER, NET WT. 25 lbs, ITEM #: WOW101TNBT025"
F-0641-2017,"Cinnamon Pop Tarts Meal Break, Item #61439"
F-1402-2017,Sauvignon Blanc and Cabernet Collection  Basket #446
F-2455-2016,"UPC 071725728166 Nature's Harvest Afternoon Trail Mix., Best By/Date Code: 1/14/2017."
F-1535-2017,"Ogo (Seaweed) packaged in plastic bags.    Label contains the product name, date of shipment, weight of the order, toute number, order number and Distributed By True World Foods Portland LLC."
F-0490-2017,HCG ASAP. 2oz HCG Drops. Blue Glass.
F-1265-2016,Bliss Mix 5% Yog 5gal FRESH  Product Code: 79801
F-1817-2016,"Pepper Strips, Brand Signature Kitchens, Net Wt 14 oz, UPC 2113009100"
F-2380-2016,"METABOLIC CLEANSE REVISED 1181 grams, packaged in 2500cc White HDPE Canister"
F-1420-2017,"Oxepa, 8oz metal can"
F-1563-2016,Let's Talk Health  Tox Elim Liquid  32oz.      UPC #91131181119
F-1395-2017,Metal Basket with Leather Handles  SKU #54506-6
F-1042-2016,"Novo Bnei Darom Green Olives in Jar, 48 cases, 6 jars, 1.04kg, UPC Code 7290002016175"
F-0647-2017,"PB&J, Item # 61402"
F-2368-2016,"VIP-STEAMWORKS ORGANIC SWEET CORN, 6 pk./24 oz., Product # 7007706448"
F-1413-2016,"Fresh Long Chili Peppers, Raw,  10 lb box.  Imported from Dominican Republic."
F-0965-2016,THE PREP ENTERTAINER.  This is a deli service item
F-2068-2016,"Nature Made(R) adult gummies Multi for Her plus Omega-3, 100 count, UPC 0-31604-04236-3"
F-1306-2016,"Meijer Plain Knot Rolls, 8 ct., Net Wt. 10 oz.; 12/case, 9.4 lbs/case"
F-0375-2017,Organic 2oz Micro Greens. Clear Plastic Clamshell. Keep Refrigerated
F-0541-2017,Arrowhead/Christmas Tree Shells; Best If Used By 02/26/2017; Batch 162734737; NET WT 12 Pounds; Approximate Unit Count [Per Case]: 8 Dozen [96 units]
F-2065-2016,"Nature Made(R) adult gummies Multi, 90 count, UPC 0-31604-02841-1"
F-1597-2016,"Piggly Wiggly, Yellow Cut Corn, Net Wt 32oz (2 lbs), 907g bags, Distributed by Piggly Wiggly LLC, Keene, NH 03431."
F-0522-2017,"Cinnabon Cinn Rl BS, 50# International"
F-1895-2016,Cafe Favorites  Italian Deli Flatz  Code #C22548/22548
F-0291-2017,Market Basket Plain Sub (Grinder) rolls-
F-0189-2017,"Birdy 3 in 1 Robusta Coffea Mix, 445.5 g in a red sealed plastic bag, Product of Thailand, UPC 8850250007425"
F-1675-2016,"Botanas Los Mart Velitas Candies, 10 pieces, Packaged & Distributed by: Martinez Imports, 190 Passaic St. Passaic, NJ, UPC 1 82729302105"
F-1639-2016,"Dr. Praeger's Black Bean Burger (Vegetarian), 4.25 oz., 10 lbs (4.54 kg), Best if used by: May-12-2018, UPC (01) 0 0080868 06619, Dr. Praeger's Sensible Foods, Elmwood Park, NJ 07407"
F-0122-2017,"MINI FLORENTINE QUICHE, 200 CT, Prepared by: Kabobs, 54234 North Lake Dr. Lake City, GA 30260."
F-1259-2016,"Shaw's Brand Market Fresh Shaw Market Fresh Italian Sub, 8.3 oz. wrapped in plastic in open paper box container"
F-1256-2017,"Italian Deli Loaf, each loaf has a net wt. 32 oz.. The UPC is  code 6 36428 50200 2."
F-0492-2017,B-Slim. 2oz & 4oz HCG Drops. Blue Plastic.
F-1640-2016,"Dr. Praeger's Black Bean Burger (CN Labeled) (Vegetarian), 3.3 oz., 10 lbs (4.54 kg), Best if used by: May-12-2018, UPC (01) 0 0080868 06616, Dr. Praeger's Sensible Foods, Elmwood Park, NJ 07407"
F-1813-2016,"Organic Diced Leeks, Brand Organic by Nature, Net Wt 40 lb, UPC R01810D    *******BULK Containers*****************    Organic Leeks, Brand Pacific Foods, Net Wt. 40 lb"
F-0963-2016,"KUNZLER LEBANON BOLOGNA, sold in a deli bag.  This is a deli service item"
F-1869-2016,"Michael's Naturopathic Programs Cholesterol Metabolism Factors 270 count, 180 count, and 90 count tablets packaged in plastic bottles"
F-1814-2016,"Baby Lima Beans, Brand Parade, Net Wt 16 oz, UPC 5070030670    Baby Lima Beans, Safeway Kitchens, Net Wt 20 oz, UPC 2113009144    Lima Beans, Brand Signature Kitchens, Net Wt 16 oz, UPC 2113009946  Lima Beans, Brand Signature Kitchens, Net Wt 20 oz, UPC 2113009944    Baby Lima Beans, Brand VIP, Net Wt 16 oz, UPC 7007701016    Baby Lima Beans, Brand Quirch, Net Wt 14 oz, UPC 6507260150  Baby Lima Beans, Brand Quirch, Net Wt 32 oz, UPC 6507260149"
F-2381-2016,"METABOLIC CLEASNSE VEG 1151 grams, packaged in 2500cc White HDPE Canister"
F-1831-2016,32 count Fun Times mix packaged as 32 single flexible plastic bags
F-1069-2016,"The Super Elixir  By WelleCo  Australia    Alkalising Greens  150g/5.3 oz net, 300g/10.6 oz net  Fine Powder    welleco.com"
F-2075-2016,"Nature Made(R) D3 1000IU, 100 count, UPC 0-31604-01870-2"
F-0482-2017,Simeons Program. 2oz HCG Drops. Amber Plastic.
F-1428-2016,"labled in part ""Uncle Buck's Sweet & Salty trail mix"" packaged in a clear 3 oz plastic bag with attached green and orange label with yellow and black writing. item number: 7339, UPC # 752545073390."
F-1257-2017,"Sourdough Deli Loaf, each loaf has a net wt. 28 oz.. The UPC is code 6 36428 50200 2"
F-2451-2016,"UPC 049022880634 Delish Tropical Blend Premium Trail Mix., Best By/Date Code:  3/17/2017."
F-1548-2016,White Trash
F-1466-2017,"Cocie High Protein 90 White Confectionery Discs - MB, NET WT: 40 LBS"
F-0493-2017,HCG Complex. 2oz HCG Drops. Blue Plastic.
F-0590-2016,"Triple Choc Bismark 9999954048,  540484,  24 per bulk tote."
F-2376-2016,"Molly's Kitchen Battered Green Beans, 6/2 lb. bags., Product # 671850"
F-0931-2016,"ARMOUR MEAT BOLOGNA, packaged in deli bag.  This is a deli service item."
F-1282-2017,"Poppies Belgian Eclairs,Net Wt. 710 g/25 oz., Contents 50 ct. Mini Eclairs, UPC Code:  0 08563 10710 5."
F-0489-2017,Athens Clinic of Clinic of Chiropractic. 2oz HCG Drops. Blue Glass.
F-2370-2016,"VIP-STEAMWORKS ORGANIC MIXED VEGEGETABLES, 6 pk./24 oz., Product # 7007706476"
F-0838-2017,"Diced Tri-Peppers, Net Wt. 6oz and 12oz, in clear plastic containers (sold under the Bi-Lo, Harris Teeter, and Winn Dixie brand)."
F-0480-2017,"Organic Cacao Nibs, packaged in 200g (7.05 oz) brown bags,  UPC code 661594002032"
F-0068-2017,"Publix Guava Strip Danish | Count, 1 | NET WT 15.00 oz | Distributed by Publix Supermarkets, Inc., Lakeland, FL 33802. UPC: 002-19562-00000"
F-1413-2017,Alfasi Chardonnay Kosher Selection  Basket #847
F-1410-2017,Houdini Napa Valley Collection  Basket #766
F-0201-2017,"FE Rainbow Blend 714, Product Code 22714.  50 lb corrugated case with polyliner.  Manufactured by:  QualiTech, 318 Hazeltine Drive, Chaska, MN  55318 USA"
F-1423-2017,"Vital High Protein, 8oz metal can"
F-2036-2016,"Primo Fresh Serrano Peppers Distributed by Warren Produce, 824 W. Monte Cristo Rd, Edinburg, TX packaged in 1/4 bushel waxed cardboard boxes, 1 1/9 bushel waxed cardboard boxes, 10 lb waxed cardboard boxes, 5 lb waxed cardboard boxes and 35 lb RPC crates."
F-0548-2017,Hy Vee Shells (Bavarian Filled);  Best If Used By 02/25/2017; Batch 162724703; NET WT 26.48 Pounds; Approximate Unit Count: 84 units
F-2426-2016,"UPC 041498200190,	Southern Grove Adventure Trail Mix , Best By/Date Code: 3/28/2017."
F-2074-2016,"Nature Made(R) adult gummies Hair.Skin.Nails, 150 count, UPC 0-31604-04132-8-1"
F-1638-2016,"Dr. Praeger's Black Bean Burger (Vegetarian), 3.3 oz., 10 lbs (4.54 kg), Best if used by: May-12-2018, UPC (01) 0 0080868 06617, Dr. Praeger's Sensible Foods, Elmwood Park, NJ 07407"
F-0487-2017,SkinEHCG. 2oz HCG Drops. Blue Plastic.
F-0486-2017,A New You HCG. 1oz HCG Drops. Blue Glass.
F-0323-2017,"Beirut Lift Turnip Pickles   Imported & Distributed By: Baroody Import Inc. 1500 B Main Ave. -Clifton, NJ 07011 Tel: 973.3404832    700 g - UPC 642036014141  2 kg - UPC 642036014219  10 kg - UPC"
F-0834-2017,"Wal-Mart, Marketside Veggie Kabobs 23oz"
F-0964-2016,"SAUGY NATURAL CASING FRANKS, sold in a deli bag.  This is a deli service item"
F-1212-2017,Jalapeno Popper ASI. Product Code: T3934. 33 lb bags
F-0850-2017,"Wal-Mart, Marketside Spicy Pico de Gallo 10oz"
F-2067-2016,"Nature Made(R) Multi + Omega-3, 150 count, UPC 0-31604-04173-1"
F-2025-2016,"Chili Dog, Low Fat/Low Sodium  Product ID 952000"
F-0358-2017,"Wilton Silver Airbrush Color, Net Wt 0.64 FL OZ (19 mL)"
F-0948-2017,"Robusto Ogo  Stored at 70F:  Packed in plastic bags in varying weights from 0.5 lb. to 35 lb.    No codes on product.    Marine Agrifuture, LLC  56-1081 Kamehameha Hwy  Kahuku, HI 96731"
F-1415-2017,California Wine Crate  Basket #990
F-0753-2016,"Faye's Texas Naturals Chili Petin Corn Relish Net Wt. 10 oz./283.59 grams in glass jars; 123 S. Courthouse Square Goliad, Texas 77963 (361)645-3136 FAYESTEXASNATURALS.NET"
F-0396-2017,"Refrigerated, ready-to-eat sour pickles packaged in a 18 Lb. bulk white plastic bucket labeled in part ***204112**SOUR PICKLES BY LB***"
F-1216-2017,"Super Nacho (No-Pho, Gluten Free). Product Code: T4034. 50 lb bags."
F-1167-2017,"Label reads in part as: ""Ced¿ Pud¿n***Keep Refrigerated***NET WT 20 OZ (566 g)***Manufactured and Packed by Elmec Industries Inc.***229 Guanajibo Rd. Mayaguez, P.R. 00681""."
F-1253-2016,Suan's Scotch Bonnet Pepper Relish 9.8 oz. packaged in a glass jar with a metal lid.
F-0281-2017,"Label reads in part ""*** Bob's Red Mill *** PREMIUM GUAR GUM SUPERB GLUTEN FREE THICKENER & BINDER *** NET WT 8 OZ ***""    Product is packaged in multilayered flexible film with multiple colors.  Firm brand name is printed in red.    Case contains 8/8 oz. packages.    UPC 0 39978 00554 0 or  0 39978 00554 1"
F-1832-2016,30 count Baked and Popped Variety Pack packaged as 30 single flexible plastic bags
F-0357-2017,"Wilton Blue Airbrush Color, Net Wt 0.64 FL OZ (19 mL)"
F-2366-2016,"VIP-CORN CUT, Net Wt. 32 oz (2lbs) 907g, 12/32 oz., 12/16 oz., Product # 7007701048, 7007701248"
F-1809-2016,"Organic Edamame, Brand Columbia River Organics, Net Wt 10 oz, UPC 5711000120  Organic Shelled Edamame, Brand Columbia River Organics, Net Wt 10 oz, UPC 5711000119  Organic Edamame, Brand Organic by Nature, Net Wt 8 oz, UPC 4635800073  Edamame, Brand Live Smart, Net Wt 6 oz, UPC 604369  Edamame, Brand O Organic, Net Wt 16 oz, UPC 7989340179  Edamame, Brand Signature Kitchens, Net Wt 48 oz, UPC 2113009197  Shelled Edamame, Brand Signature Kitchens, Net Wt 16 oz, UPC 2113009092"
F-1672-2016,"Los Mart Chicharrin Cuadro, 1 lb., Packaged & Distributed by Martinez Imports, 1 Market St, Bldg #6, Passaic, NJ 07055"
F-2277-2016,"Figi's Gifts in Good Taste, 16 OZ  (453.60 g) Nature's Mix in a plastic bag that is a red circular tin container.     Nature's Mix is packaged in a plastic bulk bag with approximately 8-12 ounces o product."
F-1255-2016,Dietz & Watson Brand Italian Sub 7.3 oz bag
F-0762-2017,"DMAA (1,3-Dimethylamylamine) Net Weight 500g    Product is packaged in approximately 8"" x 11 silver and clear mylar ziplock bags that contain 500g of DMAA."
F-0694-2017,"FITNESS MIX sold under the following labels: 1) 15 LBS ALPINE VALLEY FITNESS MIX, packed as 1 per case, 2) Wegmans square tub FITNESS MIX, 20 oz, packed as 12 per case, Flave! FITNESS MIX, NET WT 8OZ (226g), packed as 12 per case, 4) FITNESS MIX, NET WT 5 OZ (141g), shipped 6 packs per case & 5) fitness MIX, NET WT. 10 OZ. (283 G), packed 12 per case."
F-0203-2017,"FE RedBell Pepper, Product Code 22760.  50 lb corrugated case with polyliner.  Manufactured by:  QualiTech, 318 Hazeltine Drive, Chaska, MN  55318 USA"
F-1811-2016,"Cut Italian Beans, Brand Northwest Growers Select, Net Wt 20 lb, UPC 4635800031  Green Italian Beans, Brand Chef Maxwell, Net Wt 30 lb, UPC 3530295001      ***********BULK containers************    Italian Cut Beans, Brand JAG Foods/LA Foods, Net Wt 30 lb.    Italian Cut Beans, brand The Inn, Net wt. 20 lb."
F-1833-2016,30 count Home Town Favorite Variety Pack packaged as 30 single flexible plastic bags
F-1388-2017,"Houdini Fabric gift basket, Item No. 1072552"
F-0510-2017,"Yeast Roll Mix, 20#"
F-1479-2016,"12 RND M.C. (No Trans), For Bake, Net Weight 46.2 lbs/20.96 kg."
F-1164-2017,"MULLIGATAWNY, Net wt 6.9 lbs, UPC 1 80644 00041 0, packaged in a heat sealed flexible plastic bag."
F-1205-2017,FH Parmesan. Product Code: T206486-50. 50 lb bags
F-1416-2017,The Classic  Basket #6013
F-1396-2017,Wine Trio  Basket #050
F-0988-2016,"CITTERIO PEPPERONI, sold in a deli bag.  This is a deli service item"
F-2322-2016,"Item # 413674, WIP SPORTSMAN MIX 25#, UPC 120046901.  ( this item goes into making many items listed)  9/28/16, 11/18/16, 12/16/16, 12/22/16, 1/26/17, 2/17/17, 9/1/16, 2/5/16, 2/28/16,   3/24/16, 3/30/16, 3/30/16, 4/29/16, 6/15/16, 7/14/16."
F-0430-2017,"White Cheddar, thirty-nine, 40 lb. blocks from Vat A and 25 40 lb. blocks from Vat C"
F-0288-2017,Koffee Kup Hot Dog Buns- 8 pk and 16 pk
F-1742-2016,"SWEET N SALTY 7.5 OZ.packaged in a clear plastic bag with white sticky label. The product is under UPC code 052545003398 and includes the brand names Big R Store's, Coastal, and Fin feather Fur Outfitter's."
F-0145-2017,"MOZZARELLA CALZONE, 100 CT, Prepared by: Kabobs, 54234 North Lake Dr. Lake City, GA 30260."
F-0499-2017,Amino Complex Formula. 2oz HCG Drops. Blue Glass.
F-0497-2017,Original HCG. 2oz HCG Drops. Amber Glass
F-1463-2017,34 White Confectionery Coating
F-2443-2016,"UPC 639277187567,	Naturally Select Indulgent Trail Mix, Best By/Date Code: 3/24/2017 ."
F-0366-2017,"Wilton Teal Airbrush Color, Net Wt 0.64 FL OZ (19 mL)"
F-2078-2016,"Nature Made(R) D3 1000IU, 350 count, UPC 0-31604-04070-3"
F-0456-2017,"Nazook, Net Wt. 10 oz. (283g), UPC 7 80890 28606 6."
F-1121-2016,"1) COMPOUNDED ASAFOETIDA POWDER L.G.¿, NET WT. 50g (1.75OZ.), MANUFACTURED BY: LALJEE GODHOO & CO. 213, Samuel Street, Mumbai - 400 003, (INDIA) MANUFACTURED AT: LALJEE GODHOO & CO. Plot No. 53/4, Road 7/15, M.I.D.C.,Andheri (E). Mumbai - 400 093. (INDIA)   Lot No., Pkd & Best Before See Bottom LOT NO. 2323""    2) COMPOUNDED ASAFOETIDA POWDER L.G¿, NET WT. 100g (3.5OZ.), MANUFACTURED BY: LALJEE GODHOO & CO. 213, Samuel Street, Mumbai - 400 003, (INDIA) MANUFACTURED AT: LALJEE GODHOO & CO. Plot No. 53/4, Road 7/15, M.I.D.C., Andheri (E). Mumbai - 400 093. (INDIA)   Lot No., Pkd & Best Before See Bottom LOT NO. 2323"""
F-1096-2016,"Korea chopped Kimchee packaged in 1 gallon, 1/2 gallon, 1/4 gallon, and 1/8 gallon packaged in glass jars inside plastic containers with multi colored label and black lettering."
F-1417-2017,Burgundy and Bronze Metal Basket
F-2343-2016,El Alteno   Raisinettes  Dovales  12 oz.  UPC: 8 20202 00411 4
F-2319-2016,"Mae's  Corner Market,  HOLIDAY PARTY TRAY MIX  31.4.5OZ( 1 lb 15.5 oz) 838 g, UPC 034952410549, Item # 681080."
F-0008-2017,"Yu Yee Brand Black Pepper Powder, Net Wt. 19.4 oz (550g), UPC 0 23452 06084 2, Packed for Summit Import Corp., Jersey City, NJ 07305, Product of China"
F-2401-2016,"Eastern Feast, Green Raisin, 7 oz plastic container."
F-0195-2017,"FE Green Bell Pepper 338, Product Code 22338.  50 lb corrugated case with polyliner.  Manufactured by:  QualiTech, 318 Hazeltine Drive, Chaska, MN  55318 USA"
F-2308-2016,"BLAIN'S FARM & FLEET, The BIG  GAME PARTY TRAY B 25 OZ, UPC 034952822434, Item # 612547.  7/15/16, 6/17/16."
F-2098-2016,"Fire roasted Poblano & Jalapeno popper bites packaged in a white box with black lettering. The product is labeled in part: Canchor Poppers Fire Roasted  & Jalapeno popper bites, 2-4 lbs."
F-1241-2017,Kabayaki Unagi Bits (Broiled Eel Bits) Tetsujin
F-1764-2016,3015 Choco Praline Graham Blend Net Weight: 25 lbs/11.34 kgs
F-0365-2017,"Wilton Purple Airbrush Color, Net Wt 0.64 FL OZ (19 mL)"
F-2069-2016,"Nature Made(R) adult gummies Multi for Her plus Omega-3, 150 count, UPC 0-31604-04275-2"
F-0495-2017,Omni Drops. 4oz HCG Drops. Amber Plastic
F-0180-2017,"Porfirio's Homeade Ricotta Cavatelli  Net Wt. 1Lb Manufactured by Porfirio's Italian Food, Inc. 320 Anderson Street, Trenton NJ"
F-1239-2016,Fresh Choices Survivor Mix NET WT 4.75 OZ (135g) packaged in clear cello bag and Nature's Eats Survivor Mix NET WT 10 OZ (284g) packaged in clear cello bag and Southern Grove Survival Trail Mix NET WT 10 OZ (283g) packaged in clear cello bag
F-1224-2017,"NEW HOPE MILLS Crepe MIX, NET WT. 1 LB. 4 OZ, UPC 074703601529 --- 181 York Street, Auburn, New York 13021 ---Product is packaged in a brown paper bag"
F-2445-2016,"UPC 032251046506 Family Gourmet Tropical Mix., Best By/Date Code:  3/16/2017 ."
F-1003-2016,"Wellco Super Elixir Pouches   The Super Elixir  150g, 300g"
F-0363-2017,"Wilton Pink Airbrush Color, Net Wt 0.64 FL OZ (19 mL)"
F-1259-2017,"NY Rye Deli Loaf, each loaf has a net wt. 32 oz.. No UPC as this is for food service only."
F-1138-2017,"Paneer, Chapel Hill, NC 27516, is sold in cut pieces at retail and in whole wheels (about 4 lbs) wholesale."
F-1671-2016,"Los Mart Chicharrin Rueda, 1 lb, Packaged & Distributed by Martinez Imports, 1 Market St. Bldg. #6, Passaic, NJ 07055"
F-1038-2016,"VPro Raw Plant Protein, Natural. Packaged in a plastic bottle with green, white, and black adhesive label.  Packaged in 2 lb (30 serving)."
F-1405-2017,Grgich Hills Napa Valley Selection Basket #713
F-1754-2017,"Chevre unlabeled, Manufactured for repacking and relabeling."
F-0840-2017,"Green Peppers, Net Wt.8oz, 7oz, 40oz, 4 lb (sold under the Harris Teeter, Quik Trip and Wal-Mart)."
F-0588-2016,"Jelly Bismark 9999954008,  540088,  24 per bulk tote."
F-0574-2016,Bearded Brothers BOLD The Greek Net Wt. 1.5 oz/43 g  UPC: 8-50430-00414-2.
F-1587-2016,Productos Del Campo Castillo Chile Habanero (Fresh Habanero Peppers)
F-0720-2017,Snow Monkey Subzero Superfood   Cacao  8oz.
F-0849-2017,"Publix, Kabob Sensations Veggie Kabob 23oz"
F-0467-2017,"Zaban, Net Wt. 10 oz. (283g), UPC 7 80890 28616 5."
F-1026-2016,"#2473 CINCINNATI STYLE CHILI Savory Net Wt. 4 lbs (1.8kg) UPC 0 90939 12473 1 GOLD MEDAL PRODUCTS 10700 MEDALLION DRIVE CINCINNATI, OHIO 45241"
F-1541-2017,foxy's rocky road less travelled  1 Pint
F-1397-2017,Napa & Sonoma Valley Exclusive  Basket #141
F-2334-2016,LeptiTrim6 Vanilla Shake Item No. 9907; 860 g. Brand Immune Tree; Packaged using HDPE White bottle
F-1421-2017,"Nepro Vanilla High Protein , 8oz metal can"
F-1309-2016,"Welltop Fried Dace, Net Weight 184g, Product of China, packed for Hui Zhou Welltop Foods Import and Export Co. Ltd. Importer: Guong Aik Sdn. Bhd No. 13 Long Bridge Road, PO Box 1056, 96008, Sibu, Sarawak, East Malaysia, Importer Strong America Ltd, 2-39 54th Ave., Long Island City, NY"
F-0196-2017,"FE RedBell Pepper 339, Product Code 22339.  50 lb corrugated case with polyliner.  Manufactured by:  QualiTech, 318 Hazeltine Drive, Chaska, MN  55318 USA"
F-0496-2017,Pounds and Inches. 1oz HCG Drops. Amber Glass.
F-0752-2016,"Faye's Texas Naturals Chili Petin Picante Muy Caliente Net Wt. 16 oz./452 grams in glass jars; 123 S. Courthouse Square Goliad, Texas 77963 (361)645-3136 FAYESTEXASNATURALS.NET"
F-0605-2017,Agave Dream Vanilla  1 Pint  UPC Code 8 9934900201 7
F-0621-2017,"Eastern Feast, Green Raisin, 7 oz, 11 oz, and 14 oz plastic containers."
F-1136-2017,"Quark, is sold by weight, both retail and wholesale, packaged in plastic cup for retail and in plastic bag for wholesale."
F-0591-2016,"Cinnamon Cinnsations,  4 count Net WT 19 oz (540g),  3977953052,  530530."
F-0768-2017,"Jalapeno Peppers, 40lbs (19 kg) per case, 1 1/9 Bushel Box, 49 cases per pallet"
F-0461-2017,"Low Sugar Nazook, Net Wt. 10 oz. (283g), UPC 7 80890 28605 9."
F-2005-2016,"SODIUM BICARBONATE, CAS # 144-55-8, USP/FCC GRADE 1, NET WEIGHT 50 lbs./22.68 kg --- Natrium Products, Inc. 58 Pendleton Street, Cortland, NY 13045"
F-1744-2016,"CAJUN HOT MIX 8 OZ. packaged in a clear plastic bag with sticky label under the UPC number 052545022689, and several brand names, including ATWOOD'S RANCH & HOME, BASS PRO SHOP'S UNCLE BUCK'S, BIG R STORE'S, CABELA'S CLASSIC'S, CABELA'S OUTFITTER CLASSIC, FARM & HOME SUPPLY, F & S TRADING, JAYS SPORTING GOODS, MOO'D FOOD /MURDOCHS, and RURAL KING"
F-0563-2016,Old Fashioned White Diner Rolls 8 Count  Pack size 20 oz.  UPC 2 24246 00000
F-0830-2017,NORTHERN CLASSICS NATURAL SMOKED STEELHEAD***  Product  is packaged in bulk 5lb case.  Product  is vacuum packaged catch weight.
F-2371-2016,"VIP-STEAMWORKS SWEET CUT CORN, 12 pk./12 oz., Product # 7007706548"
F-1691-2016,White Kimchi
F-1308-2016,"ALFALFA SEED, NET WT. 50 LB. International Specialty Supply LLC, Cookeville, TN"
F-2642-2016,"Sprite Zero, 12 oz. can/12 pack, UPC 049000037111; Sprite, 12 oz. can/6 pack, UPC N/A; Sprite, 12 oz. can/12 pack, UPC 049000028928; Sprite, 12 oz. can/20 pack, UPC 049000014655"
F-2318-2016,"Mae's Corner Market, FIJI MIX,  14 OZ(397 g) ,   UPC 034952415247, Item # 610611."
F-1336-2017,"ELDER PAINTSIL'S FANTE KENKEY, NET WT. 1.20, UPC: 6 61799 58167 7, MANUFACTURED BY  VICTORY GENERAL FOODS IN WORCESTER, MA 01603"
F-1307-2016,"Assorted Dinner Rolls, 128 ct., Net Wt. 10.2 lbs; 16/ 8 ct./case"
F-1419-2017,"Promote with Fiber Vanilla, 8oz metal can"
F-0202-2017,"FE Green Bell Pepper, Product Code 22733.  50 lb corrugated case with polyliner.  Manufactured by:  QualiTech, 318 Hazeltine Drive, Chaska, MN  55318 USA"
F-3116-2017,"A96555, PREDUST X2, NET WT 50 LBS, Manufactured By: Newly Weds Foods, Inc., Chicago, IL 60639"
F-1994-2017,"French's Crispy Jalapenos Net Wt. 5 oz. (141.7g), UPC 0 41500 95309 0, French's Food Company."
F-3606-2017,"Tri-Pepper Dice, 6-oz. packaged in a clamshell and Dice Tri-Pepper, 7-oz. packaged in a clamshell"
F-1502-2017,"Palmer's Candies Peppermint Bark A) NET WT 9 OZ (255 g) packaged in plastic clamshell containers, UPC Code 77232-17270; B) NET WT 10 OZ (283 g) packaged in paper bags, UPC 77232-23091; C) NET WT 8 OZ (226 g) packaged in paper boxes UPC 77232-12146; C) NET WT 9 OZ (255 g) packaged in plastic clamshell containers UPC 77232-16309; D) NET WT 9 OZ (255 g) packaged in paper boxes UPC 77232-16042; E) 10 lbs. Net Weight (4.54 kg) packaged in cardboard boxes UPC 77232-10770"
F-3175-2017,"B2ADU3,  BATTER MX X1*,  NET WT 50 LBS, Manufactured By: Newly Weds Foods, Inc., Chicago, IL 60639"
F-3608-2017,"Natural Grocers Organic Deglet Noor Dates, Target weight is 0.60 - 0.70 lb random weight package, Zip lock plastic bag."
F-2617-2017,"Nutrifuel - Paleo Nutrition Bar    Gluten Free, All Natural, 15 g protein    1.90oz. (54 g)    YouBar Inc. Monterey Park, CA."
F-3238-2017,"B51926, PREDUST X1*, NET WT 40 LBS, Manufactured By: Newly Weds Foods, Inc., Chicago, IL 60639"
F-3165-2017,"B27478,  BATTER MIX X2, NET WT 50 LBS, Manufactured By: Newly Weds Foods, Inc., Chicago, IL 60639"
F-3299-2017,"B86036, BATTER MX X1*, NET WT 50 LBS, Manufactured By: Newly Weds Foods, Inc., Chicago, IL 60639"
F-3101-2017,"A85729, BATTER MX X1@, NET WT 1900 LBS, Manufactured By: Newly Weds Foods, Inc., Chicago, IL 60639"
F-3075-2017,"A81911, BATTER MX X1*, NET WT 50 LBS, Manufactured By: Newly Weds Foods, Inc., Chicago, IL 60639"
F-3173-2017,"B2ABN1,  BATTER MX X1@, NET WT 50 LBS, Manufactured By: Newly Weds Foods, Inc., Chicago, IL 60639"
F-3414-2017,"US Foods VEG MIX BROC/RED-ON-PEP STRIP, 2/5#, 8651259"
F-2306-2017,"AUNT JEMIMA(R) 14 LOW FAT WAFFLES, NET WT 17.18oz UPC 019600062301"
F-1498-2017,"Palmer's Candies Creme De Menthe Bark, A) NET WT 9 OZ (255 g) packaged in cardboard boxes, UPC Code 77232-16043, B) NET WT 9 OZ (255 g) packaged in plastic clamshell containers, UPS code 77232-17255; C) NET WT 10 lbs Net Weight (4.54 kg) packaged in cardboard boxes"
F-3154-2017,"B21085, BATTER MIX, NET WT 50 LBS, Manufactured By: Newly Weds Foods, Inc., Chicago, IL 60639"
F-3000-2017,"A22178, BATTER MIX X1, NET WT 50 LBS, Manufactured By: Newly Weds Foods, Inc., Chicago, IL 60639"
F-1819-2017,RegeneSlim
F-1822-2017,RegeneBlend
F-2403-2017,Mr. Hyde Blue Razz (V2)
F-3172-2017,"B29588,  BATTER MX X1@, NET WT 50 LBS, Manufactured By: Newly Weds Foods, Inc., Chicago, IL 60639"
F-3117-2017,"A97016, ALBERTSONS UNVERSL BRDR  @, NET WT 30 LBS, Manufactured By: Newly Weds Foods, Inc., Chicago, IL 60639"
F-0445-2018,"Frontier Trail Mix (4 oz. bag), UPC 018142352987. Packaged in Plastic Zip Lock bags. No refrigeration needed."
F-2553-2017,MATLAWS R/B FLOUNDER PANKO FLTS 2-3 OZ 1/10 LB
F-3433-2017,Battered Jo-Jo Wedges / 00047 (5 lb bags)
F-2645-2017,"Sea Cuisine 12/10 oz., Pub Classic Beer Battered Cod,  Item Number: A1319"
F-3568-2017,"Joy's Gourmet Olive Tapenade, All Natural, Net Wt. 10 OZ. (280g)."
F-2844-2017,Apricot Diced L-Organic 70APRIC10
F-1846-2017,Marketside Grab and Go Col Colby 10.8 oz Set Ups
F-0622-2018,Rugby FER Iron Liquid 50 mL UPC 00536-0710-80
F-3302-2017,"B86699, BATTER MIX, NET WT 50 LBS, Manufactured By: Newly Weds Foods, Inc., Chicago, IL 60639"
F-3169-2017,"B28261,  BATTER MIX X2, NET WT 50 LBS, Manufactured By: Newly Weds Foods, Inc., Chicago, IL 60639"
F-0478-2018,"Party Tray: Yorgo's Foods PARTY TRAY ORIGINAL HOMMUS NET WT. 32 OZ UPC: 7 56248 10097 1 and Yorgo's Foods PARTY TRAY RED PEPPER HOMMUS NET WT. 32 OZ UPC: 7 56248 10016 2.   Product is packaged in a clear plastic container, keep refrigerated."
F-3064-2017,"A80241, BATTER MX X4@, NET WT 50 LBS, Manufactured By: Newly Weds Foods, Inc., Chicago, IL 60639"
F-0476-2018,"Yorgo's Foods TZATZIKI NET WT 8 OZ (227g) UPC: 7 56248 10053 7 and Yorgo's Foods TZATZIKI NET WT. 5 LBS 80 oz (2268g).  Product is packaged in a clear plastic container, keep refrigerated."
F-3293-2017,"B84694, BATTER MIX X1, NET WT 50 LBS, Manufactured By: Newly Weds Foods, Inc., Chicago, IL 60639"
F-0588-2018,"Sakkar Para, 1 lb. clear plastic clamshell containers."
F-0630-2018,Major Poly-Vita Drops 50 mL UPC 00904-5099-50
F-0581-2018,"Jalebi, .5-1 lb. Clear Plastic clamshell containers"
F-2184-2017,"Soylent 1.8 Powder , 7 x 15oz pouches, SKU: 1WK-V108"
F-0217-2018,BrightFarms Baby Arugula (4 oz. package)
F-3439-2017,Sysco X-Large Jo-Jo Wedges / 7641749 (5 lb bags)
F-3097-2017,"A85073, BATTER MIX X1, NET WT 50 LBS, Manufactured By: Newly Weds Foods, Inc., Chicago, IL 60639"
F-2843-2017,Apricot Dice Large-SO2 70APRIC01
F-3077-2017,"A82303, BATTER MX X1@, NET WT 2000 LBS, Manufactured By: Newly Weds Foods, Inc., Chicago, IL 60639"
F-2560-2017,NORTHSIDE PRE COOKED FLOUNDER FILLETS 4 OZ 1/10 LB
F-3526-2017,"Major Ferrous Drops, 1 2/3 oz (50 mL)"
F-3182-2017,"B30191,  BNDRGHT TM X1,  NET WT 50 LBS, Manufactured By: Newly Weds Foods, Inc., Chicago, IL 60639"
F-3033-2017,"A28365,  BATTER MIX X2, NET WT 50 LBS, Manufactured By: Newly Weds Foods, Inc., Chicago, IL 60639"
F-3026-2017,"A27897,  INGR0090 X1*, NET WT 50 LBS, Manufactured By: Newly Weds Foods, Inc., Chicago, IL 60639"
F-3284-2017,"B81942, BATTER MIX, NET WT 50 LBS, Manufactured By: Newly Weds Foods, Inc., Chicago, IL 60639"
F-3292-2017,"B84362, BATTER MIX @, NET WT 50 LBS, Manufactured By: Newly Weds Foods, Inc., Chicago, IL 60639"
F-1919-2017,"Kowalski's Markets, Protein Powerhouse, UPC 6-10014-14692-4,  8 oz in plastic container."
F-3090-2017,"A83859, BTTR MX X1@, NET WT 2000 LBS, Manufactured By: Newly Weds Foods, Inc., Chicago, IL 60639"
F-2408-2017,Dr. Jekyll V2 Orange Burst domestic
F-1988-2017,"ChloroFields Micro-greens Asian Mix, Net Wt. 1.5 OZ, packed in clear plastic clamshells"
F-0584-2018,"Laddu, 1 lb. clear plastic clamshell containers."
F-1961-2017,"Venison Jerky, brand Trophy Series, heat treated shelf stable packaged in hermetically sealed packages.  Net wt. 3 oz.  UPC 16831 00519."
F-2748-2017,"Icelandic 1/10lb Beer Battered Cod Portions, Item Number: 1029719"
F-1833-2017,Thortons Italian Footlong 6/12 oz.
F-1834-2017,Thortons Italian & Provolone 12 oz.
F-0621-2018,Rugby Ferrous Sulfate Elixir 473 mL UPC: 00536-0650-85
F-3574-2017,"Rajbhog Sweet, JALEBI, Net Weight 11.2 oz. (315 grams), Distributed by Rajbhog Distributors (GA) Inc., Duluth, GA 30096."
F-2467-2017,"HOLLE Bio Zulgelingen Opvolgmelk 2, (3/case), HOLLE Bio Lait de suite, 2, 400g (6/case), HOLLE Bio Lait pour Nourrissons Zulgelingenmelk, 400g (6/case),  HOLLE Lait Pour Nourrissons 1er Age Bio, 400g (6/case). HOLLE Bio Lait de Suit Au Lait De Chevre, 400g (6/case) , HOLLE Bio-Kinermilch 4"
F-3199-2017,"B30728,  PREDUST X1,  NET WT 50 LBS, Manufactured By: Newly Weds Foods, Inc., Chicago, IL 60639"
F-2096-2017,"Lemongrass Satay, Net: 9oz (265gr), 12units/case and 1/2 gallon, 6 units/case"
F-0636-2018,Major Certa-Vite Liquid 236 mL UPC 00904-5023-09
F-2842-2017,Apricot Dice Large-SO2 70APRIC01
F-3063-2017,"A80107, BATTER MX X1@, NET WT 50 LBS, Manufactured By: Newly Weds Foods, Inc., Chicago, IL 60639"
F-3079-2017,"A82459, BATTER MX X3@, NET WT 20 LBS, Manufactured By: Newly Weds Foods, Inc., Chicago, IL 60639"
F-3037-2017,"A30038,  BINDRGHT TM X1, NET WT 50 LBS, Manufactured By: Newly Weds Foods, Inc., Chicago, IL 60639"
F-3008-2017,"A24371, BATTER MIX X1, NET WT 50 LBS, Manufactured By: Newly Weds Foods, Inc., Chicago, IL 60639"
F-2611-2017,"Emmanuels Earthly Goods - Oatmeal Raisin Nutrition Bar;  Good Source of Protein, GMO Free, Gluten Free, Vegan;    1.51 oz. (43 g)    YouBar Inc. Monterey Park, CA."
F-3291-2017,"B84360, BATTER MIX @, NET WT 50 LBS, Manufactured By: Newly Weds Foods, Inc., Chicago, IL 60639"
F-2371-2017,"AAHU BARAH, DRY FIG, NET WT. 1 LB, PRODUCT OF PAKISTAN"
F-3576-2017,"Shawnee Mills Peppered Gravy Mix, 2.75 oz and 24 oz."
F-3071-2017,"A81151, BATTER MIX X1, NET WT 50 LBS, Manufactured By: Newly Weds Foods, Inc., Chicago, IL 60639"
F-2753-2017,FPI 1/10 4 oz Southern Style Oven Ready Striped Pangasius Fritter. Item Number: 1079340
F-2554-2017,MATLAWS R/B HADDOCK PANKO PTNS 10 LB
F-3022-2017,"A27466, BATTER MIX X1, NET WT 50 LBS, Manufactured By: Newly Weds Foods, Inc., Chicago, IL 60639"
F-3084-2017,"A82818, BATTER MX X1@, NET WT 50 LBS, Manufactured By: Newly Weds Foods, Inc., Chicago, IL 60639"
F-3287-2017,"B82730, BATTER MIX, NET WT 50 LBS, Manufactured By: Newly Weds Foods, Inc., Chicago, IL 60639"
F-3590-2017,Mr. Hyde 60 Blue Razz; Hyde V2 Blue Razz; Mr. Hyde V2 international Blue Razz sample pack; Mr. Hyde Domestic V2 Blue Razz sample packs
F-3577-2017,"Simplot Traditional Tater Gem.  Net Wt. 30 lb. (13.6 kg),   foodservice corrugated case, 6/5 lbs. clear poly bags per case.  UPC = 100 71179 00418 9."
F-2567-2017,SCHOONER PRE COOKED CRUNCHY FLOUNDER FILLETS 10 LB
F-2710-2017,"Icy Bay 1/10lb Beer Battered Natural Cod 3.5-4.5 oz., Item Number: 23895"
F-3524-2017,"Major CertaVite Liquid, 8 oz. (236 mL)"
F-1631-2017,"Jugos La Morove¿a, China (Orange),Elaborado y Envasado por Jugos La Morove¿a, Carr 634 km 5.1, Bo. Franquez, Morovis PR 00687"
F-3142-2017,"B10196, CRAX MEAL X1@, NET WT 50 LBS, Manufactured By: Newly Weds Foods, Inc., Chicago, IL 60639"
F-3109-2017,"A92640, SPCL BRDR X2@, NET WT 25 LBS, Manufactured By: Newly Weds Foods, Inc., Chicago, IL 60639"
F-2462-2017,"HIPP Bio Combiotik 1, Canister,  900g (4/case), HIPP Bio  Combiotik 2, Canister, 900g (4/case), HIPP Bio Combiotik 3, Canister, 900g (4/case), HIPP Bio Combiotik 1, 600g (4bx/case), HIPP Bio Combiotik 2, 600g (4bx/case), HIPP Bio Combiotik 3, 600g (4/case), HIPP Bio Compiotik, Pre, 600g (4bx/case), HIPP Comfort Spezialnahrung, 500g (4bx/case)"
F-0203-2018,Mann  Veggie Power Blend 4/2 LB SS - US and Canada
F-2469-2017,"Topfer Lactana Bio 1 Anfangsmilch, 600g (3/case), Topfer Lactana Bio 2, Bio Folgemilch, 600g (3bx/case)"
F-0088-2018,"2.0-oz. Cinnamon Mini Loaf, shipped in 20-count trays."
F-3019-2017,"A26108, BATTER MIX X1, NET WT 50 LBS, Manufactured By: Newly Weds Foods, Inc., Chicago, IL 60639"
F-2787-2017,"Icelandic 6/4LB Guinness Beer Battered Cod Tenders 1-2oz., Item Number: 10026798"
F-3132-2017,"B10045, 1/20 CRAX MEAL +, NET WT 50 LBS, Manufactured By: Newly Weds Foods, Inc., Chicago, IL 60639"
F-1821-2017,RegeneArouse
F-0181-2018,"Mann's Nourish Bowl Monterey Risotto, 8.75 oz Tray;  UPC -716519036798- US;"
F-3432-2017,"Mary's Harvest,  Veggie Cup,  6/12 oz	pacakges, UPC 0 9250470153 8.  Marys Harvest, Veggie Cup,   6/ 8 oz	packages, UPC 0 9250470021 0."
F-3089-2017,"A83756, BTTR MX X1@, NET WT 2000 LBS, Manufactured By: Newly Weds Foods, Inc., Chicago, IL 60639"
F-1635-2017,"Jugos La Morove¿a, Guanabana (Soursop),Elaborado y Envasado por Jugos La Morove¿a, Carr 634 km 5.1, Bo. Franquez, Morovis PR 00687"
F-1824-2017,RegeneBlast
F-3112-2017,"A95299, PREDUST X2, NET WT 40 LBS, Manufactured By: Newly Weds Foods, Inc., Chicago, IL 60639"
F-3308-2017,"B89254, BATTER MIX X2, NET WT 50 LBS, Manufactured By: Newly Weds Foods, Inc., Chicago, IL 60639"
F-1778-2017,"Hawaiian Delight, Net Wt. 4.5lb"
F-3025-2017,"A27742,  BATTER MIX X1, NET WT 50 LBS, Manufactured By: Newly Weds Foods, Inc., Chicago, IL 60639"
F-2563-2017,PRE-COOKED FRESH HADDOCK FILLET 1/20
F-1847-2017,Marketside Grab and Go No Smoke Provolone 10.8 oz Set Ups
F-3148-2017,"B10784, MED. CRAX MEAL, NET WT 25 LBS, Manufactured By: Newly Weds Foods, Inc., Chicago, IL 60639"
F-3438-2017,Valero Baby Wedges with Crisp Coat UC Coating / 51049 (5 lb bags)
F-1806-2017,"IMMUNITY SHOT 2 fl.oz., UPC: 859168006184"
F-0586-2018,Gur Para 1 lb. clear plastic clamshell containers.
F-1798-2017,"Lipari Old Tyme Colby Jack Mini Horn, 2/6#"
F-3031-2017,"A28142,  BATTER MIX X1, NET WT 50 LBS, Manufactured By: Newly Weds Foods, Inc., Chicago, IL 60639"
F-0210-2018,Cross Valley Farms Superfood Slaw 2 lb bag
F-3607-2017,"Fajita Mix,  6-oz. packaged in a clamshell"
F-1879-2017,"BRAISED BAMBOO SHOOT TIPS WITH CHILI, 10 oz. cans, 24 cans per case.     Product of Taiwan  UPC CODE: 0 76277 10058 3    Companion Foods Corp. Taipei, Taiwan"
F-1880-2017,"BRAISED BAMBOO SHOOT TIPS 10 oz. cans, 24 cans per case.     Product of Taiwan  UPC CODE: 0 76277 10060 6    Companion Foods Corp. Taipei, Taiwan"
F-3027-2017,"A27974,  BATTER MIX X1, NET WT 50 LBS, Manufactured By: Newly Weds Foods, Inc., Chicago, IL 60639"
F-2213-2017,20 count Frito-Lay Bold Mix Sack 18.4 oz. packaged in flexible plastic
F-0172-2018,"Mann's Family Favorites California Stir Fry, 2 lb bags;  UPC 716519020186 - US;  Western Family Brand UPC 062639324858; Canada; also Signature Farms 12 oz bag  1 lb. bags, UPC  716519012181 US;  12 oz. bags UPC 716519013065 - US and Canada"
F-3092-2017,"A84024, BATTER MX X2@, NET WT 2000 LBS, Manufactured By: Newly Weds Foods, Inc., Chicago, IL 60639"
F-3161-2017,"B24239,  BATTER MIX X1, NET WT 50 LBS, Manufactured By: Newly Weds Foods, Inc., Chicago, IL 60639"
F-3527-2017,"Major Poly-Vita  Drops, 1 2/3 oz (50 mL)"
F-3518-2017,"Rugby Fer-iron Liquid,  1 and 2/3 oz., 50 mL"
F-1500-2017,"Palmer's Candies Game Day Party Bowl NET WT 16 OZ (454 g) packaged in plastic containers, UPC Code 77232-17291"
F-1795-2017,"Lipari Old Tyme Pepper Jack Mini horn, 2/6#"
F-3062-2017,"A80080, BATTER MIX X4, NET WT 50 LBS, Manufactured By: Newly Weds Foods, Inc., Chicago, IL 60639"
F-0460-2018,"Yorgos FOODS Green Olive Hommus NET WT 8 OZ (227g)  UPC: 7 56248 10032 2. Product is packaged in a clear plastic container, keep refrigerated."
F-3111-2017,"A94574, PREDUST X1, NET WT 50 LBS, Manufactured By: Newly Weds Foods, Inc., Chicago, IL 60639"
F-3036-2017,"A29384,  BATTER MIX X1, NET WT 50 LBS, Manufactured By: Newly Weds Foods, Inc., Chicago, IL 60639"
F-3342-2017,Woodstock Organic Kumbaya Mix 10oz.
F-3107-2017,"A92173, PREDUST X1, NET WT 50 LBS, Manufactured By: Newly Weds Foods, Inc., Chicago, IL 60639"
F-3171-2017,"B28993,  BATTER MIX X2, NET WT 50 LBS, Manufactured By: Newly Weds Foods, Inc., Chicago, IL 60639"
F-1793-2017,"Lipari Old Tyme Colby Jack Longhorn, 2/14.5#"
F-3122-2017,"A97915, PREDUST X1@, NET WT 50 LBS, Manufactured By: Newly Weds Foods, Inc., Chicago, IL 60639"
F-1844-2017,Marketside Grab and Go Col. Sharp Cheddar 10.8 oz Set Ups
F-0309-2017,A Texas Praline 14 oz. wrapped in cellophane
F-2216-2017,32 count Miss Vickies Multipack Box 44 oz. packaged in flexible plastic
F-2316-2017,"Hilltop HEARTH WAFFLES, 18 BOLSAS CON 8 PIEZAS, PESO NETO 11LB 6.4 oz, UPC075810843855"
F-1849-2017,"Private Selections HARDWOOD SMOKED GOUDA NET WT 8 OZ (226g) DISTRIBUTED BY THE KROGER CO CINCINNATI, OHIO 45202 UPC 0 11110 60861 1"
F-2084-2017,"Soy Bits and Soy Splits, Organic, Roasted Not Salted, Individual Super Sac (1450 pounds Soy Bits and 1400 - 1600 pound Soy Splits)"
F-2303-2017,"AUNT JEMIMA(R) 14 HOMESTYLE WAFFLES, NET WT 17.18oz UPC 019600062004"
F-3007-2017,"A23956, BATTER MIX X1, NET WT 50 LBS, Manufactured By: Newly Weds Foods, Inc., Chicago, IL 60639"
F-2571-2017,SCHOONER PRE-COOKED CRUNCHY STYLED HADDOCK FILLETS 10 LB
F-3281-2017,"B5G945, BATTER MIX X1, NET WT 50 LBS, Manufactured By: Newly Weds Foods, Inc., Chicago, IL 60639"
F-3300-2017,"B86038, BATTER MX X1*, NET WT 50 LBS, Manufactured By: Newly Weds Foods, Inc., Chicago, IL 60639"
F-3023-2017,"A27528, BATTER MIX X1, NET WT 50 LBS, Manufactured By: Newly Weds Foods, Inc., Chicago, IL 60639"
F-0083-2018,"034208  Wegmans Round Danish, 6 pack. UPC: 0 77890 34208 4."
F-2214-2017,30 count Miss Vickies Multipack Tray 41.25 oz. packaged in flexible plastic
F-1625-2017,"Baking Powder Net Wt. 5 lbs. (2.27 kg) packaged 6 bags per case, under the following brand names:    Chef's Companion UPC 50719098580015, Diamond Crystal Brands, Inc. Savannah, GA 31405; and   Sysco UPC 10074865238813, distributed by Sysco Corporation, Houston, TX 77077-2099."
F-3579-2017,"Fajita Blend, 12-oz. packaged in an overwrap"
F-1544-2017,"Theravits 100, container sizes: 30, 60, 90, 180, Product Code: 0783-30, 0786-60, 0789-90, 0788-180;     The Supreme One, Container sizes: 30,60,90,180, Product Code: 680-030, 680-060, 680-090, 680-180.    The Supreme One and Theravits 100 product is sold under the brand names of Natures Concept, VP Discount, Clarks Nutrition, Hsu & Co, Spatz, Weber Health Foods, Harvest Natural Foods, Natures Nutrition, Vita Sun, Good Health, Kraskis, Lynden Nutrition, Seaside Health Foods, and Vita-Vista."
F-2572-2017,SCHOONER PRE-COOKED CRUNCHY WHITING FILLETS 1/10 LB and SCHOONER PRE-COOKED CRUNCHY WHITING FILLETS 12/16 OZ
F-2604-2017,"All in Nutrition Wicked Maple Energy Bars  18 g protein, 9 g net carbs, Gluten Free, GMO Free, 100% natural  1.94 oz. (55g);    YouBar Inc. Monterey Park, CA."
F-0395-2018,"Slim & Sassy¿ TrimShake  Vanilla, SKU 35180001, 1 lb 5.9 oz, HDPE tub"
F-3225-2017,Medium Coated Jo-Jo Wedges / 00040 (5lb bags)
F-1655-2017,"Sargento Shredded Reduced Fat Colby-Jack, 8oz., UPC 4610041018, Sell By date: H07APR17"
F-2853-2017,"Organic Pitted Date Paste, Net Wt. 40 LBS"
F-3014-2017,"A25774, BATTER MX X1*, NET WT 50 LBS, Manufactured By: Newly Weds Foods, Inc., Chicago, IL 60639"
F-3153-2017,"B20195, BATTER MIX, NET WT 50 LBS, Manufactured By: Newly Weds Foods, Inc., Chicago, IL 60639"
F-1689-2017,"Kroger French Style Green Beans, Net Wt. 12 oz (340g), UPC 11110-89731"
F-3010-2017,"A24666, BATTER MX X1@, NET WT 50 LBS, Manufactured By: Newly Weds Foods, Inc., Chicago, IL 60639"
F-0589-2018,Mixed Sweets- variety 1 lb. clear plastic clamshell containers.
F-3441-2017,Medium Battered Jo-Jo Wedges / 00126 (5 lb bags)
F-3016-2017,"A26081, BATTER MIX X2, NET WT 50 LBS, Manufactured By: Newly Weds Foods, Inc., Chicago, IL 60639"
F-3024-2017,"A27635,  INGR0061 X1*, NET WT 50 LBS, Manufactured By: Newly Weds Foods, Inc., Chicago, IL 60639"
F-0208-2018,"HEB Power Slaw, 10 OZ bags;  UPC  -4122083223"
F-3160-2017,"B24005,  BATTER MIX, NET WT 50 LBS, Manufactured By: Newly Weds Foods, Inc., Chicago, IL 60639"
F-3076-2017,"A82245, BATTER MX X1*, NET WT 50 LBS, Manufactured By: Newly Weds Foods, Inc., Chicago, IL 60639"
F-0851-2018,COSTCO HAMS( Under the following Trade Names -  OT)
F-1963-2017,"Elk Jerky, brand Trophy Series, heat treated shelf stable packaged in hermetically sealed packages.  Net wt. 3 oz.  UPC 16831 00529."
F-3163-2017,"B26135,  BATTER MX X1@, NET WT 50 LBS, Manufactured By: Newly Weds Foods, Inc., Chicago, IL 60639"
F-3102-2017,"A85777, BATTER MX X1, NET WT 25 LBS, Manufactured By: Newly Weds Foods, Inc., Chicago, IL 60639"
F-3018-2017,"A26089, BATTER MIX X1, NET WT 50 LBS, Manufactured By: Newly Weds Foods, Inc., Chicago, IL 60639"
F-0201-2018,"HEB Stir Fry Medley, 12 OZ bags  UPC4122097504     Walmart Stir Fry Medley, 12 OZ bags  UPC 681131457460"
F-1825-2017,RegeneFit
F-3136-2017,"B10085, 3/32 CRAX MEAL +, NET WT 50 LBS, Manufactured By: Newly Weds Foods, Inc., Chicago, IL 60639"
F-3604-2017,"Green Pepper Diced, 6-oz. packaged in a clamshell"
F-2466-2017,"HOLLE Bio Lait Pour Nourrissons Au Lait De Chevre, Zuigelingenmelk OP Geitenmelbasis, 1, 400g (4/case), HOLLE Bio-Flogemilch Auf Ziegenmilchbasis, 1, 400g (4/case), HOLLE Bio-Folgenmilch Auf Ziegenmilchbasis, 3, 400g (4/case), HOLLE Bio-Folgemich, 2, 600g (3bx/case), HOLLE Bio-Folgemilch, 3, 600g (4bx/case), HOLLE Bio-Folgemilch 4, 600g (4bx/case), HOLLE Bio-Folgemilch Auf Ziegenmilchbasis 2, 400g (6/box), HOLLE Bio Anfangsmilch 1 Von Geburt, 400g (6bx/case)"
F-0305-2017,"Sooji Coarse, Siva's brand, packaged in 2 lbs. and 4 lbs poly bags.     UPC for 2 lbs. package is 8 46499 00316 1  UPC for 4 lbs. package is 8 46499 00186 5.    The label is read in parts: ""***Ingredients: Sooji Coarse***Siva's***LOW FAT, GOOD SOURCE OF IRON, SOURCE OF FIBER, CHOLESTEROL FREE***Imported & Marketed by Reshmi's Group, Inc 6845 S. 220th ST KENT, WA 98032***""."
F-2798-2017,"Viking 2/5lb Precooked Whiting Fillet,  Item Number: 07094R"
F-3602-2017,Vanish V3
F-2998-2017,"A21960, BATTER MX X1*, NET WT 50 LBS, Manufactured By: Newly Weds Foods, Inc., Chicago, IL 60639"
F-2136-2017,"JAP001 Jalapeno Powder, 44 lbs., cardboard carton with internal polybag"
F-3413-2017,"Imperial Fresh Veg Blend 7-Way, 2/5#, 7512033"
F-2729-2017,Schwan 12/1.25 lb Haddock Sticks. Item Number: 52154
F-0632-2018,Major Tri-Vita Drops 50 mL UPC 00904-6274-50
F-2990-2017,"B34582, PD34582 Pre Dust, NET WT 40 LBS, Manufactured By:  Newly Weds Foods, Inc., Chicago, IL 60639"
F-2325-2017,HEB Texas Toast UPC 4122062888 and HEB X-Thin UPC 4122084868  all units 24 oz per bag
F-0102-2018,"Wegmans Marshmellow Treats Tub,  6 Pack   UPC: 2-08032-00000"
F-3145-2017,"B10256, CRAX MEAL X1, NET WT 50 LBS, Manufactured By: Newly Weds Foods, Inc., Chicago, IL 60639"
F-2145-2017,"Organic Marketside Spring Mix, net Wt. 5 oz. (142g) packed in rigid plastic container, UPC code 6 8113132897 5."
F-3600-2017,"DNPX Powder, 30 Pineapple Punch"
F-3297-2017,"B86029, BATTER MIX X1, NET WT 50 LBS, Manufactured By: Newly Weds Foods, Inc., Chicago, IL 60639"
F-3083-2017,"A82766, BATTER MX X4@, NET WT 2000 LBS, Manufactured By: Newly Weds Foods, Inc., Chicago, IL 60639"
F-3295-2017,"B85996, BATTER MIX, NET WT 50 LBS, Manufactured By: Newly Weds Foods, Inc., Chicago, IL 60639"
F-3028-2017,"A27980,  BATTER MIX X2, NET WT 50 LBS, Manufactured By: Newly Weds Foods, Inc., Chicago, IL 60639"
F-3384-2017,"Bourbon Street Mix, 157 25 lbs cases and 2,509 one (1) lb bags."
F-3339-2017,Nature s Promise Organic Campfire Trail Mix 12oz.
F-1823-2017,RegeneBoost
F-0213-2018,"BrightFarms Spring Mix (4 oz. and 8 oz., 3# packages);"
F-3114-2017,"A95460, PREDUST X1, NET WT 50 LBS, Manufactured By: Newly Weds Foods, Inc., Chicago, IL 60639"
F-1845-2017,Marketside Grab and Go Colby Jack 10.8 oz Set Ups
F-2608-2017,"POZZIBLE Goji Crisp;   20 g protein bar; Gluten Free; no Sugar added    2.25 oz. (64 g)    YouBar Inc. Monterey Park, CA."
F-3303-2017,"B86976, BATTER MIX X1, NET WT 50 LBS, Manufactured By: Newly Weds Foods, Inc., Chicago, IL 60639"
F-3015-2017,"A25884, BATTER MX X1@, NET WT 50 LBS, Manufactured By: Newly Weds Foods, Inc., Chicago, IL 60639"
F-3011-2017,"A24987, BATTER MIX X1, NET WT 20 LBS, Manufactured By: Newly Weds Foods, Inc., Chicago, IL 60639"
F-3571-2017,"Laxmi Rusks, 10.58 OZ (300 gram) bags; UPC Code: 7 23246 26482 0"
F-3176-2017,"B2AE46,  BATTER MX X1*,  NET WT 50 LBS, Manufactured By: Newly Weds Foods, Inc., Chicago, IL 60639"
F-0142-2018,Deep Dish pre mix dough
F-3168-2017,"B28030,  BATTER MIX X1, NET WT 50 LBS, Manufactured By: Newly Weds Foods, Inc., Chicago, IL 60639"
F-3347-2017,Wholesome Pantry Organic Trail Mix 8oz.
F-0503-2018,"Sensations cinnamon roll UNCOOKED DOUGH 450g, UPC: 236821197"
F-2256-2017,"Refrigerated, ready-to-eat, sliced, cold smoked, IMPORTED SCOTTISH SMOKED, HAND SLICED PACKS, in 4 oz., 8 oz., & whole sides in vacuum packages, UPC 0200000620271 -- KEEP REFRIGERATED,  STORE AT 38 DEGREES F or Below --- THE SMOKEHOUSE OF NY,  MAMARONECK, NY 10543"
F-2599-2017,"Nancy Adler Nutrition    Nancy's Nutrition Bar  1.58 oz. (45g);  Please keep refrigerated  Handmade by  YouBar Inc. Monterey Park, CA."
F-2138-2017,BAKEMARK CANADA White Cross Topping Mix 10 lb 4.54 kg; BakeMark NDS Item Code: 50623; UPC: 0 64278 50623 7
F-1848-2017,Marketside Grab and Go Swiss 10.8 oz Set Ups
F-2300-2017,"AUNT JEMIMA(R) HOMESTYLE FRENCH TOAST, 6 COUNT, NET WT 12.5oz, UPC 019600057703"
F-1791-2017,"Copperwood Pepper Jack Mini Horn, 4/6#"
F-3598-2017,"Dr. Jekyll V2 international Blue Razz sample packs, Dr. Jekyll Blue Razz V2 domestic"
F-3597-2017,Hyde V2 Orange Burst
F-0628-2018,Major D-Vita Drops 50 mL UPC 00904-6273-50
F-0852-2018,"LITE HAMS( Under the following Trade Names -  GAINT, SHOPRITE, WEIS)"
F-3004-2017,"A22809, BATTER MX X2*, NET WT 2,000 LBS, Manufactured By: Newly Weds Foods, Inc., Chicago, IL 60639"
F-3082-2017,"A82718, BATTER MIX X4, NET WT 50 LBS, Manufactured By: Newly Weds Foods, Inc., Chicago, IL 60639"
F-3093-2017,"A84027, BATTER MIX X1, NET WT 50 LBS, Manufactured By: Newly Weds Foods, Inc., Chicago, IL 60639"
F-1651-2017,"Sargento Sliced Colby, 8oz., UPC 4610000105, Sell By date: 15MAY17F"
F-3094-2017,"A84183, BATTER MIX X1, NET WT 50 LBS, Manufactured By: Newly Weds Foods, Inc., Chicago, IL 60639"
F-3012-2017,"A25596, BATTER MIX X1, NET WT 50 LBS, Manufactured By: Newly Weds Foods, Inc., Chicago, IL 60639"
F-2999-2017,"A21494, BATTER MX X2@, NET WT 2000 LBS, Manufactured By: Newly Weds Foods, Inc., Chicago, IL 60639"
F-3158-2017,"B23660, BATTER MIX X1, NET WT 50 LBS, Manufactured By: Newly Weds Foods, Inc., Chicago, IL 60639"
F-1831-2017,"Premo Signature Classic Italian, 1/6 oz."
F-3029-2017,"A28056,  FLVLAST 3000001846 @, NET WT 2000 LBS, Manufactured By: Newly Weds Foods, Inc., Chicago, IL 60639"
F-1959-2017,"Pecorino Balze Volteranne DOP  Societa Agricola Fattoria  Lischeto srl, 1.5 kg/wheel."
F-1644-2017,"Sargento Ultra Thin Sliced Longhorn Colby, 6.84 oz., UPC 4610000228, with Sell By dates of 12APR17B, 02FEB17F, 01MAR17B, 16MAR17F  and 10MAY17B."
F-3003-2017,"A22748, BATTER MIX X1, NET WT 50 LBS, Manufactured By: Newly Weds Foods, Inc., Chicago, IL 60639"
F-1962-2017,"Bison Jerky, brand Trophy Series, heat treated shelf stable packaged in hermetically sealed packages.  Net wt. 3 oz. .  UPC 16831 00500."
F-0587-2018,Namak Para 1 lb. clear plastic clamshell containers.
F-3528-2017,"Major Poly-Vita  Drops with Iron, 1 2/3 oz (50 mL)"
F-2263-2017,"Refrigerated, ready-to-eat, sliced, hot SMOKED SABLE, BLACK COD, in 8 oz. vacuum packages, UPC 0200000810801 -- KEEP REFRIGERATED - 38 DEGREES F or Below --- THE SMOKEHOUSE OF NY , MAMARONECK , NY 10543"
F-2569-2017,SCHOONER PRE-COOKED CRUNCHY PERCH FILLETS 12/16 OZ
F-3099-2017,"A85201, BATTER MX X1@, NET WT 50 LBS, Manufactured By: Newly Weds Foods, Inc., Chicago, IL 60639"
F-0390-2018,"Casa Sanchez Foods, Spicy Guacamole;  Net Wt. 9 oz.. (255 g)  UPC: 0 78732 00426 9"
F-2709-2017,"Icy Bay 1/10lb Beer Battered Natural Cod 2-3 oz., Item Number: 23892"
F-3288-2017,"B83559, BATTER MIX @, NET WT 50 LBS, Manufactured By: Newly Weds Foods, Inc., Chicago, IL 60639"
F-1829-2017,"Premo  Asiago Italian   Item # 207919, Net Wt 6 oz; Fresh Grab  Asiago Italian  Item # 251847, Net Wt 6 oz; Core-Mark  Asiago Italian   Item # 568377, Net Wt 6 oz;"
F-1921-2017,"Rainbow Coleslaw, 5 lbs for Food Service (Franchise) in Food service plastic bag."
F-2826-2017,Pitted Dates 475 cases of 24 x 1 lb bags
F-3605-2017,"Creole Mix, 6-oz. packaged in a clamshell"
F-3294-2017,"B85935, BATTER MX X2*, NET WT 50 LBS, Manufactured By: Newly Weds Foods, Inc., Chicago, IL 60639"
F-1851-2017,Colored Trim For Sale
F-3307-2017,"B89250, BATTER MIX X1, NET WT 50 LBS, Manufactured By: Newly Weds Foods, Inc., Chicago, IL 60639"
F-0842-2018,"BNS WHITE ( Under the following Trade Names - Giant, Harvest Pride -Shoprite, Sunbeam, Blueribbon, Shoppers, Weis )"
F-3096-2017,"A85071, BATTER MIX X2, NET WT 50 LBS, Manufactured By: Newly Weds Foods, Inc., Chicago, IL 60639"
F-2468-2017,"Lebenswert Bioland Anfangsmilch1, 500g (4/case), Lebenswert Bioland Folgemilch 2, 500g (4/case), Lebenswert Bioland Folgemilch 3, 475g (5/case)"
F-3164-2017,"B26970,  BATTER MX X1, NET WT 50 LBS, Manufactured By: Newly Weds Foods, Inc., Chicago, IL 60639"
F-2312-2017,"Aunt Jemima(R) Thick French toast, 72 COUNT, NET WT 10.7 LBS, UPC 001960043560"
F-3091-2017,"A83992, BATTR MIX X1@, NET WT 50 LBS, Manufactured By: Newly Weds Foods, Inc., Chicago, IL 60639"
F-0243-2018,"Caprese Panini, Net WT: 7 oz/198g, UPC 7 62089 10728 4, Etai's, individual plastic container, keep under refrigeration"
F-3289-2017,"B83703, BATTER MIX @, NET WT 50 LBS, Manufactured By: Newly Weds Foods, Inc., Chicago, IL 60639"
F-2454-2017,MEIJER ULTRA TRAIL MIX 18 OZ  plastic pouch
F-3034-2017,"A29150,  BATTER MX X1*, NET WT 50 LBS, Manufactured By: Newly Weds Foods, Inc., Chicago, IL 60639"
F-0086-2018,"Sid Wainer  & Son Jansal Valley brand Dried Chili De Arbol Peppers,packaged in a plastic clamshell container 1 ounce size"
F-0202-2018,"Walmart Super Blend, 10oz bags  UPC 681131148368"
F-0101-2018,Wegmans Marshmellow Treat sold by the pound  UPC: 2-08012-00000
F-2239-2017,"Protein Bar 14 bars/box, Net Wt. 19.74oz (560g)    Each shipping carton contains 12 boxes"
F-1501-2017,"Palmer's Candies A) Holiday Treats NET WT 15.5 OZ (439 g) packaged in plastic containers, UPC Code 77232-23045; B) Holiday Gift Bowl NET WT 22 OZ (623 g) packaged in plastic containers, UPC 77232-17285; C) Variety Christmas Bowl NET WT 15 OZ (425 g), packaged in plastic containers, UPC 77232-02580"
F-3087-2017,"A83341, BATTER MX X1@, NET WT 40 LBS, Manufactured By: Newly Weds Foods, Inc., Chicago, IL 60639"
F-1578-2017,Pharmanex BioGinkgo. Mental Sharpness. 60 Tablets
F-3177-2017,"B2D765,  BATTER MIX,  NET WT 50 LBS, Manufactured By: Newly Weds Foods, Inc., Chicago, IL 60639"
F-3305-2017,"B89212, BATTER MX X2@, NET WT 20 LBS, Manufactured By: Newly Weds Foods, Inc., Chicago, IL 60639"
F-3345-2017,Market Basket Fiber Frenzy 10oz.
F-0463-2018,"Yorgos FOODS Baba Ghannouj  UPC: 7 56248 10006 3; Yorgo's Foods BABA GHANNOUJ NET WT. 16 OZ (454g) UPC: 7 56248 10006 3 - Product is packaged in a clear plastic container, keep refrigerated.     Yorgo's Foods BABA GHANNOUJ NET WT. 5 LBS 80 oz  (2268g)"
F-1652-2017,"Sargento Sliced Muenster, 8oz., UPC 4610000107, Sell By dates: 05MAR17F, 06MAR17F,16APR17F, 17APR17Fand 15APR17F"
F-3137-2017,"B10135, CRAX MEAL, NET WT 25 LBS, Manufactured By: Newly Weds Foods, Inc., Chicago, IL 60639"
F-3178-2017,"B2V815,  BATTER MIX,  NET WT 50 LBS, Manufactured By: Newly Weds Foods, Inc., Chicago, IL 60639"
F-2865-2017,Pinenuts-Medium-Roasted 70PIGN02
F-3296-2017,"B86004, BATTER MIX, NET WT 50 LBS, Manufactured By: Newly Weds Foods, Inc., Chicago, IL 60639"
F-2301-2017,"AUNT JEMIMA(R) CINNAMON FRENCH TOAST, 6 COUNT, NET WT 12.5oz, UPC 019600058908"
F-0633-2018,Major Poly-Vita Drops w/ Iron 50 mL UPC 00904-5100-50
F-0025-2018,Tampico Tropical Punch packaged in 1 gallon plastic jugs
F-1666-2017,"Cheddar Longhorn, 4/13# under Lakeview brand and LH Cheddar 4/13# RW Lakeview."
F-3020-2017,"A26333, BATTER MX X1@, NET WT 50 LBS, Manufactured By: Newly Weds Foods, Inc., Chicago, IL 60639"
F-2997-2017,"A20256, BATTER MX X1@, NET WT 20 LBS, Manufactured By: Newly Weds Foods, Inc., Chicago, IL 60639"
F-1792-2017,"Lipari Old Tyme Colby Mini Horn, 2/6#"
F-3081-2017,"A82540, BATTER MIX X1, NET WT 50 LBS, Manufactured By: Newly Weds Foods, Inc., Chicago, IL 60639"
F-3131-2017,"B10033, CRAX MEAL X2, NET WT 50 LBS, Manufactured By: Newly Weds Foods, Inc., Chicago, IL 60639"
F-1983-2017,"Nutiva Nuture Vitality Organic Plant  Protein Superfood 30 Shake - Vanilla;    Product # PBP201 - 10-1.2 oz. packets;    Packet UPC/Caddy UPC: 6-92752-10716-0; 6-92752-10717-7;   Master Case UPC:   6-92752-10718-4.     Product # PBP205 - 21.6 oz.  HDPE jar;  Unit UPC: 6-92752-10711-5;  Master Case UPC: 6-92752-10712-2    USDA Organic Certified,  by Ecocert ICO;  Product of the USA  Vegan, Gluten Free, Non GMO.    Manufactured for Nutiva, Richmond, CA 94804"
F-3174-2017,"B2AC58,  BATTER MX X1*,  NET WT 50 LBS, Manufactured By: Newly Weds Foods, Inc., Chicago, IL 60639"
F-0204-2018,"Cross Valley Farms (foodservice) Spiral Cut Kohlrabi, 2 LB bags"
F-2615-2017,"Nutrifuel - Chocolicious Nutrition Bar    Gluten Free, All Natural, 10 g protein    1.58 oz. (45 g)    YouBar Inc. Monterey Park, CA."
F-0846-2018,"WHITE S/T DINNERS ( Under the following Trade Names -  HARVEST PRIDE, HARVEST PRIDE 8 COUNT, BLUE RIBBON, GIANT, PLAIN BAG AND ROCKLAND )"
F-3156-2017,"B21545, BATTER MIX, NET WT 50 LBS, Manufactured By: Newly Weds Foods, Inc., Chicago, IL 60639"
F-3080-2017,"A82511, BATTER MX X1@, NET WT 50 LBS, Manufactured By: Newly Weds Foods, Inc., Chicago, IL 60639"
F-3301-2017,"B86419, BATTER MIX X1, NET WT 50 LBS, Manufactured By: Newly Weds Foods, Inc., Chicago, IL 60639"
F-1820-2017,RegenErect
F-0469-2018,"Yorgo's Foods FALAFEL NET WT. 5 LBS 80 oz (2268g). Product is packaged in a clear plastic container, keep refrigerated."
F-1479-2017,"Wegmans Organic Dark Red Kidney Beans, Net Wt. 15 OZ"
F-2852-2017,Date Dice Organic-Large 70DATE01-C
F-3098-2017,"A85095, BATTER MX X1@, NET WT 55 LBS, Manufactured By: Newly Weds Foods, Inc., Chicago, IL 60639"
F-1850-2017,Colby Jack Trim For Sale
F-3304-2017,"B88991, BATTER MX X1@, NET WT 20 LBS, Manufactured By: Newly Weds Foods, Inc., Chicago, IL 60639"
F-3162-2017,"B26011,  BATTER MIX X1, NET WT 50 LBS, Manufactured By: Newly Weds Foods, Inc., Chicago, IL 60639"
F-1639-2017,"Jugos La Morove¿a, Tamarindo (Tamarind) ,Elaborado y Envasado por Jugos La Morove¿a, Carr 634 km 5.1, Bo. Franquez, Morovis PR 00687"
F-2984-2017,"B30558 Pre Dust X1, NET WT 50 LBS, Manufactured By:  Newly Weds Foods, Inc., Chicago, IL 60639"
F-2317-2017,"Aunt Jemima(R) Cinnamon Swirl Thick French Toast, 144 COUNT, NET WT 10.7 LBS, UPC 001960043584"
F-3006-2017,"A23349, BATTER MX X5@, NET WT 50 LBS, Manufactured By: Newly Weds Foods, Inc., Chicago, IL 60639"
F-3035-2017,"A29184,  BATTER MX X1@, NET WT 2000 LBS, Manufactured By: Newly Weds Foods, Inc., Chicago, IL 60639"
F-3070-2017,"A80862, BATTER MX X3@, NET WT 50 LBS, Manufactured By: Newly Weds Foods, Inc., Chicago, IL 60639"
F-2212-2017,12 count Lays Kettle Cooked Multipack Sack 10.2 oz packaged in flexible plastic
F-3067-2017,"A80508, BATTER MIX X1, NET WT 50 LBS, Manufactured By: Newly Weds Foods, Inc., Chicago, IL 60639"
F-3567-2017,"Joy's Gourmet Pesto, All Natural, Net Wt. 4 OZ."
F-3239-2017,"B51985, PREDUST X2, NET WT 50 LBS, Manufactured By: Newly Weds Foods, Inc., Chicago, IL 60639"
F-0866-2018,"PREMIUM WHITE ( Under the following Trade Names -  BLUERIBBON, HOLSUM 2PK, BLUERIBBON 2PK, SUNBEAM, HOLSUM, WEIS )"
F-3005-2017,"A23029, BATTER MX X2@, NET WT 50 LBS, Manufactured By: Newly Weds Foods, Inc., Chicago, IL 60639"
F-3344-2017,Market Basket Cascade Trail Mix 11oz.
F-2385-2017,Chili Pequino 0.25 oz packaged in a clear plastic bag; Product Code 10106
F-2558-2017,NATIONAL PRE COOKED COD PORTIONS 4 OZ PUFI 10 LB
F-3030-2017,"A28103,  RTE 66 NOSOY BATTER-EAST, NET WT 2000 LBS, Manufactured By: Newly Weds Foods, Inc., Chicago, IL 60639"
F-1431-2017,Devagrass
F-3150-2017,"B14015, CRAX MEAL  X1, NET WT 50 LBS, Manufactured By: Newly Weds Foods, Inc., Chicago, IL 60639"
F-1860-2017,"LIDIA'S MARINARA, NET WT 25 oz (708g), UPC 897712001018 ---  Manufactured for Nonna Foods LLC Woodbury, NY 11797"
F-3078-2017,"A82415, BATTER MX X3, NET WT 50 LBS, Manufactured By: Newly Weds Foods, Inc., Chicago, IL 60639"
F-1794-2017,"Lipari Old Tyme Colby Longhorn, 2/15#"
F-2851-2017,Date Chopped-NATURAL 70DATE12
F-2856-2017,DR Mac 7 70MACA04
F-3124-2017,"A98639, PREDUST X2, NET WT 40 LBS, Manufactured By: Newly Weds Foods, Inc., Chicago, IL 60639"
F-3086-2017,"A83214, BATTER MX X1@, NET WT 2,000 LBS, Manufactured By: Newly Weds Foods, Inc., Chicago, IL 60639"
F-1592-2017,"NSM, Extra Fine Granulated Sugar, Net Wt. 50 lbs. (22.7 kg), in a poly liner."
F-2580-2017,"New Punjab Sweets, Jalebi"
F-0853-2018,"PREMIUM HAMS( Under the following Trade Names -  16CT RIBBON, BLUE RIBBON SUNBEAM, ALDIS)"
F-3085-2017,"A82868, BATTER MIX X1, NET WT 50 LBS, Manufactured By: Newly Weds Foods, Inc., Chicago, IL 60639"
F-3017-2017,"A26089, BATTER MIX X1, NET WT 50 LBS, Manufactured By: Newly Weds Foods, Inc., Chicago, IL 60639"
F-2557-2017,MURRYS PRE COOKED STICKS 6/2 1 OZ
F-2147-2017,"BULK PRODUCT: MYPROTEIN, MYPRE Europe Base, bulk powder used for further processing in Europe"
F-3073-2017,"A81373, BATTER MIX X2, NET WT 50 LBS, Manufactured By: Newly Weds Foods, Inc., Chicago, IL 60639"
F-3065-2017,"A80398, BATTER MX X1@, NET WT 2000 LBS, Manufactured By: Newly Weds Foods, Inc., Chicago, IL 60639"
F-3290-2017,"B84127, BATTER MIX X1, NET WT 50 LBS, Manufactured By: Newly Weds Foods, Inc., Chicago, IL 60639"
F-2314-2017,"Aunt Jemima(R) Cinnamon Swirl French Toast, 144 COUNT, NET WT 13.5 LBS, UPC001960005880"
F-3002-2017,"A22708, BATTER MIX X1, NET WT 50 LBS, Manufactured By: Newly Weds Foods, Inc., Chicago, IL 60639"
F-3285-2017,"B81954, BATTER MIX, NET WT 50 LBS, Manufactured By: Newly Weds Foods, Inc., Chicago, IL 60639"
F-2960-2017,Clif Kid Zbar Protein Variety Pack  30-count
F-0081-2018,"085194 - Wegmans Turnovers, Assorted, 2 Pack, 9 oz. UPC:  0 77890 85194 4"
F-1491-2017,"Peppermint Bark packaged in 4oz. (UPC 026133800000),12 oz. (UPC 026133700000) plastic tray containers, and 9 oz. tubs (UPC 026267900000) for retail sale, labeled with Hy-Vee scale ticket. The product was labeled HyVee West Des Moines, IA."
F-1964-2017,"Kangaroo jerky, brand Trophy Series, heat treated shelf stable packaged in hermetically sealed packages. Net wt. 3 oz.  UPC 16831 00550"
F-3532-2017,"Gazab Green Raisins, 7 oz. 14 oz. packages, 20/25 packs/carton"
F-2324-2017,HEB White RT  UPC 4122035774 and HEB ST White UPC 4122088001 all units 24 oz per bag
F-3341-2017,Natures Promise Cascade Trail Mix 12oz.
F-2854-2017,Dates Chopped-Organic 70DATE11
F-3021-2017,"A26788, BATTER MX X1*, NET WT 50 LBS, Manufactured By: Newly Weds Foods, Inc., Chicago, IL 60639"
F-3144-2017,"B10245, CRAX MEAL X1, NET WT 50 LBS, Manufactured By: Newly Weds Foods, Inc., Chicago, IL 60639"
F-3170-2017,"B28374,  BATTER MX X1*, NET WT 50 LBS, Manufactured By: Newly Weds Foods, Inc., Chicago, IL 60639"
F-3143-2017,"B10238, CRAX MEAL X1, NET WT 50 LBS, Manufactured By: Newly Weds Foods, Inc., Chicago, IL 60639"
F-1957-2017,"AFC Edamame Soybeans in Pods, 8 oz , refrigerated, in cardboard container.  UPC 0-23012-00261-9"
F-0185-2018,"Mann's Power Blend, 20 oz bags ;  UPC -716519000416- US   10 oz. bags UPC -716519013119 - US and Canada"
F-3135-2017,"B10084, FINE CRAX MEAL, NET WT 25 LBS, Manufactured By: Newly Weds Foods, Inc., Chicago, IL 60639"
F-0625-2018,Rugby Cerovite Liquid 236 mL UPC 00536-2790-59
F-3309-2017,"B89414, BATTER MX X1@, NET WT 50 LBS, Manufactured By: Newly Weds Foods, Inc., Chicago, IL 60639"
F-3068-2017,"A80567, BATTER MX X1@, NET WT 2000 LBS, Manufactured By: Newly Weds Foods, Inc., Chicago, IL 60639"
F-3001-2017,"A22255, BATTER MX X1*, NET WT 50 LBS, Manufactured By: Newly Weds Foods, Inc., Chicago, IL 60639"
F-3298-2017,"B86031, BATTER MX X1*, NET WT 50 LBS, Manufactured By: Newly Weds Foods, Inc., Chicago, IL 60639"
F-3032-2017,"A28283,  BATTER MIX X1@, NET WT 50 LBS, Manufactured By: Newly Weds Foods, Inc., Chicago, IL 60639"
F-2682-2017,"FPI 1/10LB Country Style Battered Cod Portions 3.75oz,  Item Number: 02283"
F-3525-2017,"Major D-Vita Drops, 1 2/3 oz (50 mL)"
F-3306-2017,"B89223, BATTER MX X1@, NET WT 50 LBS, Manufactured By: Newly Weds Foods, Inc., Chicago, IL 60639"
F-1576-2017,"McCormick & Co., Inc., Stubbs Barbecue. 18oz  Best By Date of January 17, 2020."
F-3601-2017,"DNPX Powder, 30 Blue Razz"
F-2855-2017,Dates Whole Pitted 80DATE02-B
F-3520-2017,"Rugby Ferrous Sulfate Liquid One Pint, (473 mL)"
F-2152-2017,"PERFORMIX(TM) CREA-BEAD, MULTI-PHASE CREATINE, BLUE RAZZ ICE, NET WT 11.1 OZ (315G), Distributed by Performix LLC, 221 S. Cherokee St., Denver, CO  80223, UPC 8 11274 02204 5"
F-3591-2017,Dr. Jekyll V2 Orange Burst Domestic 30; Dr. Jekyll Orange Burst domestic sample packs
F-2568-2017,SCHOONER PRE-COOKED CRUNCHY FLOUNDER FILLETS 12/16 OZ
F-3286-2017,"B82379, BATTER MIX, NET WT 50 LBS, Manufactured By: Newly Weds Foods, Inc., Chicago, IL 60639"
F-0030-2018,"Diet Rite, Pure Zero Cola, 0 calories, 0 caffeine, 0 sodium, Bottled under the authority of Dr. Pepper/Seven up Inc. Plano TX. packed in 2 liter bottles, 0.5 liter bottles, and 12 oz cans."
F-2783-2017,"Icelandic 1/10LB Guinness Beer Battered Cod Tenders 1-2 oz.., Item Number: 10026730"
F-3516-2017,"Rugby Cerovite Liquid,  8 oz. 236ML"
F-3133-2017,"B10064, FINE CRAX MEAL, NET WT 25 LBS, Manufactured By: Newly Weds Foods, Inc., Chicago, IL 60639"
F-0585-2018,"Badusha, 1 lb. clear plastic clamshell containers."
F-3159-2017,"B24001, BATTER MX X1@, NET WT 50 LBS, Manufactured By: Newly Weds Foods, Inc., Chicago, IL 60639"
F-3434-2017,Extra Large Coated Jo-Jo Wedges / 00048 (5 lb bags)
F-3009-2017,"A24507, BATTER MIX X1, NET WT 50 LBS, Manufactured By: Newly Weds Foods, Inc., Chicago, IL 60639"
F-1862-2017,"iXL Advanced Performance Matrix, Nutritional Premix, Net Wt. 50 lbs., Item No. 136375."
F-0457-2018,"Yorgos FOODS Original Hommus  8 oz. (227g) UPC: 7 56248 10002 5 and 16 oz. (454g) UPC: 7 56248 10005 6; 32 OZ UPC: 7 56248 10010 0; NET WT. 5 LBS 80 oz (2268g) UPC: 7 56248 10100 8.  Product is packaged in a clear plastic container, keep refrigerated."
F-2668-2017,"Sea Queen 8/13.1oz Beer Battered Cod,  Item Number: B1414"
F-3565-2017,"Joy's Gourmet Pesto, All Natural, Net Wt. 10 OZ. (280g)"
F-2201-2017,Fresh Mozzarella;  No brand name. Shipped in 30 lb. plastic bucket
F-2537-2017,"BIRDS EYE CHILIES MJG # 8178, Polybags Net wt. 25 Kg (50-55 Lbs.)  Imported from Madagascar"
F-2841-2017,Apricot Dice Large-SO2 70APRIC01
F-3127-2017,"A99493, PREDUST X4@, NET WT 50 LBS, Manufactured By: Newly Weds Foods, Inc., Chicago, IL 60639"
F-3074-2017,"A81627, BATTER MX X3@, NET WT 2000 LBS, Manufactured By: Newly Weds Foods, Inc., Chicago, IL 60639"
F-2573-2017,SIEMER PRE COOKED STYLED COD TAILS 4 OZ 6/4 LB
F-2148-2017,"PERFORMIX(TM) CREA-BEAD, MULTI-PHASE CREATINE, UNFLAVOURED, (a) 30 SERVINGS, UPC 8 11274 02239 8; (b) 45 SERVINGS, Distributed by Performix LLC, 221 S. Cherokee St., Denver, CO  80223, UPC 8 11274 02203 8"
F-0458-2018,"Yorgos FOODS Roasted Red Pepper Hommus  8 oz. (227g) UPC: 7 56248 10016 2 and 16 oz. (454g) UPC: 7 56248 10017 9 and NET WT. 5 LBS 80 oz (2268g). Product is packaged in a clear plastic container, keep refrigerated."
F-2215-2017,30 count Lays Kettle Cooked Multipack Tray 41.25 oz. packaged in flexible plastic
F-2260-2017,"Refrigerated, ready-to-eat, sliced, hot  SMOKED TROUT fillets in 8 oz. vacuum packages -- KEEP REFRIGERATED-- 38 DEGREES F or Below --- THE SMOKEHOUSE OF NY, MAMARONECK, NY 10543"
F-3190-2017,"B30728,  PREDUST X1,  NET WT 50 LBS, Manufactured By: Newly Weds Foods, Inc., Chicago, IL 60639"
F-3072-2017,"A81252, BATTER MIX X1, NET WT 50 LBS, Manufactured By: Newly Weds Foods, Inc., Chicago, IL 60639"
F-3069-2017,"A80742, BATTER MIX X1, NET WT 50 LBS, Manufactured By: Newly Weds Foods, Inc., Chicago, IL 60639"
F-3167-2017,"B27672,  BATTER MIX X2, NET WT 50 LBS, Manufactured By: Newly Weds Foods, Inc., Chicago, IL 60639"
F-0239-2018,"Saut¿ Kit, 20 OZ  UPC 24261300000    Sold in Albertson's and Safeway Stores packed in clear plastic trays and cups."
F-0582-2018,"Besan Burfi, 1 lb. clear plastic clamshell containers."
F-0215-2018,BrightFarms Baby Greens Blend (4 oz. and 8 oz. package)
F-3155-2017,"B21105, BATTER MIX, NET WT 50 LBS, Manufactured By: Newly Weds Foods, Inc., Chicago, IL 60639"
F-3088-2017,"A83475, BATTER MIX X1, NET WT 50 LBS, Manufactured By: Newly Weds Foods, Inc., Chicago, IL 60639"
F-3529-2017,"Major Tri-Vita Drops, 1 2/3 oz (50 mL)"
F-3100-2017,"A85602, BATTER MX X1@, NET WT 50 LBS, Manufactured By: Newly Weds Foods, Inc., Chicago, IL 60639"
F-3104-2017,"A90979, PREDUST X1, NET WT 50 LBS, Manufactured By: Newly Weds Foods, Inc., Chicago, IL 60639"
F-2618-2017,"Nutrifuel - Figgilicious Nutrition Bar    Gluten Free, All Natural,  Vegan, 9 g protein    1.76oz. (50 g)    YouBar Inc. Monterey Park, CA."
F-0583-2018,"Besan Ladoo, 1 lb. clear plastic clamshell containers."
F-2261-2017,"Refrigerated, ready-to-eat, hot SMOKED STURGEON, HAND SLICED PACKS, 4 OZ. in vacuum packages, UPC 0200000309800 -- KEEP REFRIGERATED -- STORE AT 38 DEGREES F or Below --- THE SMOKEHOUSE OF NY , MAMARONECK, NY 10543"
F-1790-2017,"Copper wood Colby Jack Mini Horn, 4/6#"
F-2461-2017,"HIPP Anti-Reflux AR Bio-Spezialnahrung, 500g (4/case)"
F-2985-2017,"B30641, PDEBWF001 Pre Dust X1, NET WT 40 LBS, Manufactured By:  Newly Weds Foods, Inc., Chicago, IL 60639"
F-3166-2017,"B27657,  BATTER MX X1*, NET WT 50 LBS, Manufactured By: Newly Weds Foods, Inc., Chicago, IL 60639"
F-3013-2017,"A25759, BATTER MIX X1@, NET WT 50 LBS, Manufactured By: Newly Weds Foods, Inc., Chicago, IL 60639"
F-1344-2017,"Dr. Pepper, 2 Liters (2.1 qt) plastic bottles, Bottled under the authority of Dr. Pepper Company, 5301 Legacy Drive, Plano, TX 75024."
F-2370-2017,"D'Allesandro Woodland Foods  De-stemmed Birdseye Chiles   1, 5, and 35 lbs., food service,  bag in box container, singe unit per case."
F-3272-2017,"B57602, PREDUST X2, NET WT 50 LBS, Manufactured By: Newly Weds Foods, Inc., Chicago, IL 60639"
F-3157-2017,"B22384, BATTER MX X2@, NET WT 50 LBS, Manufactured By: Newly Weds Foods, Inc., Chicago, IL 60639"
F-1883-2017,"VEGETARIAN MINCED MEAT WITH SHIITAKE 5 1/3 oz.. cans, 24 cans per case.     Product of Taiwan  UPC CODE: 0 76277 10932 6    Companion Foods Corp. Taipei, Taiwan"
F-2311-2017,"Aunt Jemima(R) Original Thin French toast, 144 COUNT, NET WT 13.5 LBS, UPC 001960005870"
F-2538-2017,"Salinity sea salt Saltwell, Saltwell 57 and Saltwell for Organic Use 50 lb. bags"
F-3134-2017,"B10065, FINE CRAX MEAL, NET WT 50 LBS, Manufactured By: Newly Weds Foods, Inc., Chicago, IL 60639"
F-3095-2017,"A84249, BATTER MIX X1, NET WT 50 LBS, Manufactured By: Newly Weds Foods, Inc., Chicago, IL 60639"
F-0656-2018,"Jicama Julienne, Brand Produce"
F-1334-2018,Eggo Homestyle Waffles 24ct 29.6oz    UPC: 38000402807    Target item number: 270-5-49
F-0412-2019,Internal Cleansing Kit Peppermint
F-0609-2019,"Ukrop's Cuban Style Sub,  NET WT 8.3 OZ (235g),   UPC 72251525152"
F-0415-2019,Parasite Cleansing Kit Peppermint
F-1468-2018,"Fresh Microgreen Mix, Greenbelt Microgreens brand, net wt. 75 gram. Product is packaged in a clear plastic clam shell container.  UPC 8 90082 00041 4"
F-1356-2018,CW ULTIMATE SOUTHWEST VEG 14OZ    UPC: 70332002881    Target item number: 270-0-4
F-0027-2019,"Lic's REESE'S OREO, ONE QUART (946 mL), packed in Plastic quart container"
F-0322-2019,Fire-Roasted Home-Style Green Pepper Strips;:    Sold in 20 lb.  containers. Brand Name: Jon-Lin¿
F-1660-2018,Prinova brand  Product - Reginator NV (41825)  25 Kgs Fiber carton double layer polyethylene bag as liner
F-1201-2019,"1 lb QVC combo, 1 lb combo, 2 lb combo, 12 oz combo, 8 oz combo, holiday combo"
F-1862-2018,"Brown Gravy Mix  16 oz unit, 24 units per carton  Item 1000011214"
F-1160-2018,"Protein key brand Protein Meals varieties, 2.5 lb plastic container and 400 g plastic container, Varieties: Essentials Plain"
F-1470-2018,"Spicy Microgreen Mix, Greenbelt Microgreens brand, net wt. 75 gram.  Product is packaged in a clear plastic clam shell container. UPC 8 90082 00000 1"
F-1152-2018,"Protein key brand Protein Meals varieties , 2.5 lb plastic container and 400 g plastic container, Varieties:   Children's Plain"
F-0956-2018,"Lbs, flv roast dark type, 30 # Boxes"
F-1362-2018,10.8 oz. BIRDS EYE Steamfresh WHOLE GREEN BEANS    UPC: 14500021571    Target item number: 270-0-92
F-1360-2018,GARDEIN 10.5OZ MNDRN CHICKN    UPC: 842234000742    Target item number: 270-3-85
F-1708-2018,"Roctane Ultra Endurance Energy Gels:  Tutti Frutti Roc Gel:  ROC GEL 1 Pkt, Item # 124315, UPC: 76949310247;  ROC GEL 24 Pkt Box, Item # 124314, UPC: 769493102461."
F-1246-2018,MORNINGSTAR MEAT FREE CORN DOGS 10;    UPC: 28989975003    Target item number: 270-3-159
F-0243-2019,"Fire Roasted 1/4"" Diced Poblanos;    Sold in 25 lb.  containers. Brand Name: Jon-Lin¿ NatureSmart¿"
F-0257-2019,Saut¿ed Green Pepper Strips:    Sold in 25 lb.  containers. Brand Name: Jon-Lin¿
F-1240-2018,MP 40oz Antioxidant Blend    UPC: 85239273937    Target item number: 270-14-393
F-0254-2019,Fire-Roasted Corn & Black Bean Blend;    Sold in 2 lb.  containers. Brand Name: Jon-Lin¿ NatureSmart¿
F-0406-2019,Millville Maple & Brown Sugar Instant Oatmeal 15.1 oz.  10 individual serving size packets per 15.1oz retail unit.  UPC:  041498 149628
F-0409-2019,Toxin Absorber with Organic Peppermint Leaf - 14 packets and 30 packets
F-0704-2018,"Wienke's Market Apricot Jam, Net Wt. 8 oz (226g), UPC 14106-00201.  Refrigerate after opening.  Ingredients:  Apricots, sugar, pectin."
F-0250-2019,Fire-Roasted Rubio's Fresno Chili ;    Sold in 2  lb.  containers. Brand Name:  Chef Sensations¿
F-0038-2019,"Sweet corn, Net weight 20 pounds, Marshalltown IA"
F-1546-2018,"Pious Lion Pure Premium Potent Limited Release Pink Bali, 1 oz plastic bag. 833-AVL-KRTM www.piouslion.com"
F-1588-2019,"Sorghum, Mfg. by Ozark Country Sorghum, Dunnegan, MO 65640, Net Wt. 2 lb. 14 OZ. packaged in glass jars"
F-1878-2018,"Asiago Peppercorn  50 pound bag,   Item 859081400"
F-1986-2018,"Gotham Greens Classic Pesto  6.5 oz. plastic cup, 12 cups per case.  Refrigerated.  UPC 85392700334"
F-1620-2018,Earthrise Natural Spirulina; Net Weight: 20.0 kg( 44.0 lbs); Double bag sealed - 1 bag per box.  UPC: 0 32602 99040 3
F-0034-2019,Sprite 12 FL OZ (355 mL) CONTAINS PHENYLALANINE CAFFEINE FREE THE COCA-COLA COMPANY FOR CONSUMER INFORMATION CALL 1-800-438-2653 UPC 0 496120 4
F-1784-2018,"10.8Z RTZ EVERYTHING CRM CHSE 14 (11 & 16)  10.8 Oz per tray, Plastic sleeve in tray,14 trays per case"
F-1985-2018,"Swanson Ultra, Himalayan Crystal Salt, #SWU403, Net Wt. 35.27 oz. (2.2 lbs) (1,000 grams).  Product of Pakistan.  Distributed by Swanson Health Products, Fargo, ND  58104."
F-0620-2019,"Wegmans Pumpkin Loaf, 19 oz., UPC 77890 27002"
F-0636-2019,"Mast Store Provisioners, Toasted Corn, Net Wt. 8 OZ. clear plastic bag"
F-0214-2019,Fire Roasted Super Sweet Corn:  Sold in 20 lb. Brand Name: Chef Sensations¿
F-0959-2018,"Bourbon Brown Sugar Rub SE746665, 50# Bags"
F-1195-2019,"Sea Salt Bauer's Candies Modjeskas NET WT 8 oz bag, bulk, 4 oz bag, 1 lb, 2 lb, 8 oz box"
F-1157-2018,"Protein key brand Protein Meals varieties , 2.5 lb plastic container and 400 g plastic container, Varieties: Healthy Weight Plain"
F-1233-2018,BREYERS 1.5QT FRENCH VANILLA    UPC: 77567254382    Target item number: 288-7-790
F-1766-2018,Vitale Brothers  Pepperoni Roll  4.8 oz. (principal display panel incorrectly states .32 oz.)  UPC1589410015
F-1285-2018,Ben & Jerry's Pint Slice Tonight Dough    UPC: 768400010028    Target item number: 288-7-2762
F-0801-2019,"Nutty Choco Pop, 10 oz. bag.  Sold in the following configurations:  Item #101, Gift Box (contains 1-10 oz. bag),  Item #1728 Holiday Crowd Pleaser (contains 5-10 oz. bags), and #9676 Crowd Pleaser (contains 5-10 oz. bags)."
F-1337-2018,MorningStar Spicy Black Bean Buger Value Pack 18.9oz    UPC: 28989100665    Target item number: 270-3-114
F-1193-2019,"Modjeskas Bauer's Candies NET WT 8 oz, 12 oz, 16 oz, 32 oz. boxes & 4 oz, 8 oz bags, 400 pc case, 216 pc case"
F-1283-2018,11.25-oz. Market Pantry < Texas>    UPC: 85239101933    Target item number: 270-10-193
F-1319-2018,Market Pantry Homestyle Waffles 10ct 12.3oz    UPC: 85239260005    Target item number: 270-5-260
F-0634-2019,"Mast Store Provisioners, Simply Kettle Sweet 'N Spicy Trail, Net Wt. 8 OZ. clear plastic bag"
F-0628-2019,"Gatorade Vanilla Protein Shake, 330-mL, Primary Package HDPE in a 12pk case"
F-1300-2018,Ben & Jerry's Moophoria PB Doughlicioius 1pt    UPC: 76840001439    Target item number: 288-7-1145
F-0983-2018,"diet pepsi caffeine free Classic Diet Pepsi Taste, 12 FL OZ (355 mL), UPC: 0 12000 17230 4"
F-0327-2019,Fire-Roasted Red Jalapeno Slices;    Sold in 2 lb.  containers. Brand Name: Jon-Lin¿
F-0225-2019,Sauted Muchrooms:  Sold in 500 g package. Brand Name: none
F-1224-2018,MorningStar Grillers Original Value Pack 18oz    UPC: 28989100801    Target item number: 270-3-112
F-1203-2018,Grown in Idaho Crispy Crinkle Cut Fries    UPC:  43301611674    Target item number: 270-1-22
F-1173-2018,"Stuffed FOODS Edamame Burger, MFG ITEM # 06100   UPC: 108500821003752  3 - 3lb plastic bags in box"
F-1288-2018,BERTOLLI 24OZ SHRMP SCMPI LING    UPC: 31000650100    Target item number: 270-11-141
F-0231-2019,Fire-Roasted Homestyle Julienne Tri-Colored Pepper Strips;    Sold in 20 lb.  containers. Brand Name:Jon-Lin¿ NatureSmart¿
F-1988-2018,"Caffeine-Free Barq s Root Beer 12 Pack, 12 oz cans"
F-0886-2019,"RXBAR: Maple Sea Salt, 1.83 oz bars, single bar, 2-count carton, 4-count carton"
F-0661-2019,"Square Shell for Turnovers, Elaboracion Felo, Inc. Avenida Yumet No. 112, Aguadilla, PR 00603"
F-1551-2018,"EconoMax Vanilla, 4 quarts and 56 ounces"
F-1932-2018,"Virt-Nate Tablets, Number of units per package: 100 Tablets  Package Type: 100 Tablets/Bottle"
F-0913-2018,Thyroid Resilience 120 count bottle packaged in an amber plastic bottle with black cap
F-0361-2019,"Organic Mind Body and Soul - Breakfast Blend Decaf, packaged in 2.25 oz. pillow packs."
F-1711-2018,"GU Energy Chews;  Orange, Chews;  CHEWS 1 Pkt, Item # 124182, UPC: 769493101457;  CHEWS 18 Pkt Box, Item # 124178, UPC: 769493101419."
F-1369-2018,Market Pantry Mini Sundae Cone 10 pack 22.5 oz    UPC: 492880701786    Target item number: 288-7-178
F-0061-2019,"Blackwing Meats. Inc., Ground Venison, 10/1lb,  packed in cardboard sleeve/ roll stock film inside, in aRetail Box."
F-0423-2019,La Mexicana (Pico with) Guacamole 10 oz..
F-0707-2019,"Gatorade, Orange, 20.3 FL OZ, Cont. Neto (600 mL)"
F-1150-2018,"Protein key brand Protein Meals varieties, 2.5 lb plastic container and 400 g plastic container, Varieties: Bone & Joint Plain"
F-1606-2018,"Icelandic Provisions Vanilla Skyr cups, 5.3oz package, UPC: 854074006068"
F-1547-2018,"Pious Lion Pure Premium Potent White Maeng DA, Bright Uplifting Energy, 4 oz plastic bag. 833-AVL-KRTM www.piouslion.com"
F-0346-2019,"S & W White Beans, Net Wt 15 oz (425g), UPC 72273-38807.  Distributed by Faribault Foods, 1818 2nd Ave NW, Faribault, MN  55021-3035."
F-1375-2018,Simply Balanced 10OZ ORGANIC STRWBRY    UPC: 85239001745    Target item number: 270-14-285
F-0982-2018,"diet Pepsi Classic Diet Pepsi Taste, 12oz cans, sold as a 12 pk, ambient storage."
F-1198-2018,MARKET PANTR 71-90CT CKD TAIL OFF;    UPC:  85239032800  Target item number 210-7-456
F-1154-2018,"Protein key brand Protein Meals varieties , 2.5 lb plastic container and 400 g plastic container, Varieties: Digestive Plain"
F-1491-2018,Hot Dog Buns
F-1597-2018,"Al Reef dried apricot sour, 12 oz., packed in plastic, 24 packages per case"
F-0926-2018,"French Rose Clay;  with Mineral Rish Moroccan Rhassoul Clay  2.1 and 0.17 oz. jars      evanhealy    Hand Made in CA by  Plant Divas Inc., San Diego, CA 92064"
F-1923-2018,"Red Chard was shipped in card board boxes that are labeled with the firm name ""Howard Calcagno, Aurora, OR 97002""."
F-1699-2018,"GU Energy Gels:  Vanilla Bean, Gel;  GUGEL 1 Pkt; item # 123017, UPC: 769493100023;  GUGEL 8Pkt Box, item # 123032, UPC:  769493900012;  GUGEL 15 Serve Pkt, item # 124099, UPC: 769493100870;  GUGEL 24Pkt Box; item number 123049,  UPC:. 769493200020."
F-0253-2019,Fire Roasted Yellow Pepper Strips;    Sold in 20 lb.  containers. Brand Name: Jon-Lin¿
F-1873-2018,East Cheddar SNKSE  1600 pound tote  Item 702118702
F-0896-2018,"Caffeine Free Coke Zero, 12 oz (355 mL) cans, packed in 12 and 24 packs, Canned under the authority of the Coca-Cola Company, Atlanta, GA"
F-0030-2019,Safeguard Soft Flr (GIV) packaged in 50 lb bags
F-0859-2019,DrNatura Toxinout Kit Broad Spectrum Detoxification Program
F-0324-2019,"Fire-Roasted 1/4"" Diced Jalapenos;:    Sold in 25 lb.  containers. Brand Name: Jon-Lin¿ NatureSmart"""
F-1867-2018,"Cold Dough Premix  2.303 pound bag, 18 units per carton  Item 127042500"
F-1236-2018,MP NOVELTIES 12CT KIDS IC BARS    UPC: 85239076101    Target item number: 288-7-2610
F-1274-2018,BREYERS 1.5QT VAN/CHOC/STRW    UPC:77567254269    Target item number: 288-7-784
F-0726-2018,"Wienke's Market Plum Jam, Net Wt. 8 oz (226g), UPC 14106-00226.  Refrigerate after opening.  Ingredients:  plums, sugar, pectin."
F-1757-2018,AnnaSea Wasabi Ahi Poke Hawaiian Poke Kits
F-1918-2018,"Bok Choy was shipped in card board boxes that are labeled with the firm name ""Howard Calcagno, Aurora, OR 97002""."
F-1928-2018,"Mint was shipped in card board boxes that are labeled with the firm name ""Howard Calcagno, Aurora, OR 97002""."
F-0249-2019,"Fire-Roasted 1/2"" Diced Tomatillos;    Sold in 25  lb.  containers. Brand Name:  Jon-Lin¿"
F-1280-2018,Ben and Jerry's One Love 1 pt.    UPC:76840036745    Target item number: 288-7-170
F-1366-2018,BIRDS EYE 10OZ STMFRSH SWET CORN    UPC: 14500020994    Target item number: 270-0-570
F-1193-2018,Enlightened Movie Night Pint      UPC:  852109331109      Target item number 288-7-1798
F-0209-2019,Fire-Roasted Red Pepper Julienne Strips:  Sold in 2 lb. and 25 lb. packages.  Brand Name: Jon-Lin¿ NatureSmart¿; Jon-Lin¿
F-1925-2018,"Bright Light Chard was shipped in card board boxes that are labeled with the firm name ""Howard Calcagno, Aurora, OR 97002""."
F-0906-2018,"Dr Pepper Diet, 12 oz (355 mL) cans, packed in 12 and 24 packs, Canned under the authority of Dr Pepper Company, Plano, TX"
F-1813-2018,"FP0392, Confidence, Glucosamine Plus, with White Willow Bark & Boswella, 90 Extended Release Tablets, UPC# 8 10891 02253 7"
F-1137-2018,"Bloody Hell Mary, HOT,  Kitchen By The Sea, From the Beach House, Net Wt. 32 oz. (.9L), Low Sodium"
F-0359-2019,STREET CORN;   6oz. Plastic Clamshell;  Keep Refrigerated;  UPC 0884853641067
F-1456-2018,"Bombay Kitchen Bhavnagri Mix, packaged in a 19 oz., clear bag, UPC: 808550110206"
F-1354-2018,Eggo Cinnamon French Toast Sticks 32ct 12.7oz    UPC: 38000766039    Target item number: 270-5-27
F-1364-2018,BIRDS EYE 10 OZ STM FRSH MIX VEG    UPC: 14500021281    Target item number: 270-0-574
F-0760-2019,"Tamy Pop 18 pieces Net Wt. 1 lb. 15.7 oz. packaged in a clear plastic jar, 6 jars per case"
F-0705-2019,"Gatorade, Frost Glacier Freeze, Cont. Neto (600 mL)"
F-1309-2018,MP PREMIUM I 48OZ CHOC FUDG BRWN    UPC: 85239735619    Target item number: 288-7-3561
F-1316-2018,30OZ MARKET PANTRY SHREDDED HASH BROWN    UPC: 85239454015    Target item number: 270-1-454
F-1687-2018,"GU Energy Gels:  French Toast, Gel;  GUGEL 1 Pkt; item # 124523, UPC:769493103239;  GUGEL 24Pkt Box; item number 124528 ,  UPC: 769493103246 ."
F-0329-2019,FIRE-ROASTED ORGANIC SUPER SWEET CORN;    Sold in 1500 lb.  containers. Brand Name: Jon-Lin¿
F-0801-2018,"BROLITE PRODUCT #5015 SPONGE AND DOUGH, Net Wt. 50 Lbs"
F-0664-2019,"Queseria ""La Milagrosa"" La Delicia al Paladar.  1/2 kg and 1 kg sizes.  Packaged in a plastic bag with a yellow label."
F-1609-2018,"FUNKTIONAL FOODS brand SPIRULINA POWDER, NET WEIGHT 3.5 oz (100 g) with UPC Code: 060427570192"
F-0899-2018,"Coca-Cola, Original Taste, 12 oz (355 mL) cans, packed in 12 and 24 packs, Canned under the authority of the Coca-Cola Company, Atlanta, GA"
F-1311-2018,26OZ MARKET PANTRY THIN CUT FRIES    UPC: 85239011812    Target item number: 270-1-81
F-1780-2018,"40Z NAB CLASSIC VPACK SC,  120CT MOD	40 Oz	Carton  6 Ritz Bitz 1 Oz Pouches per case"
F-1596-2018,Pacific Brand Charcoal Grilled Eel.  Premium Quality Unagi Kabayaki      UPC: 692156201099
F-0632-2019,"Mast Store Provisioners, Dried Okra, Net Wt. 4 OZ. clear plastic bag"
F-1815-2018,"FP0692, Confidence, Prenatal Multi-V + DHA, 90 tablets per bottle, UPC# 8 10891 02056 4"
F-1398-2018,Budget $aver Sugar Free Twin Pops Net Contents 28.2 FL OZ
F-1256-2018,Halo Top Rainbow Swirl;    UPC: 858089003401    Target item number: 288-7-1670
F-0690-2019,16 count Crunch & Pop Mix Variety Pack Sack
F-0759-2019,"FLECHAZO 36 pieces Net Wt. 1 lb. 12.5 oz. packaged in a clear plastic jar, 6 jars per case"
F-0252-2019,Fire-Roasted Green Jalapeno Slices;    Sold in 20 lb.  containers. Brand Name: Jon-Lin¿ NatureSmart¿
F-1758-2018,AnnaSea Limu Ahi Poke Hawaiian Poke Kits
F-1691-2018,"GU Energy Gels:  Mandarin Orange, Gel;  GUGEL 1 Pkt; item # 123026, UPC:769493100139 ;  GUGEL 24Pkt Box; item number 123043,  UPC: 769493200143."
F-1321-2018,Ben & Jerry's 16oz ND PB Half Baked    UPC: 768400006618    Target item number: 288-7-2758
F-0936-2018,"Adams Reserve, Fajita Grilling Rub 5.7 oz. Bottle Item Code: 04544, 12 bottles per case"
F-1555-2018,Hill Country Fare Neopolitan 4.5 quarts and 56 ounces; Hill Country Fare Neopolitan (Mexico) 4.5 quarts
F-1014-2019,PACKER	POMEGRANATE FRESH¿
F-1338-2018,Eggo French Toaster Sticks Original 32ct 12.7oz    UPC: 38000766053    Target item number: 270-5-26
F-1168-2018,"Protein key brand Protein Meals varieties , 2.5 lb plastic container and 400 g plastic container, Varieties: Sleep/Relax Plain"
F-0258-2019,Fire-Roasted Home-Style Red Pepper Strips;:    Sold in 20 lb.  containers. Brand Name: Jon-Lin¿
F-0734-2019,Best Taste Brand DRIED BAMBOO SHOOT Mang Non. The product comes in a 12 ounce (340g) uncoded flexible plastic package with UPC: 6 9709 999 40196. Product of P.R.C.
F-1829-2018,"Seattle Sourdough Pub Buns 6 pack, net wt. 16 oz., UPC 0-72220-10164-5"
F-1661-2018,"Kowalski's Markets kalbi rub.  Net Wt 5.5 oz. (155.9 g), UPC 79147-00243.  Distributed by:  Kowalski's Markets, Woodbury, MN  55125"
F-0912-2018,Testosterzone 180 count bottle packaged in an amber plastic bottle with a black cap
F-1199-2018,MARKET PANTR 150-200CT. 16OZ CKD TAIL OFF;    UPC:  85239004555    Target item number 210-7-455
F-1153-2018,"Protein key brand Protein Meals varieties , 2.5 lb plastic container and 400 g plastic container, Varieties: Diabetes & Metabolic Plain"
F-1830-2018,"Franz Premium Pub Buns 12 pack, net wt. 32 oz., UPC 0-72220-70218-7"
F-0058-2019,"Product comes in a plastic bag which is labeled as follows: DandleLION MEDICAL DandleLION KISSES ORAL USE ONLY SINGLE PATIENT USE SINGLE APPLICATION 24% ORGANIC SUCROSE, D-12442 2mL; The Product Case Labeling is as follows: DandleLION MEDICAL D 12242 C384 DandleLION KISSES (2ML) 24% ORGANIC SUCROSE SOLUTION ORANGE VIAL QTY - 384"
F-1286-2018,COOL WHIP 80Z WHIPPED TOPPING    UPC: 43000009536  288-9-16    Target item number:
F-0812-2018,Arthri-D 120ct
F-0895-2018,"Diet Coke Caffeine Free, 12 oz (355 mL) cans, packed in 12 and 24 packs, Canned under the authority of the Coca-Cola Company, Atlanta, GA"
F-0213-2019,Fire Roasted Half Moon Green Zucchini :  Sold in 25 lb.  and 1200 lb. packaging.  Brand Name: Jon-Lin¿
F-1572-2018,Alfalfa Seeds
F-1352-2018,Earths Best Homestyle French Toast Sticks 12.7oz    UPC: 23923206311	    Target item number: 270-2-50
F-0689-2019,16 count Smartfood Delight Variety Pack Sack
F-0411-2019,Colon Cleansing Kit Peppermint
F-1232-2018,MP CORN 12OZ YELLOW WHITE CORN    UPC: 85239005231    Target item number: 270-0-523
F-0900-2018,"Coca-Cola, Zero Sugar, 12 oz (355 mL) cans, packed in 12 and 24 packs, Canned under the authority of the Coca-Cola Company, Atlanta, GA"
F-1310-2018,SMUCKERS 8OZ UNCRSTBL PBJ STRWB    UPC: 51500025178    Target item number: 270-2-58
F-1927-2018,"Dill was shipped in card board boxes that are labeled with the firm name ""Howard Calcagno, Aurora, OR 97002""."
F-0995-2018,"diet Pepsi, 12 FL OZ, in aluminum cans packaged in 12 pk paper cartons"
F-1799-2018,"Kitchen Fixins Zesty Italian Croutons:  5 oz. foil pouch  Item # 31330      Sugar Foods Corporation  6190 E. Slauson Ave.  Los Angeles, CA 90047"
F-1705-2018,"Roctane Ultra Endurance Energy Gels:  Pineapple, Roc Gel:  ROC GEL 1 Pkt, Item # 123060, UPC: 769493105035;  ROC GEL 24 Pkt Box, Item # 123067, UPC: 769493205032."
F-1358-2018,C&W WHITE CORN 16OZ.    UPC: 70332001020    Target item number: 270-0-161
F-1709-2018,"Roctane Ultra Endurance Energy Gels:  Vanilla Orange Roc Gel:  ROC GEL 1 Pkt, Item # 123059, UPC: 769493105028;  ROC GEL 24 Pkt Box, Item # 123066, UPC:769493205025 ."
F-0961-2018,"Product Name 	Lot Number or ID   Pan Roast Brown Gravy Mix	659281, 659282, 659283, 659284, 659285, 659286   Pan Roast Brown Gravy Mix	661090, 661089, 661091"
F-1373-2018,Ben & Jerry's 16oz ND Cinnamon Buns    UPC: 768400006540    Target item number: 288-7-2771
F-0244-2019,Fire-Roasted Poblano Strips;    Sold in 20 lb.  containers. Brand Name: Jon-Lin¿ NatureSmart¿
F-1978-2018,"Radicchio, 10 lbs"
F-1164-2018,"Protein key brand Protein Meals varieties, 2.5 lb plastic container and 400 g plastic container), Varieties: Pregnancy & Nursing Plain"
F-0914-2018,Xenesta Nuvive Mens 90 count packaged in an white plastic bottle with white cap
F-1329-2018,Ben & Jerry's Glampfire Trail Mix 1 pint    UPC: 76840001194    Target item number: 288-7-21
F-1209-2018,MP NOVELTIES 8CT VANILLA CONE    UPC: 85239704318    Target item number: 288-7-431
F-0602-2018,"SAF PRO RELAX +YF, Deactivated Dry Yeast, Product Code 73050, Net Wt. 50 LBS. (22.7 KG), manufactured for Lesaffre Yeast Company, Milwaukee, WI."
F-1361-2018,Gardein Ultimate Beefless Ground 13.8oz    UPC: 842234000988    Target item number: 270-3-9
F-1308-2018,Ben & Jerry's 16oz Chillin the Roast it    UPC: 768400007226    Target item number: 288-7-2760
F-0810-2019,Mimoso Queijo Minas Frescal.  Net Wt. 28 oz (793g)  UPC 19753-0050  Keep Refrigerated.
F-0897-2018,"Diet Coke, 12 oz (355 mL) cans, packed in 12 and 24 packs, Canned under the authority of the Coca-Cola Company, Atlanta, GA"
F-1550-2018,"EconoMax Neopolitan, 4 quarts and 56 ounces"
F-0890-2018,"Barq's Root Beer 12 oz (355 mL) cans, packed in 12 packs, Canned under the authority of the Coca-Cola Company, Atlanta, GA"
F-1282-2018,SMUCKERS 8OZ UNCR WW PB STRW    UPC: 51500041383    Target item number: 270-2-101
F-1783-2018,"10.8Z RITZ WHLE WT WHTE CHDDR 14 (10 &15)  10.8 Oz per tray, Plastic sleeve in tray,14 trays per case"
F-1864-2018,"Low Sodium Brown Gravy Mix  12 oz unit, 8 units per carton  Item 860143100  UPC 9624817431"
F-0251-2019,Fire Roasted Green Pepper Strips ;    Sold in 2  lb.  containers. Brand Name: Jon-Lin¿ NatureSmart¿
F-0757-2019,"El Super Leon Jabalina Xtreme  50 pieces Net Wt. 2 lb. (3.2 oz.) Cont. Net. 1 kg packaged in a clear plastic jar, 6 jars per case"
F-1317-2018,Grown in Idaho Thick-Cut Hash Browns    UPC: 43301611667    Target item number: 270-1-24
F-0764-2018,Polvorones NET WT 4OZ
F-1096-2019,"Produce Packaging, Inc. Burger, Asian Veg. 4/10 OZ"
F-0824-2018,"IQF Green beans, sold as Not Ready To Eat (NRTE) product for use in foodservice or manufacturing applications. The product cases are labeled with instructions to cook product.    -No brand name, NFFC item #15001-01070, no UPC,  packaged in 30 lbs. case.    -Bountiful Harvest Foundations brand, NFFC item #22486-11918 and UPC #2229881, packaged in 30 lbs. case.    -Bountiful Harvest Originals brand, NFFC item #22486-11908, UPC # 2229871, packaged in 30 lbs. case.    -NW Treasure brand, NFFC item #62406-90007, UPC #3828405, packaged in 30 lbs. case.    -Sysco Classic brand, NFFC item #74865-04977, UPC #1435197, packages in 2 lbs. bags, 12 bags per case.    -Sysco Imperial brand, NFFC item #74865-24917, UPC # 2101855, packages in 2 lbs. bags, 12 bags per case.    -The World's Harvest brand, NFFC item #WRH99-FV021, no UPC, packages in 2 lbs. bags, 12 bags per case.    -Valamont brand, NFFC item #72608-12082, no UPC, packages in 2 lbs. bags, 12 bags per case.    -Valamont brand, NFFC item #72608-12150, no UPC, packages in 20 lbs. case."
F-0221-2019,"Fire Roasted 1/4"" Diced Red Peppers:  Sold in 25 lb. Brand Name: Jon-Lin¿"
F-0759-2018,Mallorcas Pacheco NET WT 1LB (16OZ)
F-1931-2018,"El Guapo Jamaica Hibiscus Flowers in flexible pouches ,   1 oz., 2 oz., 8 oz., 16 oz., and 10 lb. box ."
F-0706-2019,"Gatorade, Cool Blue, 20.3 FL OZ, Cont. Neto (600 mL)"
F-0205-2019,"Fire-Roasted 1/4"" Diced Red Jalapenos;  Sold in 25 lb. containers  Brand Name: Jon-Lin¿ NatureSmart""    Brand name:"
F-0033-2019,NO SUGAR NO CALORIES Diet Coke 12 FL OZ (355 mL) CONTAINS PHENYLALANINE CAFFEINE FREE THE COCA-COLA COMPANY FOR CONSUMER INFORMATION CALL 1-800-438-2653 UPC 0 495940 3
F-1091-2019,"Produce Packaging, Inc. Mix, Stir-Fry WG 9 LB"
F-1171-2018,"Protein key brand Protein Meals varieties, 2.5 lb plastic container and 400 g plastic container), Varieties: -Whole Protein Shake"
F-1216-2018,12 oz. MP Stir Fry Blend    UPC: 85239002568    Target item number: 270-0-256
F-0915-2018,Xenesta Nuvive Womens 90 count packaged in a white plastic bottle with white cap
F-1391-2018,"Lean Pro 8 Vanilla 2,268g (5lb) Tub"
F-1109-2018,Diet Pepsi; NOW ASPARTAME FREE; 6 PACK; 16 OZ BOTTLES; 6-16 FLOZ BOTTLES (96 FL OZ)
F-0731-2018,"Wienke's Market Rhubarb Jam, Net Wt. 8 oz (226g), UPC 14106-00230.    Refrigerate after opening.  Ingredients:  rhubarb, sugar, pectin."
F-1466-2018,"Arugula Microgreens, Greenbelt Microgreens brand, net wt. 75 gram.  Product is packaged in a clear plastic clam shell container. UPC 8 90082 00012 4"
F-1090-2019,"Produce Packaging, Inc. Combo, Stir Fry/Fajita 6 PK"
F-1158-2018,"Protein key brand Protein Meals varieties , 2.5 lb plastic container and 400 g plastic container, Varieties:   Immune Plain"
F-0681-2019,"Schnucks BIG & FLAKY CRESCENT ROLLS, 6 ROLLS, NET WT 11.25 OZ  UPC 0 41318 57046 5"
F-1365-2018,10-oz. Bird's Eye Steamfresh cut green beans    UPC: 14500021014    Target item number: 270-0-572
F-0323-2019,Fire-Roasted Home-Style Yellow Pepper Strips;:    Sold in 20 lb.  containers. Brand Name: Jon-Lin¿
F-1028-2019,Packer SHALLOT DRY FRESH¿
F-1682-2018,"GU Energy Gels:  Campfire Smores, Gel;  GUGEL 1 Pkt; item # 124357, UPC 769493102614;  GUGEL 24Pkt Box; item number 124358, UPC 769493102621"
F-1008-2019,PACKER GREEN MICRO SWISS CHARD MIX¿
F-1298-2018,24OZ MARKET PANTRY WAFFLE CUT FRIES    UPC: 85239010808    Target item number: 270-1-80
F-0673-2019,Oreo Limber. 6 dozen per case of 6.5 oz each
F-1010-2019,Packer KUMQUAT FRESH¿
F-1324-2018,32OZ MARKET PANTRY CRINKLE CUT FRIES    UPC: 492700104506    Target item number: 270-1-450
F-1865-2018,"Brown Gravy Mix  12 oz unit, 8 units per carton  Item 860144000  UPC 9624817641"
F-0813-2018,Zero for Him 150 count
F-1924-2018,"Green Chard was shipped in card board boxes that are labeled with the firm name ""Howard Calcagno, Aurora, OR 97002""."
F-1169-2018,"Protein key brand Protein Meals varieties , 2.5 lb plastic container and 400 g plastic container), Varieties: Women's Plain"
F-0712-2019,Gatorade Combo (Multipack)  24/600 mL
F-0207-2019,"Corn and Black Bean Blend:  Sold in 2 lb. and 25 lb. packages.  Brand Name: Jon-Lin¿ NatureSmart¿; Jon-Lin¿, Chef Sensations¿"
F-1987-2018,"Love Corn, Sea Salt , Net WT. 1.6 Oz.   Bags of 10 per cases"
F-1222-2018,Market Pantry Java Chunk 48oz    UPC: 85239724095    Target item number: 288-7-2409
F-1089-2019,"Produce Packaging, Inc. Mix, Stir Fry #6 6/10 OZ"
F-0218-2019,"Fire Roasted 1/2"" Diced Green Peppers:  Sold in 25 lb. Brand Name: Jon-Lin¿"
F-0615-2019,"Ukrop's Italian Style Sub	, NET WT 8.2 OZ (232g)	 UPC 72251525151"
F-1306-2018,BREYERS 1.5QT NAT VANILLA IC    UPC: 77567306609    Target item number: 288-7-781
F-1281-2018,Halo Top S'mores 1 Pint;    UPC: 858089003180    Target item number: 288-7-1042
F-0325-2019,"Fire Roasted 1/2"" Diced Eggplant;:    Sold in 25 lb.  containers. Brand Name: Jon-Lin¿"
F-1223-2018,COOL WHIP 8 OZ LITE WHIP TOPPING    UPC: 43000009505    Target item number: 288-9-17
F-0799-2018,DON BOCARTE ARTE EN EL PALADAR MIGAS BONITO DEL NORTE PESCA SELECTA DEL CANTABRICO; UPC: 8 43700227144
F-0922-2018,"Seviroli brand Cannoli Shells. Large Plain 36 ct., and Small Plain 72 ct."
F-1814-2018,"FP0292 Confidence Nitro-Cross 60s, UPC# 8 92483 00155 7"
F-1696-2018,"GU Energy Gels:  Tastefully Nude, Gel;  GUGEL 1 Pkt; item # 123835, UPC: 769493200976;  GUGEL 24Pkt Box; item number 123836,  UPC:769493200983."
F-0032-2019,CAFFEINE FREE Diet Coke 12 FL OZ (355 ml) CONTAINS PHENYLALANINE CAFFEINE FREE THE COCA-COLA COMPANY FOR CONSUMER INFORMATION CALL 1-800-438-2653 UPC 0 496130 1
F-1831-2018,"Organic Dried Figs 6X16oz (454g),	UPC 8 77693 00850 3"
F-0248-2019,Fire-Roasted Pineapple Tidbits;    Sold in 25  lb.  containers. Brand Name:  Jon-Lin¿
F-0952-2018,"Sour Patch Kids, 1.9 lb bag"
F-0736-2019,"Ottogi Jin Ramen Spicy  NET WT. 1lb 5.16oz, 600g (120gx5)  5PK     Manufactured by: Ottogi Ramyon Co. Ltd.  Distributed by: Ottogi America, Inc.   1650 W. El Segundo Bl. Gardena, CA 90249"
F-1205-2019,QVC 40 ct vanilla & dark choc modjeskas
F-1202-2019,1 lb salted combo modjeskas
F-0758-2019,"1) PICA-BOLA  50 pieces Cont. Net 1 kg Net Wet. 2 lb 3.2 oz., packaged in a clear plastic ja, 6 jars per case and 2) PICA-BOLA 40 pieces Net Wet. 1 lb. 12.2 oz. packaged in a plastic bag, 11 bags per case and 3) PICA-BOLA 100 pieces Net Wt. 100-0.70 oz (4 lb 6.5 oz.) packaged in a clear plastic ja, 6 jars per case"
F-0903-2018,"Coca-cola, Vanilla Zero, 12 oz (355 mL) cans, packed in 12  packs, Canned under the authority of the Coca-Cola Company, Atlanta, GA"
F-1162-2018,"Protein key brand Protein Meals varieties, 2.5 lb plastic container and 400 g plastic container, Varieties:   Optimal Nutrition Plain"
F-0350-2019,"Mini Roll, The product comes in a 2.469 ounce pink plastic package marked with a production date of 2018.03.20 stamped on the back. The product UPC code is 6 946050 104746. Product of China."
F-1198-2019,Bulk assorted
F-1378-2018,GARDEIN 9OZ CRISPY TENDERS    UPC: 842234000520    Target code 270-3-82
F-1778-2018,"20Z NAB CKIES CLASSIC MULTI PK 4	20 Oz,   Carton, 5 Ritz Bitz 1 Oz Pouches per box  4 boxes per case"
F-1933-2018,"Virt Gard Tablets, Number of units per package: 100 Tablets  Package Type: 100 Tablets/Bottle"
F-0247-2019,Fire-Roasted Rubio's Elote Corn Blend;    Sold in 2 lb.  containers. Brand Name:  Chef Sensations¿
F-0232-2019,"Fire Roasted 1/2"" Diced Poblano Chiles;    Sold in 25 lb.  containers. Brand Name:Jon-Lin¿"
F-0737-2019,"Ottogi Jin Ramen Mild  NET WT. 1lb 5.16oz, 600g (120gx5)  5PK     Manufactured by: Ottogi Ramyon Co. Ltd.  Distributed by: Ottogi America, Inc.   1650 W. El Segundo Bl. Gardena, CA 90249"
F-1293-2018,MP MIX VEG 12OZ MIXED VEG    UPC: 85239004944    Target item number: 270-0-494
F-0204-2019,"Fire Roasted 1/2"" Diced Red Peppers;  Sold in 2 lb. and 25 lb.  containers    Brand name: Jon-Lin¿"
F-0219-2019,"Fire Roasted 1/2"" Diced Yellow Peppers:  Sold in 25 lb. Brand Name: Jon-Lin¿"
F-1138-2018,"Bloody Mary, Medium, Kitchen by the Sea, From the The Beach House, Net Wt. 32.oz, Low Sodium"
F-1909-2018,"MORTON NATURAL SEA SALT ALL PURPOSE***NET WET 26 OZ (1 LB 10 OZ) 737 g***Nutrition Facts***INGREDIENTS: SEA SALT PRODUCT OF BAHAMAS***MORTON SALE, INC, CHICAGO, IL 60606***QUESTIONS? CALL 1-800-789-SALT (7258)"
F-0057-2019,Lutosa  Foodservice Quality  Plain Mashed  Produced in Belgium  2.5 kg/5.5 lb
F-1147-2018,"Protein key brand Protein Meals varieties, 2.5 lb plastic container and 400 g plastic container, Varieties: Anti-Aging Plain"
F-0215-2019,Fire Roasted Red Pepper Strips:  Sold in 20 lb. Brand Name: Jon-Lin¿
F-0235-2019,"Fire Roasted 1/2"" Diced Green Zucchini ;    Sold in 25 lb.  containers. Brand Name: Jon-Lin¿"
F-1911-2018,"Collards were shipped in card board boxes that are labeled with the firm name ""Howard Calcagno, Aurora, OR 97002""."
F-1203-2019,QVC 3/8 oz bags for Christmas
F-0326-2019,Fire-Roasted Red Jalapeno Slices;    Sold in 2 lb.  containers. Brand Name: Jon-Lin¿
F-0845-2019,Terra Alba Food and Pharmaceutical Grade Hydrous Calcium Sulfate packaged in 50lb paper bags with inner plastic liner.
F-1304-2018,Kidfresh Muy Cheesy Quesadillas 4.2oz    UPC: 810882016057    Target item number: 270-2-955
F-0660-2019,"White Round Shell for Turnovers, Elaboracion Felo, Inc. Avenida Yumet No. 112, Aguadilla, PR 00603"
F-1204-2019,1 lb salted combo modjeskas
F-1114-2018,"Dr. Pepper Est. 1885 Diet, 20 FL Oz (1.25 PT), 591 mL"
F-0907-2018,"Dr Pepper, 12 oz (355 mL) cans, packed in 12 and 24 packs, Canned under the authority of Dr Pepper Company, Plano, TX"
F-0947-2019,Packer Arugula Baby Organic
F-1149-2018,"Protein key brand Protein Meals varieties , 2.5 lb plastic container and 400 g plastic container), Varieties: Athlete Plain"
F-1178-2018,"Enduravol Elite Pre-Workout, brand Clean Athletics.  Net wt. 1 lbs. No UPC."
F-1469-2018,"Sweet & Crunchy Microgreen Mix, Greenbelt Microgreens brand, net wt. 75 gram.  Product is packaged in a clear plastic clam shell container. UPC 8 90082 00006 3"
F-1167-2018,"Protein key brand Protein Meals varieties, 2.5 lb plastic container and 400 g plastic container), Varieties: Skin & Hair Plain"
F-1557-2018,Hill Country Fare Vanilla 4.5 quarts
F-1263-2018,Simply Balanced Organic Cut Corn 10oz.    UPC: 85239008713    Target item number: 270-0-578
F-1868-2018,"Cold Dough Premix  6.8 pound bag, 6 units per carton  Item 127033700"
F-1215-2019,"JOY GOL-GAPPA (PANI PURI) MASALA CONCENTRATE, NET WT 8 OZ (228g), UPC: 6 80617 60414 5"
F-1306-2019,"Samira Food Products Vegeterian 100% Soy Chunk, Net Wt. 8oz"
F-1727-2019,"DANNON OIKOS TRIPLE ZERO GREEK VANILLA - 5.3OZ/4PK, UPC: 3663201953"
F-1101-2019,Klaire Labs Melatonin Lozenge Formula  Fast Dissolving 1 mg tablets;  Packed in a 75 cc HDPE Bottle  60 Tablets  UPC: 8 28054 17845 8;  SKU: ML1
F-0585-2020,"Dierbergs Kitchen Remoulade packaged in 12 OZ containers, UPC 2393330149 and 24616200000"
F-2019-2019,"Predust/Batter, Item Number 30753195.49, Net Wt. 50 lb, Distributed by Kerry Ingredients & Flavours, Beloit, WI"
F-1748-2019,FAT FREE HALF & HALF - 0.5GAL - MARKET PANTRY;  UPC: 8523961640
F-1559-2019,"Pure Ground Ingredients Organic Fennel Seed,  Ground  35 lb. bags  Item #  FENO-GR    Processed and Packaged by:  Pure Ground Ingredients  2535 Business Parkway  Minden, NV 89423"
F-1217-2019,"JOY IDLEE-DOSA Chutney FRESH CONCENTRATE NET WT 8 OZ (228g), UPC: 6 80617 60420 6"
F-0174-2020,"Bee Gold  8oz. pkg./plastic pouch,  SKU: 100-4C"
F-0297-2020,Mann's Crave a Bowl Spicy Marinara     6 x 7 oz. UPC:716519040078  - Canada
F-0942-2019,MEMBERS MARK SELF RISE FLR 25LB
F-1296-2019,"Patagonia Provisions Classic Barbecue Savory Seeds;  1 oz. poly-film pouches. 12 units per case    Vegan, Gluten Free      Distributed by Patagonia Provisions, Inc. Sausalito, CA"
F-0291-2020,Mann's Nourish Bowls Bolognese    4 x 11.5 oz. UPC: 716519037054  4 x 11.5 oz. UPC: 716519037061  - Mann Canada
F-1386-2019,"Mullein leaf c/s, Verbascum Thapsus, 1# Net, AmeriHerb LLC, Ames, IA packaged in 1 lb plastic bags"
F-0131-2020,Whole Foods Market White Parkerhouse Rolls PLU 49557 NET WT. 0 lb 12 oz (340g) packaged in a clear plastic bag 12 rolls per bag
F-1765-2019,HALF & HALF - 1PT - MARKET PANTRY; UPC: 8523922046
F-0897-2019,"JB s Bun Blend 2.0, BT-1181811, Blend Tech Inc. Wichita, KS, packaged in 50 lb bags."
F-2048-2019,"Batter Mix, Item Number 30753358.49, Net Wt. 50 lb, Distributed by Kerry Ingredients & Flavours, Beloit, WI"
F-2091-2019,Diet Mountain Dew (Dewnited Michigan)   20 oz. plastic bottle  Promotional give away as individual units
F-0456-2020,"Tailor Cut Produce Inc., Pineapple Chunks, 2  - 1 gallon tubs per case."
F-2001-2019,"Batter Mix, Item Number 30753153.49, Net Wt. 50 lb, Distributed by Kerry Ingredients & Flavours, Beloit, WI"
F-1965-2019,"PROBAR MEAL Superfood Slam, Net Wt. 3oz.(85g), Film wrapped bar"
F-2033-2019,"Batter Mix, Item Number 30753232.49, Net Wt. 50 lb, Distributed by Kerry Ingredients & Flavours, Beloit, WI"
F-0300-2020,Mann's Snappy Slaw Blend   8 x 3 lbs.  UPC:10716590067350 Food Service
F-1981-2019,"""DEEP***GOLDEN RAISINS***NET WT***198g/7oz***DEEP FOODS, INC. UNION, NJ 07083"""
F-1346-2019,"El Guapo Pasilla-Ancho Chile Pods 2oz, 7.5oz, 11oz"
F-1945-2019,"Truly Good Foods Edamame Beans Roasted and Salted 7 oz. (198g) plastic clam shell DISTRIBUTED BY TRULY GOOD FOODS, CHARLOTTE, NC 28273 UPC 0 94184 56100 6"
F-1798-2019,KRAFT SHREDDED MOZZARELLA - 16OZ  95 UPC: 2100005367
F-0064-2020,Black Rise Umeboshi Bowl;   12 oz.  UPC: 813377 022595
F-2145-2019,Ground Cinnamon   4oz plastic container  24 containers per wholesale case
F-1773-2019,HORIZON ORGANIC HALF & HALF - 1PT UPC: 4236521670
F-0479-2020,"Nestle Toll House Monster Munch (16oz), UPC 050000931361"
F-0222-2020,"CBI BG 2280/45025, 50 lb. package, 1 poly bag in cardboard box, 1140496"
F-0941-2019,WESTCREEK H&R SELF RISE AP FLR 25LB and 50LB
F-2153-2019,"Similac Pro-Sensitive, 2 fl. oz. plastic bottles packed 12 per carton."
F-1212-2019,"JOY NATURAL TAMARIND CONCENTRATE Net Wt.: 14FL OZ. (400g), UPC: 6 80617 60020 8 and Net Wt.: 32 FL Oz. (915g) UPC: 6 80617 60021 5"
F-0423-2020,"Okami brand 8pc Supreme Sampler, SKU 28112"
F-1526-2019,"Food starch, brand names Miraqk Mgl and Nustar 120 and Nustar 140"
F-0886-2020,"Clover seed in 50 lb. woven poly bags, 40 bags to a pallet."
F-1958-2019,"Trader Joe's Zucchini Spirals  10.5 oz. (298 g). plastic bag  UPC: 634908  Item number BMSC104106;  Perishable, Keep Refrigerated"
F-0413-2020,"Trader Joe's 8pcs Regular California Roll, 8oz, SKU 00348997T"
F-0940-2019,HILLTOP HEARTH SELF RISE FLR 25LB and 50LB
F-1219-2019,"JOY Chat Chutney NET WT 8 OZ (228g), UPC:6 80617 60408 4"
F-0179-2020,"AquaLyte,  30g pkg./foil pouch,  SKU: 1023"
F-1996-2019,"Batter mixes labeled the following ways:    1) Batter, Item Number 30713419.49, Net Wt. 50 lb, Distributed by Kerry Ingredients & Flavours, Beloit, WI    2) Batter, Item Number 30713419.TYS, Net Wt. 50 lb, Distributed by Kerry Ingredients & Flavours, Beloit, WI"
F-1766-2019,HALF & HALF - 1QT - MARKET PANTRY; UPC: 8523922056
F-2022-2019,"Batter Mix, Item Number 30753202.49, Net Wt. 50 lb, Distributed by Kerry Ingredients & Flavours, Beloit, WI"
F-1176-2019,El Rey Chocolitas 12.69oz (360gr) and 2.2lb (1 Kg)
F-2014-2019,"Conch Fritter Mix, Item Number 30753189.49, Net Wt. 50 lb, Distributed by Kerry Ingredients & Flavours, Beloit, WI"
F-0939-2019,"ARDENT H&R SR FLR, 25LB, 50 LB, and 25LB (PC)-309951, packaged in paper bags, Store at Ambient Temperature"
F-0294-2020,Mann's Nourish Breakfast Fiesta Scramble     4 x 9.5 oz. UPC:716519038853
F-1761-2019,"GOOD FOODS CHUNKY GUACAMOLE - 3.38OZ, UPC:  3679890224"
F-0299-2020,Asian Slaw  8 x 3 lbs.  UPC 10716519023085    Hungryroot:   Food Kit: No UPC	00056 - Asian Slaw 18/10 OZ HR
F-0128-2020,"Bulk Dry Apricot in clear plastic bags inside brown cardboard box and Swan brand Dry Appricot & Keshav brand Dry Apricot in 7oz and 14oz clear plastic bags. Imported & Distributed By: Peekay International Inc. 56-12 56th Street, Maspeth, New York - 11378. U.S.A.  Keshav 7oz UPC: 4386423302  Keshav 14oz UPC: 4386423303  Swan 7oz UPC: 4386413302  Swan 14oz UPC: 4386413303"
F-0244-2020,OXIBAKE YF packaged in 50 lb. Multi-wall paper bag with polyethylene liner
F-1947-2019,Lisy Ground Cinnamon Canela Molida NET WT./CONT. NETO 13 OZ (368g) and 2 OZ (57g)
F-0250-2020,"Del Monte Brand Summer Corn:  Veggies in a Sweet & Savory Corn Puree;  7 oz., 6 x 7 oz. per case  UPC: 717524671011"
F-1480-2019,"DPS Throat Spray, UPC 8 55602 00021 3. Colostrum Immune Concentrate.  Net 150 ml"
F-0412-2020,"Trader Joe's 8pcs Spicy California Roll, 8oz, SKU 00348966T"
F-1309-2019,"Aji Amarillo Paste, in 40 lb buckets."
F-1606-2019,L'OVEN FRESH 8CT KAISER BUNS UPC 41498 11722 1
F-2045-2019,"Ranchers Supreme Predust, Item Number 30753333.49, Net Wt. 50 lb, Distributed by Kerry Ingredients & Flavours, Beloit, WI"
F-1396-2019,"HoliCare Metabolism Cleansing (MET-CLS) tablets, 60 count bottle"
F-1549-2019,"OU Kosher Salted and Roasted Edamame Green Beans (Regular Salt), Packing: 2x11 lbs, Net WT: 22lbs, Product Of China"
F-2051-2019,"PREDUST G4627, Item Number G4627, Net Wt. 50 lb, Distributed by Kerry Ingredients & Flavours, Beloit, WI"
F-0288-2020,Mann's Nourish Bowls Smokehouse Brussels    4 x 7.15 oz. UPC: 716519036941
F-0710-2020,"3/8""  diced IQF zucchini in 45 pound poly lined carton"
F-1385-2019,"Dill weed c/s, Anethum graveolens, 1# Net, AmeriHerb LLC, Ames, IA packaged in 1 lb plastic bags"
F-2142-2019,"Trader Joes - Vanilla Item Code 64500, UPC Code 00645003. Product is packed in oriented polystyrene sheet (OPS) thermo-formed 6-cavity trays, tray is packed in 6 count boxes."
F-2102-2019,Dolce Piquant Sweet and Sour 3 gallon (384 Fl OZ) and Freshmo Sweet and Sour in 3 gallon (384 Fl OZ)
F-2056-2019,Top Chef Meals Grilled Bison Burger  best used by date between 5/4/19-6/30/19  Unit Size:  6 and 8 oz sizes    Container Description:  Plastic PETE dual ovenable  No specific UPC number
F-0177-2020,"pH-FX  4 fl. oz. plastic bottle,  SKU: 100-1A"
F-2089-2019,"All colors and sizes of Confectionery Arts International, LLC brand Jewel Dust, a pearlescent pigment, manufactured and sold prior to 4/25/19; 4g packed in 1/4 oz. jars and 14g packed in 1 oz. jars."
F-1138-2019,JANSAL VALLEY DUKKAH NET WT 2.5 oz. (71 G). The product is packaged in a circular tin can with a clear lid. UPC: 7 08152 31773 0.
F-0175-2020,"Ionyte  4 fl. oz. plastic bottle,  SKU: 100-1B"
F-0296-2020,Mann's Crave a Bowl Zesty Green Chili     6 x 7 oz. UPC: 716519040061- Canada
F-0285-2020,Mann's Veggie Power Blend  4 x 2 lbs.  UPC: 716519059759  Food Service
F-0295-2020,Mann's Crave a Bowl Sweet Corn     6 x 7 oz. UPC:716519040054 - Canada
F-0242-2020,CDC-2010 packaged in 50 lb. Multi-wall paper bag with polyethylene liner
F-1061-2019,"Ottogi Jin Ramen Mild Bowl, 5PK  3.88oz x 12ea, 1 lb 5.16oz x 8pk, 4.23oz x 12ea, cup 2.29 oz x 6 cup  Item #21309025, 32142401, 21501201, 32143021  Manufactured by: Ottogi Ramyon Co. Ltd.  Distributed by: Ottogi America, Inc. 1650 W. El Segundo Bl. Gardena, CA 90249"
F-1190-2019,"Casa de Sante, Asafetida Powder Organic, 2.6 oz. (74g) 6 per package"
F-0267-2020,HEB Power Slaw  6 x 10 oz. UPC: 41220832231    Power Blend  6 x 10 oz. UPC:716519013119 - Mann's Canada   Same UPC.  Two films: one for Canada and one for US.  6 x 10 oz. UPC: 716519059759 -Mann's Canada  6 x 10 oz. UPC: 3003492349 - GE      Veggie Power Blend  4 x 2 lb.  UPC: 10734730620609 - Sysco Imperial
F-0262-2020,Mann'sNourish Bowls Monterey Risotto;  4 x 8.75 oz. UPC: 21130600533  4 x 8.75 oz.  UPC: 716519036798  4 x 8.75 oz.  UPC: 3003491928 -  4 x 8.75 oz. UPC: 716519036798
F-1686-2019,CLASSIC GUACAMOLE - ARCHER FARMS; UPC: 8523934247
F-2004-2019,"Elite Batter Mix, Item Number 30753157.49, Net Wt. 50 lb, Distributed by Kerry Ingredients & Flavours, Beloit, WI"
F-0293-2020,Mann's Nourish Breakfast Fiesta Scramble     4 x 9.5 oz. UPC:716519038853
F-0236-2020,"Terra Alba Calcium Sulfate Dihydrate packaged in 50 lb. bags;  25 lb. bags; 800kg (1764 lb.) bulk bags; 2000 lb. bulk bags; or approximately 45,000- 48,000 lb. bulk pneumatic tanks"
F-1856-2019,SABRA ALL NATURAL CLASSIC GUACAMOLE - 8OZ  UPC: 4082202224
F-1053-2019,"Plums sold at ALDI, packaged in a 2-pound bag with the brand Rio Duero, EAN# 7804650090304."
F-2042-2019,"Batter Mix, Item Number 30753316.49, Net Wt. 50 lb, Distributed by Kerry Ingredients & Flavours, Beloit, WI"
F-1443-2019,Laxmi Brand Dried Apricot 7 oz (200g) Plastic Pouch   UPC Code: 2324617054
F-0015-2020,"Valencia Sopaipilla Mix, 5 lbs. and 2 lbs., packaged in Paper bags with polyliners.  UPC 7 30701 22005 5.  And 2 lb UPC 7 30701 22002 4"
F-0259-2020,Signature Farms Veggie Deli Tray  4 x 20.3 oz. UPC: 21130600489
F-1902-2019,TAYLOR FARMS ORGANIC SPRING MIX - 16OZ PACKAGE  UPC: 3022304336
F-1064-2019,"Ottogi Jjajang Bokki (Bowl)  4.23oz x 12ea  Item #21502157  Manufactured by: Ottogi Ramyon Co. Ltd.  Distributed by: Ottogi America, Inc. 1650 W. El Segundo Bl. Gardena, CA 90249"
F-1442-2019,"Deshi Golden Raisin, packaged in 3.5 oz, 7 oz. and 14 oz. clear plastic"
F-2050-2019,"Predust coating packaged in the following ways:    1) PREDUST G4593, Item Number G4593.49, Net Wt. 50 lb, Distributed by Kerry Ingredients & Flavours, Beloit, WI;    2) PREDUST G4593, Item Number G4593.PLP, Net Wt. 50 lb, Distributed by Kerry Ingredients & Flavours, Beloit, WI;"
F-0870-2019,"Baking powder in the following ways:    1) Chef's Companion, Baking Powder, Net Wt. 5 lbs, Diamond Crystal Brands, Inc. Savannah, GA, in paper pouches, 6 per case;    2) Classic Sysco, Baking Powder, Net Wt. 5 lbs, Distrbuted by Sysco Corporation, Houston, TX, in paper pouches, 6 per case;"
F-0420-2020,"Okami brand 8pc Spicy California Roll, SKU 28102"
F-0048-2020,"Dunkin' Mocha Swirl   Prepared Exclusively for Dunkin' Brands  Canton, MA 02021  Net Contents 64 FL OZ/1.89L  Not For Resale"
F-0344-2020,"Lamb Weston Grown In Idaho Crispy Hash Brown Dices, packaged in 28 ounce poly retail bags, 6 or 12 bags packaged in a master case.  UPC: 0 43301 61170 4.  The retail bag has the cooking instructions.    Item #36003, Lamb Weston Grown in Idaho Crispy Hash Brown Dices, net wt. 21 lbs. master case. UPC 10043301611704.    Item # 36603, Lamb Weston Grown in Idaho Crispy Hash Brown Dices, net wt. 10.5 lbs. master case. UPC 10043301611704."
F-1753-2019,"FRESHPET SELECT FRESH FROM THE KITCHEN - REFRIGERATED DOG FOOD - 1.75LB, UPC:2797501110"
F-0240-2020,Ascorbo 160-2 Powder packaged in 50 lb. Multi-wall paper bag with polyethylene liner
F-1170-2019,"Organic Green Beans, 1""  cut, IQF   1500# tote"
F-0219-2020,TEMPLE PURE PRANA MATCHA+SHOT; 3 FL OZ (89mL); VITALITY SUPERBOOST; COLD PRESSURED; PERISHABLE KEEP REFRIGERATED; plastic bottles in 12 pack or 24 pack; UPC 8-54351-00547-0
F-0165-2020,Parivar brand Dry Dates (Kharek) Net Wt.7 oz. (200 g) and 14 oz. (400 g) Product of India Batch No. 125/BIBT
F-1966-2019,"PROBAR MEAL Original Trail Mix, Net Wt. 3oz. (85g), Film wrapped bar"
F-1189-2019,Hikari Enjuku Koji Miso Mutenka;  26.6 oz. plastic tub with lid.  UPC 4 905663 003007
F-2024-2019,"Batter Mix, Item Number 30753204.49, Net Wt. 50 lb, Distributed by Kerry Ingredients & Flavours, Beloit, WI"
F-1595-2019,"DaVinci Laboratories of Vermont Omega 3-1,000 in a white bottle labeled as Dim Plex, 60 count UPC Code 026664273161"
F-0417-2020,"Okami brand 8pc California Roll, SKU 28101"
F-0197-2020,"Dry dates packaged under the following brands: Keshav Dry Yellow Dates, 7oz., UPC: 643864233124 and 14oz., UPC: 643864233131; and Swan Dry Yellow Dates, 7 oz., UPC: 643864136623 and 14oz., UPC: 643864136630. Product is in a clear plastic pouch (or explain the packaging)."
F-0694-2020,"Commander Flr BL ENR BR MT, Product Code 704260   in 50 lbs bags"
F-1462-2019,"Maglio Companies Jalapeno Peppers sold in the following sized packages:  10 lb. Qdoba Pepper;  1-1/9 BU Pepper, Jalapeno Select; 1-1/9 BU Pepper, Jalapeno; 10 lb. Pepper, Jalapeno Good Roots; 5 lb. Pepper, Jalapeno; 2 lb. Pepper, Jalapeno.  Packed by The Fresh Group Ltd., Glendale, WI  53212."
F-0421-2020,"Okami brand 8pc Supreme Combo, SKU 28111"
F-0245-2020,SLB-R POWDER packaged in 50 lb. Multi-wall paper bag with polyethylene liner
F-0418-2020,"Okami brand 8pc Supreme California Roll, SKU 28103"
F-2043-2019,"Hot N Spicy Batter, Item Number 30753318.49, Net Wt. 50 lb, Distributed by Kerry Ingredients & Flavours, Beloit, WI"
F-0239-2020,ASCORBO 150 POWDER packaged in 50 lb. Multi-wall paper bag with polyethylene liner
F-0125-2020,"Dr. Pepper 24 pack of 12 FL OZ Cans (288 FL OZ) in cardboard cases: Produced under the authority of Dr. Pepper/Seven Up, Inc., 5301 Legacy Drive, Plano, TX 75024; Best Before: JUN 29 20; Case UPC: 078000082104; Can UPC: 07831504"
F-2023-2019,"Batter Mix 20% RDC SOD, Item Number 30753203.49, Net Wt. 50 lb, Distributed by Kerry Ingredients & Flavours, Beloit, WI"
F-2015-2019,"Batter Mix, Item Number 30753190.49, Net Wt. 50 lb, Distributed by Kerry Ingredients & Flavours, Beloit, WI"
F-0266-2020,Signature Farms California Stir Fry  6 x 12 oz.  UPC: 21130983414      Marketside  6 x 12 oz. UPC: 681131457460    UPC: 716519013065  9 x 12 oz : 6 x 12 oz.   Same UPC.  Two films: one for Canada and one for US. Two casepacks for US.    Canada: Mann's  4 x 2 lbs. UPC: 716519020186
F-0419-2020,"Okami brand 8pc Supreme California Roll, SKU 28103"
F-0065-2020,The Benedict Brunch Bowl;   9.7 oz.  UPC: 813377 022854
F-2011-2019,"Italian CKN Batter Mix, Item Number 30753185.49, Net Wt. 50 lb, Distributed by Kerry Ingredients & Flavours, Beloit, WI"
F-0257-2020,"Green Beans:  12 oz. UPC 11110016645 Kroger Organic  12 oz. UPC: 68820106258  Compliments - Canada     HEB Brand:  12 oz.  UPC: 41220176083  32 oz. UPC: 41220903191      Mann's Organic:  10 oz. UPC: 716519049996    Mann's Family Favorites  24 oz. UPC: 716519045158 - US and Canada    Marketside GRN Bean TRM 4-5""   6/12oz ; UPC: 681131328869  32 oz. UPC: 681131457385  6 x 12 oz.UPC: 716519045011- Canada"
F-0241-2020,BETA P-130 packaged in 50 lb. Multi-wall paper bag with polyethylene liner
F-0491-2020,"M&M's Ghouls Mix (14oz), UPC 050000837335"
F-1600-2019,Flowers Enriched Rolls UPC 70210 00686 4
F-1474-2019,Veggie Crudite Bowl with Jicama and Mini Peppers packaged in a Clear plastic bowl 34.5 Oz. UPC 82676681079
F-0470-2020,"Simply Delicious Nestle Toll House Sugar Cooke Dough (18oz), UPC 050000289806"
F-0180-2020,"Body Mass Reset,  4 fl. oz. plastic bottle,  SKU: 100-8C"
F-0887-2020,"Clover seed in 55 lb. multi-layered white paper bags, 40 bags to a pallet."
F-0273-2020,Marketside French Beans  6 x 8 oz. UPC: 681131221818    6 x 8 oz. UPC:716519045127 - Mann's Family Favorites - Canada
F-0243-2020,OXIBAKE CL packaged in 50 lb. Multi-wall paper bag with polyethylene liner
F-1059-2019,"Ottogi Yeul Ramen (Bowl)  4.06oz x 12ea  Item #21305007  Manufactured by: Ottogi Ramyon Co. Ltd.  Distributed by: Ottogi America, Inc. 1650 W. El Segundo Bl. Gardena, CA 90249"
F-0457-2020,"Tailor Cut Produce Inc., Pineapple Slices, 2  - 1 gallon tubs per case."
F-0176-2020,"Mello-Tonin  2 fl. oz. glass bottle,  SKU: 100-5C"
F-1340-2019,"Schiff Food, Jalapeno Powder, 50 lb. box"
F-2034-2019,"Conch Fritter Mix, Item Number 30753256.49, Net Wt. 50 lb, Distributed by Kerry Ingredients & Flavours, Beloit, WI"
F-0195-2020,Kroger Stir Fry Blend  16 oz.  UPC 82676618487
F-1598-2019,Publix 12 CT Brown & Serve Rolls 12 CT UPC 41415 31190 9
F-0213-2020,"7109 Veg Kit, (Broc, Caul, Carr, Cele) 4/3# packaged in plastic flexible bags"
F-2035-2019,"CFS Batter Mix, Item Number 30753258.49, Net Wt. 50 lb, Distributed by Kerry Ingredients & Flavours, Beloit, WI"
F-1610-2019,"TAYLOR FARMS ORGANIC POWER GREENS - 5OZ PACKAGE, UPC: 0223101765"
F-1218-2019,"JOY Bhel Chutney NET WT 8 OZ (228g), UPC:6 80617 60433 6"
F-0083-2020,"Dried Date NET WT: 12 oz(340g+/-5g) packed in clear plastic bag. Product of China. INGREDIENTS: DRTED DATE;  Packed By: Fang Run Food Packaging Co., LTD 3 Zhengang Road, Shuibu Gangning Areat Aishan City, Guangdong, China; Distributed by: Super World Trading Inc. 28 Varick Avenue Brooklyn, New York 11237; UPC: 6907419100588"
F-2030-2019,"Batter Mix, Item Number 30753221.49, Net Wt. 50 lb, Distributed by Kerry Ingredients & Flavours, Beloit, WI"
F-1555-2019,"Raw fresh whole jalapeno, ambient  Non-descript 10# cardboard box.  Sold as 10lb unit or by the pound."
F-1488-2019,Parivar brand Dry Dates (Kharek) Net Wt.14 oz. (400 g) Product of India Batch No. 127/BHBI
F-1997-2019,"Batter Mix, Item Number 30753149.49, Net Wt. 50 lb, Distributed by Kerry Ingredients & Flavours, Beloit, WI"
F-0302-2020,Power Green Blend  6 x 10 oz. UPC:68820133049 CANADA COMPLIMENTS
F-0246-2020,TREM 21 POWDER packaged in 50 lb. Multi-wall paper bag with polyethylene liner
F-1220-2019,"JOY Coriander Chutney NET WT 8 OZ (228g), UPC:6 80617 60402 2 and NET WT 26 OZ (737g), UPC: 6 80617 60401 5"
F-1599-2019,Dinner Rolls sold under the brand names of Laura Lynn UPC 86854 06669 0 & Wonder 12 CT UPC 72250 07421 6 24 CT UPC 72250 01169 3
F-1479-2019,"Viralox, UPC 8 63784 00015 0. Immune Balancing Ploypeptide Oral Spray.  5.0 fl. oz. (150 ml) Oral Spray."
F-1222-2019,"JOY GREEN CHILLI CHUTNEY NET WT 8 OZ (228g), UPC: 6 80617 60412 1"
F-0422-2020,"Okami brand 8pc Spicy Supreme California Roll, SKU 28104"
F-1337-2019,"Dragonfly Dehydrate Guava  Ing: Guava, Sugar, Salt   Net Wt: 5.25 ozs 150g  Distributed by: U.S. Trading Company   Product of Thailand   Item Number:37115   UPC: 721557371152"
F-0023-2020,Nori Ajitsuke 100P SK 8.81 oz. (250 g)  UPC 074410528288  Item #52818
F-2008-2019,"Batter Mix, Item Number 30753182.49, Net Wt. 50 lb, Distributed by Kerry Ingredients & Flavours, Beloit, WI"
F-1476-2019,Ben & Jerry s Chunky Monkey. The  product is sold in a pint tub (473 mL).
F-0212-2020,3512 CALIFORNIA MEDLEY packaged in plastic flexible bags
F-0319-2020,"Veggie Crunch Kit, 6 lbs, 1 sample kit, packaged in a plastic bag"
F-0134-2020,"J. BOS Vending Service Gambler, Net Wt. 9.2 oz individually wrapped in plastic, packaged 24 count per case."
F-1227-2019,FRENCH BEANS 5LBS and FRENCH BEANS 1 LB
F-0292-2020,Mann's Nourish Breakfast Denver Scramble     6 x 9 oz. UPC:716519037078  4 x 10.5 oz. UPC: 716519038846
F-0789-2019,"Very Good Foods, Complete Round Dough Mix, Manufactured Exclusively for Askar Brands, Bloomfield Hills, MI, packaged in 27 lb bags."
F-1749-2019,FAT FREE HALF & HALF - 1QT - MARKET PANTRY;  UPC: 8523922106
F-1287-2019,"Diet Pepsi,   Classic Diet Pepsi Taste;  12 fl. oz. cans;  Sold in 6,12, 20, 24 and 36-packs    12-Pack UPC: 0 12000 17186 4:  20-Pack UPC: 0 12000 17184 0:  24-Pack Cube UPC: 0 12000 17185 7:  24-Pack  Slab UPC: 0 12000 17178 9:  36-Pack UPC: 1 12000 17180 2"
F-0261-2020,Signature Farms Greens and More Blend;  6 x 10oz. UPC: 21130600502
F-0268-2020,HEB Stir Fry Medley  9 x 12 oz. UPC: 41220975044      Weis Stir Fry Blend:  6 x 12 oz. UPC: 41497235933
F-1597-2019,Flowers Bratwurst Buns 12 CT UPC 7 22500 40792
F-1062-2019,"Ottogi Jin Ramen Spicy, Bowl, 5PK  4.23oz x 20ea, 3.88oz x 12ea, 1lb 5.16oz x 8pk  Item #21501202, 21502155, 32142402  Manufactured by: Ottogi Ramyon Co. Ltd.  Distributed by: Ottogi America, Inc. 1650 W. El Segundo Bl. Gardena, CA 90249"
F-0600-2020,"Fresh Location Protein Trail Mix 3.52oz, UPC: 8-5511000813-8"
F-2103-2019,Orange cocktail 3 gallon (384 Fl OZ)
F-1224-2019,Marketside GREEN BEANS NET WT 12 OZ (340g) and Marketside GREEN BEANS NET WT 32 OZ (2 LB) 907g
F-2046-2019,"Hot & Spicy Batter NPHO, Item Number 30753342.49, Net Wt. 50 lb, Distributed by Kerry Ingredients & Flavours, Beloit, WI"
F-1060-2019,"Ottogi Ramen Bokki (Cup)  4.23oz x 12ea  Item #21309009  Manufactured by: Ottogi Ramyon Co. Ltd.  Distributed by: Ottogi America, Inc. 1650 W. El Segundo Bl. Gardena, CA 90249"
F-1345-2019,El Guapo Chile Habanero Habanero Chili Pepper 0.5oz
F-2049-2019,"BATTER G3665, Item Number G3665.49, Net Wt. 50 lb, Distributed by Kerry Ingredients & Flavours, Beloit, WI"
F-1478-2019,"Immuno PRP Spray, UPC 8 12527 01176 2. Colostrum Polypeptides.  5 fl oz (140 mL)"
F-0904-2020,"Pure Planet Organic Parasite Cleanse;  Net Wt. 174g Glass Jar;  Finished Product Item # 52700    Manufactured and Distributed by:  Pure Planet,  Rancho Dominguez, CA"
F-0921-2020,"XinXing Dried Plum, Net Wt. 5.3 oz.(150g)"
F-1442-2020,"SUNDIAL NIGERIAN MORINGA LEAF POWDER; ""***Anti-inflammatory, builds Red Blood cells***"" 4oz and 8oz jars"
F-0878-2020,"Nature's Earthly Choice Organic Lentil Trio product containing a blend of red split, black and green lentils, labeled Gluten-Free, packaged in stand up resealable pouch, 12 oz. (340 g), UPC 6 79948 10006 8.    The product's label is read in parts: ""*** Gluten-Free *** ORGANIC LENTIL TRIO ***Red Split, Green and Black Lentils *** INGREDIENTS: ORGANIC RED LENTILS, ORGANIC GREEN LENTILS, AND ORGANIC BLACK LENTILS***  LENTILS ARE FROM USA AND/OR CANADA*** Packed in the USA ***Distributed by: Natures's Earthly Choice Eagle, ID 83616***""."
F-0631-2020,"Meijer Joint Health  Triple Strength Formula Glucosamine Hydrochloride 1500 mg;  Helps Overall Joint Physical Function;  Unit Size - 40 count and 80 count - 2 tablets per day.  Item Numbers: MEIJER7754 (40 count) & MEIJER7755 (80 count)  UPC Code: 713733563024 & 713733563031 respectively    Distributed by Meijer Distribution Inc.  Grand Rapids, MI"
F-0120-2021,John Nagle Steelhead Fillets; 1/3 lb; Iceland; N44515; Habrun ehf; Packaging date: 29 10 2020
F-1510-2020,Wegmans Vanilla Trifle; 9oz; UPC 7789080600
F-0205-2021,"Material Number: 7002 3/8  Diced Green Chile INGREDIENTS: Green Chilies, Citric Acid PRODUCT OF: MEXICO UNIT OF MEASURE: 440 +/- 5 LBS packaged in 50- gallon plastic drum, 4 drums per pallet"
F-1537-2020,"Wegmans Valencia Oranges, 4lb mesh bag, UPC 77890 52363"
F-1529-2020,Frito-Lay 28 count Classic Cube Mix cube box UPC 28400 15586 1 oz. individual bags packaged in a larger non-flexible box
F-1615-2020,"Item 80845 Super Stir Fry Package, Refrigerated, net wt. 16 OZ, packaged in Sealed Plastic Bag.  Label does not have cooking instructions."
F-1592-2020,"Item 80743 DINNER MIX, Refrigerated, net wt. 5 LB, packaged in Sealed Plastic Bag. No label."
F-0811-2020,"Shaver Foods brand Gravy Brown Roast, Item #35586, in 13 oz. metallic pouches, 6 pouches per case."
F-0641-2020,"Granuts BBQ Mix, Net Wt/Cont. Neto 16.93 oz (480g), Contains 12 units x 1.41 oz (40g) ea. and Net Wt/Cont. Neto   6.35 oz (180g)"
F-0091-2021,Summer Blend 5oz UPC 681131355094 packaged in clear plastic container
F-0746-2020,"Domino Premium Pure Cane Medium Brown Sugar, 50 LB bag, UPC 049200009727, Lots 50044 (Best By Jan 23, 2022) & 50045 (Best By Jan 24, 2022)"
F-0150-2021,On the Go Sweet & Salty Trail Mix
F-0844-2020,Pero Family Farms Fresh n' Savory Simple Side Kit Zucchini Spiral Pesto; 11 oz. EXP 2020-03-20. Cooks in 5 Minutes
F-0572-2020,"Ingredion ULTRA-TEX4 Food Starch in 50lb paper bags, product code 32166102CA"
F-0178-2021,"YAGUMO AMANATTO GIFT BOX    6P  6/19.01 OZ  JAN Code: 49 03089 39050 4  Imported by JFC International Inc. Los Angeles, CA 90040"
F-1593-2020,"Item 80823 Fajita Mix, Refrigerated, net wt. 12 OZ, packaged in Sealed Plastic Bag. Label does not have cooking instructions.	    Item 80730 Fajita Mix, Refrigerated, net wt. 5 LB, packaged in Sealed Plastic Bag.  There is NO label provided."
F-1003-2020,Coke Zero Sugar 20 oz UPC 049000040869
F-0896-2020,"Erom, Inc. Slim Natural Raw Meal;  Bulk;  Finished product item # FGBPEIOS-E"
F-0589-2020,"Marigold, INC. Granulated Cane Sugar Net Weight: 2000#"
F-1502-2020,"""SUNDIAL***ETHIOPIAN ABISH (FENNUGREEK SEED POWDER.)***"""
F-0817-2020,"American Bounty brand Chili Mix w/Beans, Item #46628, in 20.8 oz. metallic pouches, 6 pouches per case."
F-1611-2020,"Item 81253 STEW MIX GARDEN PATCH, Refrigerated, net wt. 24 OZ, packaged in Sealed Plastic Bag. No label."
F-0836-2020,"Juanita's Foods Hot & Spicy Menudo;  Picoso;  25 oz.( 1 lb. 9oz.)  709 grams     UPC: 70132 00201    Juanita's Foods, Wilmington, CA"
F-0751-2020,"1. Boars Head Fresh Mozzarella Ball, 8oz.    2. Losurdo Fresh Caprese Log Mozzarella, 6 lbs.    3. Piancone Fresh Mozzarella Loaf, 3 lbs. and 6 lbs."
F-0206-2021,"NETUNO Caribbean Red Snapper, Net Weight 10 Lbs  (4.54 Kg), Item 101229, Product Must be Fully Cooked Prior to Consumption, 1.5-2.0 LB"
F-1580-2020,"Item 80816 Guacamole Pico, Refrigerated, net wt. 12 OZ, packaged in Plastic Container."
F-1566-2020,"Item 80658 SS MINESTRONE KIT	, Refrigerated, net wt. 6 LB, packaged in Cardboard Box. No label."
F-1005-2020,Dr Pepper 20 oz UPC 078000082401
F-0676-2020,"Premo Meat Lovers Sub, 7 oz., UPC: 612510093832"
F-0813-2020,"Shaver Foods brand Country Gravy, Item #35379, in 3 lb. metallic pouches, 6 pouches per case."
F-1500-2020,"""SUNDIAL***CASSAVA MEAL***"" packaged in brown bags with a clear viewing window"
F-0794-2020,Pure Dent¿ B700 Food Corn Starch packaged in 50 lb bags
F-0815-2020,"Shaver Foods brand Frosting Mix Vanilla, Item #32600, in 5 lb. metallic pouches, 6 pouches per case."
F-1435-2020,MBF-202 Carrageenan
F-0855-2020,"Raisins packed in following brand names and sizes:    6 pack cartons (6 X 1 oz. boxes) - Pickwell Farms, Southern Grove, Winco, Schnucks, Essential Everyday,   20 oz. paper canisters; Schnucks, Winco, Essential Everday, Best Yet, Big Y  5 oz. cello bag - Slater Bros."
F-0125-2021,Green Raisins 200 grams (7 oz.) Packaged in plastic bags. Bar Code:992203621
F-0682-2020,"MORTON SALT;THIS SALT DOES NOT SUPPLY IODIDE;  26 oz (1LB., 10 OZ) 737 g; packed in 24 canisters per case"
F-0519-2020,Dry Garbanzo Beans are sold under different brands and described as follows:    -Bulk 2000 lbs. Totes.    -CBP brand 25# Paper Bags 035084321925.     -FIESTA brand 25# Paper Bags 035084225070.     -Home Pride brand 50# Paper Bags 035084225070.     -WinCo 24/1 lbs Small Pack 070552704305.
F-0005-2021,Ground cinnamon. Packaged in bulk 50 lb. corrugated boxes with inside liner.
F-1528-2020,Frito-Lay 10 count Lays sack UPC 28400 31299 1 oz. individual bags packaged in a larger flexible bag
F-0938-2020,"Optavia,  Old Fashioned Maple & Brown Sugar Oatmeal . 1.13 oz./ 32 g pouch, Multi-layer Kraft paper/aluminum pouches, Seven pouches per carton"
F-0975-2020,"Dragonfly brand Galanga Powder;  Net Weight: 5 oz. (142 g)  UPC: 7 21557 53337 6  Product of Thailand    Distributed by U.S. Trading Company,  Hayward, CA 94545-1130"
F-1491-2020,"""SUNDIAL***TRADITIONAL AFRICAN MANBACK TONIC***remember the strength of the reproductive organ, reflects the strength of the entire body. Take SUNDIAL AFRICAN MANBACK TONIC to strengthen, rejuvenate & energize***"" packaged in glass bottles"
F-0745-2020,"Domino Premium Pure Cane Golden Light Brown Sugar, 50 LB bag, UPC 049200009727, Lots 50041 (Best By Jan 20, 2022), 50042 (Best By Jan 21, 2022), 50043 (Best By Jan 22, 2022)"
F-1030-2020,Aminature L-Cysteine HCl Anhydrous 100 mesh 25KG DRUM
F-0743-2020,"C&H Pure Cane Sugar Golden Brown, 32 oz (2 LB) plastic bag, UPC 015800090038, Lots 50042 (Best By Jan 21, 2022) & 50043 (Best By Jan 22, 2022)"
F-0818-2020,"Indianhead brand Vanilla Crystals, Item #80580, in 10 lb. bag inside box"
F-1616-2020,"Item 80848 Super Stir Fry Tray, Refrigerated, net wt. 17 OZ, packaged in Plastic Container. Label does not have cooking instructions."
F-0188-2021,Presidents Choice Coleslaw  14 oz. plastic bag      UPC:0-6038322267-3
F-1017-2020,"Fresh Express Chopped Kit SOUTHWEST TOTAL NET WT. 11.5 oz (326g) plastic bag. FRESH EXPRESS INCORPORATED P.O. BOX 80599, SALINAS, CA 93912  UPC 0 71279 30602 5"
F-1352-2020,"Material Number 7002 Unique Tracking Number 1000035843  3/8"" Diced Green Chilies (440 lb drum)"
F-0522-2020,"Garbanzo Beans or Chickpeas, sold under brand Bob's Red Mills, packaged into 25 oz Form & Fill Package or 25 oz Standup Package.    25 oz Form & Fill Package Package has UPC 039978004222.  25 oz Standup Package has UPC 039978114228"
F-0174-2021,"Hy-Vee, Short Cuts, Pot Roast Mix sold by weight in approximate 1 lb containers, Distributed by Hy-Vee Inc, West Des Moines, IA UPC 272083 XXXXXX"
F-1582-2020,"Item 70173 Nacho Mini, Refrigerated, net wt. 20 OZ, packaged in Plastic Container.		    Item 81103 Nacho Tray, net wt. 40 OZ, packaged in Plastic Container.	    Item 81105 Nacho Tray Football, net wt. 56 OZ, packaged in Plastic Container.		    Item 81107 Nacho Tray Mini, net wt. 16 OZ, packaged in Plastic Container."
F-0570-2020,"Garbanzo Beans, Merlino Foods brand, sold in 5 lb. Polybag. No UPC."
F-0196-2021,GE Mixed Veg (4) 12/32oz/GE Mixed Veg (4) 12/32oz - packed in corrugated cases of 12 individual printed poly bags
F-0736-2020,"Granulate Pure Cane Sugar sold under the brand names of:    Ahold 16 oz canister, DISTRIBUTED BY FOODHOLD USA, LLC, LANDOVER, MD 20758 UPC 6 88267 08529 1;    N'Joy 22 oz canister, SUGAR FOODS CORPORATION NEW YORK, NY 10022, UPC 0 86631 00698 7;     Speedway 22oz canister, DISTRIBUTED BY: SUGAR FOODS CORPORATION NEW YORK, NY 10022, No UPC"
F-1445-2020,"Bitter Kola (Arogbo); ""***a Natural Antibiotic kills all bacteria, virus, Infections and prevent them***it's a good antidote to all poisons, it's used against stomach problem like EBOLA, Colitis, Diarrhea; dysentery etc. It suppresses the Bacteria that causes them***strengthen immune system with HIV AIDS***"""
F-0079-2021,Tropical Blend 5oz UPC 68113135100 packaged in clear plastic container
F-0866-2020,Russian Bear 10000 Weight Gainer Formula Vanilla packed in 15lb bags
F-1150-2020,"Iron (III) Hydroxide Polysaccharides Complex in 25kg polyethylene drums manufactured by Chaitanya Biologicals Pvt. Ltd, Buldhana, India"
F-0748-2020,"HY-VEE Pure Cane Light Brown Sugar, 32 oz (2 LB) plastic bag, UPC 075450055177, Lots 50043 (Best By Jan 22, 2022) & 50044 (Best By Jan 23, 2022)"
F-0747-2020,"Great Value Light Brown Sugar, 32 oz (2 LB) plastic bag, UPC 078742372211, Lots 50043 (Best By Jan 22, 2022), 50044 (Best By Jan 23, 2022), 50045 (Best By Jan 24, 2022), 50046 (Best By Jan 25, 2022), 50047 (Best By Jan 26, 2022)"
F-1253-2020,"Price Chopper, Southwest Tex-Mex Trail Mix, 12 oz. re-closeable bag, 6 packages per case"
F-0084-2021,Pineapple 32oz UPC 681131180443; Pineapple Chunks 10oz UPC 681131180429; Pineapple Chunks 16oz UPC 681131180467; Pineapple 42oz UPC 681131180436; Pineapple chunks 5.5 oz UPC 74641011862 all packaged in clear plastic containers
F-0810-2020,"Riverside brand Brown Gravy, Item #35186, in 14 oz. metallic pouches, 48 pouches per case."
F-1533-2020,"Frito-Lay 54 count Classic Mix cube box UPC 28400 30817, 1 oz. individual bags packaged in a larger box"
F-0750-2020,"SYSCO Classic Light Brown Cane Sugar, 25 LB bag, UPC 074865990301, Lots 50043 (Best By Jan 22, 2022) & 50045 (Best By Jan 24, 2022)"
F-0749-2020,"SYSCO Classic Light Brown Cane Sugar, 32 oz (2 LB) plastic bag, UPC 074865755368, Lots 50042 (Best By Jan 21, 2022) & 50051 (Best By Jan 27, 2022)"
F-1506-2020,"""SUNDIAL***Talibah's Tooth Powder***"""
F-0897-2020,"Nested Naturals Super Kids;  Superfood Powder Full of Nutrients for Growing Bodies;  Whole Food Powder, Net Wt. 7.5 oz (210g), 30 servings;  Finished Product Item # FNNKFMSG210G;  Bulk Finished Product Item # FGBPNNKFMSG    Distributed by Nested Naturals  Vancouver, BC, Canada"
F-0744-2020,"Domino Premium Pure Cane Light Brown Sugar, 16 oz (1 LB) box, UPC 049200056752, Lots 50045 (Best By Jan 24, 2022) & 50046 (Best By Jan 25, 2022)"
F-0858-2020,"Red Clover 4 oz, Red Clover 2 Lbs. Products have Red Clover as an ingredient."
F-1613-2020,"Item 80803 STIR FRY MIX, Refrigerated, net wt. 17 OZ, packaged in Sealed Plastic Bag. No label."
F-0001-2021,"Good & Gather Organic Kettle Corn, 7oz pkgs, film bags, 12 individual items per case."
F-0801-2020,"American Bounty brand Icing Mix Vanilla, Item #32595, in 5 lb. metallic pouches, 6 pouches per case."
F-1612-2020,"Item 80849 Stew Mix Trays, Refrigerated, net wt. 24 OZ, packaged in Plastic Container. Label does not have cooking instructions."
F-1490-2020,"""***Sundial***ASHANTI**WEIGHT LOSS ENERGY LIFTER and APPETITE SUPPRESSER***"" packaged in glass bottles"
F-1340-2020,Marketside Diced Mirepoix Mix 6/10 oz
F-1614-2020,"Item 80840 SUPER STIR FRY, Refrigerated, net wt. 5 LB packaged in Sealed Plastic Bag. No label."
F-1532-2020,"Frito-Lay 30 count Classic Variety Mix tray Carton UPC 000 28400 52347 9, 1 1/2 oz. individual bags packaged in a larger tray AND Frito-Lay 30 count Classic Mix cube box UPC 28400 06241, 1 oz. individual bags packaged in a larger box"
F-1345-2020,Taylor Farms Retail Quiche Florentine 1/10 oz.
F-0787-2020,Aminature L-Cysteine HCl Anhydrous 100 mesh 25KG DRUM
F-0799-2020,Sunny Select Au Jus Gravy Mix 1 OZ pouch (24 pouches per case)
F-0900-2020,"L.O.V.E. Supermeal Original:  420g Plastic Bottle, 1396g Plastic Bottle, 693g Bio Bag Terra Pouch;  Finished Product Item # 2700E, 2711, 2712, 2712-P65    Platinum Health Europe, Netherlands,  Purim Health Products, Rancho Dominguez, CA"
F-0173-2021,"Hy-Vee, Short Cuts, Grill Ready Veggie Mix sold by weight in approximate 1 lb containers, Distributed by Hy-Vee Inc, West Des Moines, IA UPC 272104 XXXXXX"
F-1610-2020,"Item 81254 Stew Mix, Refrigerated, net wt. 5 LB, packaged in Sealed Plastic Bag.	  Label does not have cooking instructions."
F-1448-2020,"Mitmitta (Cayenne Pepper); ""Traditional Uses: Prevents heart attacks, and lowers high blood pressure, stops internal bleeding, Heals ulcers and pains there of: Improves circulation, thins blood and keeps it moving***"""
F-0027-2021,"Shirakiku brand Black Fungus (Kikurage);  5 lb. bag, 6 x 5 lb. bags per case  Item # 60403;  UPC 0 74410 60403 5    Ingredients: Back Fungus,  Contains: Sulfites    Product of China    Distributed by Wismettac Asian Foods, Inc.  Santa Fe Springs, CA, 90670"
F-0719-2020,"Beepa's Original Goulash Starter, 32 oz. (2 PTS) 946.35ml.  UPC 60000-90711"
F-0780-2020,"Nature's Sunshine CMapt  M - Cmapt Mi- SmartMeal;   Bahu bhbhi - Vanilla;   510 g  UPC: 0 99904 03085 5  Product number: 6116-RU3085                              6116-UA3085  Distributed in Russia and Ukraine - same label    Nature's Sunshine Products Inc.  2500 West Executive Parkway, Suite 100  Lehi, Utah 94043"
F-1594-2020,"Item 80763 Fajita Mix Bowl, Refrigerated, net wt. 17 OZ, packaged in Plastic Container. Label does not have cooking instructions.	    Item 80761 Fajita Mix Bowl, net wt. 12 OZ, packaged in Plastic Container. Label does not have cooking instructions."
F-0827-2020,"GREAT VALUE¿ Pure Granulated Sugar, 10 lbs.  Sold as individual bags on a unitized 1/2 pallet   78 bags to a 1/2 pallet."
F-1581-2020,"Item 80815 Guacamole Saddlin' Up, Refrigerated, net wt. 14 OZ, packaged in Plastic Container.    Item 84046 Guacamole Saddlin' Up, Refrigerated, net wt. 9 OZ, packaged in Plastic Container."
F-1489-2020,"""SUNDIAL***KOROMANTEE***Colonic & Intestinal Cleaner***used by the descendants of the Koromantee people in Jamaica to help cleanse and strengthen the bowels, stomach, intestines, and colonic areas of the body.***"" packaged in 16oz glass bottles"
F-0199-2021,"Backroad Country Spicy Cajun Mix 9 oz (255g) plastic bag. Packed by Troyer Manufacturing Millersburg, OH 44654."
F-0901-2020,"L.O.V.E. Supermeal Vanilla Chai:  1320g Plastic Bottle,  660g Bio Bag Terra Pouch;  Finished Product Item #: 2910E, 2910, 2910-P65, 2911, 2911-P65    Platinum Health Europe, Netherlands,  Purim Health Products, Rancho Dominguez, CA"
F-1595-2020,"Item 79518 Kabob Tray, Refrigerated, net wt. 16 OZ, packaged in Plastic Wrapped. Label does not have cooking instructions.	    Item 79519 Kabob Tray, Refrigerated, net wt. 32 OZ, packaged in Plastic Wrapped. Label does not have cooking instructions."
F-0008-2021,Ground Cinnamon 2% (CASSIA) packaged in 50 pound bag
F-0831-2020,"Pure Cane Granulated Sugar, Single 10 lb. package, 156 paper bags on 2 1/2 CHEP pallets"
F-0377-2021,Kareem Chef Halva 1lb and 2lb sizes in plastic tub
F-0661-2021,Mideo's Marinara Glass 32oz jars - 6 jars per case
F-0364-2022,"Joy's Gourmet Blast Off! Bloody Mary Mix, Net Wt. 24 Oz"
F-0978-2021,"Vita Aid SynerClear (Unflavoured), VA-925.  The product is a powder, packaged in a plastic bottle and a white cap, with a net weight of 650g."
F-0464-2021,"vitafusion Melatonin 140ct, 3 Pack 140 CT  vitafusion Melatonin 44ct , 3Pack 44CT"
F-0590-2021,Velvet Vanilla Bean  3 Gallon Tub - 1 Tub per Case
F-0216-2022,"Mr. Special Jugo de Pina De Concentrado, 46 oz cans, packaged cardboard boxes 12 cans per case of 46 oz each"
F-0655-2022,Dole 10.6oz Chopped Greek  Product UPC 071430000885
F-0249-2022,TK019 2017 Choc Cup Powder Blend Bag 50#. Item number 4005543
F-0647-2021,Lipodrene With 25mg Ephedra Extract 100CT UPC 8 57084 00056 9
F-0021-2022,"Kalona Supernatural Organic Half & Half, Manufactured in Iowa for Kalona Organics, LLC. Kalona IA in 16 FL OZ (UPC 8-81245-12516-7, 8 bottles per case) and 32 FL OZ (UPC 8-81245-12532-7, 6 bottles per case)"
F-0694-2022,Kroger 5oz Organic Power Greens Clamshell  Product UPC 111110917331
F-0493-2022,TM Nutrition Restoration Pineapple 19oz Jar UPC CODE 0 746477 745166
F-0617-2021,Whale of Pail Vanilla   Gallon Plastic Tub
F-0596-2021,Velvet Vanilla Lovers Trio  56oz Carton - 4 Cartons per case
F-0248-2022,TK006 Van Krimpet Powder Blend 50#. Item number 4107780
F-0863-2021,"Old Souls Farm Finstar  5 oz  clamshells - 1oz 18 per case, 5oz 6 per case  bulk bags - 1lb is 3 per case, 10lbs 1 per case, 25lbs 1 per case  living are packed in plastic sleeves - 10 per case"
F-0544-2021,Waah Organic Rajma Masala
F-0084-2022,"Hotdog buns, in unlabeled clear plastic bags, 30 or 12 buns per bag."
F-0129-2022,"E-Z Spuds Inc. 25# Green Pepper Julienne 1/4"""
F-0394-2021,"FRESH TO YOU Club Panini, Net Wt. 8.50oz (241g), MG Foods Charlotte, NC 28208, UPC MGF9844"
F-0258-2022,One Step Neutral/Vanilla Mousse Bag 25#. Material #4107486
F-0479-2021,"Natrol Melatonin 3 mg, Tab 60  White bottle with purple flip-top cap.  Fall asleep faster, Stay asleep longer, 100$ Drug Free 1 Tablet 20 minutes before bedtime.  Manufactured by Natrol LLC. Chatsworth, CA 91311 USA"
F-0666-2022,Dole 11oz Greener Selection  Product UPC 071430009659
F-0654-2021,"Wegmans brand Bagged Ice, 7lb, packaged in a clear plastic bag"
F-0450-2021,"Motha Jelly Crystals - Orange Flavoured Jelly, Net Wt. 100g"
F-0447-2021,"Motha Jelly Crystals - Black Currant Flavoured Jelly, Net Wt. 100g"
F-0134-2022,Cedar s Organic Mediterranean Hommus 10 oz.
F-0893-2021,"BrightFarms Spring Crunch; packaged in clear, plastic clamshells; 4oz; grown at the company's Rochelle, Illinois indoor farm"
F-0269-2021,"Nongshim brand Shin Ramyun; Sold in the following packaging configurations: 4.2 oz, individual bags UPC 031146150601  16 count box (16 x 4.2 oz. pkgs.) UPC 031146022854  10 count box (10 x 4.2 oz. pkgs.) UPC 00031146023981"
F-0285-2022,Yeast Extract Ajirex in 15 kg PE bag in carton box
F-0071-2022,Nature's Heart Superfood Trail Mix  1.5oz poly film pouches - 32 units per case
F-0690-2022,Dole 9.8oz Chopped Teriyaki Pineapple Kit  Product UPC 071430001004
F-0658-2022,Dole 10oz Angel Hair Coleslaw  Product UPC 071430009741  Marketside 10oz Angel Hair Coleslaw  Product UPC 681131387491
F-0680-2022,Dole 14oz Southern Slaw  Product UPC 071430010365
F-0663-2022,Dole 10oz Very Veggie  Product UPC 071430010082  Kroger 12oz Veggie Blend  Product UPC 011110910486
F-0508-2022,"Nethili Pickle is packaged in clear plastic pouch and product is visible.  Incomplete declaration of net weight only LB showing.  No UPC.  Product is imported from Jampani Foods of India.  The label is read in parts: ""***NETHILI PICKLE ***LB ***Jampani Pickles***""."
F-0487-2022,Richard Sherriffe Protein French Vanilla 44 oz jar UPC CODE
F-0237-2022,Tastykake Creme Filled Krimpets 14.25oz (6-2ct) UPC 0 25600 00355 8; 3.625oz (3ct) UPC 0 25600 08637 7
F-0220-2022,"Natural Delight Collection  Natural Dried Apricots, product of Uzbekistan; in a 500 g (17 oz) cardboard box marked with a best before date of 03/30/2022. The product UPC code is 811579000533"
F-0895-2021,"BrightFarms Nutrigreens; packaged in clear, plastic clamshells; 3oz; grown at the company's Rochelle, Illinois indoor farm"
F-0923-2021,Lebenswert Folgemilch Stage 3 Organic Toddler Formula
F-0888-2021,"BrightFarms Sunny Crunch; packaged in clear, plastic clamshells; 4oz and 8oz; grown at the company's Rochelle, Illinois indoor farm"
F-0722-2022,"Electrolyte tablet (Calcium 10.8mg, Potassium 40mg, Magnesium 12 mg), ULTRAtab Laboratories, Inc., Highland, NY"
F-0128-2022,"E-Z Spuds Inc. 15# Collard Green Crosscut 1/4"""
F-0474-2021,"Thai Home brand Sweet Chili Paste (Num Prik Pao) packaged in glass jars.  Net weight 6.5 oz (180g). Refrigerate after opening. UPC 8616080004054     Manufactured by: Jansala & Foods LLC 1813 NE 2nd Avenue Portland, OR ansalafoods@gmail.com     Distributed by: Earthly Gourmet 2143 SE Lafayette St Portland, OR 97202  info@earthlygourmet.com 503-853-3110 The label also states, Vegan No MSG Added No artificial fillers or flavour enhancers"
F-0656-2021,"Whole Foods Market Organic Dark Red Kidney Beans, Net Wt 15.5 oz. (439g)  UPC 99482-45272.  Distributed by:  Whole Foods Market, Austin, TX  78703"
F-0717-2022,Natures Promise 5oz Organic Baby Spring Mix Clamshell  Product UPC 688267154546
F-0062-2022,"Mountain Trail Mix, 44 oz. containing 22 packs , UPC 814314024153 (inner unit), 814314024160 (outer unit). 4 master bags/case."
F-0622-2021,Whale of Pail Neapolitan   Gallon Plastic Tub
F-0800-2021,RANDALL MIXED BEANS 48OZ glass jars UPC 070095000407; RANDALL MIXED BEANS 24OZ glass jars UPC 070095000414; RANDALL MIXED BEANS 15.4OZ glass UPC 070095000430
F-0677-2022,Dole 13oz Endless Summer Kit  Product UPC 071430010730
F-0657-2022,Dole 10.8oz Chop Caesar Kit  Product UPC 071430000847  Marketside 11.3oz Chopped Caesar Kit  Product UPC 681131148320
F-0901-2021,Cahill Cheddar with Porter PLU 93579 packaged in clear plastic
F-0703-2022,Marketside 12oz Crisp Greens  Product UPC 681131355032
F-0864-2021,"Old Souls Farm Green Bibb  2 lbs, 5 oz, Living Heads  clamshells - 1oz 18 per case, 5oz 6 per case  bulk bags - 1lb is 3 per case, 10lbs 1 per case, 25lbs 1 per case  living are packed in plastic sleeves - 10 per case"
F-1006-2021,"Golden Natural Product Inc. brand Dried Apricot Subkhon with Bone, Net Wt. 16 oz (1 lb) 454 g; and Golden Natural Product Inc. brand Dried Apricot Subkhon Jumbo, Net Wt. 16 oz (1 lb) 454 g   Manufactured and Packed by: Gardencells LLC, Urgut, Samarkand region Republic of Uzbekistan; Distributed in USA by: GOLDEN NATURAL PRODUCTS INC."
F-0136-2022,"Country Oven  Cinnamon Roll 4oz, 2.5oz"
F-0063-2022,"Mountain Trail Mix, 28 oz. , UPC 814314024146. 6 bags/case."
F-0621-2021,Ruggle's Orange Sherbet  Quart - 4 Quarts per case
F-0335-2022,Coca-Cola cola; 12 oz. aluminum can; 12-pack fridge pack/case
F-0685-2022,Dole 7oz Field Greens  Product UPC 071430009611
F-0674-2022,Dole 13.25oz Country Ranch  Product UPC 071430017302
F-0356-2022,"Giant Eagle, Diced Green Peppers, 10 oz. poly bags and 22# cases, also poly bags and cartons, 12/10 oz. bags per case and bulk 22 lbs. bags"
F-0890-2021,"BrightFarms Harvest Crunch; packaged in clear plastic clamshells; 4oz; grown at the company's Rochelle, Illinois indoor farm"
F-0798-2021,RANDALL GREAT NORTHERN BEANS 48OZ glass jar UPC 070095000100; RANDALL GREAT NORTHERN BEANS 24OZ glass jar UPC 070095000117; RANDALL GREAT NORTHERN BEANS 15.4OZ glass jar UPC 070095000131; RANDALL ORGANIC GREAT NORTHERN BEANS 48OZ glass jar UPC 070095005105; Hurst's Fully Cooked Great Northern Beans 48OZ glass jar UPC 0 256012 0
F-0576-2021,Velvet Pineapple Sherbet   6 Quarts in a case  3 Gallon Tub - 1 Tub per case
F-0462-2021,"vitafusion Fiber Well 220ct, 10 / 220 CT"
F-0681-2022,Dole 15.5oz Family Ultimate Caesar  Product UPC 071430000830
F-0261-2022,Shirley's Red Velvet WhoopiePie MB Bg 50#.  Material #4107554
F-0238-2022,Tastykake Jelly Krimpets 12oz (6-2ct) UPC 0 25600 00228 5 &  3oz (3ct) UPC 0 25600 00025 0
F-0625-2021,"Robinson Fresh, Turnip Greens, 1lb. packages   / Bags, 8 packages per case , Perishable/Keep Refrigerated . BEST IF USED BY 04/26/21 ."
F-0859-2021,Wickles Relish 16oz glass jars - 6 jars per case
F-0400-2021,"FRESH TO YOU Market Club, Net Wt. 11.85oz (336g), MG Foods Charlotte, NC 28208, UPC MGF9800"
F-0157-2022,NOW Bee Pollen 500mg 100 VCAPS UPC 733739025203
F-0691-2022,Kroger 10oz Italian Blend  Product UPC 011110910455
F-0396-2021,"FRESH TO YOU Deluxe Triple Decker Club, Net Wt. 12.17 oz (345g), MG Foods Charlotte, NC 28208, UPC MGF9719"
F-0512-2022,"Daliya Split Powder (Putnala Podi), packaged in white plastic pouch, net wt. 1/2 KG (500 gms). No UPC.  Labeled with Aroma Meats but has no address.  The label is read in parts: ""***DALIYA SPLIT POWDER (Putnala podi pdr) ***FRESH POWDERS*** 1/2KG (500gms)***AROMA MEATS***""."
F-0487-2021,Blanched Penne Rigati  8oz plastic bag  40 bags per case
F-0057-2022,"Tropical Trail Mix, 15 oz. , UPC 072036735003. 8 bags/case."
F-0573-2021,Velvet Vanilla   16oz - 8 cartons to a case
F-0708-2022,Marketside 16oz Shredded Iceberg  Product UPC 681131532099  Marketside 8oz Shredded Iceberg  Product UPC 681131328968
F-0359-2021,"Wilton Autumn Assorted Treat Toppings Sprinkles, 2.6oz (74g) 3 hanging clear plastic bags with 1 paperboard card, SKU 710-9722 UPC 070896097224"
F-0958-2021,"Hostess Soft White Hot Dog Buns, Net Wt. 12 OZ, UPC 888109110970"
F-0549-2021,"O Organics Organic Black Beans, 15 oz. can, UPC 0-79893-40610-7 Distributed by Lucerne Foods, Inc. P.O. Box 99, Pleasanton, CA 94566-0009, 1-800-232-4271"
F-0881-2021,1. Cahills Ireland Original Irish Porter 5lbs.Waxed Deli Wheel  2. Cahills Ireland Original Irish Porter 2.4 lbs.
F-0718-2022,Simply Nature 5oz Organic Mixed Greens Clamshell  Product UPC 4099100088069
F-0575-2021,Velvet Orange Sherbet  6 Quarts in a case  3 Gallon Tub - 1 Tub in a case
F-0143-2022,Country Oven  Bowtie Danish 3oz
F-0584-2021,Velvet Elephant Ear  3 Gallon Tub - 1 Tub per Case  56oz Carton - 4 Cartons per Case
F-0441-2022,Global Link ShredFX Popsicle 16oz Jar UPC CODE 9 34585 60024 66
F-0027-2022,"Ingredion INSTANT PURE-FLOW F Food Starch, 50lb bag, material 12151103CA"
F-0802-2021,RANDALL NAVY BEANS 48OZ glass jars UPC 070095000506; RANDALL NAVY BEANS 15.4OZ glass jars UPC 070095000537
F-0715-2022,Nature's Promise 5oz Organic Baby Arugula Clamshell  Product UPC 688267154478
F-0442-2022,DRVN Nutraceuticals Inferno Fat Burner Blue Hawaii 16oz Jar UPC CODE
F-0586-2021,Velvet Olde Tyme Vanilla  3 Gallon Tub - 1 Tub per Case  56oz Carton - 4 Cartons per Case
F-0088-2022,"Food grade Anhydrous 94-97% Calcium Chloride Pellets, 50 lb. plastic bag"
F-0652-2021,Bake  n Show¿ Oven Ready Food Tray 16 ounce
F-0882-2021,Cahills Ireland Red Wine - 5 lbs. Waxed Deli Wheel
F-0548-2021,"S&W Organic Black Beans, 15 oz. can, Distributed by: Faribault Foods, 3401 Park Ave NW, Faribault, MN 55021."
F-0756-2021,"Tulkoff Spicy Kimchi Aioli, 18 fl oz Clear Plastic Squeeze bottle, item number 098001, lot number 09.18.2021M, 8 bottles per case, keep refrigerated"
F-0121-2022,Sundelight Golden Raisins Net Wt 7oz. UPC: 14760 84059. Plastic pouches.  20 pouches/per case
F-0861-2021,"Old Souls Farm Arugula  5oz, 2lbs, and living  oz are packed in clamshells - 1oz 18 per case, 5oz 6 per case  lbs are packed in bulk bags - 1lb is 3 per case, 10lbs 1 per case, 25lbs 1 per case  living are packed in plastic sleeves - 10 per case"
F-0993-2021,FLEISCHMANN'S YEAST COMPRESSED FRESH ESL 24/1lbs Paper/Foil overwrap
F-0587-2021,Velvet Original Vanilla  3 Gallon Tub - 1 Tub per Case  56oz Carton - 4 Cartons per Case
F-0500-2022,Wycked Naturals Pre OG2 Tiger's Blood 25oz Jar UPC CODE 0 51497 12954 5
F-0272-2021,"""Wildtree***Leslies Chili Blend***Organic & Gluten Free***Net Wt. 3.7 oz. ***Distributed by: Wildtree"""
F-0704-2022,Marketside 13.7oz Asian Chopped Kit  Product UPC 681131305150
F-0255-2022,Finesse Bag 25#. Material #4107218
F-0735-2021,"Vilatar International Inc. brand Turbot; Salt, Natural Wood Smoke"
F-0645-2022,Ahold 12oz American Blend  Product UPC 688267011535  Lidl 12oz American  Product UPC 4056489210511  Dole 12oz American Blend  Product UPC 071430009338
F-0572-2021,Velvet Moose Tracks   16oz - 8 cartons to a case  56oz - 4 cartons to a case
F-0701-2022,Marketside 11oz Spring Mix w/ Greenleaf Clamshell  Product UPC 681131355001
F-0334-2022,"Morton Iodized Salt, Net Wt. 26 oz (1 LB 10 OZ) 737 g, Morton Salt, Inc. Chicago, IL 60606"
F-0619-2021,North Star Frog Spit  6 pops per box
F-0466-2021,vitafusion SleepWell 250ct / 24 / 250 CT
F-0436-2021,"Crimson Snapper Fillet, Natural Cut CO Treated, Net WT 10 LBS, Size 10/12 oz"
F-0889-2021,"BrightFarms Spring Mix; packaged in clear, plastic clamshells; 4oz and 8oz; grown at the company's Rochelle, Illinois indoor farm"
F-0577-2021,Velvet Rainbow Sherbet  6 Quarts in a case  3 Gallon Tub - 1 Tub in a case
F-0463-2021,"vitafusion Fiber Well 90ct, 4/3 Pack 90CT"
F-0393-2021,"FRESH TO YOU Club on Toast, Net Wt. 10.3oz (292g), MG Foods Charlotte, NC 28208, UPC MGF0930"
F-0461-2021,"vitafusion MultiVites 150ct,"
F-0649-2022,Ahold 5oz Arugula  Product UPC 688267011559  Dole 5oz Arugula  Product UPC 071430010723  Kroger 5oz Organic Baby Arugula Clamshell  Product UPC 111110911506  Lidl 5oz Baby Arugula  Product UPC 4056489210535  Marketside 5oz Organic Arugula Clamshell  Product UPC 681131221733  Naturally Better 5oz Organic Arugula Clamshell  Product UPC 607880203394
F-0465-2021,"vitafusion Kids Melatonin 50ct, 4 / 3 PACK 50CT"
F-0705-2021,"Ful-Flav-R Green Pace Chili Diced 3/8"" w Citric Acid;  Item # 544-107-7 Net Weight 400 lbs. (181.436 KG) Refrigerate after opening.  Ingredient: Green Pace Peppers & citric Acid.  Ful-Flav-R Products, a Division of Pacific Farms, Oakland, CA 94621"
F-0550-2021,"O Organics Organic Chili Beans, 15 oz. can, UPC 0-79893- 40617-6 Distributed by Lucerne Foods, Inc. P.O. Box 99, Pleasanton, CA 94566-0009, 1-800-232-4271"
F-0079-2022,"Hotdog buns, customer specified formula, in unlabeled clear plastic bags, 30 or 12 buns per bag."
F-0672-2021,"Farro, Fully Cooked Net Wt. 24 lbs, Item # 641901"
F-0425-2022,Creed Wellness Vital Greens Pineapple Orange 55oz Jar UPC CODE
F-0693-2022,Kroger 5.5oz 50/50 Mix Clamshell  Product UPC 011110910530
F-0667-2021,"Olde Thompson Organic Ground Coriander 1.5oz. in glass jar with flip-top lid.  Sun Harvest Organic Coriander 1.5oz in glass jar with flip-top lid.  UPC code: 400000290942  Olde Thompson item numbers: 1901-43, 1901-43CA, 1901-43SU"
F-0421-2022,Cashmere Care Charisma Vanilla 128oz Jar NO BARCODE
F-0689-2022,Dole 9.1oz Peppercorn Ranch Chopped Kit  Product UPC 071430000939
F-0875-2021,SWEET & SMOKY BBQ   Packaged in 50lb kraft paper bags
F-0892-2021,"BrightFarms Lakeside Crunch; packaged in clear, plastic clamshell; 4oz; grown at the company's Rochelle, Illinois indoor farm"
F-0801-2021,RANDALL KIDNEY BEANS 48OZ glass jars UPC 070095000308; RANDALL KIDNEY BEANS 24OZ glass jars UPC 070095000315; RANDALL KIDNEY BEANS 15.4OZ glass jars UPC 070095000339
F-0336-2022,Sprite; 12 oz. aluminum can; 12-pack fridge pack/case
F-0712-2022,Marketside 6oz Baby Greens  Product UPC 681131355025
F-0856-2021,"5000 Years Foods WHITE WHOLE KIMCHI in 128 oz, 64 oz, and 32 oz glass jars"
F-0866-2021,"Old Souls Farm Spring Mix  1 lb, 2 lbs, and 5 oz  clamshells - 1oz 18 per case, 5oz 6 per case  bulk bags - 1lb is 3 per case, 10lbs 1 per case, 25lbs 1 per case  living are packed in plastic sleeves - 10 per case"
F-0497-2021,Shrayy (white chalk) packaged in .68lb bags of synthetic plastic; no label on packaging
F-0601-2021,Velvet Campfire Smores  56oz Carton - 4 Cartons per case
F-0697-2022,Kroger 8oz Field Greens  Product UPC 011110910424
F-0884-2021,Lidl Preferred Selection-Red Wine Cheddar - 7 oz.
F-0603-2021,Velvet Homemade Vanilla  56oz Carton - 4 Cartons per case
F-0568-2021,Velvet Buckeye Classic  16oz - 8 cartons to a case  56oz - 4 cartons to a case
F-0979-2021,"Vita Aid SynerClear (Vanilla), VA-924.  The product is a powder, packaged in a plastic bottle and a white cap, with a net weight of 650g."
F-0480-2022,Rare Planet Health Ageless Tropical Island Tropical Island 19oz UPC CODE
F-0956-2021,Fermentation Derived Pepsin  Product packaging: 5 individual LDPE bags with a net weight of 5kg each and 2.5kg sample bags packaged in 25 kg HDPE Drums
F-0130-2022,"E-Z Spuds Inc. 30# Zucchini Diced 3/8"""
F-0805-2021,RANDALL ULITMATE 4-BEAN MIX 48OZ glass jars UPC 070095000902
F-0709-2022,Marketside 16oz Tri-Color Coleslaw  Product UPC 681131387484
F-0804-2021,RANDALL GARBANZO BEANS 24OZ glass jars UPC 070095000711; RANDALL GARBANZO BEANS 15.4OZ glass jars UPC 070095000735
F-0765-2021,"Designed by Nature Base Mix Formula:  .375 oz/11 g plastic pouch/  Easy to Digest, Nutritionally Alive, Developed for All Life Stages.  For the Little Ones in Your Life.  UPC: 0 19962 28411 3      www.designed-by-nature.com"
F-0692-2022,Kroger 4.5oz Shredded Green Leaf  Product UPC 011110061065
F-0167-2022,Newly Weds Foods corn dog batter 50 lb. bag NWF product number A29435
F-0251-2022,Dom. Creme Ck  Bag 50#. Material # 10584006
F-0662-2022,Dole 10oz Spring Mix Clamshell  Product UPC 071430000137
F-1024-2021,"Crunchy Cones, Mix Choco-Vanilla, 12, NET WT 40oz (113g)"
F-0977-2021,"Vita Aid Keto-Elemental Nutrition (Thai), VA-958.  The product is a powder, packaged in an aluminum bag , with a net weight of 315g."
F-0799-2021,RANDALL PINTO BEANS 48OZ glass jars UPC 070095000209; RANDALL PINTO BEANS 24OZ glass jars UPC 070095000216; RANDALL PINTO BEANS 15.4OZ glass jars UPC 070095000230
F-0857-2021,"5000 Years Foods BABY NAPA KIMCHI in 128 oz, 64 oz, and 32 oz glass jars"
F-0883-2021,Lidl Preferred Selection-Irish Stout Cheddar - 7 oz.
F-0360-2021,"Holiday Home Assorted Treat Toppings, 2.6oz (74g) 3 hanging clear plastic bags with 1 paperboard card, SKU 710-0-0207 UPC 041226473612"
F-0667-2022,Dole 12.1oz Buffalo Ranch Chopped Kit  Product UPC 071430000946
F-0673-2022,Dole 13 oz BBQ Ranch Chopped Kit  Product UPC 071430000298
F-0008-2022,Rc Cola 12 Oz (355 mL) packaged in an aluminum can 12 can to a pack
F-0795-2021,Backcountry Dried Apricots  9ounce plastic bag  12 packages per case
F-0803-2021,RANDALL BLACK BEANS 48OZ glass jars UPC 070095000605; RANDALL BLACK BEANS 24OZ glass jars UPC 070095000612; RANDALL BLACK BEANS 15.4OZ glass jars UPC 070095000636
F-0268-2021,First Street Goody Goody Trail Mix 10 oz. (283g)S&F Item#52892 Unit UPC# 797565204201;   First Street Goody Goody Trail Mix 16 oz. (454g) S&F Item#52651  Unit UPC# 797565204225;   Western Mixers Goody Goody Trail Mix 10 oz. (283g)  Unit UPC# 797565210363    Packed in clear plastic clamshells.  Product of USA
F-0362-2022,"GODAVARI brand APRICOTS, packaged in 7 oz (UPC 0 03658 50001 4) and 14 oz (UPC 0 03657 5001 5) clear plastic-film bags with the GODAVARI brand label on the front. Each bag is filled with orange-colored dried apricots that can be seen through the bag."
F-0221-2021,Nelsons Graham Slam Bulk. Packaged in a 3 gallon paper drum.
F-0510-2022,"Pulihora Paste is packaged in yellow plastic pouch. No weight listed. No UPC.  Product is imported from Jamani Foods SRT 252 Sanathnagar, Hyderabad-500018, India."
F-0660-2022,Dole 10oz Light Caesar Kit US  Product UPC 071430009253
F-0357-2021,"Wilton Holiday Mix Sprinkles, 7.6oz (215g) clear plastic bottle, SKU 710-7649 UPC 070896276490"
F-0648-2021,Bake  n Show¿ Angel Food Tray 8 Inch & 8 inch shallow
F-0135-2022,Ingredion INSTANT PURE-FLO F (50 pound bag) food grade starch  material 12151103CA
F-0263-2023,"Pepper Collection 8 Tube Gift Set - a colorful assortment of dried peppers.  This product contains peppers in 8 different glass tube and packaged in a printed paperboard sleeve and are visible through a window in the sleeve. Net wt. is 4.87oz/138g. The UPC is 6 009686 793712.  Packed in South Africa. US Importer: Something South African, LLC Seattle WA 98199, Email: info@somethingsouthafrican.net."
F-0988-2022,"Item # 721-1000, Krusteaz Belgian Waffle Mix.  Product is shelf stable and packaged in a box. net wt. 28 oz., UPC 0 41449 00186 9."
F-0777-2022,Dole 9.8 oz  Chopped Teriyaki Pineapple Kit   UPC: 0-71430-00100-4  SKU: 791  Dole 9.8 oz  Chopped Teriyaki Pineapple Kit / Teriyaki A L'ananas  UPC: ¿0-71430-00182-0  SKU 1014
F-1535-2022,Vicks Children's Botanicals Liquid Nighttime  4oz plastic bottle
F-1376-2022,"Dawn's Campfire BBQ Beans, #90125,  Net Wt 8 lb (3.63 kg)  Keep Refrigerated   UPC 0 32345 90125 4.   Mfg By Morski Brands, Inc., Portage, WI  53901"
F-0084-2023,Halibut (fillets and portions) packed in 10-50 lb. corrugated cardboard or Styrofoam boxes
F-0156-2023,"Similac 360 Total Care 2 fl oz reclose able plastic bottle  Packaged as: 6 count carton, 12 count carton, 48 count case"
F-1043-2022,"WHOLE FOODS MARKET red lentil dal NET WT. 12 OZ (340g) DISTRIBUTED BY: WHOLE FOODS MARKET AUSTIN, TX 78703 UPC 1 95515 02394 8"
F-0936-2022,"Abbott Alimentum, Abbott Similac Alimentum, Abbott Similac Alimentum HMO, Abbott  Alimentum Similac, Abbott Similac Gold Alimentum HMO 400g can.  6 cans per case.    Item numbers:  674845  6748406  6748408  6748412  6748425  6748426  6748430  6748453  6748484    Retail UPCs:   0070074122250  8699548994869  070074122311  0070074124131  070074122359  070074122274  070074123349  070074123325"
F-0099-2023,"Bella Cucina Artful Food Porcini & Parmesan Pesto Net Wt. 6 oz (169g) jar, UPC 6 19193 00146 8 Manufactured by Bella Cucina Artful Food Atlanta, GA 30310"
F-1101-2022,Keto Living Sugar Control
F-1592-2022,14% Base Mix Case:14% Archie Case Mix
F-0009-2023,"Fajita Mix, NET WT, 9.5 OZ (269g), Dist. By: Renaissance Food Group LLC 4322 Moreland Ave. Conley, GA 30288, UPC, 8 26766 19031 7"
F-1047-2022,"Organic Marketside Zucchini  2 Count packages/8 per case  Ingredients: Organic Zucchini  New WT. 6 oz. (170g)  UPC: 6-81131-22105-4  Perishable  Keep Refrigerated  Clear plastic overwrap tray  Use within 2-3 days of opening  Distributed by Walmart, Inc. Bentonville, AR 72716  Product of Mexico"
F-1209-2022,ELITE MIX MINI PESEK ZMAN  UPC: 815871015899 NET WT. 14.11oz (400 g)
F-0028-2023,"Tri-Pepper Blend, NET WT, 7 OZ (198g), Dist. By: Renaissance Food Group LLC 4322 Moreland Ave. Conley, GA 30288, UPC, 8 26766 19003 4"
F-0160-2023,Similac Neosure 2 fl oz reclose able plastic bottle  Packaged as: 48 count case
F-1276-2022,CB1101006 BARRA LARGA CON SALVADO
F-0793-2022,Presidents Choice 12 oz Mixed Greens / Le Choix du President Melange de Legumes-Feuilles  UPC: 0-60383-00188-9  SKU 3236
F-0504-2022,"Everything Swapples, Net Wt. 11.14 OZ, UPC 8 64390 00021 3"
F-1207-2022,ELITE PESEK ZMAN PLAY BALL	UPC:815871015349	NET WT. 1.59 (45 g)
F-0158-2023,"Similac 360 Total Care Sensitive 2 fl oz reclose able plastic bottle  Packaged as: 6 count carton, 12 count carton, 48 count case"
F-1609-2022,"kate farms Pediatric Standard Sole-Source Nutrition Formula.  1.2 cal/mL.  250 ML (8.45 FL OZ) Tetra Pak container UPC 8 51823-00690 4.   Sold in 12 count case UPC 00851823006997.  Refrigerate after opening.     Made for:  Kate Farms, Inc., 101 innovation Place, Santa Barbara, CA  93108."
F-0756-2022,HEB 9.5oz Premium Ranch Kit  UPC: 0-41220791569-0  SKU: 3349
F-0932-2022,Abbott Similac Pro-Advance 23oz. and 34oz. plastic jar. 6 jars per case.     Item numbers:  6720413  6721313    Retail UPCs:   055325002567  055325002581
F-0300-2023,Greco and Sons Dough Room Product No. 79 North Park Lounge 10 oz.; Greco and Sons Dough Room Product No. 64 North Park Lounge 16 oz.
F-1377-2022,"Finest Traditions Smokey Baked Beans, #1038700,  Net Wt 8 lb (3.63 kg)  Keep Refrigerated   UPC 10 7 33147 10231 9.   Distributed By:  DBC Foods, St Cloud, MN  56302"
F-0157-2023,Similac 360 Total Care/Similac 360 Total Care Sensitive Discharge Kit  2 fl oz reclose able plastic bottle  Packaged as: 6 count kit
F-1206-2022,ELITE MINI PESEK ZMAN CLASSIC UPC: 815871015233	NET WT. 14.11 (400 g)
F-0819-2022,Rum in Your Face
F-0868-2022,Rosarita Organic Refried Beans  Multipack carton containing 8 - 16oz cans
F-0746-2022,Dole 13.25oz Country Ranch Kit  UPC:0-71430-01730-2  SKU: 761
F-0296-2023,Greco and Sons Dough Room Product No. 9009 Teresa's 9 oz.; Greco and Sons Dough Room Product No. 9012 Teresa's 12 oz.; Greco and Sons Dough Room Product No. 9020 Teresa's 22 oz.; Greco and Sons Dough Room Product No. 9046 Teresa's 48 oz.
F-1808-2022,"HyVee Oven Baked Beans in 16 OZ plastic containers (UPC 0075450500640, 12 retail units per case)"
F-0956-2022,Abbott Similac Alimentum Eye Q Plus 400g. can. Abbott Alimentum Eye Q 400g. can. Abbott Alimentum Eye Q Hypoallergenic 400g. can.  6 cans per case.     Item numbers:  6208407  6208418  6208481  6208482  6208483    Retail UPCs:   070074110431  070074123905  070074110356  070074111834  070074110271
F-0925-2022,Abbott Similac Advance Step-2 22.5oz. plastic jar.  6 jars per case.  Abbott Similac Advance 34oz. can. 6 cans per case.  Abbott Similac Pro-Advance 20.6oz. and 859g. plastic jar. 6 jars per case.    Item numbers:  6499113  6698313  6818113  6818313    Retail UPCs:   055325000808  055325001645  055325002864  055325002888
F-1208-2022,ELITE PESEK ZMAN  BLONDY  UPC:815871014243 NET WT. 1.59 oz (45 g)
F-0933-2022,"Abbott Similac Pro-Advance 20.6oz., 30.3oz., 34oz., and 658g plastic jar. 6 jars per case. 7oz. can. 6 cans per case.     Item numbers:  6720113  6720813  6726613  6818013  6818213  6832313    Retail UPCs:   055325002499  055325002543  055325002604  055325002819  055325002833  055325003069"
F-0161-2023,"Similac Total Comfort 2 fl oz reclose able plastic bottle  Packaged as: 12 - 4 packs in a case, 48 count case"
F-1384-2022,Wilton Rainbow Sprinkles Mix net wt 5.92 oz.  item number 710-0-0627
F-0924-2022,Abbott Similac Advance Step-1 22oz. plastic jar and 34 oz. can.  6 units per case.    Item numbers:  6499213  6698213    Retail UPCs:   055325000808  055325001638
F-0312-2023,Alsultan Sweets Mixed Baklava 12.3oz (350 grams) UPC: 629700099929/750 grams	UPC: 629700099912
F-1670-2022,"kate farms Standard  1.4 Cal/mL, Plain, Sole-Source Nutrition Formula.  325 mL (11 fl oz) UPC  8 11112-03001 0.  12 count case UPC 00811112030027.  Shake Well.  A ready-to-use oral and tube feeding formula.  Made for Kate Farms, Inc., 101 Innovation Place, Santa Barbara, CA  93708"
F-1709-2022,Gourmet Burger Roll 12-pack (033474501322)
F-0779-2022,Kroger 12 oz Classic Garden   UPC: 0-11110-91036-3  SKU: 3007
F-0140-2023,"Earth Grown Vegan Traditional Falafel NET WT 12 OZ (340g), 12 pieces  UPC:4 0991002 24337"
F-1567-2022,"Enjoy Life Chewy Bars   Sunseed Crunch, 5.75 oz UPC 853522000627"
F-1710-2022,SPR Roll 12-pack (033474501339)
F-0012-2023,"Hatch Chile Guacamole Blender, NET WT, 9 OZ (255g), Dist. By: Renaissance Food Group LLC 4322 Moreland Ave. Conley, GA 30288, UPC, 8 26766 14454 5"
F-1582-2022,"Homemade Bofrot/Puff Puff mix, Pegroks Kitchen  24 ounce packages - 12 packages per case  packaged in purple mylar bags"
F-0401-2023,Elsa kolo Yegbes Kolo Belewez
F-1708-2022,Gourmet Junior Burger Roll 12-pack (033474501308)
F-0298-2023,Greco and Sons Dough Room Product No. 61 Dad's 8 oz.; Greco and Sons Dough Room Product No. 62 Dad's 16 oz.
F-0072-2023,"Amla Alcohol-Free Extract, 2 oz. glass bottle, UPC 041979376093 and Amla Alcohol-Free Extract, 4 oz. glass bottle, UPC 041979376116, Secrets of the Tribe LLC, PO Box 5264, Denver, CO, 80217"
F-1315-2022,"RoRo's Dinn-A-Rolls, 10oz UPC:  86945900031 packaged in a pan and wrapped in plastic 4 pans per case"
F-1716-2022,Split Top Burger Roll 12-pack (033474503777)
F-0928-2022,Abbott Similac Total Comfort 638g. plastic jar and 8oz. can.  6 units per case.  Abbott Similac Advance Step-2 34oz. can. 6 cans per case.    Item numbers:  6635013  6635113  6698413    Retail UPCs:   055325626602  055325626626  055325001652
F-0753-2022,Dole 9.8oz Chopped Teriyaki Pineapple Kit  UPC:0-71430-00100-4  SKU: 791
F-0159-2023,Similac 360 Total Care Sensitive with Nipples 2 fl oz reclose able plastic bottle  Packaged as: 4 - 6 count carton
F-1102-2022,"Dawson Food Products Belgian Style Waffle Mix, 5 lbs. bag, bag UPC 758162120844, item code D6000A0; 6, 5 lbs. bags per case"
F-0971-2022,1. Wegmans 32oz Pineapple Spears  2. Fresh Harvest 18oz Pineapple Spears  3. Fresh Harvest 6# Pine Bucket  4. Tops Small Pineapple  5. Lexington Co-op 10oz Pineapple chunks  6. Lexington Co-op 32oz Pineapple Spears  7. EDU Kids 2 oz. Pineapple tidbits
F-0921-2022,Abbott Similac Total Comfort 12.6oz. can.  6 cans per case.    Item numbers:  6259962    Retail UPCs:   070074119953
F-1719-2022,B & W Gourmet Burger Roll 12-pack (033474504644)
F-1232-2022,ELITE TORTIT UPC:815871012201	 NET WT. 1.4OZ (40 g)
F-1663-2022,"Abbott PediaSure Harvest 1.0 Cal, For Tube Feeding.  Complete nutrition blend.  8 fl oz (237mL).  UPC  0 70074-67963 1.  24 count case UPC 00070074679624.  Shake very well.  Store unopened at room temperature.  Once opened, reclose, refrigerate, and use within 24 hours.  Manufactured for Abbott Nutrition, Abbott Laboratories, Columbus, Ohio  43219-3034."
F-0001-2023,Coca-Cola Classic 12 FL OZ  metal Can UPC 04963406 packaged in cardboard 12 pack fridge pack
F-0954-2022,Abbott Similac Alimentum 400g. can.  6 cans per case.     Item numbers:  5705806    Retail UPCs:   8699548994869
F-0825-2022,"LUPAG brand Plain Dried Salted Plums, net wt. 0.5oz, pre-priced at $.99 packaged in transparent poly bags sealed with a cardboard header, stapled one dozen packages on a cardboard strip. UPC 7 25535 01133 7.    Ingredients: Dried Prunes, salt. Origin: Taiwan or China  Rojas Incorporated Los Angeles, CA 90023"
F-0773-2022,Dole 13.25  Country Ranch Kit  UPC: 0-71430-01730-2  SKU: 761
F-0014-2023,"Large Mild Chunky Guacamole, NET WT, 13 OZ (368g), Dist. By: Renaissance Food Group LLC 4322 Moreland Ave. Conley, GA 30288, UPC, 8 26766 19053 ?"
F-0744-2022,Dole 12oz  American  UPC:0-71430-00933-8  SKU: 43
F-1707-2022,Soft Dinner Roll No Seeds Unsliced 24-pack (033474400960)
F-1234-2022,ELITE NIMNIMS	UPC:815871015097 & 815871015660 	NET WT. 1.4Zoz (40 g) & 5.99oz (170g)
F-1135-2022,"Cosmic Crunch Bites By Twisted, Delta 8 1000mg 25 mg per piece, 40 pieces 446g"
F-0752-2022,Dole 9.1oz Peppercorn Ranch Chopped Kit   UPC: 0-71430-00093-9  SKU: 728
F-0227-2023,"PIETRZYK PIEROGI THE HOLY GOUDA PIEROGI, NET WT. 26.5oz (742g), 1 DOZEN UPC 850014236069"
F-1669-2022,"kate farms Nutrition Shake, Vanilla.  11 fl oz (325 mL) UPC  8 11112-03058 4.  12 count case UPC 00811112030591.  Shake Well.  After opening, refrigerate and use within 4 days.  Made for Kate Farms, Inc., 101 Innovation Place, Santa Barbara, CA  93708"
F-1575-2022,"Abbott Jevity Complete, Balanced Nutrition with Fiber Ready to Hang enteral feeding container 1.5 Cal (for tube feeding) 1000 mL   8-33.8 FL OZ (1L) Bottles   270 FL OZ (8L) Liter   UPC: 7007462681  62681"
F-1200-2022,ELITE PESEK ZMAN  BIG BITE UPC: 815871010184 Net Wt. 1/94 oz (55g)
F-1081-2022,"Hippie Organics- French Beans, 1Lb, UPC 1588701137"
F-1216-2022,ELITE MINI SNAP	UPC:77245108303 NET WT. 14.11oz (400 g). Snap bar.
F-0767-2022,Dole 11 oz  Greener Selection / Selection de Verdure  UPC: 0-71430-00965-9  SKU: 695
F-1665-2022,"kate farms Pediatric Peptide  1.0 Cal/mL, Vanilla, Sole-Source Nutrition Formula.  250 mL (8.45 fl oz) UPC  8 11112-03052 2.  24 count case UPC 00811112030539.  A Oral and Tube Feeding Formula.  Specifically designed for children ages 1-13 years old.  Not suitable for infants less than 1 year old.  Shake vigorously.   Made for Kate Farms, Inc., 101 Innovation Place, Santa Barbara, CA  93708"
F-0747-2022,Dole 13oz Southwest Kit   UPC:0-71430-01701-2  SKU: 2776
F-1512-2022,Simply Nature Organic Spring Mix 16 oz.  Marketside Spring Mix 11 oz. and 5 oz.
F-1202-2022,ELITE MINI PESEK ZMAN CLASSIC UPC: 77245108310 NET WT. 14.11 oz (400g)
F-0766-2022,Dole 10 oz  Very Veggie / Ranache de Legumes  UPC: 0-71430-01008-2  SKU: 2684
F-1153-2022,"Craftology Where You Bean, Baby? Baked Beans, 14oz. UPC 8-55034-00692-0; 6 x 14oz. per case UPC 8-55034-00691-3  Busch s Baked Beans, 10lbs food service case only, UPC 8-55034-00622-7."
F-0852-2022,Nature's Eats Balance Hearty Mix 16 oz. UPC 832112003842 packaged in cello bag 5 bags per case
F-0778-2022,Kroger 12 oz American Blend  UPC: 0-11110-91041-7  SKU: 3003
F-1533-2022,Vicks Children's Botanicals Liquid Daytime/Nighttime Combo Pack  4oz plastic bottles
F-1278-2022,CB1102052 BOCATA ESPECIAL CASERO'S
F-1748-2022,"ANKUR Golden Raisin; 14 Oz (400 gm); UPC Code 8904 1740 10327; packaged in clear plastic bag, 20 bags per wholesale case"
F-0742-2022,Dole 10oz  Very Veggie  UPC: 0-71430-01008-2  SKU: 532
F-0775-2022,Dole 9.1 oz  Peppercorn Ranch / Ranch et Poivre  UPC: 0-71430-00098-4  SKU: 1011
F-1732-2022,California crunch roll (9.6 oz) with expiration 08/12/2022
F-0162-2023,Similac Special Care 2 fl oz reclose able plastic bottle  Packaged as: 4 count carton
F-1578-2022,PICS Ground Cinnamon NET WT 16 OZ (453g) UPC 4173505270
F-0297-2023,"Greco and Sons Dough Room Product No. 92 House of 1000 10 oz.; Greco and Sons Dough Room Product No. 81 House of 1000 15 oz.; Greco and Sons Dough Room Product No. 37 Handlebar 27 oz.; Greco and Sons Dough Room Product No. 38 Handlebar 23 oz.; Greco and Sons Dough Room Product No. 39 Handlebar 18 oz.; Greco and Sons Dough Room Product No. 41 Handlebar 13 oz.; Greco and Sons Dough Room Product No. 43 Handlebar 10 oz.; Greco and Sons Dough Room Product No. 57 ""00"" 9 oz."
F-0859-2022,"Salted Dried Plums, 500kgcartons, 20kgs plastic bag/carton"
F-0109-2023,JOAN OF ARC	2.2 lb Joan of Arc Peppercorn Wheel no UPC
F-0828-2022,"Dried salted plum, packaged in 22 lbs. carton.  Product of China."
F-0316-2023,Wegmans Organic Farm & Orchard Micro Greens; 1.75 oz
F-1713-2022,B & W Sweet Burger Roll 12-pack (033474502947)
F-1219-2022,Elite Mini Snap (No Added Sugar) UPC: 815871016865 NET WT. 7.76oz (220 g). Snap bar.
F-0780-2022,Kroger 12 oz Veggie Blend  UPC: 0-11110-91048-6  SKU: 3013
F-1658-2022,"Rejuvenate Muscle Health+ Vanilla.  11 fl oz. (330mL)  UPC 6 29046-50402 2.  Serve Cold, shake well.  Manufactured exclusively for Element Nutrition, Ltd., 1887 Whitney Mesa Dr. #6020, Henderson, NV  89014.   4-count Case UPC 629046544028."
F-1221-2022,ELITE TAAMI WHITE  UPC:815871015325	NET WT. 1.4oz (40g). Taami Bar. Red label.
F-1534-2022,Vicks Children's Botanicals Liquid Daytime  4oz plastic bottle
F-0164-2023,Similac Stage 1 (Export Dominican Republic) 2 fl oz reclose able plastic bottle  Packaged as: 48 count case
F-1404-2022,"50# (pound) Domino Light Brown Sugar.  This is packaged in bags made of multiple ply kraft paper, and a poly liner.  product number is 403350"
F-0950-2022,Abbott EleCare Junior Vanilla 14.1oz. can and Abbott EleCare Jr Similac Vanilla 14.1oz. can.  6 cans per case.     Item numbers:  56585  5658557    Retail UPCs:   070074565866  070074116723
F-1275-2022,CB1101004 BAGUETTE SUPER and CB1101005 BAGUETTE SUPER (34 u.)
F-1706-2022,Finger Roll 24-pack (033474400885))
F-1664-2022,"Abbott PediaSure Harvest 1.0 Cal, For Tube Feeding.  Complete nutrition blend.  8 fl oz (237mL).  UPC  0 70074-67963 1.  24 count case UPC 00070074679624.  Shake very well.  Store unopened at room temperature.  Once opened, reclose, refrigerate, and use within 24 hours.  Manufactured for Abbott Nutrition, Abbott Laboratories, Columbus, Ohio  43219-3034."
F-0010-2023,"Fiesta Corn, NET WT, 10 OZ (283g), Dist. By: Renaissance Food Group LLC 4322 Moreland Ave. Conley, GA 30288, UPC, 8 26766 18462 ?"
F-1220-2022,ELITE TAAMI UPC:815871010153	NET WT. 1.4oz (40g). Taami Bar. Red label.
F-0776-2022,Dole 9.1 oz  Peppercorn Ranch Chopped Kit  UPC: 0-71430-00093-9  SKU: 728
F-0948-2022,"Abbott EleCare, EleCare LCP Hypoallergenic, Similac EleCare 400g. can. 6 cans per case.     Item numbers:  5351034  5351066  5351039  5351077    Retail UPCs:   17703186031461  9340104000706  17501033957748  070074119281"
F-1705-2022,Similac Alimentum packaged in 32 fluid ounce re-closable plastic bottles 6 bottles per case
F-0085-2023,Chilean Seabass (fillets and portions) packed in 10-50 lb. corrugated cardboard or Styrofoam boxes
F-0045-2023,"Mother's Touch Complete Nutrition for New Babies Net WT. 13.8 OZ (391.6g) packaged in a white plastic circular container, 6 units per case"
F-1277-2022,CB1102006 BOCATA 120
F-1711-2022,Seeded SPR Roll 12-pack (033474501360)
F-0770-2022,Dole 13 oz Asian Island Crunch / Croustillante Des Iles Asiatiques  UPC: 0-71430-01721-0  SKU: 930
F-1718-2022,Sunset Burger Roll 12-pack (033474504187)
F-1497-2022,Valentine Gift Box. Net wt. 7.5 oz. PLU Code: 788394 17700 2.
F-0781-2022,Kroger 24 oz Classic Garden   UPC: 0-11110-91037-0  SKU: 3009
F-0768-2022,Dole 12 oz  American / Melange Americain  UPC: 0-71430-00933-8  SKU: 687
F-0019-2023,"Mild Guacamole Blender, NET WT, 9 OZ (255g), UPC 8 26766 14434 ? and 13 OZ (368g), Dist. By: Renaissance Food Group LLC 4322 Moreland Ave. Conley, GA 30288, UPC 8 26746 19045 4"
F-0926-2022,Abbott Similac Sensitive Lactose Sensitivity 22oz. plastic jar.  6 jars per case.    Item numbers:  6499813    Retail UPCs:   055325001218
F-0082-2023,Domino and C&H Granulated Pure Cane Sugar Easy Baking Tub packaged in 3.5lb plastic tubs 6 tubs per case
F-0789-2022,Marketside 12 oz Crisp Greens   UPC: 6-81131-35503-2  SKU: 3265
F-1230-2022,ELITE MIX MINI UPC:815871012966 NET WT. 6.7oz  (190 g). Mixed bag.
F-1201-2022,ELITE PESEK ZMAN CLASSIC UPC:815871010146	Net Wt. 1.59 oz (45g)
F-0104-2023,"Food Sweet Pumpkin Pesto Net Wt. 6 oz (169g) jar, UPC 6 19193 00144 4 Manufactured by Bella Cucina Artful Food Atlanta, GA 30310"
F-1274-2022,CB1101001 BARRA XXL
F-0025-2023,"Spicy Guacamole Blender, NET WT, 9 OZ (255g), Dist. By: Renaissance Food Group LLC 4322 Moreland Ave. Conley, GA 30288, UPC, 8 26766 14436 5"
F-1717-2022,Brioche Style Burger Roll 12-pack (033474504170)
F-0758-2022,Marketside 12oz Crisp Greens  UPC: 6-81131-35503-2  SKU: 3265
F-1629-2022,"MRE Vanilla Protein Shake.  Whole Food Protein High protein shake.  11 FL OZ (325mL) Tetra Pak.    UPC 8 10044-57390 9.  4-count case UPC 810044573954.     Refrigerate after Opening.     Distributed by:  Redcon1, LLC, 701 Park of Commerce Blvd, Boca Raton, FL  33487"
F-0810-2022,"Food products purchased from Family Dollar retail stores located in Alabama, Arkansas, Louisiana, Mississippi, Missouri and Tennessee"
F-0743-2022,Dole 11oz Greener Selection  UPC: 0-71430-01008-2  SKU: 34
F-0102-2023,"Bella Cucina Artful Food Sweet Pepper Pesto Net Wt. 3 oz (84.5g) jar, UPC 6 19193 00233 5 Manufactured by Bella Cucina Artful Food Atlanta, GA 30310"
F-0187-2023,"Taylor Farms Jicama Sticks, Refrigerated & Ready To Eat product, packaged in a clear plastic clamshell container, net wt. 14 oz.  Distributed by Taylor Farms NW Kent, WA 98032. UPC 30223 11248."
F-0022-2023,"Small Medium Hatch Chile Pico do Gallo, NET WT, 9 OZ (255g), Dist. By: Renaissance Food Group LLC 4322 Moreland Ave. Conley, GA 30288, UPC 8 26766 19062 1"
F-0818-2022,Margarita Splash
F-0801-2022,Diastatic Malt Powder 50lb bag - up to 50 bags per pallet Malt Products Corporation
F-1792-2022,"""A&W Root Beer Zero Sugar"" packaged in 20oz PET bottles. UPC: 00-0-78000-05340-1"
F-0071-2023,"Rocky Road Trail Mix, 20 oz  UPC: 021130 162550  Store in refrigeration for freshness.  Distributed by Better Living Brands, LLC, OP Box 99, Pleasanton, CA 94566"
F-0163-2023,Similac Stage 1 (Export Colombia) 2 fl oz reclose able plastic bottle  Packaged as: 48 count case
F-0027-2023,"3 Skewer Veggie Kabobs, NET WT, 1 LB 6 OZ (623g), Dist. By: Renaissance Food Group LLC 4322 Moreland Ave. Conley, GA 30288, UPC, ? 26766 19008 ?"
F-0262-2023,Take & Toast Sourdough Waffles UPC 44216-26602 packaged in clear flexible plastic bag
F-0929-2022,"Abbott Similac EleCare HMO, Abbott Similac EleCare, Abbott EleCare Similac Gold, Abbott EleCare Similac 400g can. 6 cans per case     Item numbers:  6676006  6676012  6676021  6676025  6676030  6676045  6676053  6676057    Retail UPCs:   8699548995217  0070074124155  0070074123851  0070074120195  070074120850  070074122502  0070074120157"
F-0313-2023,Alsultan Sweets Betefour 10.5oz (600 grams)	 UPC:6297000999739
F-0299-2023,Greco and Sons Dough Room Product No. 15 FRZN DOUGH 6 oz.; Greco and Sons Dough Room Product No. 16 FRZN DOUGH 8 oz.; Greco and Sons Dough Room Product No. 18 FRZN DOUGH 10 oz.; Greco and Sons Dough Room Product No. 26 FRZN DOUGH 12 oz.; Greco and Sons Dough Room Product No. 19 FRZN DOUGH 14 oz.; Greco and Sons Dough Room Product No. 32 FRZN DOUGH 16 oz.; Greco and Sons Dough Room Product No. 33 FRZN DOUGH 15 oz.; Greco and Sons Dough Room Product No. 104 FRZN DOUGH 20 oz.; Greco and Sons Dough Room Product No. 34 FRZN DOUGH 22 oz.; Greco and Sons Dough Room Product No. 59 FRZN DOUGH 24 oz.; Greco and Sons Dough Room Product No. 14 Aviva 12 oz.; Greco and Sons Dough Room Product No. 60 FRZN DOUGH 30 oz.
F-1354-2023,"San Marco Premium Dough on Parchment: packaged as 8in, 14in"
F-0787-2023,"PROSANTE TSOYFLR 10P MNCD 50LB BG, paper bag"
F-0792-2023,"PROSANTE TVGPTN 12BF7 MNCD 50LB BG/36P, paper bag"
F-1049-2023,A89471	BATTER MIX   X1	50.00	BAG
F-0665-2023,"Stir-Fried Kimchi distributed in un-labeled plastic containers 12oz.  Containers were then labeled at H-mart, G-mart, or M2M retail store."
F-0403-2023,"Cayenne Pepper  1 pound jars, and 5 pound jars"
F-1028-2023,A21470	BATTER MIX X1	50.00	BAG
F-0796-2023,"PROSANTE SOYFLR 3038P FLK 50LB BG, PROSANTE TSOYFLR 3038P FLK 50LB BG/18P, paper bags"
F-1402-2023,"Trader Joe's Fully Cooked Falafel Heat & Eat NET WT. 12 OZ (340g) Distributed and Sold Exclusively By: Trader Joe's Monrovia, CA 91016  UPC 0093 9355"
F-0787-2024,RTB MIXED DANISH Variety
F-1027-2023,A21219	BATTER MIX X1	50.00	BAG
F-0875-2023,Kajitani food cigar fry  110g UPC: 4901332108289
F-1639-2023,Tropical Flute / Pre-Cut 12 Slices; parve; 1 PACK; UPC: 0-91404-15243-3
F-0981-2023,"TETAS Mireya, SABOR Nutella"
F-0959-2024,Quaker Chewy Mini Dipps Summer Night S'mores 12ct 8.9 oz Bars are individually wrapped in plastic and then packaged in paperboard boxes.
F-0673-2023,"Wild Leek distributed in un-labeled plastic containers 8oz and 12oz.  Containers were then labeled at H-mart, G-mart, or M2M retail store."
F-1063-2023,B22084	BATTER MIX X1	50.00	BAG
F-1216-2023,S18965	WIENER AND BOLOGNA D/R S140 X1	44.30	BAG
F-1071-2023,B28916	BATTER MIX    X1	50.00	BAG
F-0566-2024,"Wilcox Premium Eggnog in 1.5QT, Quart, and Pint sizes"
F-0861-2023,Ajikal 44g Kotsubukko  4 series UPC: 4510656600708
F-0060-2024,"Orchard Bistro, Caprese Baguette, Net . Wt. 8.25 Oz. Single Serving, Keep refrigerated"
F-0559-2023,"Fresh Creative Cuisine, Marble Loaf, Net . Wt. 3.5 Oz. Single Serving, Keep refrigerated"
F-1059-2023,A98164	PREDUST   X1	50.00	BAG
F-0642-2023,Kurata Menzo Meatfree Tonkotsu Ramen Dry  2P 238.8g UPC: 4906436004932 Made in Japan
F-0788-2023,"PROSANTE TSOYFLR 3P MNCD 50LB BG, paper bag"
F-0989-2024,Quaker Oatmeal Squares Brown Sugar 14.5 oz; 21 oz; 43.5 oz 3 Pack; 29 oz 2 Count
F-0982-2024,Cap'n Crunch Treats Bars Variety Pack 0.84 oz 32 Count;
F-0176-2024,"Orchard Bistro, Italiano Everything Ficelle, Net . Wt. 7.25 Oz. Single Serving, Keep refrigerated"
F-0551-2024,"Wilcox Premium Pumpkin in 1.5QT, Quart, Pint, and 3 Gallon sizes"
F-1404-2023,"VEROCCA, Locally Handmade, ALFAJOR"
F-1203-2023,S09588	SAVORY MARINADE            X1	50.00	BAG
F-1126-2023,G27424	SMOKY INJECTION  X2	50.00	BAG
F-1223-2023,"Cargill Tripotassium Citrate Monohydrate packaged in 50 lb. paper bag.  Product item: SKU 100105392, TPC GNLR 50LB BG KH FCC"
F-1456-2023,FANTA ZERO SUGAR orange 20 FL OZ (1.25 PT) 591 mL UPC 0 49000 04143 9 THE COCA-COLA COMPANY
F-0118-2024,"Fresh Creative Cuisine White Label, Gourmet Boxed Lunch 5-Part, Keep refrigerated"
F-0688-2023,Danncy Vainilla Pure Mexican Vanilla Extract Clear Gluten Free Produced by Juan Miguel Anzaldua Gutierrez NET 33.8 FL OZ (1.0L) UPC 7503000781137 packaged in clear plastic bottles and Danncy Vainilla Pure Mexican Vanilla Extract Gluten Free Produced by Juan Miguel Anzaldua Gutierrez NET 33.8 FL OZ (1.0L) UPC 7503000781106 packaged in clear plastic bottles
F-0825-2023,Revolution Farms Great Lakes Gourmet plastic 5oz Retail container UPC  856791008028 and 3lb bulk clear poly bag UPC 856791008066
F-0823-2023,Revolution Farms Green Sweet Crisp   plastic 5oz Retail container UPC  856791008141 and 3lb bulk clear poly bag UPC 856791008172 Revolution Farms Sweet Crisp Deli Leaf  plastic 5oz Retail container UPC  856791008189
F-0876-2023,Kimura burdock salt  40g UPC: 4972304293524
F-0279-2024,"Fresh Creative Cuisine White Label, Tuscan Panini, Case of 6, Keep refrigerated"
F-1213-2023,S17276	POT ROAST RUB      X3	50.00	BAG
F-0103-2024,"Fresh Creative Cuisine White Label, Fresh Cut Pineapple Chunks, Net . Wt. 7 Oz. Single Serving, Keep refrigerated"
F-0278-2024,"Quick & Fresh, Tuscan Panini, Net . Wt. 7.7 Oz. Single Serving, Keep refrigerated"
F-0477-2024,Diet Coke packaged in 12oz aluminum cans - 12 pack fridge pack
F-1046-2023,A83904	WENDY'S CLASSIC ENRICHED BATTER X1	50.00	BAG
F-0798-2023,"PROSANTE TSOYFLR 7P MNCD 25LB BG/40P, PROSANTE TSOYFLR 7P MNCD 50LB BG, 25 lb and 50lb paper bags"
F-1447-2023,Newly Weds Foods G25928  CURE 6.25% W/SALT W/O ADDITIVES X1 50lbs
F-0400-2024,"Ready Set Serve 2/5 LB CTN FRESH 3/16"" W/SLICE ""G"" CUT YLW W/ZIPPER"
F-0788-2024,"Pan de Racho (Feria), Net Wt. 2lbs, individually packaged in clear plastic bag."
F-0556-2023,"Fresh Creative Cuisine, Italian Super Hoagie, Net . Wt. 11.25 Oz. Single Serving, Keep refrigerated"
F-0943-2023,truControl W/Dynamine 60 ct
F-0760-2024,"Amish Wedding - Rotini Garden Medley packaged in 1lb, 2lb, and 5lb plastic containers"
F-0721-2023,61114	RS Trix BB
F-0058-2024,"Fresh Creative Cuisine White Label, Caprese Baguette, Net . Wt. 8.25 Oz. Single Serving, Keep refrigerated"
F-0944-2023,TruWeight and Energy Gen 2+ 60 Count
F-0538-2023,"Fresh Creative Cuisine, Fresh Cut Pineapple Chunks, Net . Wt. 7 Oz. Single Serving, Keep refrigerated"
F-1035-2023,A29365	BATTER MIX X2	50.00	BAG
F-1026-2023,A20180	BATTER MIX X4	50.00	BAG
F-0508-2024,"Wilcox Premium Vanilla; 4 oz Cup; UPC 0437260401;  Wilcox Premium Vanilla in 1.5QT, Quart, Pint, 3 Gallon, and 1 Gallon sizes"
F-1222-2023,"Cargill Trisodium Citrate Dihydrate packaged in 50 lb. paper bags and 2,000 lb. supersacks.  Product item ids:   1. SKU 100002299, TSC DIHYD FN 50LB BG 6132-04-3 KH FC 2. SKU 100105400, TSC DIHYD FN 2000LB RED HNDL SS KH 3. SKU 100106066, TSC DIHYD FN 2000LB RED HNDL SS KH FCC 4. SKU 100105370, TSC DIHYD GNLR 50LB BG KH FCC 5. SKU 100105374, TSC DIHYD GNLR 2000LB RED HNDL SS KH FCC"
F-0979-2023,"TETAS Mireya, SABOR Galleta Maria"
F-1108-2023,B97254	PREDUST   X1	50.00	BAG
F-0555-2023,"Fresh Creative Cuisine, Italian Hoagie, Net . Wt. 7.3 Oz. Single Serving, Keep refrigerated"
F-1165-2023,G90980	SAVORY MARINADE            X1	50.00	BAG
F-1675-2023,Viennese Crunch Bites; parve; 10 PACK / SINGLE; UPC: 0-91404-15262-4
F-0968-2023,"Jost Chemical Magnesium Citrate Tribasic Hydrate, USP, Powder, Net Wt 110 lb/ 50 kg packaged in bulk lined fiber drums"
F-0658-2024,"Gaw's Classic Italian sub 8oz, Foam Tray with Clear Plastic Wrap package,  UPC:1725600920"
F-0942-2023,reFORM
F-1682-2023,Tiramisu Dessert Cups; parve; 6 PACK / SINGLE; UPC: 0-91404-15314-0
F-0741-2023,"Matiz Piparra Peppers are packaged in a clear glass jar, net wt. 4lb. (1.8kg), drained wt. 25oz (700g).  Product is shelf stable. UPC 832924005768. Produced By Conservas Rubio - Navarra, Spain.   Imported By Matiz A Culinary Collective Company Lynnwood, WA."
F-1160-2023,G84672	PUTTANESCA MARINADE  X1	50.00	BAG
F-0373-2023,KASHIWADO Hitoritoiro Fly Beans Senbei UPC:4904036008213
F-1002-2023,"Julian's Recipe Original Cauli-Wafels, 7.41 oz."
F-0616-2024,"(No brand)	10 oz Mix Pico de Gallo w/Pineapple 3/8""	10	Ounce clamshell UPC 092538003233; Freshly Made	Pico de Gallo w/Pineapple Mix	10	Ounce clamshell UPC 092538003233; Market Cuts	10 oz Mix Pico de Gallo w/Pineapple 3/8""	10	Ounce clamshell UPC 092538003233"
F-1070-2023,B28524	BATTER MIX X3	50.00	BAG
F-1602-2023,Dried Longans
F-1205-2023,S11302	ROTISSERIE RUB             X2	15.00	CASE
F-0762-2023,Rajbhog Sweets Orange Jalebi Net Weight: 10 oz.  UPC 3542647018 packaged in a plastic container and in bulk sold by weight
F-1348-2023,"DOUBLEDAY'S Premium Dough on Parchment: packaged as 8in, 9in, 10in, 12 in"
F-0577-2023,"Fresh Creative Cuisine, Tuscan Panini, Net . Wt. 7.7 Oz. Single Serving, Keep refrigerated"
F-1640-2023,Adventures Twist / Pre-Cut 12 Slices; parve; 1 PACK; UPC: 0-91404-15244-0
F-1068-2023,B27968	BATTER MIX   X1	50.00	BAG
F-1162-2023,G85760	HOT AND SPICY MARINADE   X1	50.00	BAG
F-1147-2023,G62625	ADNE-ARC BLEND        X1	529.90	TOTE
F-1045-2023,A81139	BATTER MIX X1	50.00	BAG
F-0859-2023,Sunrise Mimosa
F-0988-2024,Quaker Oatmeal Squares Cinnamon 14.5 oz; 21 oz; 43.5 oz 3 Pack
F-0864-2023,Nitto Foods Immediately Pickled Dashi 5.5g x 2 Bags UPC: 4902362032100
F-0474-2023,"Bistro To Go, Cuban Baguette, Net Wt. 9 Oz. Single Serving, Keep refrigerated"
F-0826-2023,Revolution Farms Michigan Spring Mix plastic 5oz Retail container UPC  856791008004 and 3lb bulk clear poly bag UPC 856791008042 Revolution Farms Farmer's Mix 3lb bulk clear poly bag UPC 856791008134
F-1098-2023,B91407	CRISPY BREAKFAST PREDUST  X1	50.00	BAG
F-0999-2024,Quaker Chewy Dipps Llama Rama 6ct 6.3oz
F-0516-2023,"Bistro To Go, Tuscan Panini, Net Wt. 7.7 Oz. Single Serving, Keep refrigerated"
F-0526-2023,"Fresh Creative Cuisine, Caprese Baguette, Net . Wt. 8.25 Oz. Single Serving, Keep refrigerated"
F-0175-2024,"Fresh Creative Cuisine White Label, Italiano Everything Ficelle, Net . Wt. 7.25 Oz. Single Serving, Keep refrigerated"
F-1107-2023,B96504	PREDUST    X7	50.00	BAG
F-1298-2023,Plantation Candies Petite Misty Mints 10 lbs and 25 lb boxes Packaged in plastic bags inside cardboard boxes
F-0555-2024,"Wilcox Premium Peppermint in 1.5QT, Quart, Pint, and 3 Gallon sizes"
F-1277-2023,Fry Daddy's Jalapeno Party Mix 3.75oz and 12oz bags UPCs 860007991516 and 850047648013. 12 bags per wholesale case
F-0791-2023,"PROSANTE TVGPTN 12B MNCD 50LB BG, PROSANTE TVGPTN 12B MNCD 50LB BG 21/P, paper bag"
F-0947-2023,Truvy 7-Day Experience Kit
F-0789-2023,"PROSANTE TSOYFLR 5P MNCD 50LB BG/21P, PROSANTE TSOYFLR 5P MNCD 25LB BG, PROSANTE TSOYFLR 5P MNCD 50LB BG, PROSANTE TSOYFLR 5P MNCD 800LB TT; distributed paper bags and bulk totes"
F-1032-2023,A26584	BATTER MIX    X4	50.00	BAG
F-0494-2023,"Bistro To Go, Italiano Everything Ficelle, Net Wt. 7.25 Oz. Single Serving, Keep refrigerated"
F-1337-2023,"Pitted Prunes, May contain pits or pit fragments packaged in 5 pound bags"
F-0172-2024,"Fresh Creative Cuisine White Label, Italian Provolone Super Hoagie, Case of 6, Keep refrigerated"
F-1345-2023,"Mom Donisi's Premium Dough on Parchment: packaged as 7in, 8in, 9in, 10in (thin), 10in (regular), 12 in (thin), 12in (regular), 14in, 16in (thin), 16in (regular), 18in"
F-0545-2024,"Wilcox Premium French Vanilla in 1.5QT, Quart, Pint, and 3 Gallon sizes"
F-0784-2023,"PROSANTE TVGPTN 3018B FLK 50LB BG, paper bag"
F-1285-2023,Fry Daddy's Gluten Free Super Ranch Jalapeno Party Mix 10oz bag UPC 860007669590. 12 bags per wholesale case
F-0519-2024,Wilcox SUPER PREMIUM Super Java; 1.5 QT (UPC 04372601516) and Pint (UPC 04372601616)
F-0801-2023,"PROSANTE TVGPTN 10P MNCD 25LB BG/32P, paper bag"
F-1186-2023,I25574	SEAS SVR SLT FOR C	1.00	BAG
F-0969-2023,"Vital Proteins Collagen Peptides, retail 24oz plastic canister, UPC 8 57273 00866 6; 6 retail units per wholesale case"
F-1342-2023,"Valencia Orange Slices, Oranges, Sugar, Citric Acid, SO2 packaged in 5 pound bags"
F-1020-2023,"Everest Garam Masala, 100 grams,  Packaged in paper cartons. 120 cartons per case"
F-0641-2023,Igarashiseimen Kitakata Spicy Umakara Ramen   UPC: 4967448174211 Made in Japan
F-0493-2023,"Bistro To Go, Italian Hoagie, Net Wt. 7.3 Oz. Single Serving, Keep refrigerated"
F-1034-2023,A28460	BATTER MIX X1	50.00	BAG
F-0799-2023,"PROSANTE TVGPTN 7B MNCD 50LB BG, paper bag"
F-1185-2023,G99074	SMOKE MARINADE             X1	50.00	BAG
F-0808-2024,Shennongyuan Dried Longan  packaged in a silver metal box bulk 18kgs
F-0774-2024,Neiman Marcus Christmas Petit Fours 24pc
F-1031-2023,A23817	W CLASSIC BATTER     X2	50.00	BAG
F-1094-2023,B58956	PREDUST   X1	40.00	BAG
F-0980-2023,"TETAS Mireya, SABOR Ferrero"
F-0761-2023,Rajbhog Sweets Yellow Jalebi Net Weight: 10 oz.  UPC 3542647018 packaged in a plastic container and in bulk sold by weight
F-0946-2023,Truvy 30-Day Experience Kit
F-0078-2024,"Fresh Creative Cuisine White Label, Club Sub, Case of 6, Keep refrigerated"
F-1138-2023,G39224	POWDERED WORCESTERSHIRE  X2	33.60	BAG
F-0549-2024,"Wilcox Premium Catamount Tracks in 1.5QT, Quart, Pint, and 3 Gallon sizes"
F-1681-2023,Smores Dessert Cups; parve; 6 PACK / SINGLE; UPC: 0-91404-15312-6
F-1685-2023,Frubic Scube; parve; 6 PACK / SINGLE; UPC: 0-91404-15301-0
F-0923-2023,"ROBINSON FRESH COLLARD GREENS, 16 OZ, UPC:0-95829-60006-7. Packaged  in sealed plastic bags, 8 in a case. GIANT COLLARD GREENS, 16 OZ, UPC: 6-88267-05311-5. Packaged  in sealed plastic bags, 8 in a case."
F-1029-2023,A21855	BATTER MIX X3	50.00	BAG
F-0669-2023,"Perilla Leaves in Soybean Paste distributed in un-labeled plastic containers 12oz.  Containers were then labeled at H-mart, G-mart, or M2M retail store."
F-0623-2023,ENFAMIL PROSOBEE PWD 12.9OZ (6CAN) US
F-1679-2023,Biscoloti Dessert Cups; parve; 6 PACK / SINGLE; UPC: 0-91404-15311-9
F-0729-2023,61288 Mini Animal Graham Cinnamon SB
F-1116-2023,G07783	SAVORY INJECTION          X5	50.00	BAG
F-1005-2023,"1. VIT-RA-TOX Calphonite #38, 15 Fl. oz. (444 ml) in an amber glass bottle;  2. Sonne's Calphonite #2, 15 Fl. oz. (444 ml) in an amber glass bottle"
F-1494-2023,"Zespri Organic Green Kiwi, product of New Zealand, perishable, packaged in plastic clamshell, net wt. 1lb. UPC 818849020093. Distributed by The Oppenheimer Group, 180 Nickerson Street, Suite 211 Seattle WA.  Zespri Organic Green Kiwi, product of New Zealand, perishable, packaged in plastic clamshell, net wt. 3lb, item #7953."
F-0374-2023,KASHIWADO Hitoritoiro Fly Beans Senbei UPC:4904036008213
F-0983-2023,"TETAS Mireya, SABOR Galleta Oreo"
F-1332-2023,Turkish Apricots Sulfur Dioxide Added packaged in 5 pound bags; Diced Apricots Sulfur Dioxide Added packaged in 5 pound bags;
F-0781-2023,"PROLIA SOY FLR 200/20 STD BLK, PROLIA SOY FLR 200/70 STD BLK, PROLIA SOY FLR 300/70 NT BLK, PROLIA SOY FLR 100/20 STD 1MT TT, PROLIA SOY FLR 100/90 STD 1500LB TT, PROLIA SOY FLR 100/90 NT 50LB BG, PROLIA SOY FLR 200/20 XTRA 50LB BG NGM,  PROLIA SOY FLR 200/20 STD 50LB BG, PROLIA SOY FLR 200/70 STD 50LB BG,  PROLIA SOY FLR 200/70 NT 2000LB TT, PROLIA SOY FLR 200/70+15 STD 50LB BG,  PROLIA SOY FLR 90 STD 2000LB TT, PROLIA SOY FLR 200/70 NT BLK,  PROLIA SOY FLR 200/20 XTRA 50LB BG, PROLIA SOY FLR 100/20 STD BB, PROLIA SOY FLR 200/70 STD 50LB BG NGM, PROLIA SOY FLR 200/20 NT 2000LB TT, PROLIA SOY FLR 200/70 2000LB TT NGM; distributed in bulk, bulk bag, and 50 pound paper bags."
F-1019-2023,"Everest Sambhar Masala, 100 grams, Packaged in paper cartons. 120 cartons per case"
F-1140-2023,G41367	SAVORY MARINADE            X1	50.00	BAG
F-0852-2023,Midnight Bonbon
F-0934-2023,"Meijer Sweet & Salty Trail Mix 12oz. pouch, UPC 7 08820 10371 9"
F-0807-2024,Fat Choy Kee Dried Longan
F-1030-2023,A23168	BATTER MIX    X2	50.00	BAG
F-0470-2024,"Chickpea Veggie Crisps, Net Wt. 6 1/4 oz (177.1g), UPC: 02840020646"
F-1353-2023,WMU Premium Dough on Parchment: packaged as 14in
F-1095-2023,B59061	WENDY'S CLASSIC ENRICHED PREDUST X1	50.00	BAG
F-0171-2024,"Dietz & Watson, Italian Provolone Half Sub, Single Serve, Keep refrigerated"
F-0752-2023,"Our Family White Hot Dog Enriched Buns, 8 count 12oz. retail unit UPC 0-70253-75107-3"
F-1699-2023,The Crooked Row - Nkratable  4.5g per bite - 3 bites per pack
F-0479-2023,"Bistro To Go, Fresh Cut Pineapple Chunks, Net Wt. 7 Oz. Single Serving, Keep refrigerated"
F-0865-2023,Mangetsu Ebisen  54g UPC: 4901053011370
F-0860-2023,Ajikal Age Ichiban  97g UPC: 4510656600906
F-0941-2023,TruControl 7 Day Trifold
F-0800-2023,"PROSANTE TVGPTN 12BF MNCD 50LB BG/36P, paper bag"
F-1069-2023,B28336	BATTER MIX X1	50.00	BAG
F-1018-2023,"Maggi Masala ae Magic, 6 grams, Packaged in plastic sachets. 1920 sachets per case."
F-0479-2024,Sprite packaged in 12oz aluminum cans - 12 pack fridge pack
F-1336-2023,Currants packaged in 5 pound bags
F-1224-2023,"Havasu Beetroot Powder, 11.5 oz."
F-1282-2023,Fry Daddy's Gluten Free Jalapeno Party Mix 10oz bag UPC 860007669552. 12 bags per wholesale case
F-1662-2023,Kleina Bites; parve; 12 PACK / SINGLE; UPC: 0-91404-15148-1
F-0845-2023,Champagne Sparkle
F-0185-2024,"Fresh Creative Cuisine White Label, Mediterranean Veggie Pinwheel, Single Serving, Keep refrigerated"
F-1034-2024,Lian Sheng Dried Plum; 5.8oz (165g); packaged in clear plastic bottle; UPC 6928580581396
F-1383-2023,FABRIQUE' EN CORSE TOMME CORSE AU LAIT DE BREBIS***ANTOINE OTTAVI FROMAGER***aFFINAGE 3 A' 5 MOIS SARL Fromagerie Ottavi 20240 Ghisonaccia Corsica
F-1237-2023,"Coca Cola Ultimate; packaged in 20oz PET bottles, 24 loose bottles per case  *Product incorrectly labeled as Coca Cola Ultimate Zero Sugar"
F-0230-2024,"Quick & Fresh, Spicy Italian Super Hoagie, Net Wt. 11.25 Oz. Single Serving, Keep refrigerated"
F-1133-2023,G35124	TERIYAKI JERKY SCTP	43.75	CASE
F-0722-2023,61119	RS Cinnamon Toast Crunch BB
F-0557-2023,"Fresh Creative Cuisine, Italiano Everything Ficelle, Net . Wt. 7.25 Oz. Single Serving, Keep refrigerated"
F-0982-2023,"TETAS Mireya, SABOR Toddy"
F-0310-2024,"Fine Sconehenge Baking Company, ENGLISH SCONE, individually sealed plastic bag"
F-0945-2023,TruWeight and Energy Gen 2+ Trifold
F-1117-2023,G0AG39	PIERRE CHOP SIRLOIN        X3	50.00	BAG
F-0610-2023,Soybean Lecithin Powder Packaged in 44 lb. (20 kg.) boxes
F-1297-2023,"Zinc Sulfate Monohydrate, USP, Powder.  Net Wt: 55 lb / 25 kg.  Jost Chemical 8150 Lackland, St. Louis, MO  63114.  Caution:  For Manufacturing, Processing, or Repacking."
F-1339-2023,Black Mission Figs Potassium Sorbate packaged in 5 pound bags
F-0645-2024,HMC Farms Plums 2lb Gusset Bag
F-0401-2024,"Ready Set Serve 2/5LB CTN FRESH 3/16"" STRIP SLIVERED ""G"" W/ZIPPER"
F-0954-2024,Quaker Chewy Bars Variety Pack 8ct 6.7 oz; 14ct 11.8 oz; 58ct 48.7 oz; 1ct 0.84 oz; 440ct 369.6 oz; 18ct 15.1 oz; 30ct 25.2 oz ;36ct 30.2 oz; 48ct 40.3 oz; 60ct 50.4 oz .  Bars are individually wrapped in plastic and then packaged in paperboard boxes or totes.
F-1281-2023,Fry Daddy's Gluten Free Original Party Mix 10oz bag UPC 860007669545. 12 bags per wholesale case
F-0174-2024,"Quick & Fresh, Italian Super Hoagie, Single Serve, Keep refrigerated"
F-0170-2024,"Quick & Fresh, Italian Hoagie, Single Serve, Keep refrigerated"
F-1065-2023,B22562	BATTER MIX X1	50.00	BAG
F-0505-2023,"Bistro To Go, Spicy Italian Super Hoagie, Net Wt. 11.25 Oz. Single Serving, Keep refrigerated"
F-0795-2023,"PROSANTE TVGPTN 10PF MNCD 50LB BG/36P, paper bag"
F-1167-2023,G92192	WING MARINADE              X1	40.00	BAG
F-1283-2023,Fry Daddy's Gluten Free Cheddar Party Mix 10oz bag UPC 860007669569. 12 bags per wholesale case
F-1280-2023,Fry Daddy's Super Ranch Jalapeno Party Mix 3.75oz and 12oz bags UPCs 860007991547 and 850058648044. 12 bags per wholesale case
F-0966-2023,Black Fungus Golden Koi 2.5 oz packages 100 bags per case UPC: 81005681145 Product of China
F-1078-2023,B52066	PREDUST   X1	50.00	BAG
F-0794-2023,"PROSANTE TVGPTN 10BF7 MNCD 50LB BG/36P, paper bag"
F-0783-2023,"PROSANTE TSOYFLR 3014P FLK 50LB BG, paper bag"
F-0790-2023,"PROSANTE TVGPTN 5PF MNCD 50LB BG, paper bag"
F-1154-2023,G70508	BURGUNDY PEPPER INJECT     P2	25.00	BOX
F-0830-2023,"Ziyad cinnamon powder, retail 4.5oz plastic jar with shaker cap UPC 074265007432, 12 retail jars per wholesale case"
F-1519-2023,"1. Circle K Get Up Trail Mix, Net Wt 2 oz, UPC 194283102893 2. Circle K Get Up Trail Mix, Net Wt 6 oz, UPC 194283104262 3. 7 Select Go! Smart Rise & Shine, Net Wt 2.5 oz, UPC 00052548681500"
F-0084-2024,"Quick & Fresh, Cuban Baguette, Net . Wt. 9 Oz. Single Serving, Keep refrigerated"
F-1006-2023,"Sonne's Detoxificant #7, 1 quart (946 mL) packaged in amber glass bottle."
F-1469-2023,Mellow Mallow packaged in 7oz cellophane wrappers.
F-1350-2023,"Ritchies Food Dist. Inc. Premium Dough on Parchment: packaged as 7in, 8in, 9in, 10in, 12in (regular), 12in (thick), 14in, 16in (regular), 16in (thick), 18in"
F-1048-2023,A86771	BATTER MIX    X2	50.00	BAG
F-0366-2024,"Imperial Fresh 4/5 LB CTN FRESH 1/4"" DICED RED W/ZIPPER SYSCO 4705317"
F-0464-2023,"Bistro To Go, Caprese Baguette, Net Wt.8.25 Oz. Single Serving, Keep refrigerated"
F-0953-2023,"Copitas; small ceramic cups; ""Del Maguey"" embossed on the bottom; distributed by Del Maguey"
F-0958-2024,Quaker Chewy Mini Dipps Birthday Blast 12ct 8.9 oz Bars are individually wrapped in plastic and then packaged in paperboard boxes.
F-0949-2023,TruBoost 7 Day Experience Kit
F-0122-2024,"Fresh Creative Cuisine White Label, Greek Mezza Plate,  Single Serving, Keep refrigerated"
F-1284-2023,Fry Daddy's Gluten Free Ranch Party Mix 10oz bag UPC 860007669576. 12 bags per wholesale case
F-1546-2023,"1 lb. bags of CellarScience ascorbic acid, packaged in vinyl bags on 11/18/2022, Sku: AD615LB, Batch Number 56559, UPC Code 843200100879, MFG Product Code: FB400"
F-0567-2023,"Fresh Creative Cuisine, Spicy Italian Super Hoagie, Net . Wt. 11.25 Oz. Single Serving, Keep refrigerated"
F-0532-2023,"Fresh Creative Cuisine, Cuban Baguette, Net . Wt. 9 Oz. Single Serving, Keep refrigerated"
F-0300-2024,Kroger Collard Greens packaged in plastic 16oz bag - 8 bags per case
F-1139-2023,G39755	SMOKY INJECTION      X7	50.00	BAG
F-1072-2023,B28984	BATTER MIX    X1	50.00	BAG
F-1686-2023,Kremlin's; parve; 6 PACK / SINGLE; UPC: 0-91404-15302-7
F-0059-2024,"InReach, Caprese Baguette, Net . Wt. 8.25 Oz. Single Serving, Keep refrigerated"
F-1358-2023,OSU Premium Dough on Parchment: packaged as 14in
F-0957-2024,Quaker Chewy Dipps Variety Pack 14ct 15 oz; 48ct 51.6 oz Bars are individually wrapped in plastic and then packaged in paperboard boxes.
F-0948-2023,Truvy Boost 30-Day Experience Kit
F-1042-2023,A58645	W CLASSIC PREDUST    X2	50.00	BAG
F-1513-2023,"TODRGANIC Natural Products, NUEZ DE LA INDIA, Natural Products, 12 Seeds 12 Semillas"
F-0848-2023,Grand Marnier
F-0951-2024,Quaker Chewy Bars Less Sugar Variety 8ct 6.7 oz; 18ct 15.1 oz; 58ct 48.7 oz; 60ct 50.4 oz.  Bars are individually wrapped in plastic and then packaged in paperboard boxes.
F-0714-2024,"Spanakopita, 6 oz (3 oz each piece), in plastic clam shell container"
F-0671-2023,"Rakkyo (scallions) distributed in un-labeled plastic containers 8oz and/or 12oz.  Containers were then labeled at H-mart, G-mart, or M2M retail store."
F-1143-2023,G57740	GRILL MARINADE    X1	50.00	BAG
F-1452-2023,"Team Fresh & Go: Pineapple Cup, packaged in 12oz plastic cup with lid. Packaged and sold as single unit."
F-0476-2024,Eltahan Golden Raisins 400 gm. Packaged in a clear plastic bag. UPC 2337660022
F-1033-2023,A27275	BATTER MIX X1	50.00	BAG
F-0556-2024,"Wilcox Premium Black Forest in 1.5QT, Quart, Pint, and 3 Gallon sizes"
F-1278-2023,Fry Daddy's Cheddar Party Mix 3.75oz and 12oz bags UPCs 860007991523 and 850047648020. 12 bags per wholesale case
F-1202-2023,S09557	ADNE-ARC BLEND             X1	36.00	BAG
F-1276-2023,Fry Daddy's Original Party Mix 3.75oz and 12oz bags UPCs 860007991509 and 850047648006. 12 bags per wholesale case
F-1200-2023,S08824	SAVORY MARINADE            X1	50.00	BAG
F-0657-2024,"Gaw's Deluxe Italian sub 12oz, Foam Tray with Clear Plastic Wrap package, UPC:1725600910"
F-0167-2024,"Fresh Creative Cuisine Tan Label, Italian Hoagie, Single Serve, Keep refrigerated"
F-1033-2024,Dried Tangerine Plum; packaged in 4.7oz (135g) clear plastic bottle; UPC 6928580580214
F-0782-2023,"PROSANTE TVGPTN 3014B FLK 50LB BG, paper bag"
F-0662-2024,"Bowl & Basket Zero Calorie with Sucralose Sweetener 100 count, UPC 0-41190-06855-5, 12 retail cartons per wholesale case"
F-1130-2023,G33005	BBQ JERKY BC3788 NO MSG SCTP	51.44	CASE
F-1333-2023,Dark Raisins packaged in 5 pound bags; Gold Raisins packaged in 5 pound bags
F-0780-2023,"PROSANTE TSOYFLR 3018P FLK 50LB BG, PROSANTE TSOYFLR 3018P FLK 50LB BG 18/P, PROSANTE TSOYFLR 3018P FLK 25LB BG/36, paper bag"
F-1176-2023,G95534	POT ROAST RUB      P3	30.00	BOX
F-0940-2023,truCONTROL 60 Count
F-1522-2023,"Texas Tamale Black Bean Tamales  18 oz, (1 lb. 2 oz), 510 g"
F-0793-2023,"PROSANTE TSOYFLR 12P MNCD 50LB BG/36P, paper bag"
F-0104-2024,"Quick & Fresh, Fresh Cut Pineapple Chunks, Net . Wt. 7 Oz. Single Serving, Keep refrigerated"
F-1044-2023,A80261	BATTER MIX X1	50.00	BAG
F-1067-2023,B22836	BATTER MIX X1	50.00	BAG
F-0953-2024,Quaker Chewy Bars S'mores 8ct 6.7 oz; 58ct 48.7 oz; 1ct 0.84 oz; 440ct 369.6 oz; 18ct 15.1 oz.  Bars are individually wrapped in plastic and then packaged in paperboard boxes or totes.
F-0173-2024,"Fresh Creative Cuisine White Label, Italian Super Hoagie, Single Serve, Keep refrigerated"
F-0785-2023,"PROSANTE TVGPTN 10B MNCD 25LB BG/40P, PROSANTE TVGPTN 10B MNCD 800LB TT, PROSANTE TVGPTN 10B MNCD 50LB BG, PROSANTE TVGPTN 10B MNCD 50LB BG 21/P; distributed in bulk tote and paper bags"
F-1663-2023,Hearty Tart; parve; 6 PACK / SINGLE; UPC: 0-91404-15363-8
F-0952-2024,Quaker Chewy Bars Oatmeal Raisin 8ct 6.7 oz; 58ct 48.7 oz; 1ct 0.84 oz; 440ct 369.6 oz.  Bars are individually wrapped in plastic and then packaged in paperboard boxes or totes.
F-0938-2024,Quaker Big Chewy Bars Variety Pack 36ct 53.3 oz Bars are individually wrapped in plastic and packaged in paperboard boxes.
F-0415-2023,"Chili Pepper Powder (ICHIMI TOGARASHI) 300g UPC: 074410341169 Brand: Shirakiku  Distributed by:  Wismettac Asian Foods, Inc. Santa Fe Springs, CA 90670  Product of China"
F-1674-2023,Blossoming Daisies; parve; 6 PACK / SINGLE; UPC: 0-91404-15154-2
F-1101-2023,B92757	PREDUST   X2	50.00	BAG
F-0478-2024,Fanta Orange packaged in 12oz aluminum cans - 12 pack fridge pack
F-0518-2024,Wilcox SUPER PREMIUM Mint Chunk; 1.5 QT (UPC 04372601512) and Pint (UPC 04372601612)
F-0650-2023,DG Health brand Sugar Free Daily Fiber in 10 oz. plastic containers (UPC: 860005934294).
F-1066-2023,B22599	BATTER MIX X1	50.00	BAG
F-0797-2023,"PROSANTE TVGPTN 5B MNCD 50LB BG, PROSANTE TVGPTN 5B MNCD 50LB BG/21P, paper bag"
F-1215-2023,S18550	POWDERED WORCESTERSHIRE  X2	31.50	BAG
F-0284-2024,"Quick & Fresh, Vanilla Pudding Delight, Net Wt. 6.5 Oz. Single Serving, Keep refrigerated"
F-1449-2023,Multiple FDA-regulated products. Pallets
F-0939-2024,Quaker Chewy Bars and Dipps Variety Pack 14ct 13 oz and 58ct 58.6 oz. Bars are individually wrapped in plastic and packaged in paperboard boxes.
F-0820-2023,"Hepatodoron¿ tablets, 200 pcs"
F-1668-2023,Rosebuds; parve; 5 PACK / SINGLE; UPC: 0-91404-15185-6
F-0199-2024,"Fresh Creative Cuisine White Label, Petite Gouda & Fig Flat. Single Serving, Keep refrigerated"
F-1279-2023,Fry Daddy's Ranch Party Mix 3.75oz and 12oz bags UPCs 86007991530 and 850047648037. 12 bags per wholesale case
F-0786-2023,"PROSANTE TVGPTN 10BF MNCD 25LB BG/40P, PROSANTE TVGPTN 10BF MNCD 50LB BG/36P, paper bag"
F-1446-2023,Newly Weds Foods R01395  HELLER'S MODERN CURE 50lbs
F-0970-2023,"Organic Pineapple Chunks, Item 4510-000, packed in 30 lb. poly-lined boxes."
F-0520-2024,Wilcox SUPER PREMIUM Vanilla; 1.5 QT (UPC 04372601519) and Pint (UPC 04372601619)
F-0874-2023,Kajitani Food Congeri Crispy  104g UPC: 4901332108661
F-1356-2023,Manco & Manco Premium Sheeted Dough: packaged as 12in
F-0177-2024,"Quick & Fresh, Italiano Everything Ficelle, Net . Wt. 7.25 Oz. Single Serving, Keep refrigerated"
F-1518-2023,"Circle K Sweet & Spicy Mix, Net Wt 7 oz; UPC 194283104613"
F-0231-2024,"Fresh Creative Cuisine White Label, Spicy Italian Super Hoagie, Case of 6, Keep refrigerated"
F-1502-2023,"Sodium Nitrite, Granular Super Free-Flowing Food Grade, 50lb polyethylene and paper bags - 50 per pallet"
F-0307-2023,"Superior Fresh Organic Raw Spring Mix.  1 lb. Bag, 4 Count. UPC 8 57871-00827 3  Keep Refrigerated.   Grown for you By:  Superior Fresh LLC, Hixton, WI  54635"
F-0169-2024,"Orchard Bistro, Italian Hoagie, Single Serve, Keep refrigerated"
F-0168-2024,"Fresh Creative Cuisine White Label, Italian Hoagie, Single Serve, Keep refrigerated"
F-1064-2023,B22411	CRISPY BREAKFAST BATTER  X2	50.00	BAG
F-0756-2023,"Magnesium Citrate Tribasic Hydrate, USP, Ultrafine Powder sold in bulk 55 lb fiber box."
F-1170-2024,"H&NATURAL 2 PACK! BRAZIL SEED 60 PIECES, PURE NATURAL SEMILLA DE BRASIL FOR 60 DAYS, 5 GRAMS PER BOX, 2 BLACK BOXES."
F-1333-2024,"Grindsted Sweetlife CINN. Roll BAS Stabilizer & Emulsifier System, 22.68 kg/ 50 lb bag"
F-0848-2024,GRANDE     1.5OZ FRESH BOCCONCINI MOZZ 1/3#         SUPC/ITEM # 19132P
F-0206-2025,GOOD & GATHER	12/9oz GRDL WFL MINI HSTYLE ORG-GDGTR	UPC	085239343029 H-E-B	12/9oz GRDL WFL MINI HSTYLE ORG-HEBUT	UPC	041220708413 365 ORGANIC	12/9oz GRDL WFL MINI HSTYLE ORG - 365OR	UPC	099482436995 WEGMANS	12/9oz GRDL WFL MINI HSTYLE ORG - WEGMN	UPC	077890481448
F-1492-2024,"Sweet Preserved Dried Plums; Farmer's Grange; Series Food; 88g; Plastic synthetic (flexible) package; INGREDIENTS: Plum, Salt, Sugar, ADDITIVES: Clove, Cinnamon, Liquorice, Citric acid, Red #40.; Product contains sulfite; PRODUCT OF CHINA (T.F.C)."
F-1284-2024,Charles Boggini Pink Lemonde; 1 or 5 U.S. Gallons
F-0828-2024,SAPUTO STELLA ASGO HLF MLD 11LB  SUPC/ITEM # 19009
F-0583-2025,"Rajbhog Sweets Jelebi Jaggery, 9.5 oz packages and sold by weight from bulk trays."
F-1643-2024,"Izzio Everything Roll packaged in 12oz plastic bag, 6 rolls per bag - 16 bags per case."
F-1690-2024,Wiers Farm - Hungarian Wax Peppers packaged into 1lb carton - cases size dependent on customer
F-1709-2024,"Freshire Farms - Green Peppers packaged in plastic bags containing 3 peppers, 16 bags per case"
F-1422-2024,Green Life Farms Baby Arugula in 4.5 ounce plastic clamshell  packaging containers. 6 packages per case of 4.5oz each. Store in refrigerator.
F-1663-2024,"Palmer Patriotic Munchy Medley, Net Wt 15oz, UPC 7723237060, 12/15oz case"
F-0154-2025,BREAKFAST BEST 8/33oz GRDL PNCK BDAY-BKBST UPC 4061459959116
F-1478-2024,1. Greens Full Circle Organic Power Greens; 6x10 Clamshell; UPC: 036800490550 /  2. Greens Gaia Organic Power Greens; 8x45 clamshell; UPC: 850021494889 / 3. Greens Full Circle Organic Power Greens; 8x5 clamshell; UPC: 036800388758 / 4. Greens Solata Power Greens; 8x5 Clamshell; UPC: 854311007056 / 5. Greens Uncle Vinny's Power Greens 8x5 Clamshell; UPC: 804879503095 /
F-1164-2024,"H&NATURAL 2 PACK! BRAZIL SEED 30 PIECES, FOR 30 DAYS, 5 GRAMS PER BOX"
F-0844-2024,SOFINA   21202 MASTRO CAPOCOLLC 4 - 6LB      SUPC/ITEM # 199694
F-1309-2024,"Grindsted Hi-Dress CDS 1880 Stabilizer and Emulsifier System, 22.68 kg / 50 lb bag"
F-1323-2024,"Grindsted SSD 5731 Non-GMO Stabilizer System, 22.68 kg / 50 lb bag"
F-0157-2025,SIGNATURE SELECT	12/14.1oz GRDL PNCK MINI-SIGSL	UPC 021130095889
F-1681-2024,Wiers Farm - Organic Bell Peppers packaged into 2 count trays - cases dependent on customer
F-0173-2025,H-E-B HIGHER HARVEST	12/10.72oz GRDL WFL BLBRY PRTN-HEBHH	UPC	041220708093 BETTERGOODS	12/10.72oz GRDL WFL BLBRY PRTN-BTRGD	UPC	194346252756 SIMPLE TRUTH	12/10.72oz  GRDL WFL BLBRY PRTN - SMPTR	UPC	011110108142 BREAKFAST BEST	12/13.4oz GRDL WFL BLBRY PRTN-BKBST	UPC	4099100312997
F-0834-2024,GRANDE  SOPRAFFINA RICOTTA 1/30#  SUPC/ITEM # 19536
F-1647-2024,"SAVPAK Duro Rueda 8oz, plastic bag, DISTRIBUTED BY: Southcoast Produce Inc. Dallas, Texas 75215; UPC 29661 00073"
F-1269-2024,5. 9pc signature box
F-0203-2025,GOOD & GATHER	12/9oz GRDL WFL MINI BLBRY ORG-GDGTR	UPC	085239343012 365 ORGANIC	12/9oz GRDL WFL MINI BLBRY ORG - 365OR	UPC	099482437008
F-0434-2025,Cascade Raw Cheddar  GTIN #90854115003059 packed in an approximately 6 lb quarter wheels vacuum sealed.  All quarter wheels are variable weight sold by the pound and each vacuum sealed package contains 1 quarter wheel.
F-0165-2025,GIANT EAGLE	12/11.3oz GRDL WFL BCKWHE BLBRY GF-GT/EG	UPC 030034944940 H-E-B HIGHER HARVEST	12/11.3oz GRDL WFL BCKWHE BLBRY GF-HEBHH	UPC 041220708390 CENTRAL MARKET	12/11.3oz GRDL WFL BCKWHE BLBRY GF-CTMKT	UPC 041220253654
F-0931-2024,Chin Jung White Kimchi - 3 lb. 8 oz (1.58 kg) plastic jars
F-1325-2024,"Grindsted GSD 1076 Stabilizer and Emulsifier System, 22.68 kg / 50 lb bag"
F-0153-2025,WEGMANS 12/16.5oz GRDL PNCK BB-WEGMN UPC 077890481387 YELLOH 12/16.5oz GRDL PNCK BLBRY-YLLOH UPC 810038684680 GIANT EAGLE 12/16.5oz GRDL PNCK BLBRY-GT/EG UPC 030034011673
F-1126-2024,"SWAD BRAND CINNAMON POWDER in clear plastic 3.5 OZ bags, UPC 0-51179-34280-4, 20 retail units per wholesale case"
F-1536-2024,Diamond Shruumz Gummies - Micro Dose Rainbow UPC 755003861614
F-1762-2024,Pico de Gallo Classic Hot - 14 oz  639123880116    Pico de Gallo Classic Medium - 14 oz  639123880093    Pico de Gallo Classic Mild - 14 oz  639123880109     Plastic Clam-Shell Container
F-1641-2024,"1- Name: Carbon Steel Utility Kitchen Knife Model: CSK1700       Size: Total length: 10.25""         Type of packaging: Each knife packed in a single box        2- Name: Carbon Steel Utility Kitchen Cleaver Knife Model: CSK1701         Size: Total length: 10.5""         Type of packaging: Each knife packed in a single box      3- Name: Carbon Steel Utility Kitchen Knife Model: 501141         Size: Total length: 9.5""         Type of packaging: Each knife packed in a single box     4- Name: Burnt Bone & Carbon Steel Ulu Knife Model: 2432         Size: Total length: 4""         Type of packaging: Each knife packed in a single box     5- Name: Rosewood Carbon Steel Ulu Knife Model: 501204         Size: Total length: 4""         Type of packaging: Each knife packed in a single box      6- Name: Rosewood Carbon Steel Meat Cleaver  Model: 501172         Size: Total length: 10.25""         Type of packaging: Each knife packed in a single box   Knives sold direct to consumers via Bespoke Post."
F-0191-2025,WESTERN FAMILY	12/280g GRDL WFL CIN - WSTCN	UPC	062639310134 GREAT VALUE	12/280g GRDL WFL CIN - GRVLC	UPC	681131811712 SELECTION	12/280g GRDL WFL CIN - SLCTN	UPC	059749950640 COMPLIMENTS	12/280g GRDL WFL CIN - CMPLM	UPC	055742500516 KROGER	12/12.3oz GRDL WFL CIN - KROGR	UPC	011110875013 BREAKFAST BEST	12/12.3oz GRDL WFL CINN-BKBST	UPC	4099100336825 H-E-B	12/12.3oz GRDL WFL CINN-HEBUT	UPC	041220908264 BREAKFAST BEST	12/12.3oz GRDL WFL CINN-BKBST	UPC	4099100336825
F-1686-2024,Wiers Farm - Anaheim Peppers packaged into 1lb cartons - case size dependent on customer
F-1171-2024,"H&NATURAL BRAZIL SEED 30 PIECES, PURE NATURAL SEMILLA DE BRASIL FOR 30 DAYS, 5 GRAMS PER BOX, BLACK BOX."
F-0239-2025,"SYSCO VANILLA INSTANT, NET WT. 24OZ, Case UPC 10074865103791, DISTRIBUTED BY SYSCO CORPORATION, HOUSTON, TEXAS 77077"
F-1516-2024,UPC 772665860106. PLT010. Indigenous Collection Signature Plates set - Dancing Bears & Three Bears on box and back of plate. Art by Dawn Oman. Brand Indigenous Collection by CAP on box and back of plate.   The Dancing Bears is a scene with three dancing polar bears with a night sky under the aurora borealis with falling snow.   Three Bears shows three polar bears walking in a line with a colorful sky and land and snow is falling.
F-0838-2024,BEL GIOIOSO  PEPATO ASIAGO CON PEPPERCORN 10-8OZ   SUPC/ITEM # 53478
F-1677-2024,Wiers Farm - Poblano packaged in 16oz plastic bag - 10 bags in a case
F-0337-2025,a.) King Kullen brand Fiesta Bowl; UPC: 85316-10201; 64 oz plastic container b.) Wild By Nature brand Fiesta Bowl; UPC: 85316-10201; 64 oz plastic  c.) Gracie's Kitchen brand Fiesta Bowl; UPC: 85316-10214; 60 oz plastic container
F-0283-2025,"Hungryroot Ricotta Stuffed Shells, 6 packs of 14 oz. each, plastic trays"
F-0271-2025,"Mediterranean Inspired Party Tray; Sell by dates 11/27/2024- 12/11/2024 UPC: 826766145966; Perishable, Keep Refrigerated"
F-1317-2024,"ASC 2138 Stabilizer and Emulsifier System, 22.68 kg / 50 lb bag"
F-1700-2024,Wiers Farm - Eggplant packaged in 1lb cartons - case size dependent on customer
F-0200-2025,KRUSTEAZ	1/2.5lb GRDL WFL BLGN 7-KRSTZ	UPC	068615115168 KRUSTEAZ	1/11.25oz GRDL WFL BLGN-KRSTZ	UPC	 BAKERS SOURCE	1/11.25oz GRDL WFL BLGN-BKRSC	UPC	089356143562 GORDON FOOD SERVICE	3/2.5lb GRDL WFL BLGN 7-GDNFS	UPC	093901310323
F-0171-2025,SIMPLE TRUTH	12/11.3oz GRDL WFL BLBRY GF-SMPTR	UPC	011110105509
F-1354-2024,"BrS8 RODIZIO Seas No MSG 9.6#,  SAP Code:  20644205.  Kerry Ingredients, 3400 Millington Road, Beloit, WI  53511"
F-1727-2024,Panaderia Guatemex - Roscas packaged in plastic bag
F-0212-2025,BREAKFAST BEST	12/12.3oz GRDL WFL PMPKN-BKBST	UPC	4099100336818
F-1725-2024,Panaderia Guatemex - Concha Mexicana packaged in plastic bag
F-1175-2024,"Tranquility & Teachings William Monague plate set, brand Indigenous Collection by CAP. Each box consists of two plates, each plate is 7.5inch. Stock code PLT015, UPC 772665860151.  Tranquility plate #1 artwork is observed with a lakeside landscape at night in blues and greens with an eagle and moon in the night sky and 3 turtles and bullrushes in the foreground.  Teachings plate #2 artwork is observed with a lakeside landscape at night in blues and greens with a large moon in the sky and a glowing tipi with people inside in the midground."
F-0068-2025,Collagen Joint Support with Black Currant LOT#: Q241851;  14 Stick Pack 3.92 oz
F-0820-2024,Norpaco GORGONZOLA STUFF OLIVE 1/7.5# SUPC/ITEM # 4481
F-0202-2025,WEGMANS	12/7.4oz GRDL WFL MGRN ORG - WEGMN	UPC	077890481431 GREENWISE	12/7.4oz GRDL WFL MGRN ORG - GRNWS	UPC	041415209541 SE GROCERS NATURALLY BETTER	12/7.4oz GRDL WFL MGRN ORG - SEGNB	UPC	607880200867 NATURE'S PROMISE	12/7.4oz GRDL WFL MLTGRN ORG-NTRPR	UPC	688267188497 365 ORGANIC	12/7.4oz GRDL WFL MGRN ORG-365OR	UPC	099482442828
F-1121-2024,"Nicomex Tequesquite, Net Wt. 1.5oz (42.52gms), UPC: 8 8467810180 7. Packaged in a plastic bag."
F-0879-2024,"15953 ALL PURPOSE EN EZ BL delivered as bulk product in approximately 50,000 lbs trailers"
F-0179-2025,DUNCAN HINES	1/3.12kg GRDL WFL BLGN ORIG 4IN - DUNHN	UPC	091479060275 KRUSTEAZ	1/3.44lb GRDL WFL BLGN ORIG - KRSTZ	UPC	686151903331 KRUSTEAZ	1/3.44lb GRDL WFL BLGN ORIG-KRSMX	UPC	00686151805307 KRUSTEAZ	1/3.44lb GRDL WFL BLGN ORIG - KRSTZ	UPC	686151904017 GORDON CHOICE	1/3.12kg GRDL WFL BLGN ORIG - GDNCH	UPC	00620868161745 PRESIDENT'S CHOICE	12/390g GRDL WFL BLGN ORIG - PCHOI	UPC	060383035549 BEST CHOICE	12/13.75oz GRDL WFL BLGN ORIG - BSTCH	UPC	070038644019 GOOD & GATHER	12/13.75oz GRDL WFL BLGN ORIG-GDGTR	UPC	085239157947 GIANT EAGLE	12/13.75oz GRDL WFL BLGN ORIG-GT/EG	UPC	030034011680 H-E-B	12/13.75oz GRDL WFL BLGN ORIG-HEBUT	UPC	041220908271 PRIVATE SELECTION	12/13.75oz GRDL WFL BLGN ORIG-PRVSN	UPC	011110893994 SE GROCERS	12/13.75oz GRDL WFL BLGN ORIG - SEGGR	UPC	038259117163 WEGMANS	12/13.75oz GRDL WFL BLGN ORIG-WEGMN	UPC	077890550342 COMPLIMENTS	12/390g GRDL WFL BLGN ORIG-CMPLM	UPC	055742347173 KRUSTEAZ	12/13.75oz GRDL WFL BLGN ORIG-KRSTZ	UPC	686151903355 CULINARY TOURS	12/13.75oz GRDL WFL BLGN ORIG - CLNTR	UPC	011225148552 PUBLIX	12/13.75oz GRDL WFL BLGN-PUBLX	UPC	041415204546 SIGNATURE SELECT	8/13.75oz GRDL WFL BLGN ORIG-SIGSL	UPC	021130095575 WEGMANS	12/13.75oz GRDL WFL BLGN ORIG- WEGMN	UPC	077890550342
F-1355-2024,"Sun Nat HV CHDR #3 SEAS, Net Weight:  50.00 lb (22.68kg)  SAP Code:  20737199.  Kerry Ingredients, 3400 Millington Road, Beloit, WI  53511"
F-1315-2024,"Grindsted IcePro 2427 TH Stabilizer System, 907.2 kg / 2000 lb tote"
F-0172-2025,KRUSTEAZ	12/9oz GRDL WFL BLBRY MINI-KRSTZ	UPC	041820819120
F-0162-2025,H-E-B	12/9oz GRDL WFL APL CIN ORG-HEBUT	UPC 041220708376 CENTRAL MARKET	12/9oz GRDL WFL APL CIN ORG - CTMKT	UPC 041220655748
F-0151-2025,BREAKFAST BEST 12/13.4oz MXCS GRDL WFL PRTN 6BB 6BM-BKBST
F-1775-2024,"Item 71117.14459, Gravy Homestyle, refrigerated product, net wt. 4lb. There are 3 packs per case."
F-1169-2024,"H&NATURAL BRAZIL SEED 30 PIECES, PURE NATURAL SEMILLA DE BRASIL FOR 30 DAYS, 5 GRAMS PER BOX, YELLOW BOX."
F-1493-2024,"Aahu Barah Apricot Roll; 14 oz; sold in clear plastic bags (6 inch x 8 inch) packing with the Aaha Barah label on the front and back; the product is labeled ""Apricot Roll"" on both the front and back; UPC 882475000279; label states ""May Contain Sulfites As preservatives"""
F-1721-2024,Panaderia Guatemex - Champurradas packaged in plastic bag
F-0308-2025,"Item 16354301, MAXI - 44067705 - MAXI KR BA BA 3040 EX, 55.115 lb. bag"
F-0836-2024,GALBANI DOMESTIC MASCARPONE 4/5#  SUPC/ITEM # 19640
F-0187-2025,BETTERGOODS	12/10.72oz GRDL WFL CCH PRTN-BTRGD	UPC	194346252763
F-0214-2025,BREAKFAST BEST	12/12.3oz GRDL WFL CHOC PEP MOCHA-BKBST	UPC	04061463991591
F-1644-2024,"Aldi Mixed Sourdough loaf. A single 24oz loaf packaged into plastic bag, 12 loaves per case."
F-0176-2025,WEGMANS	12/13.75oz GRDL WFL BLGN CIN - WEGMN	UPC	077890550014
F-1177-2024,Amy's Kitchen Enchilada Verde Whole Meal 10 oz. 12 pk Item # 000085
F-1726-2024,Panaderia Guatemex - Casco packaged in plastic bag
F-1358-2024,"Jamai Bou CHADNI HOT MIX CHANACHUR, 300 g (10.5 oz) bag, UPC 8 904293 104129, 30 bags per wholesale case"
F-0180-2025,KRUSTEAZ	1/3.44lb GRDL WFL BLGN PMPKNN - KRSTZ	UPC	686151805277 KRUSTEAZ	12/13.75oz GRDL WFL BLGN PMPKN-KRSTZ	UPC	686151805345
F-1719-2024,Panaderia Guatemex - Sheca Anis packaged in plastic bag
F-0178-2025,COMPLIMENTS	12/390g GRDL WFL BLGN MXD BRY-CMPLM	UPC	055742347180 CULINARY TOURS	12/13.75oz GRDL WFL BLGN MXD BRY - CLNTR	UPC	011225148569
F-0823-2024,LOCATELLI CREMA DI LOCATELLI 4/1.1# SUPC/ITEM # 8926
F-0343-2025,a.) King Kullen brand Tropical Delight Bowl; UPC: 85316-10391; 28 oz plastic container b.) Gracie's Kitchen brand Tropical Delight Bowl; UPC: 85316-10313; 28 oz plastic container c.) Gracie's Kitchen brand Tropical Delight Bowl; UPC: 85316-10391; 28 oz plastic container
F-0199-2025,PICS BY PRICE CHOPPER	6/29.6oz GRDL WFL HSTYLE RF - PRCHP	UPC	041735064912 ALWAYS SAVE	12/9.9oz GRDL WFL HSTYLE RF - ASAVE	UPC	070038608752 ESSENTIALS	12/9.9oz GRDL WFL HSTYLE RF - ESSEN	UPC	607880101874 KROGER	1/4.63lb GRDL WFL HSTYLE RF - KROGR	UPC	011110880109 FOOD LION	8/12.3oz GRDL WFL HSTYLE RF - FDLIN	UPC	035826091451 HANNAFORD	8/12.3oz GRDL WFL HSTYLE RF-HANNA	UPC	041268196296 FOODHOLD	8/12.3oz GRDL WFL HSTYLE RF-FDHLD	UPC	688267073922 SIGNATURE SELECT	8/12.3oz GRDL WFL HSTYLE RF-SIGSL	UPC	021130095674 BEST CHOICE	12/12.3oz GRDL WFL HSTYLE RF - BSTCH	UPC	070038362852 GOOD & GATHER	12/12.3oz GRDL WFL HSTYLE RF-GDGTR	UPC	085239157909 GIANT EAGLE	12/12.3oz GRDL WFL HSTYLE RF - GT/EG	UPC	030034011604 KROGER	12/12.3oz GRDL WFL HSTYLE RF - KROGR	UPC	011110878311 PICS BY PRICE CHOPPER	12/12.3oz GRDL WFL HSTYLE RF - PRCHP	UPC	041735157508 SCHNUCKS	12/12.3oz GRDL WFL HSTYLE RF - SCHNK	UPC	041318101010 SE GROCERS	12/12.3oz GRDL WFL HSTYLE RF - SEGGR	UPC	038259117132 SUNNY SELECT	12/12.3oz GRDL WFL HSTYLE RF - SUNNY	UPC	098487957658 WINCO FOODS	12/12.3oz GRDL WFL HSTYLE RF-WINCO	UPC	070552306127 CLOVER VALLEY	12/12.3oz GRDL WFL HSTYLE RF - CLVLY	UPC	686151403398 TOPS	12/12.3oz GRDL WFL HSTYLE RF - TOPTC	UPC	070784056012 BREAKFAST BEST	12/12.3oz GRDL WFL HSTYLE RF - BKBST	UPC	041498194468 BROOKSHIRE'S	12/12.3oz GRDL WFL HSTYLE RF - BRKSH	UPC	092825096665 PUBLIX	12/12.3oz GRDL WFL HSTYLE RF - PUBLX	UPC	641415000546 FOODHOLD	6/29.6oz GRDL WFL HSTYLE RF - FDHLD	UPC	688267006340 BEST CHOICE	8/29.6oz GRDL WFL HSTYLE RF - BSTCH	UPC	070038632801 FOOD LION	8/29.6oz GRDL WFL HSTYLE RF-FDLIN	UPC	035826091505 GIANT EAGLE	8/29.6oz GRDL WFL HSTYLE RF - GT/EG	UPC	030034011628 KROGER	8/29.6oz GRDL WFL HSTYLE RF - KROGR	UPC	011110789709 SE GROCERS	8/29.6oz GRDL WFL HSTYLE RF - SEGGR	UPC	038259117149 SUNNY SELECT	8/29.6oz GRDL WFL HSTYLE RF - SUNNY	UPC	098487957672 WINCO FOODS	8/29.6oz GRDL WFL HSTYLE RF - WINCO	UPC	070552306165 BROOKSHIRE'S	8/29.6oz GRDL WFL HSTYLE RF - BRKSH	UPC	092825096719 SIGNATURE SELECT	4/29.6oz GRDL WFL HSTYLE RF-SIGSL	UPC	021130095766
F-1271-2024,7. 7pc Mother s Day heart box
F-0865-2024,"Dragonfly Jelly Bar Handbag 11.64oz, 17.63oz UPC Code 721557357156, 721557357163 Dragonfly Jelly Bar Backpack 7.93oz, 28.22oz UPC Code 721557357170, 721557357187"
F-1004-2024,Marketside Southwest Chopped Kit 10.3 oz. UPC 681131305129
F-0211-2025,NATURES PATH ORGANIC	12/210g GRDL WFL PMPKN ORG GF-NPTHO	UPC	058449590774
F-0177-2025,KRUSTEAZ	1/3.44lb GRDL WFL BLGN DBL CHOC-KRSTZ	UPC	00041820818734 KRUSTEAZ	12/13.75oz GRDL WFL BLGN DBL CHOC-KRSTZ	UPC	041820818697 GOOD & GATHER	12/13.75oz GRDL WFL BLGN DBL CHOC-GDGTR	UPC	085239157930
F-0891-2024,"9200458510 delivered as bulk product in approximately 50,000 lbs trailers"
F-1752-2024,"J-Basket Brand, Napa Kimchi, Net Wt. 14.1oz. plastic jar container (12 jars per case)."
F-1165-2024,"H&NATURAL 2 PACK! BRAZIL SEED 60 PIECES, PURE NATURAL SEMILLA DE BRASIL FOR 60 DAYS, 5 GRAMS PER BOX, 2 YELLOW BOXES"
F-1167-2024,"H&NATURAL BRAZIL SEED 30 PIECES, PURE NATURAL SEMILLA DE BRASIL FOR 30 DAYS, 5 GRAMS PER BOX, YELLOW BOTTLE."
F-1047-2024,"Banh Pia Classic Hopia, Mung Bean Durian, 16.8oz (480g)"
F-1312-2024,"Grindsted ASC 2354 Stabilizer and Emulsifier System, 22.68 kg / 50 lb bag"
F-0174-2025,DUNCAN HINES	1/3.41kg GRDL WFL BLGN 7IN-DUNHN	UPC	091479060268 BAKERS SOURCE CANADA	1/3.41kg GRDL WFL BLGN 7IN - BKSCN	 GORDON CHOICE	1/3.41kg GRDL WFL BLGN ORIG-GDNCH
F-0581-2025,"Rajbhog Sweets Jelebi Orange, 9.5 oz packages and sold by weight from bulk trays."
F-0895-2024,"2-15969-0000 delivered as bulk product in approximately 50,000 lbs trailers"
F-1711-2024,"Poblano packaged as 5lb half sliced with 2 bags per case, 5lb fourth diced with 2 bags per case, 5lb half diced with 2 bags per case"
F-0208-2025,SELECTION	1/1.68kg GRDL WFL ORIG-SLCTN	UPC	059749904759 COMPLIMENTS	1/1.68kg GRDL WFL ORIG-CMPLM	UPC	055742500530 SELECTION	12/280g GRDL WFL ORIG-SLCTN	UPC	059749904704 COMPLIMENTS	12/280g GRDL WFL ORIG - CMPLM	UPC	055742500547 SELECTION	12/560g GRDL WFL HSTYLE-SLCTN	UPC	059749977685
F-1330-2024,"Germantown Gard Preservative, 25 kg / 55.12 lb bag"
F-0198-2025,NATURES PATH ORGANIC	12/7.4oz GRDL WFL HSTYLE ORG GF-NPTHO	UPC	058449590545 NATURES PATH ORGANIC	12/210g GRDL WFL HSTYLE ORG GF-NPOCN	UPC	058449590521
F-0858-2024,Authentic Fresh to You Deluxe Triple Decker Club Net Wt. 8.8oz (254g). Product packaged in a plastic PET container.
F-0168-2025,GOOD & GATHER	12/12.3oz GRDL WFL BLBRY-GDGTR	UPC 085239157923 BREAKFAST BEST	12/12.3 OZ GRDL WFL BLBRY-BKBST	UPC 4061464782273
F-0928-2024,Monterey Jack Conventional (bulk)
F-1307-2024,"Grindsted SSD 6018 Stabilizer System, 22.68 kg / 50 lb bag"
F-0195-2025,IRRESISTIBLES LIFE SMART	12/240g GRDL WFL HSTYLE GF-IRRLS	UPC	059749977661 GOOD & GATHER	12/11.3oz GRDL WFL HSTYLE GF-GDGTR	UPC	085239157954 GIANT EAGLE	12/11.3oz GRDL WFL HSTYLE GF-GT/EG	UPC	030034944933 PRESIDENT'S CHOICE	12/320g GRDL WFL HSTYLE GF-PCHOI	UPC	060383038670 WILD HARVEST	12/11.3oz GRDL WFL HSTYLE GF-WLDHR	UPC	711535515180 WEGMANS	12/11.3oz GRDL WFL HSTYLE GF-WEGMN	UPC	077890519622 FULL CIRCLE	12/11.3oz GRDL WFL HSTYLE GF-FULLC	UPC	036800486997 FOODHOLD	12/11.3oz GRDL WFL HSTYLE GF-FDHLD	UPC	688267562761 COMPLIMENTS	12/320g GRDL WFL HSTYLE GF-CMPLM	UPC	055742563160 TRADER JOE'S	24/11oz GRDL WFL HSTYLE GF-TRDJO	UPC	000000199674 SE GROCERS NATURALLY BETTER	12/11.3oz GRDL WFL HSTYLE GF-SEGNB	UPC	607880200874
F-1324-2024,"GSD 0911 Stabilizer, Stabilizer and Emulsifier System, 22.68 kg / 50 lb bag"
F-0161-2025,H-E-B	12/12.35oz  GRDL WFL BLBRY-HEBUT	UPC 041220008193
F-0039-2025,"Item FLD1000A, Perilla Leaves in Soybean Paste, distributed in plastic clamshell containers, net wt. 0.315lb.  The H-Mart label declares Perilla Leaves, Soybean Paste."
F-0163-2025,PICS BY PRICE CHOPPER	6/29.6oz GRDL WFL BB - PRCHP	UPC 041735089656 NO NAME	1/1.68kg GRDL WFL BB - NNAME	UPC 060383987732 NO NAME	12/280g GRDL WFL BB - NNAME	UPC 060383987671 WESTERN FAMILY	12/280g GRDL WFL BLBRY - WSTCN	UPC 062639335861 GREAT VALUE	12/280g GRDL WFL BB - GRVLC	UPC 681131712941 SELECTION	12/280g GRDL WFL BB-SLCTN	UPC 059749904698 COMPLIMENTS	12/280g GRDL WFL BB - CMPLM	UPC 055742500431 TRADER JOE'S	24/11oz GRDL WFL BLBRY-TRDJO	UPC 000000201063 KROGER	1/4.63lb GRDL WFL BLBRY-KROGR	UPC 00011110905772 FOOD LION	8/12.3oz GRDL WFL BLBRY-FDLIN	UPC 035826091444 HANNAFORD	8/12.3oz GRDL WFL BLBRY-HANNA	UPC 041268196289 FOODHOLD	8/12.3oz GRDL WFL BLBRY-FDHLD	UPC 688267073946 SIGNATURE SELECT	8/12.3oz GRDL WFL BLBRY-SIGSL	UPC 021130095698 HARRIS TEETER	12/12.3oz GRDL WFL BB - HARTE	UPC 072036726483 BEST CHOICE	12/12.3oz GRDL WFL BLBRY-BSTCH	UPC 070038356851 GIANT EAGLE	12/12.3oz GRDL WFL BB - GT/EG	UPC 030034011642 KROGER	12/12.3oz GRDL WFL BLBRY - KROGR	UPC 011110878304 PICS BY PRICE CHOPPER	12/12.3oz GRDL WFL BB - PRCHP	UPC 041735157522 SCHNUCKS	12/12.3oz GRDL WFL BB - SCHNK	UPC 041318101072 SE GROCERS	12/12.3oz GRDL WFL BB - SEGGR	UPC 038259117118 SUNNY SELECT	12/12.3oz GRDL WFL BB - SUNNY	UPC 098487957634 WINCO FOODS	12/12.3oz GRDL WFL BB-WINCO	UPC 070552306141 TOPS	12/12.3oz GRDL WFL BB - TOPTC	UPC 070784056043 BROOKSHIRE'S	12/12.3oz GRDL WFL BLBRY - BRKSH	UPC 092825096641 KRUSTEAZ	12/12.3oz GRDL WFL BLBRY-KRSTZ	UPC 686151903379 H-E-B	12/12.35oz GRDL WFL BB - HEBUT	UPC 041220008193 GREAT VALUE	6/29.6oz GRDL WFL BB-GRVAL	 FOODHOLD	6/29.6oz GRDL WFL BB - FDHLD	UPC 688267150012 HARRIS TEETER	8/29.6oz GRDL WFL BLBRY-HARTE	UPC 072036736444 KROGER	8/29.6oz GRDL WFL BLBRY-KROGR	UPC 011110077127 NO NAME	12/560g GRDL WFL BB - NNAME	UPC 060383987725 GREAT VALUE	12/560g GRDL WFL BB - GRVLC	UPC 628915641967 SIGNATURE SELECT	4/29.6oz GRDL WFL BLBRY-SIGSL	UPC 021130095933
F-0155-2025,GIANT EAGLE	8/33oz GRDL PNCK BTRMLK - GT/EG	UPC 030034071332 SCHNUCKS	8/33oz GRDL PNCK BTRMLK - SCHNK	UPC 041318100020 SE GROCERS	8/33oz GRDL PNCK BTRMLK - SEGGR	UPC 038259117170 BROOKSHIRE'S	8/33oz GRDL PNCK BTRMLK - BRKSH	UPC 092825096740 SIGNATURE SELECT	8/33oz GRDL PNCK BTRMLK-SIGSL	UPC 021130495740 GREAT VALUE	8/936g GRDL PNCK BTR-GRVLC	UPC 627735263410 NO NAME	8/936g GRDL PNCK BTR - NNAME	UPC 060383206703 KROGER	8/33oz GRDL PNCK  BTRMLK - KROGR	UPC 011110786357 ALWAYS SAVE	12/11oz GRDL PNCK BTRMLK - ASAVE	UPC 070038644071 GREAT VALUE	12/310g GRDL PNCK BTR - GRVLC	UPC 681131811729 NO NAME	12/310g GRDL PNCK BTR - NNAME	UPC 060383987787 SELECTION	12/310g GRDL PNCK BTR - SLCTN	UPC 059749904674 GORDON CHOICE	1/3.74kg GRDL PNCK BTRMLK-GDNCH	UPC 00620868161752 BEST CHOICE	12/16.5oz GRDL PNCK BTRMLK-BSTCH	UPC 070038592716 GIANT EAGLE	12/16.5oz GRDL PNCK BTRMLK-GT/EG	UPC 030034011666 SCHNUCKS	12/16.5oz GRDL PNCK BTRMLK-SCHNK	UPC 041318100570 SE GROCERS	12/16.5oz GRDL PNCK BTRMLK-SEGGR	UPC 038259117187 CLOVER VALLEY	12/16.5oz GRDL PNCK BTRMLK-CLVLY	UPC 686151403381 TOPS	12/16.5oz GRDL PNCK BTRMLK-TOPTC	UPC 070784056340 BROOKSHIRE'S	12/16.5oz GRDL PNCK BTRMLK-BRKSH	UPC 092825096672 SIGNATURE SELECT	12/16.5oz GRDL PNCK BTRMLK-SIGSL	UPC 021130495757 KRUSTEAZ	12/16.5oz GRDL PNCK BTRMLK-KRSTZ	UPC 686151200102 WEGMANS	12/16.5oz GRDL PNCK BTR-WEGMN	UPC 077890481356 HARRIS TEETER	12/16.5oz GRDL PNCK BTRMLK-HARTE	UPC 072036740694 KROGER	12/16.5oz GRDL PNCK BTRMLK-KROGR	UPC 011110874306 YELLOH	12/16.5oz GRDL PNCK BTRMLK-YLLOH	UPC 810038684697 PICS BY PRICE CHOPPER	12/16.5oz GRDL PNCK BTRMLK-PRCHP	UPC 041735157393 WEGMANS	12/16.5oz GRDL PNCK BTRMLK-WEGMN	UPC 077890588796 BREAKFAST BEST	9/33oz GRDL PNCK BTRMLK - BKBST	UPC 4099100329315 BAKER'S HARVEST	1/110 OZ GRDL PNCK BTRMLK-BKRHV	UPC 00041820822700
F-1339-2024,"Germantown Gard (A) Preservative, 25 kg / 55.12 lb bag"
F-0158-2025,KRUSTEAZ	12/15oz GRDL PNCK MINI BTRMLK-KTZCM	UPC 686151200164
F-1816-2024,Supreme Guacamole Chunky Mild	8-50053-68588	17 OZ	 Supreme Guacamole Chunky Medium	8-50053-68589	17 OZ	 Supreme Pico/Guacamole	8-50054-89443	16 OZ	  Supreme Pico/Guacamole
F-0921-2024,"Tio Francisco Panela 14 oz. UPC 7-27242-00550-0  Food City Panela  16 oz. Tio Francisco, San Carlos, Dos Ranchitos, La Ordena, Campesino Panela Available to consumers at retail deli counters in various sizes  Tio Francisco Panela Barra Available to consumers at retail deli counters in various sizes.  Panela Regular and Barra (Bulk)"
F-1168-2024,"H&NATURAL BRAZIL SEED 30 PIECES, PURE NATURAL SEMILLA DE BRASIL FOR 30 DAYS, 5 GRAMS PER BOX, ORANGE BOX."
F-0286-2025,"Bulk salt product shipped in 1 metric ton tote; 50lb bag Special Purity Granulated Food-Grade Salt with UPC 041582150158; 44lb bag sifto Hy Grade Food Grade Salt, Compass Minerals America Inc. 9900 West 109th Street Overland Park, KS 99219"
F-1710-2024,"Jalapeno peppers packaged as 5lb diced with 2 bags per case, whole as 10lb carton, or whole as 5lb carton"
F-0929-2024,Paneer (bulk)
F-1689-2024,Wiers Farm - Green Bell Pepper packaged into 1lb carton - cases size dependent on customer
F-1755-2024,"Bikano Moong Dal Crunchy Green Gram Net Weight 12.35oz (350g) Product of India Manufactured by: Bikanervala Foods Pvt. Ltd.  B1-Plot No. 42 (Khasra No. 661-662), Ecotech II, Udyog Vihar, Greater Noida Gautam Buddha Nagar - 201306"
F-0129-2025,"The Gambler, Dakota Toms brand, Net Wt 7.8 oz, individual pre-packaged components in MEP packaging, UPC 737296601788"
F-1122-2024,"Tasty-Sawa Cinnamon Ground, Net Wt. 55.11 lbs, paper bag (bulk), Country of Origin Vietnam"
F-0920-2024,"Rizo Bros. Oaxaca 8 oz. UPC 7-27242-00334-6  Tio Francisco Oaxaca 12 oz. UPC 7-27242-12332-7  Tio Francisco Oaxaca 14 oz. UPC 7-27242-00532-6  Food City Oaxaca 16 oz.  Tio Francisco, San Carlos Available to consumers at retail deli counters in various sizes  Tio Francisco Oaxaca (shred) Available to consumers at retail deli counters in various sizes  Oaxaca (bulk)"
F-0376-2025,"Gardner's Candies Cappuccino Meltaway Bar 1.25 oz. (35g), Item Number: 15207/online website item number is 0015207, sold individually and; also as part of Gardner's Meltaway Treat Box 6 oz, Item Number: 50135 or online website item number is 0050135"
F-0196-2025,SIMPLE TRUTH	12/11.3oz GRDL WFL HSTYLE GF-SMPTR	UPC	011110105493
F-1688-2024,Wiers Farm - Habanero Peppers packaged into 1lb carton - 3lb per case
F-0886-2024,"HARD E6 1036 delivered as bulk product in approximately 50,000 lbs trailers"
F-0305-2025,"Item 18968101, 100138 ITALIAN MBALL DRY MIX EX, 40.84 lb. bag"
F-1242-2024,Jalapenos packed in 6lb 10oz cans. 6 cans per case
F-1538-2024,Diamond Shruumz Gummies - Mega/Extreme Dose Blue Razz Euphoria UPC 810133320346
F-1313-2024,"Grindsted(R) CFF 1455 Stabilizer System, 22.68 kg / 50 lb bag"
F-0582-2025,"Rajbhog Sweets Jelebi Yellow, 9.5 oz packages and sold by weight from bulk trays."
F-0888-2024,"R01001 ENR SPRING FLR delivered as bulk product in approximately 50,000 lbs trailers"
F-0254-2025,"Organic Hot Agave in the Raw, 10 oz."
F-1678-2024,Wiers Farm - Cubanelle packaged in 16oz plastic bag - 10 bags in a case
F-0092-2025,"Item 406897,UPC 13454 38407, Asian Style Stir Fry Single Serve OP no Trays 1/6.5 LB. Distributed by Fresh Creative Foods, Vista, CA."
F-0837-2024,GALBANI DOMESTIC MASCARPONE 1/5#  SUPC/ITEM # 19641
F-1714-2024,Panaderia Guatemex - Cortado Rojo packaged in plastic bag
F-0150-2025,BREAKFAST BEST 12/8 OZ GRDL HSTYLE PLNT BSD WFL-BKBST UPC 4061459885750
F-1223-2024,"Goya Red Kidney Beans, Net Wt.15.5oz.(439g), metal (tin) cans, 24 cans/15.5 oz. per case"
F-1534-2024,Diamond Shruumz Gummies - Micro Dose Hawaiian Punch UPC 755003861850
F-1172-2024,"H&NATURAL BRAZIL SEED 30 PIECES, PURE NATURAL SEMILLA DE BRASIL FOR 30 DAYS, 5 GRAMS PER BOX, ORANGE BOTTLE."
F-0159-2025,H-E-B	12/14.1oz GRDL PNCK MINI HSTYLE ORG-HEBUT	UPC 041220982714 TRADER JOE'S	16/11.3oz GRDL PNCK MINI HSTYLE ORG-TRDJO	UPC 686151803778
F-1311-2024,"Reese, SG FR Sweetener Blend, CM50"
F-1723-2024,Panaderia Guatemex - Curenitos packaged in plastic bag
F-1162-2024,"H&NATURAL 2 PACK! BRAZIL SEED 60 PIECES, PURE NATURAL SEMILLA DE BRASIL FOR 60 DAYS, 5 GRAMS PER BOX, 2 ORANGE BOXES."
F-0916-2024,"Rizo Bros Cotija (Grated) 8 oz.  UPC 72724200043 7 oz. UPC 7-27242-14022-5  Tio Francisco, Casa Cardenas 9 oz. UPC 7-27242-00022-2 & 8-11371-27109-4  Rizo Bros Cotija  8 oz.  UPC 7-27242-00043-7  Tio Francisco Cotija  14 oz.  7-27242-00517-3  Food City Cotija  16 oz.  Tio Francisco Cotija (Grated) 20 oz. UPC 7-27242-00056-7  Tio Francisco, San Carlos Available to consumers at retail deli counters in various sizes  Tio Francisco Cotija Enchilado 14 oz. UPC 7-27242-00535-7  Food City, Casa Cardenas Cotija Enchilado  16 oz.  Tio Francisco Cotija Enchilado Available to consumers at retail deli counters in various sizes  Tio Francisco Cotija Rallado 12 oz. UPC 7-27242-00021-5  Tio Francisco Cotija Rallado Available to consumers at retail deli counters in various sizes  Cotija (Bulk and grated bulk)"
F-1166-2024,"H&NATURAL BRAZIL SEED 30 PIECES, PURE NATURAL SEMILLA DE BRASIL FOR 30 DAYS, 5 GRAMS PER BOX, BLACK BOTTLE"
F-1720-2024,Panaderia Guatemex - Churros packaged in plastic bag
F-0932-2024,Chin Jung White Kimchi - 7 lb. 8 oz.(3.4 kg) plastic jars
F-1327-2024,"Avicel-plus GP 1615 Stabilizer System FCC, 1000 kg / 2204.62 bulk bag"
F-1260-2024,Supreme Tradition brand and Marcum brand ground cinnamon. Packaged in 1.5 oz and 2.25 oz clear plastics jars
F-1310-2024,"Germantown Dari Whip II, Stabilizer and Emulsifier System, 22.68 kg / 50 lb bag"
F-1038-2024,"Crumbled Cotija Net Wt. 5.6 lbs (300/0.3oz), Net Wt. 7.5 lbs (300/0.4 oz) Fontana, CA 92336 Plant #06-00333  Classic Castle Brand Crumbled Cotija Net Wt. 20 lbs, Net Wt. 5 lbs Fontana, CA 92336 Plant #06-00333  Classic Castle Brand Grated Cotija Net Wt. 20 lbs, Net Wt. 5 lbs Fontana, CA 92336 Plant #06-00333"
F-0213-2025,SELECTION	12/320g GRDL WFL WW-SLCTN	UPC	059749977678
F-1695-2024,Wiers Farm - Tomatillos packaged in 1lb cartons - case size dependent on customer
F-1257-2024,"Mucci Food Products, Ltd. Tiramisu Italian Dessert, 2, 4.25 lb trays per case"
F-0182-2025,PICS BY PRICE CHOPPER	6/29.6oz GRDL WFL BTRMLK RF - PRCHP	UPC	041735064905 FOOD LION	8/12.3oz GRDL WFL BTRMLK RF-FDLIN	UPC	035826091468 HANNAFORD	8/12.3oz GRDL WFL BTRMLK RF-HANNA	UPC	041268196302 FOODHOLD	8/12.3oz GRDL WFL BTRMLK RF-FDHLD	UPC	688267073960 SIGNATURE SELECT	8/12.3oz GRDL WFL BTRMLK RF-SIGSL	UPC	021130095681 BEST CHOICE	12/12.3oz GRDL WFL BTRMLK RF - BSTCH	UPC	070038356837 GOOD & GATHER	12/12.3oz GRDL WFL BTRMLK RF-GDGTR	UPC	085239157916 GIANT EAGLE	12/12.3oz GRDL WFL BTRMLK RF - GT/EG	UPC	030034011635 KROGER	12/12.3oz GRDL WFL BTRMLK RF - KROGR	UPC	011110878328 PICS BY PRICE CHOPPER	12/12.3oz GRDL WFL BTRMLK RF - PRCHP	UPC	041735157515 SCHNUCKS	12/12.3oz GRDL WFL BTRMLK RF - SCHNK	UPC	041318101027 SE GROCERS	12/12.3oz GRDL WFL BTRMLK RF - SEGGR	UPC	038259117101 SUNNY SELECT	12/12.3oz GRDL WFL BTRMLK RF - SUNNY	UPC	098487957627 WINCO FOODS	12/12.3oz GRDL WFL BTRMLK RF-WINCO	UPC	070552306134 CLOVER VALLEY	12/12.3oz GRDL WFL BTRMLK RF - CLVLY	UPC	686151403404 TOPS	12/12.3oz GRDL WFL BTRMLK RF - TOPTC	UPC	070784056050 BROOKSHIRE'S	12/12.3oz GRDL WFL BTRMLK RF - BRKSH	UPC	092825096658 PUBLIX	12/12.3oz GRDL WFL BTRMLK RF - PUBLX	UPC	641415001543 FOODHOLD	6/29.6oz GRDL WFL BTRMLK RF - FDHLD	UPC	688267002496 BEST CHOICE	8/29.6oz GRDL WFL BTRMLK RF - BSTCH	UPC	070038632818 FOOD LION	8/29.6oz GRDL WFL BTRMLK RF-FDLIN	UPC	035826091499 GIANT EAGLE	8/29.6oz GRDL WFL BTRMLK RF - GT/EG	UPC	030034038076 KROGER	8/29.6oz GRDL WFL BTRMLK RF - KROGR	UPC	011110789907 SE GROCERS	8/29.6oz GRDL WFL BTRMLK RF - SEGGR	UPC	038259117125 SUNNY SELECT	8/29.6oz GRDL WFL BTRMLK RF - SUNNY	UPC	098487957665 WINCO FOODS	8/29.6oz GRDL WFL BTRMLK RF - WINCO	UPC	070552306172 BROOKSHIRE'S	8/29.6oz GRDL WFL BTRMLK RF - BRKSH	UPC	092825096702 PUBLIX	8/29.6oz GRDL WFL BTRMLK RF - PUBLX	UPC	041415009547 SIGNATURE SELECT	4/29.6oz GRDL WFL BTRMLK RF-SIGSL	UPC	021130095940
F-1642-2024,Izzio Everything Sourdough. Single 24oz loaf packaged into plastic bag. 12 loaves per case.
F-1258-2024,"Marketside Brioche Rolls, Authentic French Recipe, Net Wt. (.88 OZ (280g)"
F-0841-2024,SOPRA  RICOTTA AMALFI 4/5#      SUPC/ITEM # 193650
F-1331-2024,"CRE-90 (RO1) Stabilizer System, 25 kg / 55.12 lb bag"
F-1305-2024,"Germantown Stabilizer 1772-II, Stabilizer and Emulsifier System, 22.68 kg / 50 lb bag"
F-0181-2025,WESTERN FAMILY	12/280g GRDL WFL BTRMLK - WSTCN	UPC	062639310141 GREAT VALUE	12/280g GRDL WFL BTRMLK - GRVLC	UPC	605388923455 NO NAME	12/280g GRDL WFL BTRMLK - NNAME	UPC	060383987688 COMPLIMENTS	12/280g GRDL WFL BTRMLK-CMPLM	UPC	055742500493 H-E-B	1/4.65lb GRDL WFL BTRMLK - HEBUT	UPC	00041220850921 HARRIS TEETER	12/12.3oz GRDL WFL BTR - HARTE	UPC	072036726476 GREAT VALUE	12/12.3oz GRDL WFL BTR-GRVAL	UPC	078742088587 H-E-B	12/12.3oz GRDL WFL BTRMLK - HEBUT	UPC	041220008209 GREAT VALUE	6/29.6oz GRDL WFL BTRMLK-GRVAL	UPC	078742087023 H-E-B	8/29.6oz GRDL WFL BTR - HEBUT	UPC	041220192977
F-0842-2024,GRANDE   RICOTTA SOPRAFFINA GRANDE 1/3#      SUPC/ITEM # 195351
F-0327-2025,a.) King Kullen brand Stuffed Artichokes; UPC: 85316-10061; 16 oz foam tray b.) Gracie's Kitchen brand Stuffed Artichokes; UPC: 85316-10055; 16 oz foam tray
F-1685-2024,Wiers Farm - Jalapenos packaged into 8oz bags - case size dependent on customer
F-0349-2025,a.) Wild by Nature brand Sliced Mixed Peppers; UPC: 85316-10102; 12 oz plastic container b.) Gracie's Kitchen brand Sliced Mixed Peppers; UPC: 85316-10007; 12 oz plastic container c.) Gracie's Kitchen brand Diced Tri Color Peppers; UPC: 85316-10023; 10 oz plastic container d.) Gracie's Kitchen brand Sliced Mixed Peppers; UPC: 85316-10102; 12 oz plastic container
F-0822-2024,AMBRIOLE MOLITERNO 7# WHEEL SUPC/ITEM # 8923
F-1332-2024,"CRE-90 (RO1) 25 KG Bag Lala, 25 kg / 55.12 lb bag"
F-0547-2025,1. Made Good Variety Pack	37ct	  2.MadeGood Variety Pack	7ct
F-0831-2024,GRANDE BURRATA GRANDE 4/1#     SUPC/ITEM # 19137
F-0205-2025,GIANT EAGLE	12/9oz GRDL WFL MINI HSTYLE - GT/EG	UPC	030034088347 PICS BY PRICE CHOPPER	12/9oz GRDL WFL MINI HSTYLE - PRCHP	UPC	041735010445 KRUSTEAZ	12/9oz GRDL WFL MINI HSTYLE-KRSTZ	UPC	041820818963
F-0055-2025,"Chois Kimchi Company Gluten Free Gochujang Red Chili Paste, packaged 16oz plastic pouch with spout, keep refrigerated. UP 8 58878 00330 8. Made By Chois Kimchi, LLC Portland, OR 97230."
F-1712-2024,"Green Peppers packaged as whole 10lb carton, whole 20lb carton, whole 5lb carton"
F-0332-2025,a.) King Kullen brand Fajita Mix; UPC: 85316-11090; 12 oz plastic container b.) Gracie's Kitchen brand Fajita Mix; UPC: 85316-10002; 12 oz plastic container
F-0167-2025,GORDON FOOD SERVICE	1/10.8lb GRDL WFL BLGN BFFT - GDNFS
F-0103-2025,"Aunt Millie s Bakehouse Texas Toast 3/4"" Sliced 22 OUNCE loaf.  12 unlabeled loaves per sale unit case, product code 9519.  Net. Wt. 16lbs 8oz."
F-1523-2024,Diamond Shruumz Infused Cones Sprinkles UPC 810133320063
F-0894-2024,"2-04585-0000 delivered as bulk product in approximately 50,000 lbs trailers"
F-1708-2024,"Freshire Farms - Green Beans packaged in plastic bags at 1lb, 14 bags per case"
F-0810-2024,"Notoginseng Formula Special Gout Granule; 100% Natural; 8 G x 10 PACKS; CITI TRADE INT'L LIMITED; ADDRESS: 3/FINTERNATIONAL PLAZA 20 SHEUNG YUET RD, KOWLOON BAY, KOWLOON; ""Nourish and helps the kidney with detoxification. Effectively dissolves uric acid crystals in joints. Has a curative effect on a variety of inflammatory symptoms caused by gout and high levels of uric acid, including pain and swollen joints."""
F-1163-2024,"H&NATURAL 2 PACK! BRAZIL SEED 60 PIECES, PURE NATURAL SEMILLA DE BRASIL FOR 60 DAYS, 5 GRAMS PER BOTTLE, 2 BLACK BOTTLES."
F-1713-2024,Panaderia Guatemex - Sheca Redonda packaged in plastic bag
F-0901-2024,"PB AP  delivered as bulk product in approximately 50,000 lbs trailers"
F-1779-2024,"Scortisoara macinata/ Ground cinnamon, 15 g, Paper cartons, 20 pieces per paper carton"
F-1092-2024,"El Chilar, Canela Molida,  Ground Cinnamon  NET WT. 1.25 Oz (35g) , BOPP Bag, 12 units per cases"
F-1648-2024,"Premo  King Club Footlong 11.5oz, clear plastic, UPC 612510094259, 4 retail packages per wholesale case"
F-1646-2024,"SAVPAK Duro 10x10, 8oz plastic bag, DISTRIBUTED BY: Southcoast Product Inc. Dallas, Texas 75215; UPC 29661 00076."
F-1519-2024,NaturesPlus ULTRA T-MALE Maximum Strength Testosterone Boost for Men 60 Bi-layer Tablets
F-0850-2024,SOPRA     RICOTTA AMALFI 1/5#           SUPC/ITEM # 193650P
F-1308-2024,"Grindsted WCS 1265 Stabilizer and Emulsifier System, 22.68 kg / 50 lb bag"
F-0827-2024,BEL GIOIOSO 12/1# EXACT COMBO SUPC/ITEM # 18304
F-1334-2024,"Grindsted SSD 6242 Stabilizer System, 22.68 kg/ 50 lb bag"
F-0908-2024,"Vandevi Compounded Asafoetida 50 gm, 100 gms 200 gm, 500 gm, 1 kg. Packaged in yellow plastic bottles with plastic shrink wrap blue/yellow labels."
F-1329-2024,"Germantown Enhance Plus Stabilizer System, 22.68 kg / 50 lb bag"
F-0885-2024,"DRIED SOFT 75 ENR 134348 delivered as bulk product in approximately 50,000 lbs trailers"
F-0826-2024,BELLISSIMO MASCARPONE SUPC/ITEM # 18270
F-0839-2024,BEL GIOIOSO PROVO SHARP 1/25#    SUPC/ITEM # 96317
F-1707-2024,"Freshire Farms - Jalapenos packaged in plastic bags at 8oz, 18 bags per case"
F-0830-2024,GRANDE  .33OZ FRESH CILIEGINE MOZZ 2/3#    SUPC/ITEM # 19134
F-0160-2025,KROGER	12/16.5oz GRDL PNCK ORIG-KROGR	UPC 011110811769
F-0893-2024,"2-00007-0000 delivered as bulk product in approximately 50,000 lbs trailers"
F-1541-2024,Diamond Shruumz Gummies - Mega/Extreme Dose Radical Rainbow UPC 810133320407
F-0166-2025,NATURES PATH ORGANIC	12/7.4oz GRDL WFL BCKWHE BRY ORG GF-NPTHO	UPC 058449590583 NATURES PATH ORGANIC	12/210g GRDL WFL BCKWHE BRY ORG GF-NPOCN	UPC 058449590576
F-0881-2024,"2ND CLEAR 1051664 delivered as bulk product in approximately 50,000 lbs trailers"
F-1668-2024,"Palmer Frosted Munchy Medley, A mixture of Sweet & Salty Favorites, Net Wt 15 oz., UPC 77232 37013, 8/15oz case"
F-1093-2024,"La Fiesta, Canela Molida, Cinnamon Ground, 0.87oz (24.8g), UPC #032327000449, packed in cello bags"
F-0324-2025,a.) King Kullen brand Pineapple Slices; UPC 85316-10007; 20 oz foam tray b) Wild By Nature brand Pineapple Slices; UPC: 85316-10007; 20 oz foam tray c.) King Kullen brand Pineapple Chunks; UPC: 85316-10386; 16 oz plastic container d.) King Kullen brand Pineapple Spears; UPC: 85316-10388; 16 oz plastic container e.) King Kullen brand Pineapple Slices; UPC: 85316-10542; 16 oz plastic container f.) Wild By Nature brand Pineapple Chunks; UPC: 85316-10380; 12 oz plastic container g.) Wild By Nature brand Pineapple Chunks: UPC: 85316-10386; 16 oz plastic container h.) Gracie's Kitchen brand Pineapple Spears; UPC: 85316-10341; 16 oz plastic container i.) Gracie's Kitchen brand Pineapple Chunks; UPC: 85316-10354; 16 oz plastic container j.) Gracie's Kitchen brand Pineapple Chunks; UPC: 85316-10380; 12 oz plastic container k.) Gracie's Kitchen brand Pineapple Cup; UPC: 85316-10386; 16 oz plastic container l.) King Kullen brand Pineapple Chunks; UPC: 85316-10380; 12 oz plastic container
F-1159-2024,Brazil Seed Net WT 0.18 oz (5g)
F-0209-2025,DUNCAN HINES	1/3.36kg GRDL WFL ORIG - DUNHN	UPC	091479060282
F-0197-2025,WEGMANS	12/7.4oz GRDL WFL HSTYLE ORG - WEGMN	UPC	077890481400 NATURE'S BASKET	12/7.41oz GRDL WFL HSTYLE ORG-NTBKU	UPC	030034944483 NATURE'S PROMISE	12/7.4oz GRDL WFL HSTYLE ORG - NTRPR	UPC	688267058431 O ORGANICS	12/7.4oz GRDL WFL HSTYLE ORG-OORGN	UPC	079893801155 SIMPLE TRUTH ORGANIC	12/7.4oz GRDL WFL HSTYLE ORG-SMPTR	UPC	011110012302 365 ORGANIC	12/7.4oz GRDL WFL HSTYLE ORG - 365OR	UPC	099482436964 H-E-B	12/8.25oz GRDL WFL HSTYLE ORG-HEBUT	UPC	041220708307 WEGMANS	1/3.7lb GRDL WFL HSTYLE ORG - WEGMN	UPC	077890481394 SIMPLE TRUTH ORGANIC	12/19.75oz GRDL WFL HSTYLE ORG-SIMTR	UPC	011110138293 WILD HARVEST	12/7.41oz GRDL WFL HSTYLE ORG - WLDH2	UPC	711535503873
F-1345-2024,Baraka brand ground black pepper packaged in 7oz retail containers with UPC 8 22514 26626 6; 10 units per case
F-1724-2024,Panaderia Guatemex - Gusano packaged in plastic bag
F-1796-2024,"Asli Cinnamon Powder, 7oz clear plastic pouch, UPC 703440150723"
F-1477-2024,1. Greens Gaia Organic Spring Mix; 6x1.7 clamshell; UPC: 850039434075 / 2. Greens Gaia Organic Spring Mix; 6x1.7 clamshell; UPC: 850039434082 / 3. Greens Full Circle Organic Spring Mix; 6x10 clamshell; UPC: 036800490529 / 4. Greens Solata Spring Mix; 6x10 clamshell; UPC: 85002149475 / 5. Greens Gaia Organic Spring Mix 6x10 clamshell; UPC: 850021494858 / 6. Greens Full Circle Organic Spring Mix; 6x16 clamshell; UPC: 036800288744 / 7. Greens Gaia Organic Spring Mix 8x45 clamshell; UPC: 850021494971 / 8. Greens Full Circle Organic Spring Mix 8x5 clamshell; UPC: 036800179882 / 9. Greens Solata Spring Mix 8x5 clamshell; UPC: 854311007032 / 10. Greens Uncle Vinny's Spring Mix 8x5 clamshell; UPC: 804879133414 / 11. Greens Bulk Spring Mix; 2x1.5 bags; Codes: 40606 and 11006
F-1753-2024,Ground cinnamon.   Supreme Tradition brand ground cinnamon packaged in 2.25 oz clear plastics jars with black lids.  UPC: 639277656377 Marcum brand ground cinnamon packaged in 1.5 oz clear plastic jars with black lids. UPC:051933364035
F-0829-2024,GRANDE  1.5OZ FRESH BOCCONCINI MOZZ 2/3#   SUPC/ITEM # 19132
F-1203-2024,12 oz Aluminum cans of root beer packaged 12 cans per carton. 2/12pks per case
F-0194-2025,NO NAME	1/1.68kg GRDL WFL HSTYLE - NNAME	UPC	060383987756 WESTERN FAMILY	12/280g GRDL WFL HSTYLE - WSTCN	UPC	062639310165 GREAT VALUE	12/280g GRDL WFL HSTYLE - GRVLC	UPC	681131712934 NO NAME	12/280g GRDL WFL HSTYLE - NNAME	UPC	060383987664 YELLOH	12/19.75oz GRDL WFL HSTYLE-YLLOH	UPC	810038681535 GORDON FOOD SERVICE	4/74oz GRDL WFL HSTYLE - GDNFS	UPC	093901894793 KRUSTEAZ	12/12.3oz GRDL WFL HSTYLE - KRSTZ	UPC	686151903393 HARRIS TEETER	12/12.3oz GRDL WFL HSTYLE - HARTE	UPC	072036726469 GREAT VALUE	12/12.3oz GRDL WFL HSTYLE-GRVAL	UPC	078742088532 H-E-B	12/12.3oz GRDL WFL HSTYLE - HEBUT	UPC	041220008216 KRUSTEAZ	1/3.7lb GRDL WFL HSTYLE - KRSTZ	UPC	00686151903409 GREAT VALUE	6/29.6oz GRDL WFL HSTYLE-GRVAL	UPC	 HARRIS TEETER	8/29.6oz GRDL WFL HSTYLE - HARTE	UPC	072036726513 H-E-B	8/29.6oz GRDL WFL HSTYLE - HEBUT	UPC	041220192953 DUNCAN HINES	1/3.36kg GRDL WFL HSTYLE - DUNHN	UPC	091479060299 GREAT VALUE	12/560g GRDL WFL HSTYLE - GRVLC	UPC	628915641950 NO NAME	12/560g GRDL WFL HSTYLE - NNAME	UPC	060383987718
F-1270-2024,6. Mother s Day love purse
F-1611-2024,"Dolcezza Vanilla Bean 16 fl oz/1 pint, UPC 857838006168. Packaged in paper containers, 8 containers per case."
F-0170-2025,PRESIDENT'S CHOICE	12/320g GRDL WFL BLBRY GF-PCHOI	UPC	060383038663 WILD HARVEST	12/11.3oz GRDL WFL BLBRY GF-WLDHR	UPC	711535515173 WEGMANS	12/11.3oz GRDL WFL BLBRY GF-WEGMN	UPC	077890519653 FULL CIRCLE	12/11.3oz GRDL WFL BLBRY GF-FULLC	UPC	036800486980 FOODHOLD	12/11.3oz GRDL WFL BLBRY GF-FDHLD	UPC	688267562754 COMPLIMENTS	12/320g GRDL WFL BLBRY GF-CMPLM	UPC	055742563177
F-0145-2025,La Bonne Vie Camembert 8oz UPC 820581678616; 6 retail units per case
F-0141-2025,"Great Value Cinnamon Rolls 16.5oz UPC 078742201160, 12 retail units per case"
F-1716-2024,Panaderia Guatemex - Corona packaged in plastic bag
F-1717-2024,Panaderia Guatemex - Liso packaged in plastic bag
F-0832-2024,GALBANI SMOKED PROV 3/12#     SUPC/ITEM # 19422
F-0833-2024,GRANDE  RICOTTA SOPRAFFINA 6/3#      SUPC/ITEM # 19535
F-1328-2024,"GS 1134 Kreme WIP, 25 kg / 55.12 lb bag"
F-0778-2024,"Market Basket, Organic Trek Mix, 11oz & 14oz. plastic resealable bags . 8/11oz & 12/14oz bags per case."
F-1479-2024,1. Greens Solata 5050; 6x10 clamshell; UPC: 850021494766 /  2. Greens Gaia Organic 5050; 6x10 clamshell; UPC: 850021494827 / 3. Greens Gaia Organic 50/50 blend; 8x45 clamshell; UPC: 850021494919 / 4. Greens Gaia Organic 50/50; 8x45 clamshell; UPC: 850021494957 / 5. Greens Full Circle Organic 5050; 8x5 clamshell; UPC: 036800341562 / 6. Greens Solata 50/50 Blend; 8x5 clamshell; UPC: 854311007070 / 7. Greens Uncle Vinny's 50/50 blend; 8x5 clamshell; UPC: 804879525158 / 8. Greens Solata 50/50 Blend; 8x5 clamshell; UPC: 854311007087 / 9. Greens Uncle Vinny's 5050; 8x5 clamshell; UPC: 804879525165 /
F-1350-2024,"Newly Weds Foods, LLC S07548 Starch WPC Blend 30lb bag"
F-0880-2024,"160919 FLR BLE WINTER delivered as bulk product in approximately 50,000 lbs trailers"
F-0900-2024,"NON-HUMAN CONSUMPTION delivered as bulk product in approximately 50,000 lbs trailers"
F-1321-2024,"Grindsted TH GSD 2272 Stabilizer and Emulsifier System, bulk tote"
F-0070-2025,"Home Alone International Delight Peppermint Mocha Zero Sugar, 32oz plastic bottle, 6 bottles per case. Refrigerated."
F-0342-2025,a.) King Kullen brand Halo Bowl; UPC: 85316-10390; 28 oz plastic container b.) Wild by Nature brand Halo Bowl; UPC: 85316-10390; 28 oz plastic container c.) Gracie's Kitchen brand Halo Bowl; UPC: 85316-10312; 28 oz plastic container
F-1259-2024,Amyloid Complete
F-0927-2024,Cheddar Conventional (bulk)
F-1715-2024,Panaderia Guatemex - Conchas Guatemala packaged in plastic bag
F-1736-2024,"Lunds & Byerlys Deli Guacamole, Item 85999.  Net Wt 56 oz.  Keep Refrigerated."
F-0105-2025,"Gordon Food Service Hawaiian Pull-Apart Dinner Rolls Unsliced 1.25 Ounce. 10 unlabeled 12CT PKGS per sale unit case, product code 7148.  Net. Wt. 9lbs. 6oz."
F-1097-2024,EarthSweet¿ Chewables CellularActive¿ Methylfolate 1000 mcg; 90 chewable tablets packaged in an amber glass botte with purple lid
F-1718-2024,Panaderia Guatemex - Besos packaged in plastic bag
F-1649-2024,"Premo  Meat Lovers  7oz, clear plastic, UPC 612510093832, 4 retail packages per wholesale case"
F-1390-2024,"Tejocote Root Products under the following brands: Eva Nutrition, Science of Alpha Mexican, NWL Nutra Mexican, and Niwali Mexican"
F-1764-2024,Guacamole & Pico de Gallo Combo $7.99 - 16 oz  639123880574    Guacamole Chunky Medium - 14 oz  639123880161    Guacamole Chunky Mild - 14 oz  639123880154    Guacamole Blender Mild $5.99 - 12 oz  639123880789     Plastic Clam-Shell Container
F-1680-2024,Wiers Farm - Serrano Peppers packaged in 4oz plastic bag - 5lbs per case
F-1518-2024,"Campanelle (vegan) Dried, net wt. 10oz. in clear package with green/back printings on whie label. UPC 850049624022."
F-1299-2024,Della Fattoria Sicilian Semolina
F-1075-2024,Dole Premium Kit Endless Summer UPC 71430010730
F-1322-2024,"Cremodan SL-64-A Stabilizer System, 25 kg / 55.12 lb bag"
F-0183-2025,GOOD & GATHER	12/10.72oz GRDL WFL BTRMLK VAN PRTN-GDGTR	UPC	085239157961 H-E-B HIGHER HARVEST	12/10.72oz ORIG PRTN-HEBHH	UPC	041220013685 BETTERGOODS	12/13.4oz GRDL WFL BTRMLK VAN PRTN-BTRGD	UPC	194346252749 BREAKFAST BEST	12/13.4oz GRDL WFL BTRMLK VAN PRTN-BKBST	UPC	4099100313000 SIMPLE TRUTH	12/13.4oz GRDL WFL BTRMLK VAN PRTN - SMPTR	UPC	011110108135
F-1149-2024,"Windsor Black Peppercorns, 34g grinder, UPC 0 66010 08200 9, 6 units per wholesale case"
F-0152-2025,BREAKFAST BEST 12/12.3oz MXD CS GRDL WFL PMPKN/CINN-BKBST UPC 4061463257208
F-0164-2025,WEGMANS	12/7.4oz GRDL WFL BLBRY ORG - WEGMN	UPC 077890481417 NATURE'S PROMISE	12/7.4oz  GRDL WFL BLBRY ORG - NTRPR	UPC 688267058448 O ORGANICS	12/7.4oz GRDL WFL BLBRY ORG-OORGN	UPC 079893801162 365 ORGANIC	12/7.4oz  GRDL WFL BLBRY ORG - 365OR	UPC 099482436971 SIMPLE TRUTH ORGANIC	12/7.4oz GRDL WFL BLBRY ORG-SIMTR	UPC 011110012883
F-0335-2025,a.) King Kullen brand Mirepoix; UPC: 85316-10167; 20 oz plastic container b.) Gracie's Kitchen brand Mirepoix; UPC: 85316-10167; 20 oz plastic container
F-0138-2025,154784	1 / 5LB	IMPERIALFRESH	PROC FAJITA GRN PEPRED PEP W	All lot codes
F-0156-2025,SE GROCERS	12/16.5oz GRDL PNCK HSTYLE-SEGGR	UPC 038259117194 PICS BY PRICE CHOPPER	12/16.5oz GRDL PNCK HSTYLE-PRCHP	UPC 041735157386
F-0069-2025,"Dry Dates, 50 lb. bag"
F-1320-2024,Grindsted Sweet Roll Dough Blend 2 Stabilizer & Emulsifier System 22.68 kg / 50 lb bag
F-1074-2024,Dole Cajun Ranch Chopped Kit UPC 71430002063
F-1722-2024,Panaderia Guatemex - Pegado packaged in plastic bag
F-0849-2024,GRANDE    .33OZ FRESH CILIEGINE MOZZ 1/3#          SUPC/ITEM # 19134P
F-1679-2024,Wiers Farm - Green Beans packaged in varied weighted bags
F-1794-2024,"Terrafina Golden Raisins Net Wt. 10oz (283g) UPC:847938001385. Packaged in a plastic container, 8 containers per case."
F-0413-2025,Cal Yee's New Orleans Hot Mix (1-lb plastic bag)
F-0210-2025,TRADER JOE'S	24/9.9oz GRDL WFL PMPKN - TRDJO	UPC	000000517263
F-1006-2024,Ready Pac Bistro Fresh Mex Chopped Kit 10.5 oz. UPC 077745256108
F-1737-2024,"Bovine Collagen Peptide.  Powder, Grade A, Cowhide Source.  Net Weight:  20.0 kg.  Made in China."
F-0824-2024,AURICCHIO CREMA AL REGGIANO 4/1.1# SUPC/ITEM # 8927
F-1517-2024,"Orzo (vegan) Dried, net wt. 10oz in clear package with green/back printings on white label. UPC 810135110747."
F-1154-2024,"MK Cinnamon Powder, 45g, plastic bottle"
F-1754-2024,El Servidor Corp Ground Cinnamon Net Wt. 1.5 oz. UPC: 745245113244. Packaged in clear plastic bag. 12 bags per case. Gutierrez Distributor Canela Molida Ground Cinnamon  1.5 oz. UPC: 852705000164 Packaged in clear plastic bag.
F-0835-2024,GRANDE  PRIMA DOLCE RICOTTA 2/4#   SUPC/ITEM # 19540
F-0201-2025,HANNAFORD	8/12.3oz GRDL WFL MLTGRN-HANNA	UPC	041268196319 FOODHOLD	8/12.3oz GRDL WFL MLTGRN-FDHLD	UPC	688267081958 H-E-B	12/12.3oz GRDL WFL MGRN - HEBUT	UPC	041220908233 BEST CHOICE	12/12.3oz GRDL WFL MLTGRN-BSTCH	UPC	070038622116 HARRIS TEETER	12/12.3oz GRDL WFL MGRN - HARTE	UPC	072036726490 TRADER JOE'S	24/11oz GRDL WFL MGRN - TRDJO	UPC	000000199681
F-0917-2024,Tio Francisco Blanco Suave 14 oz. UPC 7-27242-05355-6
H-0245-2025,1. USA OG2 LEEKS
H-0254-2025,"C Sweet Maamoul with Dates 8 oz., UPC 852664042694"
H-0255-2025,"C Sweet Sweet Kaak 12 oz.,  UPC 721782348912"
H-0417-2026,"SOMA KITCHEN NATURAL ASAFOETIDA Net Wt. 4 oz (0.25 lb) Product of India Manufactured for and Imported by: Bharat Bazar, Fremont, CA 94539 Use by : JULY-2027 Lot : NATL/ASFTP/G/24 (BB/ASFTP/G/24) UPC : 4 973993 173586 Ingredients :- Natural Hing"
H-0124-2026,"Ready Meals Smoked Mozzarella With Hot Links Extra Large, UPC 200003 #####. Product was made in-store with store generated scale label applied to the container.    Sold under store banners Carrs-Safeway, Eagle, and Safeway in AK"
F-0568-2025,"AAHU BARAH brand SOFT PLUM; NET WT. 0.5 LB; Import By: AAHU BARAH USA, INC.; Soft Plum Aloo Bukahara 1/2 LB; *May Contain Sulfites As preservatives; UPC 882475049186; packaged in clear plastic bags."
H-0360-2026,"Vanilla Econo, Galletas de Vainilla, 8 paquets per Net Wt. 9.6 oz box (272 g), 6 box per case. UPC 072981005022"
H-0014-2026,"Taproom Gourmet brand 20lb and 18lb bulk ""Fifth Avenue"" Mix"
H-0143-2026,"Fusia Asian Inspirations brand Veggie Spring Rolls. Net weight: 10 oz (283.5 g).) retail package identified by UPC 4099100222258.   Type of packaging: Paperboard carton with inner poly bag; 12 ct corrugated master case. Responsible firm on label: ALDI Inc.  Batavia, IL 60510 (U.S. private label)."
H-0459-2026,"Sofit, Seedless Red Dates, 12 oz package, Plastic bags, 50 packages per case"
H-0082-2025,"Nature Mills Traditional Sambar Powder, 200g"
H-0016-2026,"Taproom Gourmet brand 15lb bulk ""Madison"" Mix"
H-0393-2026,Healthy Truth brand Moringa Powder; 5lb and 20lb
H-0409-2025,"Minute Maid Tropical Punch, 59 FL OZ (1.8 QT) 1.75 L, packaged in a paper carton, UPC: 025000047695"
F-0664-2025,"Coco-Cola Original Taste, 12 Fl Oz. (355mL).  Can UPC 0 49000-00634 6.  12-can pack UPC 0 49000-02890 4.  Canned Under Authority of the Coca-Cola Company, Atlanta, GA  30313."
H-0465-2025,La Michoacana Minis Variety Paletas 12-Count 16.5oz UPC: 7-67778-03042-3
H-0588-2025,"HI-TECH PHARMACEUTICALS BETA SITOSTEROL (715MG PINE DERIVED PHYTOSTEROL 99%) PROVIDES SUPPORT FOR OVERALL CARDIOVASCULAR HEALTH HELPS MAINTAIN HEALTHY CHOLESTEROL LEVELS ALREADY WITHIN THE NORMAL RANGE SUPPORTS PROSTATE AND IMMUNE HEALTH 90 TABLETS UPC 8 11836 02587 3 HI-TECH PHARMACEUTICALS, INC. 6015-B Unity Drive Norcross, GA 30071"
F-0887-2025,"City Point Market Fresh Food to Go Caprese Baguette; 6.5oz, PLASTIC CONTAINER  Best By: 05/09/2025 - 05/18/2025 UPC# 4 00694  44192 7"
F-0726-2025,Texas Olive Co. Pepperoncini 16 oz glass jars
H-0062-2025,"Windsor brand Extra Course Sea Salt Grinder Refill, 255 g, packaged in a glass jar with plastic lid and packed 6 units per case, each unit sold individually; Imported by Windsor Salt Ltd., Pointe-Claire, Quebec H9R 5M9"
H-0410-2025,"Pillsbury Cinnamon Rolls Original Icing, 8 ct., NET WT 12.4 OZ (351g), packaged in a cardboard and aluminum tube, UPC: 018000005017"
H-0554-2025,"Nirwana Foods, Golden Raisin,  28 oz (794g), Net Wt. 1.75 LBS, Clear Bags, 20 bags Per Case, keep at room Temperature"
H-0533-2025,Baker's Authority Three Seed Mix; 5lb bag; stored dry at room temperature; packaged in silver bag
H-0083-2026,"Jumbo Meat Ball Sub; Net Weight: 8.9oz; Product Code: Fresh Thru 10-15-25, 10/16/2025, 10/20/2025 In clear plastic packaging with white sticker label"
H-0015-2026,"Taproom Gourmet brand 15lb bulk ""Broadway"" Mix"
F-0627-2025,"Good & Gather Cut Green Beans.  Net Wt. 14.5 oz (411g).  UPC 0 85239-11628 9.  Dist. By Target Corporation, Minneapolis, MN  55403."
H-0209-2026,Mai California Roll WR - UPC 840031402639  5.9 oz (167g) Plastic tray with plastic lid
H-0444-2025,"Lithium Orotate, 5MG, Distributed by Enjoy Nutrition, LLC. UPC#: 702730893968, 702730894064"
H-0017-2026,"Taproom Gourmet brand 20lb bulk ""Park"" Mix"
H-0169-2026,Lucky Foods Cinnamon Powder; 40g
H-0250-2025,1. USA OG2 SDLS MINI WTRM
F-0668-2025,"DRIED LILY FLOWERS Net Weight 2.5 oz (70g) Ingredients: Lily flower (Hemerocallis citrina) Distributed by: U.S. TRADING COMPANY Hayward, CA 94545-1130 Product of China"
H-0018-2026,"Taproom Gourmet brand 18lb bulk ""Empire"" Mix"
F-0719-2025,"CACAO BARRY Gianduja Noir, 5.5lbs (2.5kg) plastic bucket, 8 buckets per case."
H-0514-2026,Brass Pital Pot 4-quart.  Sticker label: BRASS HAMMERED HANDI NO 3 UPC 7 023672 414398 US $ 74.99  Sticker label: IKM INDIAN KITCHEN MART
H-0371-2026,"Sam's Pecorino Romano grated, 1.5 lb Plastic Bags, 12 units per case"
F-0936-2025,"NOW Nutritional Yeast Powder, Nt. Wt. 10oz.  UPC 7 33739 02460 2"
H-0330-2025,"Gedney Ghost Pepper LIL Pickles, item 75802, Net 24 fl oz. (1.5Pts) 710mL.  UPC 0 41660-00758 9.     Refrigerate after opening.  Distributed by Gedney Foods Co, Burnsville, MN  55438  Product of Mexico."
H-0107-2026,Coca-Cola 12oz Can - 24 pack	49000012781 / JUN2926MAA Coca-Cola 12oz Can - 35 pack	49000058468 / JUN2926MAA
H-0505-2025,"Sri Sri Tattva, Ojasvita Chocomalt,7oz / 200g, Paper Pouch, 25 packages per case"
H-0007-2025,Eudos Bronquilan
H-0083-2025,"Nature Mills Traditional Rasam Powder, 200g"
H-0368-2025,Reisman's Cinnamon Danishes 3 oz.
H-0328-2025,"Dill Pickles packaged under the following label:   1.	Gedney Whole Pickles, item 15100, Net 32 fl oz. (1Qt)946mL. UPC 0 41660-00151 8. 2.	Gedney Mini Munchers Kosher Dill, item 17100, Net 32 fl oz. (1Qt)946mL. UPC 0 41660-00171 6.   3.	Gedney Kosher Dill Babies, item 17200, Net 32 fl oz. (1Qt)946mL. UPC 0 41660-00172 3.   4.	Gedney Dill Mini Munchers, item 17300, Net 32 fl oz. (1Qt)946mL. UPC 0 41660-00173 0.  5.	Gedney Dill Babies, item 18400, Net 32 fl oz. (1Qt)946mL. UPC 0 41660-00184 6.   6.	Gedney Dill Babies, item 19100, Net 16 fl oz. (1Pt)473mL.  UPC 0 41660-00191 4.   7.	Gedney Kosher Dill Babies, item 19200, Net 32 fl oz. (1Qt)946mL. UPC 0 41660-00192 1.  8.	Gedney Dill Spears, item 19600, 24 fl oz. (1Pt 8fl oz) 710mL. UPC 0 41660- 00196 9.   Refrigerate after opening. Distributed by: Gedney Foods Co., Burnsville, MN 55337. Product of Mexico"
H-0309-2026,"Food to Live brand ORGANIC MORINGA LEAF POWDER, packaged heat-sealed, resealable stand-up pouches in 8 oz, 1 lb., 2 lb., 4 lb., 8 lb., 16 lb., and 44 lb. bags; Ingredients: ORGANIC MORINGA LEAF POWDER;   UPC:  8 oz - 840374833268 1 lb. - 840374812881 2 lb. - 840374813109 4 lb. - 840374810283 8 lb. - 840374833275 12 lb. - 840374812898 16 lb. - 840374812904 44 lb. - 840374833282"
F-0554-2025,"Menma Ajitsuke prepared bamboo shoots; Product of Japan; Manufactured by: Choshiya Honten CO., LTD.  Hamamatsu 431-1103 Japan UPC 4 923673 527332.  Product is packaged in 8.8 OZ Plastic Pouches. 60 units per case."
H-0248-2025,1.MEXICO OG2 FENNEL
H-0249-2025,1.MIGHTIES OG2 KIWI
H-0090-2025,"Nootri Toto, Net Weight 1 kg, packaged in a cardboard box, packed 12 boxes per case"
H-0469-2025,Helados Mexico Minis Variety Paletas 12-Count 18oz UPC:6-82082-61215-1
H-0204-2026,"Bulk and Organic Organic Moringa Powder, 44.1lbs bag"
F-0665-2025,"Black Beans, Dried, net wt. 16 OZ (1 LB) 454g, packaged in plastic bag. Packaged in the U.S. UPC 0 70552 70412 1. DISTRIBUTED BY: WinCo Foods, LLC, BOISE, ID 83704"
H-0244-2026,3 B Cookware 6
H-0441-2025,a.) Actylis brand Lithium Orotate 4% packaged in HDPE Liner in a 25kg carton  b.) Actylis brand Lithium Orotate 9% packaged in HDPE Liner in a 25kg carton
H-0106-2026,Coca-Cola Zero Sugar 12oz Can -12 pack	49000042559 / FEB0226MAA Coca-Cola Zero Sugar 12oz Can -35 pack	49000058499 / FEB0226MAA
H-0012-2026,Sadecki Bartnik Pylek Kwiatowy (Bee Pollen) 200g (7.05oz) glass jar UPC 5 900597 000788
F-0680-2025,"Choshiya branded ""MENMA AJITSUKE PREPARED BAMBOO SHOOTS"" UPC# JANCODE 4983673527325"
H-0513-2026,Aluminum Kadai with Metal Handles Size 5.  A-Cook MADE IN INDIA SIZE 5  Sticker label: $$24.99+TX
H-0279-2025,Wei-Chuan branded Black Fungus Slice. Net weight: 2.5 oz UPC#: 072869231321
H-0416-2025,"Velveeta Slices Sharp Cheddar, 16 ct., NET WT 12 OZ (340g), packaged in plastic/cardboard, UPC: 021000044894"
H-0900-2026,"Betaine Anhydrous, 2055kg, material packed in foil bags inside 15kg cardboard box Label reads in part as ""***BETAINE ANHYDROUS 98%***Distributed by Creative Compounds, LLC Scott City, Missouri USA 63780***"""
F-0841-2025,"Fresh & Ready Foods Breakfast Bistro Box, 4 oz. plastic container. Best buy: 05/09/2025-05/12/2025 UPC# 6 82906 89908 9"
H-0637-2025,"PURE CANE GRANULATED SUGAR, NET WT 50 LB (22.67kg), Distributed by Domino Foods, Inc., Yonkers, NY 10705, STORE IN A COOL, DRY PLACE"
H-0321-2025,"Boar's Head Smoked Gouda, Net Wt 8 oz (226g).  UPC 0 42421-50006 6.  Keep Refrigerated.  Distributed by Brunckhorst Co., NY,NY 11206."
F-0480-2025,"item 8201812 FRENCH CRULLERS 72x 1.6 OZ, NET WT 6.48 LB"
H-0243-2026,3 B Cookware 5
H-0612-2025,"Spanish Club Ciabatta; Keep Refrigerated, NET WT: 10.5 OZ,  UPC# 6 82906 90933 7 Manufactured by Fresh and Ready Foods LLC, San Fernando, CA 91340"
H-0022-2026,Super Muscle Support Powder; 300 grams/container UPC: NA
F-0487-2025,"item 8201835 JUST BAKED YEAST MUNCHKINS 350x0.39 OZ, NET WT 8.49 LB"
H-0445-2025,"Lithium Orotate, 10MG, Distributed by Enjoy Nutrition, LLC. UPC#: 702730894033, 702730894057"
F-0522-2025,"item 8201921 FRENCH CRULLER PFD 72x1.6 OZ, NET WT 6.48 LB"
F-0659-2025,"Ready Care Vanilla Shake No Sugar Added (4 oz), UPC 10045796017365;  Imperial Vanilla Shake No Sugar Added (4 oz), UPC 00074865927031"
H-0372-2026,"Boar's Head Pecorino Romano Grated, 5-pound plastic bag (unit)"
H-0283-2025,Kilwin's Family Assortment 9oz UPC 0 004564 3 Kilwin's Family Assortment 14oz UPC 0 004565 0 Kilwin's Family Assortment 28oz UPC 0 004566 7 Kilwin's Family Assortment 42oz UPC 0 004567 4
F-0888-2025,"City Point Market Fresh Food to Go PB&J Crunch on Country White; 6oz, PLASTIC CONTAINER  Best By: 05/09/2025 - 05/18/2025 UPC# 4 00694  44193 4"
H-0369-2025,Reisman's  Vanilla Danish 3 oz.
F-0727-2025,Texas Olive Company Capers Capote 8 oz. plastic containers.  All lots with expiry prior to 06/04/2025  Texas Olive Company Capers Capote 16 oz. glass jar.  All lots with expiry prior to 12/21/2025
H-0466-2025,La Michoacana Variety Paletas 16-Count 44oz UPC:7-67778-03100-0
F-0478-2025,"item 8201810 FLUFF BAR 78x2.75 OZ, NET WT 12.07 LB"
H-0108-2026,Sprite 12oz Can   35 pack 	49000058482 / JUN2926MAA Sprite 12oz Can   12 pack 	49000028928 / JUN2926MAA Sprite 12oz Can   12 pack	49000028928 / JUN3026MAB
H-0079-2026,TAYLOR FARMS COOKED ROTINI MAP 8 X 3 lb pouches Net Weight: 24 lbs (10.88 kg) PERISHABLE KEEP REFRIGERATED
H-0470-2025,Helados Mexico Choco Dipped Minis Variety Paletas 12-Count 18oz UPC: 6-82082-41215-7
F-0902-2025,Fresh Take Crave Away PB&J on Country White; 6oz PLASTIC CONTAINER; Best By:	05/09/2025  - 05/19/2025  UPC# 8 06795 61116 8
H-0304-2026,Brass Langri Cookware  Sticker label: 14
H-0448-2026,"BarbaCuban Havana Gold, Net Wt. 12 oz (355 ml). Packed in 12 oz glass bottles. UPC code 7 19660 00097 7"
H-0461-2025,La Michoacana Bubble Gum Single Serve Paleta 3.75oz UPC: 7-67778-00003-7
H-0365-2026,"COKE FARM Beans, Green 25 lb. Product of USA Coke Farm San Juan Bautista, CA 95045"
H-0128-2026,"LMPS 1.5"" BULK MOZZARELLA. 11"" X 14"" X 1.5 slabs, approximately 10 lbs. each. Approx. 1125 lbs. packaged in corrugated totes. Product Code 100003207. Refrigeration at 34-40F."
H-0468-2025,Helados Mexico Minis Variety Paletas 12-Count 18oz UPC: 6-82082-11215-6
H-0172-2026,"Roshni Cinnamon Powder, 3.5 oz (100g). This product is packaged in clear plastic pouches."
H-0410-2026,Bengal King Jhal Chanachur food treats 12.34oz (350gm)
F-0497-2025,"item 8201858	JUST BAKED YEAST SHELLS 120x1.88 OZ, NET WT 14.10 LB"
H-0512-2026,Brass Tope.  Sticker label: $29.99+TAX
H-0211-2026,Whatcom Farmhouse- Sliced and packaged in deli plastic wrap with Whole Foods Scale labels.
F-0806-2025,"Yellowstone Brown Sugar Molasses Baked Beans, NET WT. 15 OZ (425g), packaged in cans, packed 12 cans per case. UPC: 071846187071; Packaged by: Vietti Foods Inc. Nashville, TN 37203"
F-0648-2025,"Dried Longan Pulp- Made in China, 8oz(227g), GROWLAND INC.  rear panel- Organic Planted, Store in cool and dry place, Made in Thailand; UPC# 8 513041 327262"
F-0500-2025,"item 8201863	JUST BAKED ECLAIRS 84x2.36 OZ, NET WT 12.39 LB"
F-0507-2025,"item 8201871	ESL CINNAMON FRIES 60x3OZ, NET WT 10.13 LB"
F-0713-2025,Tony's Chocolonely Everything Bar
F-0511-2025,"item 8201882 JUST BAKED FRENCH CRULLERS 96x1.6 OZ, NET WT 9.60 LB"
H-0320-2025,"Crown Point Shelled Edamame, net wt. 22lbs. UPC 813973 01840 4. Product is packaged in carton box with poly liner. Distributed by Alpine Foods Distributing Inc. Milwaukie, OR. Product of China."
H-0106-2025,Red Dragon Roll
H-0587-2025,"HI-TECH PHARMACEUTICALS ADDEREX XR STRONGEST FOCUSING AID WITHOUT A PRESECRIPTION! HELPS ADULTS MAINTAIN CONCENTRATION & IMPROVE PRODUCTIVITY! 30 TABLETS UPC 8 11836 02691 7 HI-TECH PHARMACEUTICALS, INC. 6015-B Unity Drive Norcross, GA 30071"
F-0708-2025,"Arepas de Chocolo, Abuelas Food Company, Delicias de la Abuela's, Net Weight: 22.5oz. (638g), 5 units per package, Vacuum seal packages and twist tie bags, KEEP REFRIGERATED. UPC 850283002037"
H-0012-2025,"Dr. Pepper, ZERO SUGAR, 12 FL OZ (355 mL) ALUMINUM CAN packaged and sold as 12 packs and 24 packs cartons cases. PRODUCED UNDER THE AUTHORITY OF CB Manufacturing Company, Inc., 5829 Pepsi Pl., Jacksonville, Florida, United States of America, 32216 - 904-443-0763 who is licensed to manufacture Keurig Dr. Pepper branded products."
H-0369-2026,"Pinna Grated Pecorino Romano 2/10, 10-pound plastic bags (units)"
F-0912-2025,Fresh Take Crave Away Street Corn Dipper; 4oz PLASTIC CONTAINER; Best By:	05/09/2025  - 05/19/2025  UPC# 8 06795 61127 4
F-0655-2025,"Ready Care Vanilla Shake (4 oz), UPC 10045796017334;  Imperial Vanilla Shake (4 oz), UPC 00074865926836"
H-0061-2025,"Windsor brand Extra Course Himalayan Pink Salt Grinder Refill, 255 g, packaged in a glass jar with plastic cap and packed 6 units per case, each unit sold individually; Imported by Windsor Salt Ltd., Pointe-Claire, Quebec H9R 5M9"
H-0208-2025,Bibimbap Bowl   13 oz                            63912389259
H-0380-2025,"Organic Pure Stevia, net wt. 1oz. UPC 7 39223 00204 0. Product is packaged in a plastic bottle with white cap.  Ingredient: Organic Stevia Extract. Sprinkle a pinch for the perfect sweetness. Suggested Use: 1/64 tsp tastes as sweet as 1 tsp of sugar. Distributed by: NuNaturals, Inc. Eugene, OR 97402."
F-0486-2025,"item 8201834 JUST BAKED YEAST RING 120x1.88 OZ, NET WT 14.10 LB"
H-0377-2025,Reisman's Cinnamon Babka Slices 3 oz.
H-0442-2026,OptiWize Health   OptiWize Collagen Plus 320 count bottle; White bottle with black lid.
H-0081-2026,TAYLOR FARMS COOKED TROTOLLE MAP 8 X 2.75 lb pouches Net Weight: 22 lbs (9.97 kg) PERISHABLE KEEP REFRIGERATED
H-0444-2026,"BarbaCuban 90 Miles to Mojo Marinade, Net Wt 12 oz (355 ml) 12 oz glass bottles,1 gallon HDPE Industrial Plastic Jugs, ¿ gallon HDPE Industrial Plastic Jugs. packaged in 12x12 fl oz, 6x12 fl oz, 4x1 gallon, 4x1/2 gallons. UPC code 7 19660 00096 0"
H-0208-2026,"DEVI brand Cinnamon Powder (Dalchini Powder), net wt.: 3.5 oz (100 g), packaged in flexible plastic bag. UPC 6 09595 11904 5. Imported and Distributed by Homeneeds Inc. Bellevue, WA 98007; Product of India"
H-0224-2025,1. FLORIDA BICOLOR SWT CORN       2. EASTERN BI-COLOR TRAY PACK
F-0694-2025,"Dr. Praeger s California Veggie Fries 8oz,"
H-0242-2026,3 B Cookware 4
H-0446-2025,"Lithium Orotate, 20MG, Distributed by Enjoy Nutrition, LLC. UPC#: none"
H-0333-2025,"Sheehan Brothers Vending Italian Mini Sub, 6.1 oz (174g), in a brown paper boat and individually wrapped in plastic, UPC: 100000952412"
F-0662-2025,"Ready Care Vanilla Shake Plus (4 oz), UPC 10045796017549"
H-0636-2025,"UDK ,Half Plum, 170 g, Container, 24, ambient"
H-0235-2025,1.  USA ORGC BOK CHOY              2. USA/MEX OG2 BABY BOKCHOY
H-0227-2025,1. WLD HRVST OG2 MANDARINS
F-0842-2025,"Fresh & Ready Foods Antipasto Bistro Box, 4 oz. plastic container. Best buy: 05/09/2025-05/12/2025 UPC# 6 82906 89909 6"
H-0203-2026,Cinnamon Powder; 8oz clear plastic container. Distributed by Haitai Inc. UPC: 0 20914 81415 9
H-0222-2026,"Organic Moringa Leaf Powder (Moringa Powder) , 4 oz. and 1 Kilogram, 4 oz size in a solid plastic container / 1 kg size in a plastic bag in a box.  Distributed by: Africa Imports, South Hackensack, NJ 07606"
H-0313-2026,BaiLiFeng Dried Cinnamon Powder; Net Wt 4 oz/114G; Good Way Trading Group Inc 58-51 Maspeth Avenue Maspeth NY 11378; Product of China; Ingredients: Dried Cinnamon; UPC code: 4 897055 79940 1
H-0361-2025,Reisman's Cappuccino Bars 3 oz.
H-0087-2025,"Nature Mills Black Kavuni Porridge Mix, 200g"
H-0373-2026,"Ambriola Piccante grated Pecorino Romano, 5 and 10-pound plastic bags (units)"
F-0728-2025,Texas Olive Company Giardiniera 16 oz. glass jars All lots with expiry prior to 06/14/2025
H-0265-2025,"FG20007 	Pepper, Red Bell Chop packaged in poly bag, and cardboard case. 17.5 lbs per case"
H-0084-2026,"Floria Dried Apricots, 200 Gram packages, 40 packages per case ."
H-0466-2026,CINNAMON POWDER NET WT : 3.5 oz (100g) PRODUCT OF INDIA UPC 7 46241 29537 8 Distributed by: Venzu Traders LLC venzutraders@outlook.com
H-0238-2025,1.  OG2 BUNCH DILL
F-0906-2025,Fresh Take Crave Away Italian Mega; 9.5oz PLASTIC CONTAINER; Best By:	05/09/2025  - 05/19/2025  UPC# 8 06795 58557 6
F-0778-2025,PRESIDENT BRAND; Kumquat Slices; NET WT. 8 OZ/227g; EAST CK TRADING INC.; INGREDIENTS: Kumquat slices; packaged in clear plastic jars with UPC 8 10077 20936 3
H-0241-2025,1.USA OG2 GREEN CHARD
H-0367-2026,"Locatelli Grated Pecorino Romano 4 oz and 8 oz plastic cup & lid, 12 units per case"
H-0370-2026,"Boar's Head Grated Pecorino Romano, 6 oz Plastic Cup & Lid, 12 units per case"
H-0234-2026,Sonex brand aluminum pot; ISO 9001:2000; Made in Pakistan
H-0201-2026,Rockport Lobser Bisque; packed in 2x8lb pouches and in 4x4b pouches
F-0703-2025,Farmer House Preserve Olive Strips
H-0388-2026,"Cinnamon, Clear Plastic Container, 100G,  UPC 6251136 034139"
H-0349-2026,ALUMINIUM HAMMERED KADAI SIZE 7 8 901000 000057 MADE IN INDIA
H-0070-2026,Wise Wife Ground Cinnamon
H-0467-2025,La Michoacana Rompope Bolis 6-Count 24oz UPC:7-67778-05004-9
H-0033-2026,Haifa COLD SMOKED SEABASS 8 OZ
H-0368-2026,"Locatelli Grated Pecorino Romano, 5 and 10-pound plastic bags (units)"
F-0482-2025,"item 8201814 BAVARIAN PACZKI 66x4OZ, NET WT 14.85 LB"
F-0738-2025,"Beecher's Street Corn, 18oz, 8 retail units per case, UPC 782045 115009"
H-0443-2025,"Lithium Orotate, 2.5MG, Distributed by Enjoy Nutrition, LLC. UPC#: 719318414002; 709750005289"
H-0025-2025,HKBKF04	1/11.25 OZ. EA	Created Fresh	Breakfast Bowl-Southwest	ALL LOT CODES
H-0240-2025,1.  CA OG2 COLLARD GRE
H-0071-2025,Idly Chili Powder 200g
H-0457-2025,Product is distributed in bulk brown paper bags.
H-0471-2025,Helados Mexico Choco-Dipped Minis Variety Paletas 12-Count 18oz UPC: 6-82082-81215-5 UPC: 6-82082-41215-7
F-0846-2025,"Fresh & Ready Foods Caprese Baguette, 6.5 oz. plastic container. Best buy: 05/09/2025-05/12/2025  UPC# 6 82906 90791 3"
H-0615-2025,"Chili Crunch Market Mezze; Keep Refrigerated, NET WT: 14.5 OZ,  UPC#  Manufactured by Fresh and Ready Foods LLC, San Fernando, CA 91340"
H-0602-2026,Bulk packaged Colustrum Powder. packaged with generic product label.
H-0614-2025,"Piccolo Pranzo Box; Keep Refrigerated, NET WT: 14.5 OZ,  UPC#  Manufactured by Fresh and Ready Foods LLC, San Fernando, CA 91340"
H-0442-2025,"Lithium Orotate, 1MG, Distributed by Enjoy Nutrition, LLC. UPC#: 717340952714"
H-0230-2025,1.  PRODUCE ORGC ARTICHOKES
H-0080-2026,TAYLOR FARMS COOKED FARFALLE MAP 8 X 3 lb pouches Net Weight: 24 lbs (10.88 kg) PERISHABLE KEEP REFRIGERATED
H-0374-2026,"Locatelli Grated Pecorino Romano 48/8oz Shipper, Plastic Cup & Lid, 48 units per case"
H-0835-2026,"Good & Gather Mexican Street Corn Trail Mix 8 oz bag UPC 085239270240, 8 bags per case"
H-1180-2026,Organic Moringa Powder; 15kg/bag (bulk);  Product code: GJ96
H-1166-2026,"Ice Pop, D'Dioses Nuez, 1 Bar (81.7 g), with UPC 827912008548"
H-0919-2026,"Rollitos de Guava [image] Guava Rolls The Original, Net Wt. 15 oz, packaged in a transparent and rigid plastic clamshell container, one unit per container. KEEP REFRIGERATED. UPC 824790852454"
H-0991-2026,UPC 29153000000 SAMPLER TRAY ITALIAN 16 INCH     This is Albertson's store-made item and sold by unit at point of sale with grocery store's scale label.
H-1179-2026,Brooklyn Roasting Company Pasteurized Cold Brew Concentrate; 2.5gal; bag in a box distributed between 04/01/2026 and 06/20/2026.
H-0988-2026,UPC 29168800000 CARVING TRAY 16IN FS                    This is Albertson's store-made item and sold by unit at point of sale with grocery store's scale label.
H-1085-2026,Joy Pineapple Lassi 16 oz.
H-0788-2026,Menopause Bully 16 oz and 32 oz.
H-0469-2026,Sea Moss Gel Superfood; 16 FL OZ; Glass jar sold individually. Wildcrafted- UPC# 5065006235073
H-0478-2026,Sea Moss Gel Superfood; 16 FL OZ; Glass jar sold individually. Soursop- UPC# 5061033691875
H-0773-2026,Alain MILLIAT; MARMELADE ORANGE; 300 g 10.6 oz; packaged in glass jars
H-0993-2026,UPC 29133000000 TRAY COCKTAIL                                       This is Albertson's store-made item and sold by unit at point of sale with grocery store's scale label.
H-1172-2026,"Ice Pop, D'Dioses Tamarindo, 1 Bar (81.7 g), with UPC 827912008593"
H-0490-2026,"a.) Preema brand Bright Red Food Colour Powder; Net Weight .88oz/25gm; packaged in small plastic bottle; INGREDIENTS: SODIUM CHLORIDE, COLOUR (TARTRAZINE, CARMOSINE, ALLURA RED) CHECK THE LEGAL LIMIT, CONTAINS NO ANIMAL MATTER. E102, E122, E129 may have an adverse effect on activity and attention in children  b.) Preema brand Orange Food Colour Powder; Net Weight .88oz/25gm; packaged in a small plastic bottle; INGREDIENTS: SODIUM CHLORIDE, COLOUR (TARTRAZINE, CARMOSINE, ALLURA RED) CHECK THE LEGAL LIMIT, CONTAINS NO ANIMAL MATTER. E102, E122, E129 may have an adverse effect on activity and attention in children"
H-1160-2026,"Ice Pop, D'Dioses Arroz con Leche, 4 oz (85 g), with UPC 710594511843"
H-1175-2026,"OLA-OLA POUNDED GROUNDNUTS (INTWILO) NET WT. 32 oz., 2 lbs. (0.907 kg)  Distributed by: Yusol International Foods Sacramento, CA 95828  Product of USA  INGREDIENTS: Pounded Groundnuts (Intwilo)  UPC: 650655764330"
H-1136-2026,"Pepperoni Rolls, Net Wt. 5 oz (141g), individually packaged in a clear plastic bag, UPC 601959803041"
H-0724-2026,Loard's Champagne Sherbert - 32 oz
H-1094-2026,Joy Saffron Cardamon Lassi 16 oz.
H-0477-2026,Sea Moss Gel Superfood; 16 FL OZ; Glass jar sold individually. 5 Blend in 1- UPC# 5061033690052
H-0696-2026,SunRidge Farms Organic CHILI BEAN BLEND CERTIFIED ORGANIC BY QAI NET WT. 15 LBS  Item: 003056 UPC: 086700030561
H-0987-2026,UPC 25047100000 ANDRONICO'S  SWEET START CATERING TRAY LARGE               This is Albertson's store-made item and sold by unit at point of sale with grocery store's scale label.
H-1176-2026,"Ruby, Artichoke Hearts Quartered, 5 LB 8 OZ (2500 G) DRAINED WT 3 LBS 6 OZ (1550G), Can, 6 cans per case, Store in dry conditions ."
H-1159-2026,"Ice Pop, D'Dioses Fresa Leche, 4 oz (85 g), with UPC 710594511850"
H-1144-2026,Trafa Pharmaceuticals Inc. brand ORGANIC MORINGA LEAF POWDER; NET WEIGHT: 15 KGS; packaged in brown paper bags with a white label
H-1089-2026,"Joy Plain Chaash Lassi 16 oz., 64 oz."
H-1082-2026,Joy Rose Lassi 16 oz.
H-0480-2026,Sea Moss Gel Superfood; 16 FL OZ; Glass jar sold individually. Orange- UPC# 5061033692926
H-0468-2026,Sea Moss Gel Superfood; 16 FL OZ; Glass jar sold individually. Pineapple- UPC# 5065006235288
H-1083-2026,Joy Sweet Lassi 16 oz.
H-0789-2026,Fibroid Bully 16 oz and 32 oz.
H-0695-2026,SunRidge Farms Organic Black Beans CERTIFIED ORGANIC BY QAI NET WT. 25 LBS. ORIGEN: ARGENTINA EXPORTADOR: ESPAR SRL FECHA PRODUCCION: 11/13/2023  Item: 003040 UPC: 086700930403
H-0790-2026,Prostate Bully 16 oz and 32 oz
H-0783-2026,Blackseed Bitters 16 oz and 32 oz.
H-0791-2026,Pure Shilajit Tonic 16 oz and 32 oz
H-1169-2026,"Ice Pop, D'Dioses Limon, 4 oz (85 g), with UPC 710594511836"
H-0612-2026,"Pepsin 1:3000 Powder, 50 kg, Item #FTI-G0193-00, American Laboratories 5036 South 33rd Street, Omaha, Nebraska 68107. Packed in double poly-lined cardboard drums or boxes."
H-0946-2026,".155 CRUNCHY CANNOLI GLUTEN FREE intended use: DESSERT  condition: shelf stable shelf life: 12 month  type of packaging: box,  190g   6.70 oz - 20 packages per case LOT: 2523000012 - BEST BEFORE: 10/17/2026  firm name & address listed on label: MID DOLCIARIA SRL   VIA CASALINI, 8 -95032 - BELPASSO (CT)"
H-0834-2026,Squirrel Brand Town & Country Mix 16 oz can UPC 07223805251 and 7.5 oz can UPC 07223805450.  16 oz 12 cans per case.  7.5 oz 6 cans per case
H-1079-2026,"Adndale Magnesium Glycinate Gummies 400 mg. Plastic bottle containing 90 gummies. Net weight: 11.36 ounces. Serving size: 2 gummies. UPC: 860008784551 Firm name and address listed on label: Dkiru Ltd, Keepers Cottage, 3 Dublin Rd, Leixlip, Co. Kildare W23 H3C4, Ireland"
H-1090-2026,"Joy Masala Chaash Lassi 16 oz., 64 oz."
H-0765-2026,RAW FARM SHREDDED RAW CHEDDAR 80 OZ [BULK ITEM]  UPC: 835204000194
H-1168-2026,"Ice Pop, D'Dioses Pina Colada, 1 Bar (81.7 g), with UPC 710594511225"
H-1173-2026,"Ice Pop, D'Dioses Nanche, 1 Bar (81.7 g), with UPC 827912008449"
H-0917-2026,"Napolitano [image] Neapolitan The Original, Net Wt. 22 oz, packaged in a transparent and rigid plastic clamshell container, one unit per container. KEEP REFRIGERATED. UPC 824790852256"
H-1141-2026,Coopers Bbq 60 Gal Bean Mix box
H-0540-2026,"VERGANI 1944 MILANO 'PANDORO CLASSICO' Gluten Free, 600g NET WT. 1 LBS. 5.2 OZ., packaged in paper cartons, 6 units per case. Lot 217666, UPC 8002114019833"
H-0672-2026,Bulk Horchata Powder  3951 (100547) 1/25 HORCHATA  UPC: 042743-19015-0 Item: 100547
H-0949-2026,"Great Value Hawaiian Roll 4pk, Item # F63384. Product is perishable dinner roll ready to eat, sold in a corrugated case of 18 packages (4.5oz net wt.) individually wrapped in laminated film.   This product was never sold in stores and was never available for consumer purchase. All affected product remained at wholesale distribution centers and has been accounted for."
H-1161-2026,"Ice Pop, D'Dioses Mamey, 1 Bar (81.7 g), with UPC 827912008456"
H-0774-2026,"Frederik's by meijer Vanilla Bourbon Trail Mix, packed in plastic retail-sized black bag NET WT 9 OZ (255g). On the back of the bag is both lot number and a stamped expiration date. UPC 719283 357212; 12-9oz retail units per case."
H-1170-2026,"Ice Pop, D'Dioses Grocella, 1 Bar (81.7 g), with UPC 827912008531"
H-0905-2026,"SECOND NATURE KETO CRUNCH SMART MIX, 10-ounce retail-sized plastic pouch, UPC 077034013405, 6-10oz units per case."
H-1163-2026,"Ice Pop, D'Dioses Vainilla, 4 oz (85 g), with UPC 710594511829"
H-0571-2026,Miss Vickies Spicy Dill Pickle; 8 oz bag
H-0742-2026,Loard's Orange Sherbert - 32 oz
H-0945-2026,"CANNOLI SICILIANI  intended use: DESSERT  condition: shelf stable shelf life: 12 month  type of packaging: box,  Net wt. 240g   8.47 oz UPC: 8056093851380  firm name & address listed on label: MID DOLCIARIA SRL   VIA CASALINI, 8 -95032 - BELPASSO (CT)"
H-0794-2026,Liquid Blenz Good Brain Tonic 16 oz and 32 oz
H-0690-2026,"Montebianco, 113542 Base Vegan, 2 Kg (4.41 Lb) Bag, packed 8 bags per master case of 2 Kg (4.41 lb) each total case weight,16 Kg / 35.27 lb"
H-0828-2026,"YT 6027393 Spicy Ranch Blend, 50lb bag"
H-0648-2026,Gorditas de Azucar UPC 860010238134
H-0785-2026,Pure Diabetes Bully 16 oz and 32 oz.
H-1093-2026,Joy Orange Lassi 16 oz.
H-0782-2026,Liquid Blenz Soursop Bitters 16 oz and 32 oz.
H-0952-2026,Salt
H-0793-2026,Flat Belly Bully 16 oz and 32 oz
H-0784-2026,Sea Moss Tonic 16 oz and 32. oz.
H-0992-2026,UPC 29138800000 TRAY CHARCUTERIE ELEGANT                  This is Albertson's store-made item and sold by unit at point of sale with grocery store's scale label.
H-0748-2026,Loard's Rainbow Sherbert - 32 oz
H-1164-2026,"Ice Pop, D'Dioses Rompope, 4 oz (85 g), with UPC 710594511812"
H-0766-2026,RAW FARM ORIGINAL RAW CHEDDAR 80 OZ [BULK ITEM]  UPC: 835204001160
H-0792-2026,Blood Pressure Bully 16 oz and 32 oz
H-0539-2026,"Premium Food Bubble Gum, packed in 2.5 oz clear flexible plastic packaging, all lots and codes. Sold in unit case of 30 LB."
H-0610-2026,"Pepsin Full Strength Powder, 50 kg, Item #5000545, American Laboratories 5036 South 33rd Street, Omaha, Nebraska 68107. Packed in double poly-lined cardboard drums or boxes."
H-0497-2026,"Sodexo Stars Saccharin (Pink) Packets, Sugar Substitute, Net Wt 0.035 oz. (1g), Manufactured by Domino Foods, Inc., West Palm Beach, FL 33041"
H-0833-2026,"Squirrel Brand Travelers Mix 16 oz can UPC 07223899166, 12 cans per case"
H-1091-2026,Joy Mint Lassi 16 oz.
H-0649-2026,Doraditas de Azucar UPC 5901234123457
H-0918-2026,"Jumbo Napolitano [image] Jumbo Neapolitan, Net Wt. 26 oz, packaged in a rigid plastic clamshell container with a transparent dome lid and tray base, one unit per container. KEEP REFRIGERATED. UPC 824790853086"
H-0637-2026,"Divided Sunset Multi Collagen Peptides, 8 Ounce, Stand-up Pouch, UPC Code: 8 50005 60689 5"
H-0683-2026,"KLG, Kesar Mukhwas, perishable, 24 months, flexible plastic, 200 gm, 818812022208, Ganesha Enterprises LLC, 5200 Sigstrom Drive, Carson City, Nevada 89706 USA."
H-1084-2026,Joy Salty Lassi 16 oz.
H-0524-2026,Mung Beans packaged in 4lb polybags; 6-4lb bags per carton
H-0681-2026,Label is predominantly green with white lettering in a clear plastic clamshell container.  Pure Palm dates- Medjool Dates Net Wt. 16OZ  UPC: 852160007005
H-1162-2026,"Ice Pop, D'Dioses Guayaba, 1 Bar (81.7 g), with UPC 827912008432"
H-0780-2026,"...And Kimchi branded kimchi; packaged in 3 sizes of glass containers (126oz, 63oz, 30oz);  126oz UPC- 8541200408 62oz UPC- 8651200409 30oz UPC- 8541200411"
H-0694-2026,Woodstock Organic Shelled Edamame 10 oz. and 48 oz.
H-1044-2026,UPC 21409600000 READY MEALS MEATLOAF SS COLD                           This is Albertson's store-made item and sold by unit at point of sale with grocery store's scale label.
H-0611-2026,"Pepsin 1:10,000 Powder, 10 kg, Item #FTI-G0193-00, American Laboratories 5036 South 33rd Street, Omaha, Nebraska 68107. Packed in double poly-lined cardboard drums or boxes."
